client_id,company_name,industry,country_id
CLI000000,Gutierrez Ltd,Finance,AU
CLI000001,Vega-Torres,Consulting,US
CLI000002,Parker-Navarro,Consulting,BR
CLI000003,Sharp PLC,Healthcare,CA
CLI000004,Campbell Ltd,Retail,FR
CLI000005,Jenkins-Ware,Technology,AU
CLI000006,Bradley and Sons,Consulting,CA
CLI000007,Jackson Group,Consulting,FR
CLI000008,Humphrey and Sons,Healthcare,UK
CLI000009,Miller-Medina,Technology,JP
CLI000010,Waters-Miller,Manufacturing,IN
CLI000011,Williams-Robbins,Consulting,US
CLI000012,Stewart-Banks,Technology,ZA
CLI000013,"Powell, Mercado and West",Retail,CA
CLI000014,Perez Inc,Retail,BR
CLI000015,"Turner, Tyler and Mendez",Retail,DE
CLI000016,"Garcia, Weber and Holt",Consulting,US
CLI000017,Christian-Vaughan,Consulting,CA
CLI000018,"Zuniga, Knight and Kirby",Healthcare,DE
CLI000019,Myers-Pearson,Manufacturing,AU
CLI000020,Brown Group,Retail,DE
CLI000021,"Bennett, Rodriguez and Smith",Finance,AU
CLI000022,Chambers LLC,Consulting,AU
CLI000023,Todd-Cooper,Manufacturing,CA
CLI000024,Mcknight-Mcdonald,Retail,BR
CLI000025,Wright Group,Healthcare,CA
CLI000026,"Kim, Garcia and Johnson",Retail,UK
CLI000027,Wade-Carpenter,Consulting,UK
CLI000028,"Walker, Berg and Mccullough",Manufacturing,AU
CLI000029,"Wright, Allen and Thompson",Technology,UK
CLI000030,"Baker, Bishop and Wallace",Technology,IN
CLI000031,Blair-Ortiz,Technology,BR
CLI000032,Hartman and Sons,Healthcare,IN
CLI000033,Davis Inc,Finance,UK
CLI000034,Washington-Lewis,Finance,ZA
CLI000035,Bailey-Wolf,Technology,UK
CLI000036,Jones and Sons,Consulting,US
CLI000037,Oneal-Wells,Consulting,US
CLI000038,Rodriguez-Rose,Manufacturing,AU
CLI000039,"Smith, Callahan and Sharp",Finance,UK
CLI000040,Fields-Leach,Consulting,ZA
CLI000041,"Lopez, Pollard and Bennett",Consulting,FR
CLI000042,Allen-Wood,Consulting,AU
CLI000043,Massey PLC,Manufacturing,UK
CLI000044,Jackson-Weber,Technology,UK
CLI000045,Stafford-Lewis,Finance,IN
CLI000046,Taylor Inc,Finance,UK
CLI000047,"Schaefer, Munoz and Mccarty",Consulting,UK
CLI000048,"Thomas, Green and Carroll",Technology,UK
CLI000049,Ware LLC,Consulting,DE
CLI000050,Williams-Russell,Finance,BR
CLI000051,Fisher Group,Consulting,US
CLI000052,"Brown, Brooks and Randall",Retail,UK
CLI000053,Dennis-Meyers,Consulting,AU
CLI000054,Jimenez and Sons,Finance,JP
CLI000055,Alvarado-Barnett,Finance,FR
CLI000056,Wood Group,Manufacturing,FR
CLI000057,Murphy Inc,Retail,IN
CLI000058,Burnett-Shaffer,Consulting,CA
CLI000059,Thomas Group,Technology,ZA
CLI000060,Lutz Inc,Finance,FR
CLI000061,Garcia-Reed,Technology,JP
CLI000062,"Ballard, Hicks and Martin",Finance,UK
CLI000063,"Zimmerman, Young and White",Healthcare,BR
CLI000064,Dennis-Kelley,Manufacturing,IN
CLI000065,Johnson-Barker,Finance,ZA
CLI000066,Barr-Thompson,Consulting,UK
CLI000067,Jordan Group,Finance,UK
CLI000068,Bautista LLC,Healthcare,IN
CLI000069,Short LLC,Finance,BR
CLI000070,Diaz Inc,Consulting,DE
CLI000071,Thompson-Hunt,Healthcare,ZA
CLI000072,Palmer-Briggs,Retail,ZA
CLI000073,Hays and Sons,Consulting,JP
CLI000074,"Griffin, Boone and Harris",Finance,CA
CLI000075,"Stewart, Moore and Morton",Healthcare,DE
CLI000076,"Brown, Fox and Williams",Consulting,AU
CLI000077,Harris-Barnes,Manufacturing,BR
CLI000078,"Johnson, Tucker and Johnson",Consulting,US
CLI000079,Castro Inc,Healthcare,CA
CLI000080,Graves-Gutierrez,Technology,IN
CLI000081,Ibarra-Webb,Technology,US
CLI000082,Murillo Inc,Healthcare,FR
CLI000083,Garrison LLC,Manufacturing,US
CLI000084,Perez PLC,Technology,DE
CLI000085,Pollard-Carson,Technology,FR
CLI000086,"Walsh, Mcguire and Barker",Healthcare,UK
CLI000087,Hays-Martinez,Healthcare,ZA
CLI000088,"King, Coleman and Anthony",Consulting,ZA
CLI000089,"Waters, Martinez and Johnson",Manufacturing,UK
CLI000090,Parker and Sons,Consulting,CA
CLI000091,Hall-Coleman,Retail,AU
CLI000092,Henry-Brown,Consulting,AU
CLI000093,Shah-Keith,Healthcare,FR
CLI000094,"Townsend, Lambert and Hall",Healthcare,FR
CLI000095,Stone-Jones,Healthcare,FR
CLI000096,Morris Ltd,Consulting,JP
CLI000097,Mason-Meyer,Finance,BR
CLI000098,Roberts Group,Finance,ZA
CLI000099,Freeman-Taylor,Consulting,US
CLI000100,Lewis Inc,Retail,AU
CLI000101,Church PLC,Retail,FR
CLI000102,"Mullins, Branch and Lee",Retail,AU
CLI000103,Moore-Perez,Retail,FR
CLI000104,Weiss Group,Finance,FR
CLI000105,Lopez and Sons,Consulting,IN
CLI000106,Munoz-Rivas,Retail,DE
CLI000107,Thompson PLC,Finance,US
CLI000108,Donovan Group,Retail,AU
CLI000109,Lee-Garcia,Retail,IN
CLI000110,Newton Inc,Technology,AU
CLI000111,Moore Ltd,Consulting,DE
CLI000112,Sanchez LLC,Finance,IN
CLI000113,"Valdez, Benson and Coleman",Finance,ZA
CLI000114,Doyle PLC,Technology,BR
CLI000115,"Jacobs, Torres and Brown",Retail,US
CLI000116,King-Cruz,Finance,FR
CLI000117,"Fitzpatrick, Martinez and Singh",Healthcare,CA
CLI000118,"Burton, Tran and Jordan",Technology,BR
CLI000119,Stone-Bailey,Retail,FR
CLI000120,Flynn Inc,Healthcare,IN
CLI000121,Hood Group,Healthcare,JP
CLI000122,Smith-Berg,Finance,BR
CLI000123,"Terry, Kennedy and Jones",Manufacturing,FR
CLI000124,"Jordan, Potts and Watkins",Retail,FR
CLI000125,"Graham, Conrad and Johnson",Finance,DE
CLI000126,Clayton-Reed,Consulting,FR
CLI000127,"Garcia, Gilbert and Martin",Healthcare,US
CLI000128,"Scott, Sanford and Roth",Technology,UK
CLI000129,"Meyer, Friedman and James",Consulting,AU
CLI000130,Hernandez-Munoz,Manufacturing,FR
CLI000131,Berry-Thompson,Finance,CA
CLI000132,Walter-Montgomery,Manufacturing,BR
CLI000133,Gutierrez-Sanders,Finance,FR
CLI000134,"Proctor, Browning and Hart",Retail,DE
CLI000135,Flores Ltd,Healthcare,US
CLI000136,Thomas-West,Healthcare,IN
CLI000137,Henderson Group,Consulting,CA
CLI000138,Jacobs Ltd,Retail,ZA
CLI000139,Cox Group,Technology,ZA
CLI000140,Nelson Group,Finance,ZA
CLI000141,"Deleon, Martinez and Fields",Healthcare,JP
CLI000142,Lloyd Ltd,Consulting,AU
CLI000143,Fox and Sons,Consulting,AU
CLI000144,"Wiggins, Powell and Kelly",Healthcare,IN
CLI000145,Schultz PLC,Retail,ZA
CLI000146,Knight-George,Technology,UK
CLI000147,Harris LLC,Healthcare,FR
CLI000148,"Wilson, Hanson and Mack",Finance,DE
CLI000149,Robinson-Medina,Healthcare,BR
CLI000150,"Decker, Bailey and Mckay",Healthcare,BR
CLI000151,"Mcintyre, Stone and Bryant",Healthcare,FR
CLI000152,"Jones, Chen and Rivas",Healthcare,JP
CLI000153,"Green, Wang and Freeman",Healthcare,ZA
CLI000154,Delgado and Sons,Finance,BR
CLI000155,"Smith, Curry and Ortiz",Consulting,AU
CLI000156,"Santiago, Wright and Bryant",Finance,ZA
CLI000157,"Lambert, Hooper and Strickland",Manufacturing,ZA
CLI000158,Black and Sons,Finance,BR
CLI000159,Robertson LLC,Manufacturing,FR
CLI000160,"Sampson, Guzman and Nguyen",Technology,FR
CLI000161,Fisher Ltd,Manufacturing,AU
CLI000162,Frazier Group,Retail,UK
CLI000163,Thompson-Nichols,Manufacturing,IN
CLI000164,Lloyd-Callahan,Technology,AU
CLI000165,"Kelly, Hunt and Moore",Retail,JP
CLI000166,Perkins-Smith,Manufacturing,FR
CLI000167,Kidd Inc,Technology,CA
CLI000168,Rhodes Inc,Retail,FR
CLI000169,"Wagner, George and Lee",Healthcare,BR
CLI000170,Mullins LLC,Healthcare,IN
CLI000171,Crawford-Lam,Retail,US
CLI000172,Fuentes Inc,Finance,BR
CLI000173,"Clayton, Winters and Davis",Healthcare,US
CLI000174,"Cooper, Norton and Bell",Manufacturing,AU
CLI000175,"Lewis, Woods and Mercado",Manufacturing,FR
CLI000176,Watson-Lopez,Healthcare,IN
CLI000177,Ramirez Ltd,Retail,AU
CLI000178,"George, Spence and Krueger",Manufacturing,AU
CLI000179,Roberts LLC,Finance,JP
CLI000180,Jones-Cole,Manufacturing,BR
CLI000181,"Obrien, Martin and Beck",Technology,ZA
CLI000182,Smith Inc,Consulting,CA
CLI000183,Gomez-Smith,Consulting,US
CLI000184,"Morales, Middleton and Hunter",Manufacturing,BR
CLI000185,Moore Ltd,Healthcare,JP
CLI000186,Wright-Stout,Retail,BR
CLI000187,"Baird, Adams and Decker",Consulting,DE
CLI000188,"Perkins, Cross and Reid",Healthcare,US
CLI000189,Davis and Sons,Finance,CA
CLI000190,"Elliott, Brown and Webster",Healthcare,IN
CLI000191,Reid Ltd,Technology,US
CLI000192,Hughes Inc,Technology,DE
CLI000193,Ramirez-Weaver,Retail,AU
CLI000194,Cervantes-Logan,Retail,IN
CLI000195,"Miller, Garcia and Solomon",Manufacturing,DE
CLI000196,Robbins-Harvey,Manufacturing,IN
CLI000197,Chan PLC,Healthcare,FR
CLI000198,Jacobs Ltd,Healthcare,UK
CLI000199,"Rogers, Garza and Johnson",Healthcare,FR
CLI000200,"Singh, Garcia and Porter",Consulting,BR
CLI000201,"Vasquez, Kerr and Anderson",Retail,ZA
CLI000202,Davis-Kelly,Finance,CA
CLI000203,Hudson-Schwartz,Finance,ZA
CLI000204,Garcia Ltd,Technology,AU
CLI000205,"Smith, Meyers and Wilson",Technology,UK
CLI000206,"Contreras, Jackson and Shaw",Manufacturing,AU
CLI000207,Evans-Ballard,Healthcare,FR
CLI000208,Sanford LLC,Healthcare,IN
CLI000209,Cruz Group,Manufacturing,DE
CLI000210,Krause Group,Consulting,US
CLI000211,Orr PLC,Consulting,DE
CLI000212,Martinez Group,Retail,AU
CLI000213,"Arias, Boyd and Allen",Healthcare,IN
CLI000214,Carney-Phelps,Technology,ZA
CLI000215,Smith Ltd,Healthcare,CA
CLI000216,"Rodriguez, Williams and Perkins",Manufacturing,ZA
CLI000217,"Carpenter, Harvey and Olson",Manufacturing,US
CLI000218,"Dorsey, Singh and Buck",Consulting,US
CLI000219,Bryant Ltd,Retail,IN
CLI000220,Hernandez-Hubbard,Technology,UK
CLI000221,Zavala PLC,Finance,IN
CLI000222,"Durham, Wells and Gonzalez",Manufacturing,UK
CLI000223,Wheeler Inc,Consulting,IN
CLI000224,Jones Ltd,Technology,BR
CLI000225,"Duncan, Moore and Martin",Healthcare,AU
CLI000226,Pollard PLC,Technology,AU
CLI000227,"Morgan, Manning and Rojas",Healthcare,DE
CLI000228,"Jones, Martinez and Williams",Retail,UK
CLI000229,"Morgan, Copeland and Ryan",Manufacturing,DE
CLI000230,"Williams, Morris and Schwartz",Manufacturing,US
CLI000231,Harmon LLC,Consulting,DE
CLI000232,"Vasquez, Carney and Singh",Consulting,DE
CLI000233,Murray and Sons,Manufacturing,IN
CLI000234,"Avila, Vasquez and Tran",Finance,UK
CLI000235,"Randall, Smith and Alvarez",Finance,FR
CLI000236,Watson-Anderson,Healthcare,UK
CLI000237,"Johnson, Mckinney and Brown",Finance,BR
CLI000238,Thompson-Browning,Consulting,US
CLI000239,"Underwood, Zavala and Harper",Technology,JP
CLI000240,Stewart-Silva,Consulting,US
CLI000241,Herrera-Harper,Retail,BR
CLI000242,"Conley, Santiago and Davidson",Technology,US
CLI000243,Freeman-Kelly,Finance,BR
CLI000244,"Daniels, Cooper and Griffin",Finance,IN
CLI000245,"Rivas, Case and Russell",Healthcare,JP
CLI000246,Harris-Barnett,Retail,AU
CLI000247,"Becker, Gardner and Evans",Technology,DE
CLI000248,Smith-Barnes,Healthcare,JP
CLI000249,"Turner, Harmon and Garcia",Technology,FR
CLI000250,Berger PLC,Manufacturing,DE
CLI000251,Lyons-Cline,Technology,UK
CLI000252,Gutierrez-Alvarado,Manufacturing,BR
CLI000253,Gill-Davidson,Finance,US
CLI000254,"Miller, Hobbs and Smith",Manufacturing,BR
CLI000255,Dudley Group,Technology,FR
CLI000256,Garcia PLC,Consulting,AU
CLI000257,Freeman and Sons,Manufacturing,UK
CLI000258,Newton Inc,Manufacturing,AU
CLI000259,Martin-Rollins,Retail,IN
CLI000260,Martin-Robinson,Finance,BR
CLI000261,Watson-Smith,Technology,JP
CLI000262,"Durham, Love and Fisher",Healthcare,ZA
CLI000263,Lee Group,Manufacturing,CA
CLI000264,Hays-Bailey,Manufacturing,AU
CLI000265,Ray-Chase,Finance,DE
CLI000266,Hernandez-Sanchez,Manufacturing,BR
CLI000267,"Espinoza, Wong and Ward",Healthcare,CA
CLI000268,"Schmidt, Peterson and Gutierrez",Healthcare,BR
CLI000269,Oneal Inc,Retail,CA
CLI000270,Petty-Kelly,Consulting,UK
CLI000271,Wright-Green,Retail,CA
CLI000272,"Lewis, Ruiz and Wright",Retail,US
CLI000273,"Blair, Wright and Hanson",Consulting,ZA
CLI000274,Berry PLC,Retail,JP
CLI000275,Barton Ltd,Finance,BR
CLI000276,"Kim, Richardson and Scott",Technology,UK
CLI000277,"Cole, Russell and Hughes",Technology,DE
CLI000278,Price-Payne,Finance,BR
CLI000279,"Miller, Lopez and Willis",Consulting,ZA
CLI000280,Dickerson and Sons,Consulting,CA
CLI000281,Boyle-Simpson,Manufacturing,BR
CLI000282,Stevens-Collins,Healthcare,CA
CLI000283,Bonilla-Ingram,Technology,FR
CLI000284,Romero-Strong,Manufacturing,BR
CLI000285,Hernandez Ltd,Finance,CA
CLI000286,Smith LLC,Technology,JP
CLI000287,Williams Ltd,Technology,CA
CLI000288,Barr and Sons,Finance,BR
CLI000289,Ramos-Jacobs,Finance,AU
CLI000290,Thomas-Dominguez,Consulting,FR
CLI000291,Stein Group,Consulting,DE
CLI000292,Clark-Chase,Retail,AU
CLI000293,Tyler-Robles,Manufacturing,DE
CLI000294,Sullivan-Foster,Retail,IN
CLI000295,"Owen, Dennis and Cabrera",Manufacturing,FR
CLI000296,Callahan PLC,Healthcare,ZA
CLI000297,Cunningham-Fernandez,Technology,BR
CLI000298,Schmidt LLC,Technology,ZA
CLI000299,"Walsh, Smith and Schmitt",Technology,US
CLI000300,Williams PLC,Technology,ZA
CLI000301,"Thomas, Davis and Sutton",Healthcare,US
CLI000302,Munoz-Luna,Healthcare,US
CLI000303,Hendrix-Wheeler,Retail,FR
CLI000304,Owens-Taylor,Finance,ZA
CLI000305,"Nolan, Patterson and Hernandez",Technology,UK
CLI000306,"Williams, Morrow and West",Finance,AU
CLI000307,Boyd-Davenport,Retail,BR
CLI000308,"Wright, Church and Murray",Technology,AU
CLI000309,"King, Johnson and Diaz",Retail,CA
CLI000310,"Adams, Rogers and Randall",Healthcare,US
CLI000311,Franklin-Benson,Technology,US
CLI000312,"Moss, Johnson and Payne",Finance,CA
CLI000313,Woods-Torres,Retail,CA
CLI000314,Livingston-Reid,Technology,BR
CLI000315,"Simmons, Jarvis and Ewing",Retail,US
CLI000316,"Williams, Morris and Foster",Technology,IN
CLI000317,Gibson-Ward,Technology,UK
CLI000318,"Benitez, Bell and Cox",Retail,BR
CLI000319,Burns-Mcgrath,Consulting,ZA
CLI000320,Roberts and Sons,Healthcare,JP
CLI000321,"Coleman, Hull and Howard",Technology,CA
CLI000322,Garcia-Jackson,Retail,ZA
CLI000323,Ramirez Ltd,Consulting,UK
CLI000324,"Shaffer, Wolfe and Brady",Finance,IN
CLI000325,Short-Sandoval,Retail,UK
CLI000326,Wilkins-Chase,Technology,DE
CLI000327,"Galvan, Ellis and Payne",Retail,US
CLI000328,Parsons-Randall,Retail,DE
CLI000329,Green-Crosby,Finance,DE
CLI000330,"Guerra, Lamb and Cuevas",Manufacturing,US
CLI000331,Weiss LLC,Consulting,US
CLI000332,Kemp Ltd,Healthcare,UK
CLI000333,"Cunningham, Morton and Hammond",Consulting,CA
CLI000334,"Nichols, Smith and Myers",Finance,FR
CLI000335,Hernandez Inc,Technology,CA
CLI000336,Jones-Dickson,Finance,CA
CLI000337,Strickland-Golden,Consulting,BR
CLI000338,Ramos Ltd,Technology,FR
CLI000339,"West, Sanchez and Lee",Manufacturing,US
CLI000340,"Perez, Smith and Gray",Manufacturing,DE
CLI000341,Williams Ltd,Finance,FR
CLI000342,May and Sons,Healthcare,US
CLI000343,Davis-Ortiz,Technology,AU
CLI000344,Gibson Ltd,Healthcare,ZA
CLI000345,White-Perkins,Retail,FR
CLI000346,Brown-Rich,Finance,JP
CLI000347,Zamora-Olsen,Consulting,AU
CLI000348,"Schmidt, Espinoza and Brooks",Consulting,AU
CLI000349,Short LLC,Manufacturing,JP
CLI000350,Jackson PLC,Healthcare,IN
CLI000351,Malone and Sons,Retail,AU
CLI000352,Kramer-Bailey,Manufacturing,IN
CLI000353,"Stone, Evans and Smith",Healthcare,DE
CLI000354,Turner-Hall,Healthcare,FR
CLI000355,"Moore, Leonard and Brown",Finance,CA
CLI000356,Le LLC,Consulting,FR
CLI000357,Henderson-Clark,Retail,JP
CLI000358,Casey-Farmer,Retail,AU
CLI000359,Walker Inc,Manufacturing,UK
CLI000360,Brown Ltd,Finance,CA
CLI000361,Williams-Hodges,Healthcare,AU
CLI000362,Bennett-Farley,Retail,FR
CLI000363,"Salinas, Rogers and Evans",Consulting,JP
CLI000364,Meyer Ltd,Technology,IN
CLI000365,"Pope, James and Gillespie",Manufacturing,AU
CLI000366,Hendricks-Parker,Manufacturing,IN
CLI000367,Miller-Foley,Manufacturing,AU
CLI000368,"Mcgrath, Sims and Lawson",Manufacturing,IN
CLI000369,"Johnson, Davis and Young",Finance,IN
CLI000370,Martinez-Newton,Technology,DE
CLI000371,Branch Inc,Technology,DE
CLI000372,"Vasquez, Dennis and Peterson",Manufacturing,JP
CLI000373,"Weber, Williams and Jones",Manufacturing,US
CLI000374,Brown PLC,Manufacturing,UK
CLI000375,"Estrada, Colon and Moreno",Healthcare,US
CLI000376,"Sparks, Dillon and Tran",Consulting,JP
CLI000377,"Harris, Clark and Wilson",Consulting,IN
CLI000378,"Jones, Cook and Jackson",Consulting,BR
CLI000379,Anderson PLC,Retail,AU
CLI000380,Hansen-Ramirez,Healthcare,UK
CLI000381,Hammond Ltd,Manufacturing,AU
CLI000382,Morrison LLC,Manufacturing,DE
CLI000383,Keller-Pearson,Finance,DE
CLI000384,"Lang, Alvarado and Ortiz",Healthcare,ZA
CLI000385,Riley-Barnes,Consulting,DE
CLI000386,Mayer Inc,Finance,UK
CLI000387,"Walker, Yates and Velez",Finance,FR
CLI000388,Williams-Chung,Consulting,BR
CLI000389,"Blankenship, Hunt and Carpenter",Manufacturing,US
CLI000390,Harvey Group,Retail,UK
CLI000391,Gray-Moore,Technology,IN
CLI000392,Daniels and Sons,Finance,CA
CLI000393,"Reid, Stafford and French",Healthcare,DE
CLI000394,Page-Lopez,Manufacturing,BR
CLI000395,Fitzgerald-Oneill,Finance,UK
CLI000396,Frederick Ltd,Technology,US
CLI000397,Morris Inc,Healthcare,US
CLI000398,"Hopkins, Ruiz and Frazier",Finance,UK
CLI000399,Gutierrez-Carlson,Consulting,IN
CLI000400,"Vincent, Lynn and Nguyen",Technology,UK
CLI000401,Fox Inc,Retail,CA
CLI000402,Perez Group,Retail,UK
CLI000403,"Solis, Ramirez and Perez",Consulting,AU
CLI000404,Mclaughlin-White,Technology,DE
CLI000405,"Fletcher, Mccann and Harris",Healthcare,ZA
CLI000406,Marshall-Simmons,Retail,AU
CLI000407,"Dunn, Wyatt and Patton",Finance,AU
CLI000408,Krueger-Watson,Retail,CA
CLI000409,"Mitchell, Wright and Romero",Manufacturing,ZA
CLI000410,Patterson-Johnson,Consulting,FR
CLI000411,"Ryan, Howell and Sanchez",Manufacturing,ZA
CLI000412,Ross-Bell,Consulting,US
CLI000413,Villanueva-Bullock,Technology,FR
CLI000414,Moon-Flowers,Healthcare,FR
CLI000415,Rogers-James,Technology,AU
CLI000416,Munoz and Sons,Consulting,CA
CLI000417,"Allen, Morris and Cooper",Retail,FR
CLI000418,Sanders-Clark,Technology,JP
CLI000419,"Phillips, Garner and Booth",Consulting,DE
CLI000420,Hunter Inc,Manufacturing,ZA
CLI000421,Farrell LLC,Consulting,AU
CLI000422,"Ballard, Evans and Cruz",Technology,FR
CLI000423,Huber-Butler,Technology,DE
CLI000424,Butler LLC,Technology,FR
CLI000425,"Walker, Davila and Smith",Healthcare,FR
CLI000426,Gregory-Martin,Technology,JP
CLI000427,Garrison-Price,Finance,UK
CLI000428,Bullock LLC,Retail,UK
CLI000429,"Myers, White and Roberts",Consulting,DE
CLI000430,Guerrero PLC,Finance,AU
CLI000431,Cruz-Dorsey,Retail,ZA
CLI000432,"Reed, Arnold and Kirby",Healthcare,US
CLI000433,"Fisher, Brown and Williams",Manufacturing,CA
CLI000434,"Miller, Andersen and Nguyen",Finance,FR
CLI000435,Ferguson-Lee,Retail,ZA
CLI000436,"Glover, Ross and Burns",Technology,UK
CLI000437,Mills Ltd,Manufacturing,IN
CLI000438,Hendricks and Sons,Manufacturing,US
CLI000439,"Greene, Moore and Andrews",Technology,FR
CLI000440,Johnson-Stafford,Finance,JP
CLI000441,"Carter, Johnson and Rodgers",Healthcare,FR
CLI000442,"Lowe, Porter and Stone",Retail,ZA
CLI000443,Woods-Griffin,Consulting,JP
CLI000444,"Freeman, Hobbs and Thompson",Healthcare,US
CLI000445,"Simmons, Gibson and Prince",Technology,ZA
CLI000446,Rios-Barnes,Retail,JP
CLI000447,"Nixon, Morgan and Caldwell",Retail,IN
CLI000448,Smith Group,Finance,CA
CLI000449,Palmer-Sanchez,Healthcare,US
CLI000450,"Jensen, Franklin and Burnett",Healthcare,ZA
CLI000451,"Gilbert, Thompson and Green",Technology,DE
CLI000452,"Christensen, Allison and Snyder",Technology,IN
CLI000453,Lynch LLC,Retail,BR
CLI000454,"Johnson, Ryan and Ayers",Finance,FR
CLI000455,Riggs-Price,Retail,US
CLI000456,Barker LLC,Retail,IN
CLI000457,"Stevens, Harris and Thompson",Healthcare,US
CLI000458,Brooks Ltd,Finance,IN
CLI000459,"Moore, Turner and Vasquez",Consulting,AU
CLI000460,"Adams, Weaver and Taylor",Retail,ZA
CLI000461,Thompson-Kerr,Consulting,BR
CLI000462,Campbell Inc,Consulting,FR
CLI000463,"Alexander, Miller and Roberts",Technology,UK
CLI000464,Brown Ltd,Finance,IN
CLI000465,"Mathews, Dawson and White",Consulting,IN
CLI000466,Green-Holland,Manufacturing,ZA
CLI000467,"Butler, Francis and Garcia",Retail,US
CLI000468,Martin PLC,Healthcare,FR
CLI000469,"Hines, Owens and Dougherty",Technology,DE
CLI000470,Alexander-Lawrence,Consulting,JP
CLI000471,Anderson-Palmer,Consulting,AU
CLI000472,Stevens-Patel,Technology,JP
CLI000473,Davis Ltd,Retail,DE
CLI000474,Clark-Davidson,Healthcare,US
CLI000475,George Inc,Manufacturing,DE
CLI000476,Walker PLC,Technology,DE
CLI000477,Henson and Sons,Technology,UK
CLI000478,"Moyer, Ramos and Walls",Consulting,CA
CLI000479,Walsh LLC,Retail,AU
CLI000480,"Matthews, Smith and Henderson",Manufacturing,DE
CLI000481,"Smith, Stevens and Huynh",Finance,BR
CLI000482,Schmitt Inc,Technology,UK
CLI000483,"Hayes, Alexander and Yang",Technology,IN
CLI000484,"Butler, House and Shields",Finance,ZA
CLI000485,Bonilla Ltd,Retail,BR
CLI000486,Wood-Quinn,Healthcare,JP
CLI000487,Fisher Ltd,Healthcare,JP
CLI000488,"Brown, Beard and Travis",Technology,FR
CLI000489,Leonard-Hernandez,Manufacturing,IN
CLI000490,Holland-Benson,Technology,DE
CLI000491,Graves-Williamson,Technology,JP
CLI000492,"Morris, West and Singh",Finance,BR
CLI000493,Goodwin and Sons,Healthcare,IN
CLI000494,"Miranda, Miller and Myers",Consulting,IN
CLI000495,"Spencer, Daniels and Foster",Technology,DE
CLI000496,Brennan-Howard,Technology,AU
CLI000497,Erickson LLC,Technology,JP
CLI000498,Mcfarland LLC,Manufacturing,UK
CLI000499,Atkinson LLC,Manufacturing,CA
CLI000500,Johnson Group,Technology,JP
CLI000501,Morrison LLC,Finance,CA
CLI000502,Martinez-Powell,Finance,AU
CLI000503,Frazier Ltd,Finance,FR
CLI000504,"Cruz, Hardy and Lowery",Consulting,BR
CLI000505,"Huang, Moore and Bennett",Retail,FR
CLI000506,Leach-Roberts,Finance,FR
CLI000507,"Castro, Williams and Simmons",Finance,UK
CLI000508,"Gray, Powell and West",Manufacturing,DE
CLI000509,Blevins and Sons,Technology,JP
CLI000510,"Rose, Palmer and Stokes",Consulting,IN
CLI000511,Stone and Sons,Manufacturing,IN
CLI000512,Watson and Sons,Technology,IN
CLI000513,"Herrera, Lee and Williams",Manufacturing,FR
CLI000514,Bates-Cannon,Manufacturing,UK
CLI000515,Garcia Inc,Finance,IN
CLI000516,Gonzales Group,Consulting,DE
CLI000517,Sullivan-Fry,Finance,AU
CLI000518,"King, Hall and Oconnor",Retail,CA
CLI000519,Burgess LLC,Retail,US
CLI000520,Evans-Sullivan,Healthcare,US
CLI000521,Williams-Hughes,Technology,DE
CLI000522,Fowler-Roberts,Consulting,BR
CLI000523,Williams-Clark,Retail,AU
CLI000524,Perry Inc,Manufacturing,FR
CLI000525,Trujillo PLC,Consulting,BR
CLI000526,Cameron Inc,Retail,IN
CLI000527,"Long, Jensen and Quinn",Manufacturing,ZA
CLI000528,Phillips and Sons,Consulting,DE
CLI000529,Thomas PLC,Finance,IN
CLI000530,"Sanchez, Shaw and George",Manufacturing,ZA
CLI000531,Grimes-Roberts,Retail,CA
CLI000532,Conway Inc,Retail,UK
CLI000533,Allen LLC,Technology,ZA
CLI000534,Vaughan Inc,Technology,DE
CLI000535,Chang-Wells,Technology,JP
CLI000536,Ramirez LLC,Consulting,IN
CLI000537,"Allen, Newman and Obrien",Healthcare,US
CLI000538,Cook-Perry,Retail,CA
CLI000539,Wong-Martinez,Retail,CA
CLI000540,Smith-Williams,Healthcare,AU
CLI000541,Bennett-James,Manufacturing,JP
CLI000542,"Hutchinson, Wolfe and Jackson",Healthcare,AU
CLI000543,"House, Phillips and Lee",Manufacturing,FR
CLI000544,"Brown, Dawson and Gordon",Retail,FR
CLI000545,Barnett-Middleton,Consulting,ZA
CLI000546,Carlson PLC,Consulting,JP
CLI000547,Jones-Herman,Manufacturing,ZA
CLI000548,Johnson-Knapp,Finance,ZA
CLI000549,"Sanders, Hunt and Patterson",Healthcare,FR
CLI000550,Brandt and Sons,Consulting,UK
CLI000551,Martin-Huber,Healthcare,FR
CLI000552,"Berry, Williams and Powers",Manufacturing,JP
CLI000553,Wiggins-Reyes,Consulting,ZA
CLI000554,Adams-Schmidt,Healthcare,UK
CLI000555,Koch-Graves,Healthcare,CA
CLI000556,"Shepherd, Moreno and Carroll",Manufacturing,CA
CLI000557,Carter PLC,Finance,JP
CLI000558,"Flores, Collins and Steele",Healthcare,AU
CLI000559,Knight Ltd,Manufacturing,BR
CLI000560,Berg-Harris,Healthcare,BR
CLI000561,Crawford Group,Finance,CA
CLI000562,Bryant LLC,Manufacturing,AU
CLI000563,Walker-Hoover,Healthcare,DE
CLI000564,Hayes LLC,Manufacturing,CA
CLI000565,"Walker, Perkins and Rodriguez",Consulting,DE
CLI000566,Khan PLC,Manufacturing,BR
CLI000567,"Gonzalez, Barajas and Wilson",Consulting,IN
CLI000568,Diaz LLC,Finance,CA
CLI000569,Richardson-Wagner,Consulting,AU
CLI000570,Knox-Gray,Manufacturing,JP
CLI000571,"Torres, Landry and Meyer",Finance,AU
CLI000572,"Barnes, Willis and Jimenez",Manufacturing,FR
CLI000573,Solomon-Moore,Finance,JP
CLI000574,Perry-Thompson,Consulting,UK
CLI000575,Williams-Nguyen,Consulting,CA
CLI000576,Vega-Walters,Finance,BR
CLI000577,Avery-Grimes,Consulting,ZA
CLI000578,Rodriguez-Patterson,Finance,AU
CLI000579,"Hartman, Hays and Barnett",Healthcare,FR
CLI000580,Brooks and Sons,Retail,BR
CLI000581,Hill Group,Consulting,FR
CLI000582,"Beard, Boyd and Ray",Manufacturing,CA
CLI000583,Gaines Group,Manufacturing,FR
CLI000584,Martin Group,Finance,AU
CLI000585,"Tran, Gutierrez and Perez",Manufacturing,CA
CLI000586,"Jimenez, Ellis and Allen",Healthcare,UK
CLI000587,Chang Inc,Retail,UK
CLI000588,Foster-Hill,Retail,JP
CLI000589,Jones and Sons,Technology,US
CLI000590,"Gonzalez, Keller and Wallace",Healthcare,BR
CLI000591,Spence-Petersen,Retail,FR
CLI000592,Baker-White,Manufacturing,JP
CLI000593,"Sanchez, Melton and Dennis",Manufacturing,CA
CLI000594,Brandt Ltd,Retail,ZA
CLI000595,"Harrison, Haley and Lang",Healthcare,BR
CLI000596,"Pennington, Nelson and Owens",Retail,US
CLI000597,"Blevins, Lang and Franco",Manufacturing,FR
CLI000598,Stokes Ltd,Retail,UK
CLI000599,"Nunez, Anderson and Love",Retail,DE
CLI000600,Pope-Wise,Technology,AU
CLI000601,Douglas PLC,Finance,IN
CLI000602,Thompson-Morrow,Healthcare,UK
CLI000603,Martinez-Thomas,Technology,US
CLI000604,Bowers LLC,Healthcare,UK
CLI000605,"Welch, Montes and Roth",Manufacturing,UK
CLI000606,Watkins PLC,Healthcare,JP
CLI000607,"Green, Nielsen and Torres",Technology,IN
CLI000608,"Hayes, Hicks and Washington",Finance,DE
CLI000609,Middleton-Carroll,Consulting,US
CLI000610,Silva LLC,Technology,ZA
CLI000611,Harrington-Weber,Technology,US
CLI000612,Gross Inc,Manufacturing,AU
CLI000613,Riley-Leonard,Healthcare,CA
CLI000614,Good-White,Finance,DE
CLI000615,"Richards, Holloway and Holden",Finance,BR
CLI000616,"Griffin, Ortiz and Harris",Manufacturing,ZA
CLI000617,Torres-Graham,Healthcare,ZA
CLI000618,Vargas-Sanchez,Healthcare,JP
CLI000619,Farley and Sons,Finance,BR
CLI000620,Fry-Gonzales,Manufacturing,US
CLI000621,"Allen, Rivera and Johnson",Healthcare,ZA
CLI000622,Martinez-Porter,Finance,BR
CLI000623,"Perez, Smith and Perez",Finance,DE
CLI000624,Roth LLC,Manufacturing,JP
CLI000625,King-Miller,Finance,US
CLI000626,"Sanchez, Prince and Martinez",Manufacturing,UK
CLI000627,"Scott, White and Burton",Healthcare,ZA
CLI000628,Maynard and Sons,Technology,FR
CLI000629,Hunter Inc,Finance,UK
CLI000630,Carter and Sons,Finance,DE
CLI000631,Anderson-Zuniga,Retail,BR
CLI000632,"Sherman, Logan and Phillips",Finance,ZA
CLI000633,Richardson PLC,Finance,IN
CLI000634,"Kelley, Nelson and Cruz",Technology,CA
CLI000635,Simmons and Sons,Finance,US
CLI000636,Wright-Johnson,Retail,CA
CLI000637,French Group,Manufacturing,ZA
CLI000638,Martin-Gilbert,Retail,DE
CLI000639,"Garcia, Johnson and Haynes",Finance,BR
CLI000640,Martinez and Sons,Technology,UK
CLI000641,"Bell, Stephens and Waters",Consulting,DE
CLI000642,"Grant, Sims and Christian",Retail,FR
CLI000643,Hanson-Madden,Consulting,IN
CLI000644,Spencer-Ramirez,Manufacturing,DE
CLI000645,Ryan-Blake,Technology,DE
CLI000646,Hubbard-Odom,Healthcare,JP
CLI000647,"Edwards, Villanueva and White",Consulting,BR
CLI000648,Rodriguez-Rodriguez,Retail,FR
CLI000649,Wright LLC,Healthcare,JP
CLI000650,Ruiz-Hahn,Technology,AU
CLI000651,Lucas-Smith,Manufacturing,FR
CLI000652,"Gray, Carter and Andrews",Retail,ZA
CLI000653,Mason Inc,Manufacturing,FR
CLI000654,"Taylor, West and Ramirez",Healthcare,BR
CLI000655,"Bishop, Miller and Baker",Consulting,IN
CLI000656,Frye-Travis,Manufacturing,UK
CLI000657,Miller Ltd,Finance,DE
CLI000658,Walker Ltd,Finance,DE
CLI000659,Thomas-Figueroa,Healthcare,BR
CLI000660,Jones-Chapman,Retail,AU
CLI000661,Montgomery PLC,Finance,CA
CLI000662,"Wilkins, Carlson and Johnson",Finance,CA
CLI000663,"Kane, Williams and Brown",Manufacturing,DE
CLI000664,Raymond PLC,Technology,FR
CLI000665,Bautista-Olsen,Finance,ZA
CLI000666,Brown-Collins,Retail,UK
CLI000667,"Levine, Fisher and Mercer",Retail,US
CLI000668,Smith LLC,Healthcare,ZA
CLI000669,Kline Ltd,Retail,AU
CLI000670,Fernandez PLC,Retail,US
CLI000671,Johnson-Murray,Consulting,DE
CLI000672,Larson-Howard,Retail,FR
CLI000673,"Green, Kelley and Johnston",Retail,UK
CLI000674,"Dudley, Keller and Reyes",Healthcare,CA
CLI000675,Carter-Gonzalez,Healthcare,BR
CLI000676,Baker-Rivera,Healthcare,AU
CLI000677,Boyd and Sons,Finance,FR
CLI000678,"Ramirez, Burns and Noble",Finance,IN
CLI000679,Clark LLC,Consulting,ZA
CLI000680,"Nguyen, Moore and Carter",Manufacturing,JP
CLI000681,Hernandez and Sons,Finance,JP
CLI000682,"Harper, Williamson and Holmes",Retail,US
CLI000683,"Wright, Harris and Watson",Technology,AU
CLI000684,Singh-Henry,Technology,BR
CLI000685,Gaines-Hendricks,Technology,IN
CLI000686,Buchanan Group,Consulting,ZA
CLI000687,Terry Group,Technology,JP
CLI000688,Murray-Strong,Technology,CA
CLI000689,Jordan Ltd,Healthcare,JP
CLI000690,Odonnell PLC,Finance,FR
CLI000691,Mcbride Ltd,Finance,CA
CLI000692,"Cole, Nelson and Zamora",Healthcare,DE
CLI000693,Nelson-Fleming,Finance,IN
CLI000694,Jimenez-Johnson,Healthcare,DE
CLI000695,Brown PLC,Manufacturing,IN
CLI000696,"Atkinson, Cervantes and Edwards",Finance,UK
CLI000697,Miranda-Byrd,Manufacturing,UK
CLI000698,Ramirez and Sons,Manufacturing,US
CLI000699,Hale Ltd,Healthcare,IN
CLI000700,"Smith, Mora and Summers",Retail,JP
CLI000701,Cooper Inc,Finance,DE
CLI000702,"Butler, Garcia and Ramirez",Technology,BR
CLI000703,"Phillips, Jennings and Nelson",Manufacturing,BR
CLI000704,Williams and Sons,Technology,UK
CLI000705,Graves LLC,Healthcare,UK
CLI000706,"Norman, Larson and Francis",Manufacturing,IN
CLI000707,Blair Inc,Retail,UK
CLI000708,Fitzgerald-Smith,Healthcare,JP
CLI000709,"Phelps, Rhodes and Howard",Finance,IN
CLI000710,Perez-Armstrong,Finance,JP
CLI000711,Williams-Johnson,Technology,BR
CLI000712,Simmons and Sons,Finance,AU
CLI000713,"Becker, Thornton and Patel",Manufacturing,CA
CLI000714,Brennan-Brock,Manufacturing,US
CLI000715,Hubbard-Hart,Technology,JP
CLI000716,Carter Group,Finance,DE
CLI000717,"Smith, Craig and Curry",Technology,IN
CLI000718,"Flores, Silva and Davis",Finance,FR
CLI000719,"Anderson, Weber and Cross",Finance,IN
CLI000720,Hunt-Meyer,Healthcare,ZA
CLI000721,Patel Inc,Healthcare,ZA
CLI000722,Burnett Inc,Finance,FR
CLI000723,Bautista Inc,Finance,FR
CLI000724,Reed-Tucker,Consulting,UK
CLI000725,"Castro, Simmons and Smith",Finance,BR
CLI000726,Thomas PLC,Technology,ZA
CLI000727,Harris-Johnson,Retail,UK
CLI000728,"Stone, Foster and Tucker",Technology,IN
CLI000729,Fisher-Pierce,Retail,CA
CLI000730,Wyatt-Wilkerson,Retail,JP
CLI000731,Herrera-Evans,Manufacturing,DE
CLI000732,"Wolfe, White and Butler",Consulting,JP
CLI000733,Lambert and Sons,Manufacturing,DE
CLI000734,Cooper-Li,Consulting,FR
CLI000735,Ball-Hutchinson,Healthcare,JP
CLI000736,Williams-Miller,Manufacturing,ZA
CLI000737,Lee-Aguirre,Healthcare,DE
CLI000738,Rodriguez-Harrison,Retail,JP
CLI000739,Nielsen-Gilbert,Manufacturing,IN
CLI000740,Craig Inc,Finance,FR
CLI000741,"Baldwin, Johnson and Villegas",Finance,US
CLI000742,"Cortez, Anderson and Stevenson",Manufacturing,UK
CLI000743,"Buchanan, Valenzuela and Pearson",Healthcare,AU
CLI000744,"Johnson, Walker and Johnson",Manufacturing,UK
CLI000745,Morris PLC,Retail,DE
CLI000746,Montgomery LLC,Healthcare,DE
CLI000747,"Middleton, Lewis and Stephens",Technology,AU
CLI000748,"Robinson, Jones and Carlson",Retail,AU
CLI000749,Durham Ltd,Technology,BR
CLI000750,Erickson LLC,Retail,BR
CLI000751,Lopez Ltd,Retail,IN
CLI000752,Fox-Webb,Consulting,ZA
CLI000753,Cobb LLC,Consulting,IN
CLI000754,"Yang, Vazquez and Perkins",Retail,CA
CLI000755,Miller-Robinson,Finance,BR
CLI000756,Moore Ltd,Finance,US
CLI000757,Knight-Collins,Healthcare,FR
CLI000758,Vance-Richardson,Retail,FR
CLI000759,Wilson PLC,Consulting,FR
CLI000760,Woods-Hawkins,Healthcare,FR
CLI000761,"Decker, Nguyen and Day",Retail,BR
CLI000762,Mathis Inc,Retail,IN
CLI000763,Mcdaniel LLC,Finance,US
CLI000764,Johnson-Phillips,Consulting,IN
CLI000765,Nguyen-Webster,Healthcare,UK
CLI000766,Jacobs PLC,Technology,AU
CLI000767,"Caldwell, Andrade and Maldonado",Retail,AU
CLI000768,"Long, Baker and Allen",Consulting,DE
CLI000769,Porter Group,Technology,DE
CLI000770,"Sandoval, Gray and Francis",Healthcare,ZA
CLI000771,"Torres, Wright and Mullen",Manufacturing,AU
CLI000772,Kelley Ltd,Retail,JP
CLI000773,Miller PLC,Retail,US
CLI000774,Bishop PLC,Healthcare,UK
CLI000775,Keller Group,Finance,AU
CLI000776,Ortega and Sons,Manufacturing,CA
CLI000777,Moore and Sons,Technology,IN
CLI000778,Stanley-Farmer,Finance,UK
CLI000779,Gates Group,Healthcare,JP
CLI000780,Simmons and Sons,Technology,US
CLI000781,Hernandez PLC,Finance,JP
CLI000782,Duncan-Dunn,Healthcare,JP
CLI000783,"Obrien, Blake and Stein",Retail,US
CLI000784,Pena-Smith,Healthcare,DE
CLI000785,"Medina, Lowery and Washington",Retail,ZA
CLI000786,"Doyle, Strickland and Porter",Manufacturing,AU
CLI000787,"Green, Shepherd and Mccoy",Healthcare,AU
CLI000788,Green and Sons,Technology,AU
CLI000789,"Harris, Smith and Henry",Manufacturing,JP
CLI000790,Booth-Gilmore,Retail,UK
CLI000791,Salazar and Sons,Retail,FR
CLI000792,Kaiser-Humphrey,Technology,JP
CLI000793,"Fitzgerald, Newton and Tucker",Consulting,JP
CLI000794,Delgado-Nichols,Manufacturing,ZA
CLI000795,Bell-Young,Finance,UK
CLI000796,"Salazar, Barnes and Rodriguez",Healthcare,DE
CLI000797,Martin-Wilson,Consulting,FR
CLI000798,"Pierce, Keller and Green",Finance,CA
CLI000799,Green-Hale,Finance,IN
CLI000800,Coleman Ltd,Manufacturing,UK
CLI000801,Kennedy Ltd,Healthcare,DE
CLI000802,"Logan, Harrison and Mccormick",Finance,DE
CLI000803,Kirby-Peterson,Technology,US
CLI000804,Taylor PLC,Technology,CA
CLI000805,Higgins LLC,Finance,IN
CLI000806,Morris LLC,Manufacturing,DE
CLI000807,Ray Inc,Retail,BR
CLI000808,Richards PLC,Retail,IN
CLI000809,Pearson Ltd,Manufacturing,JP
CLI000810,"Golden, Reese and Jones",Finance,CA
CLI000811,Fletcher Ltd,Technology,US
CLI000812,Brady Inc,Technology,IN
CLI000813,Scott-Lara,Consulting,CA
CLI000814,Martinez-Parsons,Technology,FR
CLI000815,"Kaiser, Andrews and Austin",Retail,BR
CLI000816,Freeman-Cooper,Consulting,IN
CLI000817,"Clark, Lee and Brown",Technology,FR
CLI000818,Watkins-Mcguire,Consulting,UK
CLI000819,"Reed, Harrington and Sims",Healthcare,FR
CLI000820,Mendoza PLC,Consulting,ZA
CLI000821,"Smith, Diaz and Harvey",Retail,AU
CLI000822,Ritter-Mack,Manufacturing,CA
CLI000823,Trevino PLC,Manufacturing,JP
CLI000824,"Edwards, Franklin and Rodriguez",Consulting,AU
CLI000825,Reynolds LLC,Manufacturing,AU
CLI000826,"Moore, Sullivan and Mitchell",Consulting,IN
CLI000827,Franco-Clark,Manufacturing,ZA
CLI000828,"Martin, Stevenson and Cobb",Manufacturing,CA
CLI000829,Tucker Group,Finance,BR
CLI000830,Mitchell Group,Retail,US
CLI000831,Reed-Byrd,Healthcare,FR
CLI000832,"Howell, Martinez and Pollard",Manufacturing,AU
CLI000833,Mckee-Lozano,Retail,CA
CLI000834,Ross-Cruz,Technology,DE
CLI000835,"Bell, Daniels and Orozco",Healthcare,ZA
CLI000836,Mitchell Ltd,Technology,CA
CLI000837,Shelton PLC,Manufacturing,IN
CLI000838,Adkins LLC,Finance,BR
CLI000839,Alexander and Sons,Retail,BR
CLI000840,Morrison PLC,Technology,IN
CLI000841,Martin and Sons,Manufacturing,JP
CLI000842,"Munoz, Martinez and Thomas",Retail,AU
CLI000843,"Vega, Griffin and Horne",Retail,DE
CLI000844,"Hampton, Obrien and Anderson",Healthcare,ZA
CLI000845,Shepard and Sons,Technology,CA
CLI000846,"Rodriguez, Williams and Page",Finance,BR
CLI000847,Scott-Johnson,Retail,ZA
CLI000848,Bennett Group,Healthcare,UK
CLI000849,Wall PLC,Retail,US
CLI000850,Fernandez-Tanner,Retail,DE
CLI000851,Boyd LLC,Retail,IN
CLI000852,"Smith, Wong and Morris",Technology,FR
CLI000853,"Smith, Smith and Hughes",Healthcare,AU
CLI000854,Perry PLC,Healthcare,UK
CLI000855,"Sanchez, Boyd and Johnson",Retail,BR
CLI000856,"Noble, Allen and Brennan",Retail,FR
CLI000857,"Macdonald, Russell and Fletcher",Finance,ZA
CLI000858,"Brown, Anderson and Ford",Retail,DE
CLI000859,Smith-Brown,Healthcare,BR
CLI000860,"Ruiz, Nguyen and Fuller",Manufacturing,BR
CLI000861,Lozano-Skinner,Healthcare,IN
CLI000862,Wiggins and Sons,Manufacturing,IN
CLI000863,Campbell and Sons,Manufacturing,AU
CLI000864,Gibson-Kelley,Technology,DE
CLI000865,Reyes-Miller,Technology,UK
CLI000866,Cooper Group,Consulting,UK
CLI000867,Stevenson Ltd,Finance,US
CLI000868,Lewis-Rogers,Retail,JP
CLI000869,Wood PLC,Technology,FR
CLI000870,"Little, Dixon and Flynn",Technology,IN
CLI000871,Warren Inc,Retail,US
CLI000872,Lopez-Clayton,Technology,IN
CLI000873,"Campbell, Walsh and Mitchell",Healthcare,IN
CLI000874,Simon-Dunn,Consulting,AU
CLI000875,"Winters, Cobb and Ramirez",Consulting,AU
CLI000876,"Simpson, Mcgrath and Gibson",Technology,ZA
CLI000877,"Wright, Sullivan and Carroll",Finance,US
CLI000878,"Gomez, Craig and Hawkins",Healthcare,CA
CLI000879,Delgado and Sons,Technology,UK
CLI000880,Lopez Ltd,Technology,ZA
CLI000881,Carter-Alvarado,Manufacturing,US
CLI000882,Taylor Group,Finance,US
CLI000883,Wolfe-Hicks,Retail,IN
CLI000884,Klein and Sons,Technology,FR
CLI000885,Rodriguez-Carter,Manufacturing,CA
CLI000886,"Harris, Higgins and Valdez",Manufacturing,CA
CLI000887,Baker PLC,Technology,JP
CLI000888,"Hull, Torres and Gilbert",Healthcare,ZA
CLI000889,Martin-Chang,Technology,IN
CLI000890,Wallace-Gonzalez,Manufacturing,FR
CLI000891,Wilson Group,Finance,CA
CLI000892,Wood-Pitts,Technology,JP
CLI000893,Sandoval-Meyer,Manufacturing,FR
CLI000894,Kramer LLC,Consulting,BR
CLI000895,Hughes-Lewis,Technology,CA
CLI000896,Johnson and Sons,Healthcare,DE
CLI000897,"Harrison, Williams and Miller",Consulting,IN
CLI000898,"Wilson, Bell and Horne",Retail,FR
CLI000899,"Reed, Williams and Ford",Manufacturing,AU
CLI000900,Sanchez Inc,Healthcare,CA
CLI000901,Lewis Group,Retail,DE
CLI000902,Johnson LLC,Healthcare,BR
CLI000903,Martinez Group,Finance,AU
CLI000904,"Williams, Bullock and Jones",Retail,BR
CLI000905,"Griffin, Ryan and Rodriguez",Consulting,IN
CLI000906,"Dixon, Pham and Martin",Technology,IN
CLI000907,Henry LLC,Technology,UK
CLI000908,"Porter, Solomon and Roman",Technology,ZA
CLI000909,Nelson PLC,Technology,IN
CLI000910,Wallace-Johnson,Finance,FR
CLI000911,Mack Inc,Consulting,IN
CLI000912,Harrell-Johnson,Healthcare,UK
CLI000913,Wright LLC,Consulting,AU
CLI000914,"Peterson, George and Perry",Manufacturing,AU
CLI000915,"Davis, Lloyd and Bell",Consulting,BR
CLI000916,"Brooks, Smith and Valdez",Retail,FR
CLI000917,Glass-Brown,Technology,DE
CLI000918,Thomas-Wells,Consulting,JP
CLI000919,Miller LLC,Healthcare,ZA
CLI000920,"Payne, Gamble and Webb",Retail,BR
CLI000921,Murphy Ltd,Healthcare,US
CLI000922,Marshall Inc,Retail,IN
CLI000923,Taylor-Gonzalez,Healthcare,BR
CLI000924,Henry PLC,Technology,UK
CLI000925,Roman-Miller,Healthcare,US
CLI000926,White-Delacruz,Finance,DE
CLI000927,"Green, Myers and Briggs",Retail,FR
CLI000928,"Gray, Vance and Smith",Consulting,DE
CLI000929,"Allen, Johnson and Thomas",Retail,AU
CLI000930,Hardy Ltd,Healthcare,IN
CLI000931,Wagner Inc,Consulting,DE
CLI000932,"Oconnor, Jones and Glover",Manufacturing,AU
CLI000933,"Mullins, Bird and Ross",Technology,IN
CLI000934,Smith-Baker,Healthcare,IN
CLI000935,Jackson-Foster,Technology,DE
CLI000936,Copeland Inc,Healthcare,FR
CLI000937,Smith-Walker,Technology,IN
CLI000938,Brewer Ltd,Finance,IN
CLI000939,Guzman Inc,Manufacturing,JP
CLI000940,Kim Inc,Healthcare,FR
CLI000941,"Leach, Brown and Keller",Consulting,BR
CLI000942,Thompson-Rivera,Retail,IN
CLI000943,French and Sons,Technology,US
CLI000944,"Carr, Edwards and Garcia",Consulting,AU
CLI000945,Lewis-Ward,Manufacturing,AU
CLI000946,Miller-Williams,Healthcare,AU
CLI000947,Brady Ltd,Technology,US
CLI000948,"Lester, Mitchell and Miles",Manufacturing,FR
CLI000949,"Clark, Cameron and Wood",Finance,BR
CLI000950,Mcgrath-Jones,Healthcare,IN
CLI000951,Oconnor-Mitchell,Healthcare,JP
CLI000952,Sanchez-Lawson,Retail,JP
CLI000953,Smith LLC,Manufacturing,JP
CLI000954,"Jordan, Dunn and Alvarez",Manufacturing,ZA
CLI000955,Daniels-Lee,Retail,BR
CLI000956,Miller-Oconnor,Retail,US
CLI000957,Baldwin-Nelson,Manufacturing,ZA
CLI000958,"Ruiz, Jones and Young",Manufacturing,CA
CLI000959,"Boyd, Moore and Williams",Technology,FR
CLI000960,"Green, Fuller and Reynolds",Healthcare,CA
CLI000961,Thompson-Durham,Retail,US
CLI000962,Bean-Little,Consulting,ZA
CLI000963,Willis-Clark,Retail,UK
CLI000964,Martinez and Sons,Retail,DE
CLI000965,"Rodriguez, Greer and Mccann",Manufacturing,ZA
CLI000966,Jordan-Rivera,Healthcare,BR
CLI000967,Curry Inc,Finance,ZA
CLI000968,Lee-Marquez,Healthcare,FR
CLI000969,Jones-Pittman,Consulting,CA
CLI000970,Henry-Boyer,Finance,US
CLI000971,"Lawrence, Mccarthy and Erickson",Healthcare,ZA
CLI000972,"Walsh, Harrison and Marshall",Healthcare,DE
CLI000973,"Cook, Richards and Mcgee",Manufacturing,US
CLI000974,"Davis, Prince and Leonard",Technology,BR
CLI000975,"Dudley, Campbell and Liu",Retail,BR
CLI000976,"Nunez, Pham and Matthews",Retail,BR
CLI000977,"Walker, Joseph and Oliver",Retail,US
CLI000978,"Williams, Holloway and Gutierrez",Technology,US
CLI000979,"Galloway, Duncan and Gordon",Manufacturing,CA
CLI000980,"Payne, Johnson and Barrera",Retail,JP
CLI000981,"Gonzalez, Harris and Valencia",Manufacturing,US
CLI000982,"White, Smith and Roberts",Manufacturing,CA
CLI000983,"Alvarado, Jones and Christian",Retail,US
CLI000984,"Fernandez, Obrien and Rhodes",Finance,ZA
CLI000985,"Sawyer, Martin and Jimenez",Consulting,JP
CLI000986,"Baird, Austin and Johnson",Healthcare,JP
CLI000987,Powers-Miller,Finance,UK
CLI000988,"Bennett, Pratt and Payne",Manufacturing,DE
CLI000989,"Wood, Lucas and Sanchez",Finance,AU
CLI000990,Hunter PLC,Consulting,JP
CLI000991,Wise-Flores,Technology,BR
CLI000992,Mason-Ruiz,Technology,DE
CLI000993,Ruiz LLC,Consulting,AU
CLI000994,"Villa, Hancock and Williams",Retail,BR
CLI000995,Douglas Ltd,Technology,US
CLI000996,"Townsend, Alvarado and Deleon",Consulting,IN
CLI000997,Mcmillan-Kent,Finance,CA
CLI000998,Gonzalez-Villa,Consulting,CA
CLI000999,Vazquez-Alexander,Retail,CA
CLI001000,Miles-Walsh,Retail,IN
CLI001001,Simon-Stephens,Consulting,BR
CLI001002,Gomez PLC,Healthcare,IN
CLI001003,Rojas-Mcdonald,Healthcare,UK
CLI001004,Jones Ltd,Manufacturing,CA
CLI001005,Anderson-Garcia,Consulting,JP
CLI001006,"Garcia, Knight and Cruz",Technology,UK
CLI001007,Tucker-King,Technology,IN
CLI001008,Nelson Ltd,Finance,US
CLI001009,Williams LLC,Healthcare,UK
CLI001010,Austin PLC,Technology,IN
CLI001011,Franklin-Buckley,Healthcare,FR
CLI001012,"Young, Bennett and Sellers",Manufacturing,UK
CLI001013,"Miller, Doyle and Perkins",Retail,JP
CLI001014,Gonzalez LLC,Technology,JP
CLI001015,Brown Group,Consulting,FR
CLI001016,Austin-Arroyo,Healthcare,ZA
CLI001017,Russell-Terry,Healthcare,UK
CLI001018,Foster-Reed,Healthcare,UK
CLI001019,Huerta-Alvarez,Retail,IN
CLI001020,Gross-Obrien,Manufacturing,BR
CLI001021,Green-Travis,Consulting,CA
CLI001022,Peterson-Huynh,Manufacturing,US
CLI001023,"Carlson, Ramirez and Kim",Technology,UK
CLI001024,Curry-Rich,Finance,IN
CLI001025,Todd Ltd,Finance,AU
CLI001026,Rasmussen-Martinez,Consulting,JP
CLI001027,Shepherd Ltd,Finance,JP
CLI001028,"Jenkins, Hernandez and Sanders",Consulting,FR
CLI001029,"Mendoza, Hamilton and Jimenez",Technology,AU
CLI001030,Benson-Thomas,Retail,AU
CLI001031,Guerrero-Beasley,Technology,DE
CLI001032,Weiss LLC,Retail,JP
CLI001033,Johnson Group,Finance,BR
CLI001034,Garcia-Gay,Manufacturing,BR
CLI001035,Kennedy-Bean,Manufacturing,FR
CLI001036,Carr-Coleman,Consulting,UK
CLI001037,Gardner Group,Consulting,BR
CLI001038,Wheeler Ltd,Manufacturing,FR
CLI001039,Castro Ltd,Retail,FR
CLI001040,"Waters, Padilla and Bates",Consulting,AU
CLI001041,Benjamin Inc,Finance,AU
CLI001042,Schroeder LLC,Technology,US
CLI001043,Evans Inc,Finance,FR
CLI001044,Travis Group,Manufacturing,US
CLI001045,Martinez-Alvarez,Technology,AU
CLI001046,Carter-Crawford,Consulting,AU
CLI001047,Evans Inc,Retail,AU
CLI001048,"Roberson, Hampton and Ray",Healthcare,US
CLI001049,"Hernandez, Brown and Burnett",Technology,FR
CLI001050,Castro LLC,Technology,IN
CLI001051,Bryant-Jones,Manufacturing,ZA
CLI001052,Dunn Inc,Technology,JP
CLI001053,Pope LLC,Finance,ZA
CLI001054,"Payne, Welch and Buchanan",Retail,FR
CLI001055,Aguilar-Leon,Manufacturing,JP
CLI001056,Martinez PLC,Technology,AU
CLI001057,Ortega LLC,Technology,ZA
CLI001058,Guerrero and Sons,Finance,AU
CLI001059,"Johnson, Gonzalez and Parker",Manufacturing,CA
CLI001060,Gonzalez-Green,Healthcare,DE
CLI001061,"Nelson, Thomas and Blackburn",Technology,US
CLI001062,"Perez, Daniels and Perkins",Healthcare,US
CLI001063,Garcia-Moore,Consulting,IN
CLI001064,Strickland-Horton,Retail,CA
CLI001065,Stafford Inc,Healthcare,IN
CLI001066,Montgomery LLC,Retail,AU
CLI001067,Bailey PLC,Manufacturing,UK
CLI001068,"Henderson, Larson and Beck",Technology,AU
CLI001069,Miller Ltd,Healthcare,FR
CLI001070,Miller-Miller,Retail,CA
CLI001071,Horne-Hodges,Technology,US
CLI001072,Potts-Villarreal,Healthcare,CA
CLI001073,Lopez Group,Consulting,IN
CLI001074,"Porter, Spencer and Evans",Finance,UK
CLI001075,Mcdonald and Sons,Manufacturing,JP
CLI001076,"Carroll, Gibson and Reynolds",Technology,ZA
CLI001077,"Phillips, Miller and Summers",Technology,AU
CLI001078,Braun PLC,Healthcare,UK
CLI001079,Bennett-Perkins,Healthcare,AU
CLI001080,Williams-Tucker,Finance,UK
CLI001081,"Pope, Tucker and Thomas",Finance,ZA
CLI001082,Bauer Inc,Technology,ZA
CLI001083,Gomez Group,Technology,BR
CLI001084,Wright LLC,Healthcare,CA
CLI001085,Wilson-Tyler,Manufacturing,JP
CLI001086,"Reyes, Mcdonald and Lowery",Consulting,UK
CLI001087,"Kim, Curry and Weber",Manufacturing,JP
CLI001088,Edwards-Cooper,Healthcare,JP
CLI001089,Crane-Phillips,Consulting,JP
CLI001090,Stevenson Ltd,Technology,CA
CLI001091,West Inc,Technology,DE
CLI001092,"Welch, Edwards and Phillips",Retail,CA
CLI001093,"Reed, Wilkerson and Friedman",Consulting,UK
CLI001094,"Glenn, Brock and Craig",Healthcare,AU
CLI001095,"Mcneil, Wood and Wells",Finance,US
CLI001096,"Rogers, Gonzalez and Roberts",Technology,UK
CLI001097,Murphy Ltd,Technology,ZA
CLI001098,Brown-Salazar,Retail,UK
CLI001099,Lee-Brown,Retail,US
CLI001100,Jones-Thomas,Retail,AU
CLI001101,Powell and Sons,Technology,JP
CLI001102,Barber PLC,Finance,CA
CLI001103,Elliott-Hunter,Manufacturing,ZA
CLI001104,Bowman-Stewart,Technology,BR
CLI001105,"Zuniga, Young and Weber",Finance,AU
CLI001106,Morrison LLC,Consulting,IN
CLI001107,Beard-Scott,Consulting,ZA
CLI001108,"Carr, Nguyen and Diaz",Consulting,UK
CLI001109,"Brown, Mitchell and Brandt",Retail,US
CLI001110,Morris-Johnson,Consulting,BR
CLI001111,"Franklin, Howard and Ramirez",Finance,IN
CLI001112,Dean Ltd,Finance,JP
CLI001113,Harris PLC,Technology,DE
CLI001114,Lozano and Sons,Healthcare,JP
CLI001115,Ayers-Hinton,Consulting,ZA
CLI001116,Munoz Ltd,Retail,BR
CLI001117,"Thomas, Adams and Allen",Finance,JP
CLI001118,Knox-Ochoa,Retail,US
CLI001119,Allen-Cross,Manufacturing,BR
CLI001120,Johnson-Hester,Finance,DE
CLI001121,Kerr Group,Healthcare,JP
CLI001122,Gill-Edwards,Finance,AU
CLI001123,Young-Collier,Manufacturing,DE
CLI001124,Ford Ltd,Manufacturing,DE
CLI001125,Rodriguez-Craig,Healthcare,CA
CLI001126,Rodriguez-Anderson,Manufacturing,BR
CLI001127,"Lee, Cummings and Hughes",Consulting,UK
CLI001128,Murray Inc,Healthcare,DE
CLI001129,"Holmes, Paul and Hart",Retail,ZA
CLI001130,"Romero, Campbell and Evans",Technology,US
CLI001131,Armstrong and Sons,Manufacturing,DE
CLI001132,Schneider-Jones,Consulting,BR
CLI001133,Pruitt-Steele,Consulting,CA
CLI001134,Lucas-Johnson,Manufacturing,IN
CLI001135,"Santiago, Hartman and Sweeney",Consulting,IN
CLI001136,"Underwood, Smith and Johnson",Technology,ZA
CLI001137,"Lucas, Griffin and Wilson",Finance,BR
CLI001138,Lewis-Mccormick,Finance,US
CLI001139,Smith Group,Consulting,BR
CLI001140,Singh-Barnes,Consulting,US
CLI001141,Watson Ltd,Consulting,UK
CLI001142,"Lopez, Garcia and Dunn",Finance,DE
CLI001143,Smith-Mcbride,Healthcare,BR
CLI001144,"Bailey, Torres and Osborne",Manufacturing,UK
CLI001145,Brennan and Sons,Consulting,US
CLI001146,Flores-Boyer,Consulting,BR
CLI001147,Adams Inc,Consulting,UK
CLI001148,Daniels-Stone,Retail,US
CLI001149,"Rogers, Holland and Munoz",Healthcare,UK
CLI001150,"Suarez, Coffey and Smith",Retail,BR
CLI001151,Hill and Sons,Finance,IN
CLI001152,"Wise, Hood and Carpenter",Healthcare,UK
CLI001153,"Powell, Schwartz and Johnson",Retail,AU
CLI001154,Lopez-Sanchez,Consulting,DE
CLI001155,Willis Group,Consulting,JP
CLI001156,Gibson Inc,Retail,CA
CLI001157,Joyce-Haney,Consulting,BR
CLI001158,"Huff, Rivera and Kirby",Finance,IN
CLI001159,"Bennett, Price and Holden",Healthcare,DE
CLI001160,Cox-Christensen,Consulting,BR
CLI001161,Ward Ltd,Retail,BR
CLI001162,Meza-Schwartz,Healthcare,FR
CLI001163,"Villanueva, Sloan and Clark",Technology,DE
CLI001164,"Arnold, Chen and Rodgers",Technology,CA
CLI001165,"Armstrong, Conner and Kent",Retail,DE
CLI001166,Green LLC,Technology,IN
CLI001167,"Ferguson, Blankenship and Miller",Consulting,US
CLI001168,"White, Wright and Clark",Manufacturing,FR
CLI001169,Griffith Inc,Finance,CA
CLI001170,Roberts Ltd,Technology,DE
CLI001171,"Smith, Barnes and Reynolds",Finance,CA
CLI001172,Rollins LLC,Healthcare,CA
CLI001173,Phillips-Gray,Retail,IN
CLI001174,"Davis, Gray and Hebert",Retail,US
CLI001175,Gallagher-Williams,Technology,JP
CLI001176,"Davies, Stout and Smith",Retail,ZA
CLI001177,"Brown, Griffin and Cox",Healthcare,AU
CLI001178,Dunlap PLC,Retail,BR
CLI001179,"May, Noble and Hughes",Consulting,BR
CLI001180,"Serrano, Calderon and Thomas",Retail,CA
CLI001181,Wyatt-Santiago,Healthcare,DE
CLI001182,"Robinson, Jenkins and Shaffer",Retail,IN
CLI001183,Norman Ltd,Retail,BR
CLI001184,"Reynolds, Downs and Lowery",Technology,IN
CLI001185,Davis Ltd,Consulting,BR
CLI001186,"Wright, Robinson and Giles",Retail,FR
CLI001187,Luna Inc,Manufacturing,BR
CLI001188,Thomas-Briggs,Consulting,JP
CLI001189,"Austin, Willis and Hawkins",Technology,IN
CLI001190,"Washington, Hodge and Decker",Consulting,CA
CLI001191,"Potter, Ryan and Benson",Manufacturing,AU
CLI001192,Jennings LLC,Consulting,CA
CLI001193,Mills-Armstrong,Healthcare,UK
CLI001194,Marshall Ltd,Healthcare,JP
CLI001195,Jarvis-Cruz,Technology,DE
CLI001196,"Cole, Martinez and Hamilton",Manufacturing,UK
CLI001197,"Lopez, Rodriguez and Davis",Finance,UK
CLI001198,Case-Shannon,Healthcare,CA
CLI001199,Rivera-Rodriguez,Consulting,BR
CLI001200,Henson-Torres,Manufacturing,JP
CLI001201,Bates and Sons,Manufacturing,ZA
CLI001202,Turner-Reynolds,Consulting,IN
CLI001203,Dalton-White,Manufacturing,FR
CLI001204,Bates-Campbell,Finance,US
CLI001205,Garrett LLC,Healthcare,US
CLI001206,Rivera Ltd,Retail,JP
CLI001207,"Roberts, Lynn and Alvarez",Healthcare,ZA
CLI001208,Massey-Fitzgerald,Retail,US
CLI001209,Wells-Page,Finance,BR
CLI001210,"Garcia, Melton and Oliver",Consulting,UK
CLI001211,Johns Group,Consulting,CA
CLI001212,"Campbell, Russell and Thompson",Healthcare,DE
CLI001213,"Flores, White and Merritt",Manufacturing,CA
CLI001214,"Arnold, Daniel and Zimmerman",Consulting,BR
CLI001215,Anderson-Martinez,Consulting,DE
CLI001216,Murphy LLC,Manufacturing,ZA
CLI001217,Salazar Ltd,Healthcare,ZA
CLI001218,Banks-Benitez,Retail,UK
CLI001219,Cook PLC,Manufacturing,FR
CLI001220,Garcia Inc,Finance,BR
CLI001221,Andrews PLC,Technology,AU
CLI001222,"Mccall, Taylor and Valdez",Healthcare,AU
CLI001223,Hammond Inc,Finance,FR
CLI001224,"Perez, Bennett and Smith",Healthcare,JP
CLI001225,Gonzales and Sons,Finance,FR
CLI001226,Edwards Ltd,Manufacturing,DE
CLI001227,"Greene, Holmes and Lee",Consulting,US
CLI001228,Garcia-Marshall,Technology,UK
CLI001229,"Soto, Allen and Alexander",Finance,ZA
CLI001230,"Riddle, Martin and Armstrong",Retail,BR
CLI001231,Roth-Sanchez,Finance,US
CLI001232,Roberts and Sons,Retail,FR
CLI001233,"Porter, Torres and Wilson",Consulting,JP
CLI001234,"Khan, Hodge and Brown",Technology,UK
CLI001235,Barrett-Wise,Retail,JP
CLI001236,"Jackson, Greene and Tapia",Finance,IN
CLI001237,Stone Group,Finance,BR
CLI001238,Wagner-Owens,Technology,AU
CLI001239,Hickman-Stewart,Healthcare,US
CLI001240,Smith-Reed,Manufacturing,US
CLI001241,Camacho-Davis,Technology,DE
CLI001242,"Hinton, Walker and Montgomery",Consulting,CA
CLI001243,Carter-Brock,Retail,ZA
CLI001244,Martinez-Buckley,Technology,BR
CLI001245,"Wilson, Gray and Nichols",Finance,AU
CLI001246,"Diaz, Weaver and Macdonald",Technology,ZA
CLI001247,Payne LLC,Healthcare,UK
CLI001248,"Villanueva, Robles and Whitaker",Manufacturing,ZA
CLI001249,Stewart-Hill,Technology,BR
CLI001250,Robinson Ltd,Consulting,FR
CLI001251,Taylor PLC,Manufacturing,CA
CLI001252,Williams-Williams,Consulting,IN
CLI001253,"Torres, Simmons and Martin",Retail,US
CLI001254,Allen Group,Retail,BR
CLI001255,"Lucero, Nelson and White",Technology,AU
CLI001256,Yoder PLC,Manufacturing,UK
CLI001257,Allen-Lopez,Finance,ZA
CLI001258,Hardy-Houston,Healthcare,ZA
CLI001259,"Gomez, Stevens and Walker",Retail,US
CLI001260,Becker-Dominguez,Healthcare,AU
CLI001261,Walls PLC,Manufacturing,FR
CLI001262,Carter-Andrade,Technology,IN
CLI001263,David-Fuentes,Consulting,UK
CLI001264,Adams-Robbins,Technology,ZA
CLI001265,Manning and Sons,Finance,CA
CLI001266,Burns Inc,Finance,IN
CLI001267,Ellis Group,Consulting,BR
CLI001268,"Small, Buchanan and Jackson",Consulting,US
CLI001269,Hamilton PLC,Finance,IN
CLI001270,White-Middleton,Finance,BR
CLI001271,Wilson-Wu,Healthcare,IN
CLI001272,Burke Ltd,Technology,FR
CLI001273,Patel LLC,Finance,FR
CLI001274,Smith Group,Finance,ZA
CLI001275,Martin-Caldwell,Technology,US
CLI001276,Peters Ltd,Healthcare,BR
CLI001277,Beck Ltd,Consulting,CA
CLI001278,"Parrish, Hendricks and Adkins",Finance,DE
CLI001279,Harrison Group,Finance,UK
CLI001280,"Ayala, Wilson and Moody",Retail,FR
CLI001281,Watson Group,Finance,US
CLI001282,Brooks-Schmidt,Technology,AU
CLI001283,Baird-Garcia,Finance,JP
CLI001284,Whitaker-Bailey,Technology,DE
CLI001285,Anderson Inc,Finance,UK
CLI001286,Estrada-Wallace,Technology,BR
CLI001287,Torres-Marquez,Retail,IN
CLI001288,Mcgee-Wilkerson,Retail,UK
CLI001289,"Smith, Ward and Banks",Consulting,BR
CLI001290,"Meyer, Smith and Garcia",Healthcare,IN
CLI001291,Rose Inc,Consulting,JP
CLI001292,Nguyen-Sanders,Consulting,JP
CLI001293,"Snow, Griffin and Moore",Manufacturing,JP
CLI001294,"Smith, Kelly and Miller",Healthcare,ZA
CLI001295,"Lin, Hess and Brown",Finance,FR
CLI001296,Gray Ltd,Manufacturing,ZA
CLI001297,Hensley-Parker,Finance,ZA
CLI001298,"Edwards, Church and Johnson",Retail,FR
CLI001299,Patterson-Owens,Manufacturing,IN
CLI001300,Arroyo PLC,Healthcare,FR
CLI001301,Garcia Group,Healthcare,AU
CLI001302,Zimmerman LLC,Finance,ZA
CLI001303,Andersen Inc,Finance,US
CLI001304,Fisher Inc,Healthcare,DE
CLI001305,Jones-Fowler,Manufacturing,DE
CLI001306,Jackson Group,Technology,FR
CLI001307,Castaneda-West,Technology,ZA
CLI001308,Harmon Group,Technology,IN
CLI001309,Meyers Group,Consulting,BR
CLI001310,"Wilson, Adams and Miller",Technology,JP
CLI001311,Moore-Lee,Retail,JP
CLI001312,Hines-Gutierrez,Consulting,DE
CLI001313,Mcknight-Allen,Consulting,ZA
CLI001314,Medina-Joseph,Technology,IN
CLI001315,"Wright, Mullen and Schneider",Finance,JP
CLI001316,Hutchinson-Zuniga,Finance,JP
CLI001317,"Obrien, Durham and Walker",Finance,IN
CLI001318,Stafford PLC,Manufacturing,US
CLI001319,Liu LLC,Manufacturing,ZA
CLI001320,"Miller, Deleon and Schneider",Finance,UK
CLI001321,Gill-Sanchez,Manufacturing,JP
CLI001322,Thompson-Johnson,Healthcare,UK
CLI001323,"Russo, Barnes and Gutierrez",Manufacturing,JP
CLI001324,Pierce PLC,Healthcare,UK
CLI001325,Holmes-Caldwell,Healthcare,CA
CLI001326,Austin-Walsh,Finance,JP
CLI001327,Adams PLC,Technology,IN
CLI001328,Fry LLC,Retail,DE
CLI001329,"Williams, Ochoa and Myers",Finance,BR
CLI001330,"Moses, Olson and Ramos",Consulting,BR
CLI001331,"Hicks, Jennings and Scott",Manufacturing,UK
CLI001332,"Wall, Kim and Mccall",Manufacturing,IN
CLI001333,Valenzuela-Price,Technology,FR
CLI001334,"Sullivan, Garcia and Stanley",Consulting,DE
CLI001335,Hines-Frye,Technology,JP
CLI001336,Villegas-Smith,Retail,AU
CLI001337,Johnson-Gray,Consulting,IN
CLI001338,"Dominguez, Smith and Bennett",Healthcare,CA
CLI001339,Perkins-Morris,Technology,US
CLI001340,"Briggs, Johnson and Quinn",Technology,US
CLI001341,Vasquez-Gray,Consulting,US
CLI001342,Lucero PLC,Technology,US
CLI001343,"Smith, Ford and Miranda",Finance,AU
CLI001344,Garcia Group,Technology,ZA
CLI001345,"Anderson, Clark and Johnson",Consulting,UK
CLI001346,Yang Inc,Retail,BR
CLI001347,Mills PLC,Retail,UK
CLI001348,"Solis, Garcia and Ray",Consulting,JP
CLI001349,Payne-Crawford,Technology,AU
CLI001350,Cervantes-Mcdonald,Technology,ZA
CLI001351,"Young, Young and Petersen",Healthcare,IN
CLI001352,Jones PLC,Retail,AU
CLI001353,"Andrews, Schwartz and Campbell",Manufacturing,UK
CLI001354,Campbell-Campos,Healthcare,CA
CLI001355,"Quinn, Hughes and Bell",Finance,CA
CLI001356,Miller-Weber,Manufacturing,UK
CLI001357,Waters-Brown,Manufacturing,IN
CLI001358,Nolan-Rogers,Manufacturing,ZA
CLI001359,"Gallagher, Adams and Clark",Healthcare,FR
CLI001360,"Bullock, Alexander and Day",Manufacturing,FR
CLI001361,"Diaz, Phillips and Reese",Finance,UK
CLI001362,"Alvarado, Collier and Lopez",Healthcare,IN
CLI001363,Jensen-Parker,Manufacturing,JP
CLI001364,Greene and Sons,Healthcare,US
CLI001365,Wallace and Sons,Retail,DE
CLI001366,Woodward LLC,Manufacturing,US
CLI001367,Ho LLC,Retail,DE
CLI001368,Barnett-Glenn,Technology,US
CLI001369,Martinez Inc,Technology,ZA
CLI001370,Woods-Nixon,Consulting,US
CLI001371,Lee-Terry,Finance,CA
CLI001372,Fernandez Inc,Healthcare,DE
CLI001373,Spears-Welch,Technology,AU
CLI001374,Gibbs Inc,Consulting,AU
CLI001375,Foley-Chen,Healthcare,JP
CLI001376,King-Robinson,Finance,JP
CLI001377,Watson Group,Retail,DE
CLI001378,"Potter, Kirk and Fitzpatrick",Technology,ZA
CLI001379,Richards LLC,Retail,BR
CLI001380,Martinez Ltd,Healthcare,IN
CLI001381,Schwartz PLC,Finance,JP
CLI001382,Kennedy PLC,Healthcare,AU
CLI001383,"Hutchinson, Miles and Taylor",Healthcare,US
CLI001384,Hill LLC,Finance,CA
CLI001385,"Perez, Welch and Cummings",Retail,ZA
CLI001386,Wilson PLC,Manufacturing,US
CLI001387,"Weaver, Graham and Anderson",Consulting,US
CLI001388,Powell-Gray,Technology,FR
CLI001389,Haley-Olson,Finance,DE
CLI001390,Martinez-Johnson,Retail,BR
CLI001391,Phelps Inc,Manufacturing,ZA
CLI001392,Wolf LLC,Retail,JP
CLI001393,"Sanders, Salazar and Roth",Healthcare,ZA
CLI001394,Rowe Ltd,Manufacturing,US
CLI001395,Robertson Ltd,Finance,JP
CLI001396,Larson-Jackson,Technology,IN
CLI001397,"Cervantes, Hart and Bass",Healthcare,US
CLI001398,Sherman-Odom,Technology,US
CLI001399,Andrade-Holden,Healthcare,DE
CLI001400,Mills LLC,Technology,JP
CLI001401,"Robinson, Copeland and Saunders",Manufacturing,JP
CLI001402,Rivera-Vang,Healthcare,US
CLI001403,Cunningham-Hernandez,Consulting,CA
CLI001404,"Wilson, Briggs and Acosta",Manufacturing,IN
CLI001405,Graham and Sons,Retail,FR
CLI001406,Ferguson-Morgan,Manufacturing,BR
CLI001407,Ramirez Group,Retail,BR
CLI001408,Beard Ltd,Manufacturing,BR
CLI001409,Martinez-Sullivan,Retail,UK
CLI001410,"Bailey, Grimes and Lester",Finance,CA
CLI001411,Washington-Black,Consulting,IN
CLI001412,Peck-Hudson,Finance,UK
CLI001413,White-Ramos,Manufacturing,DE
CLI001414,"Sanford, Martin and White",Consulting,CA
CLI001415,Lowe PLC,Manufacturing,IN
CLI001416,Campbell and Sons,Consulting,ZA
CLI001417,"Howard, Martin and Rich",Retail,CA
CLI001418,"Garza, Miller and Obrien",Finance,CA
CLI001419,Bates-Clayton,Finance,US
CLI001420,Conley-Waters,Consulting,DE
CLI001421,"Rivera, Anderson and Walton",Healthcare,IN
CLI001422,Jenkins Inc,Retail,JP
CLI001423,Rodriguez PLC,Technology,BR
CLI001424,Lopez-Reed,Healthcare,CA
CLI001425,Klein-Wilson,Retail,UK
CLI001426,Morris Group,Retail,US
CLI001427,Lopez Ltd,Consulting,CA
CLI001428,Bentley and Sons,Finance,DE
CLI001429,"Morris, Fernandez and Norman",Healthcare,AU
CLI001430,Ali-Turner,Technology,CA
CLI001431,Diaz-Mitchell,Retail,IN
CLI001432,Hanson LLC,Consulting,BR
CLI001433,Young-Jimenez,Healthcare,AU
CLI001434,"Martin, Hines and York",Consulting,JP
CLI001435,Osborn-Walters,Healthcare,IN
CLI001436,Carter-Cole,Consulting,BR
CLI001437,Garner LLC,Consulting,US
CLI001438,Duncan Inc,Retail,UK
CLI001439,"Brown, Hughes and Kent",Healthcare,DE
CLI001440,Lee Ltd,Healthcare,DE
CLI001441,Moore-Brown,Manufacturing,CA
CLI001442,"Price, Stevens and Huber",Manufacturing,ZA
CLI001443,Smith-Sandoval,Technology,JP
CLI001444,Wilson-Turner,Consulting,BR
CLI001445,"Ellis, Weaver and Brooks",Healthcare,UK
CLI001446,"Davis, Elliott and Suarez",Manufacturing,BR
CLI001447,Woods-Elliott,Manufacturing,JP
CLI001448,Bennett and Sons,Healthcare,IN
CLI001449,"Davis, Kennedy and Lucas",Consulting,AU
CLI001450,"Richards, Hamilton and Price",Retail,IN
CLI001451,Chung-Anderson,Consulting,ZA
CLI001452,Davenport-Murphy,Consulting,US
CLI001453,"Martin, Best and Knight",Technology,AU
CLI001454,Sanchez-Davis,Consulting,CA
CLI001455,Douglas Ltd,Healthcare,US
CLI001456,Walker Ltd,Finance,BR
CLI001457,Thompson-Hodges,Finance,BR
CLI001458,Rivas-Sanders,Finance,AU
CLI001459,Johnson-Glass,Healthcare,JP
CLI001460,Brown-Lee,Healthcare,ZA
CLI001461,Smith-Evans,Retail,UK
CLI001462,Ramirez Group,Finance,BR
CLI001463,Gonzalez-Lopez,Technology,UK
CLI001464,Arnold PLC,Consulting,UK
CLI001465,"Ford, Anderson and Collins",Retail,ZA
CLI001466,Howard and Sons,Retail,JP
CLI001467,Green LLC,Manufacturing,UK
CLI001468,"Taylor, Davis and Clay",Manufacturing,US
CLI001469,Johnson-Mcbride,Finance,BR
CLI001470,Glenn Group,Technology,ZA
CLI001471,"Jones, Baldwin and Hunter",Retail,BR
CLI001472,"Young, Hopkins and Wilson",Finance,BR
CLI001473,Meadows Group,Consulting,DE
CLI001474,"Stanley, Moore and Cox",Finance,AU
CLI001475,Barrett-White,Retail,US
CLI001476,"Hansen, Cortez and Clark",Consulting,US
CLI001477,"Horn, Mclean and Mendez",Technology,UK
CLI001478,"Carey, Oliver and Vargas",Manufacturing,ZA
CLI001479,Vasquez Ltd,Healthcare,FR
CLI001480,"Woods, Burch and Kennedy",Technology,DE
CLI001481,Shields-Bridges,Manufacturing,FR
CLI001482,Park PLC,Manufacturing,DE
CLI001483,Russell and Sons,Technology,JP
CLI001484,Murphy-Harris,Finance,US
CLI001485,Richards and Sons,Technology,BR
CLI001486,Trujillo-Wright,Manufacturing,US
CLI001487,Watson PLC,Healthcare,UK
CLI001488,Weaver Group,Technology,DE
CLI001489,Caldwell Group,Finance,JP
CLI001490,Parker-Ford,Manufacturing,ZA
CLI001491,"Bowers, Carpenter and Knight",Finance,US
CLI001492,"Novak, Cox and Marshall",Healthcare,DE
CLI001493,Bell Ltd,Consulting,FR
CLI001494,Stewart-Taylor,Healthcare,FR
CLI001495,Nelson Ltd,Manufacturing,CA
CLI001496,Walker-Nelson,Consulting,UK
CLI001497,Ayers-Gonzalez,Technology,DE
CLI001498,Ho-Romero,Consulting,ZA
CLI001499,"Garza, Anderson and Shelton",Retail,BR
CLI001500,Smith and Sons,Manufacturing,AU
CLI001501,"Walker, Klein and Flores",Finance,AU
CLI001502,Mosley-Mcdonald,Technology,US
CLI001503,Quinn PLC,Manufacturing,CA
CLI001504,Austin and Sons,Technology,UK
CLI001505,"Mccormick, Meyers and Bridges",Consulting,JP
CLI001506,"Tate, Clark and Cooper",Healthcare,ZA
CLI001507,Thompson-Jimenez,Manufacturing,UK
CLI001508,"Miller, Graham and Schultz",Finance,CA
CLI001509,Kirk Ltd,Retail,BR
CLI001510,Morgan-Sawyer,Retail,JP
CLI001511,Ortega-Hicks,Technology,AU
CLI001512,"Medina, Thompson and Callahan",Finance,ZA
CLI001513,Sherman-Young,Finance,DE
CLI001514,"Cross, Lawson and Bray",Consulting,IN
CLI001515,Carter Group,Finance,IN
CLI001516,Mendoza-Smith,Manufacturing,ZA
CLI001517,Patrick Inc,Finance,JP
CLI001518,"French, Ramos and Trujillo",Finance,UK
CLI001519,Stephens-Hoffman,Healthcare,FR
CLI001520,"Ayala, Hall and Thompson",Healthcare,AU
CLI001521,Johnson-Williams,Technology,DE
CLI001522,"King, Gonzalez and Boyd",Healthcare,UK
CLI001523,Cook-Melton,Consulting,US
CLI001524,Adams-Barber,Finance,CA
CLI001525,Jensen LLC,Manufacturing,JP
CLI001526,"Torres, Krause and Schroeder",Consulting,DE
CLI001527,Weiss-Smith,Healthcare,US
CLI001528,"Watson, Cervantes and Wilson",Healthcare,US
CLI001529,"Ray, White and Colon",Retail,BR
CLI001530,Jackson-Hampton,Retail,DE
CLI001531,Bradford Ltd,Consulting,DE
CLI001532,"Baker, Perez and Cruz",Manufacturing,US
CLI001533,"Gray, Duffy and Jenkins",Technology,UK
CLI001534,Fernandez-Gilbert,Retail,IN
CLI001535,Lawrence-Rivers,Technology,US
CLI001536,"Boyd, Smith and Scott",Technology,BR
CLI001537,Lin-Mendez,Finance,JP
CLI001538,"Mathis, Perry and Williams",Retail,AU
CLI001539,Simpson-Munoz,Manufacturing,DE
CLI001540,White Group,Technology,UK
CLI001541,"Allen, Lawrence and Williams",Finance,DE
CLI001542,Bell Group,Technology,FR
CLI001543,"Camacho, Butler and Ingram",Consulting,AU
CLI001544,Fischer-Hall,Technology,BR
CLI001545,"Walker, Brown and Miller",Finance,IN
CLI001546,Phillips and Sons,Healthcare,CA
CLI001547,Mckee and Sons,Technology,AU
CLI001548,"Robertson, Bennett and Evans",Manufacturing,DE
CLI001549,Dean-Ramirez,Finance,JP
CLI001550,"Johnson, Martinez and Gomez",Manufacturing,DE
CLI001551,Thompson-Brown,Retail,UK
CLI001552,"Flowers, Castaneda and Wheeler",Retail,FR
CLI001553,Cox-Morales,Consulting,JP
CLI001554,"Hayes, Nelson and Baker",Manufacturing,IN
CLI001555,Miller-Jacobs,Manufacturing,BR
CLI001556,Montgomery-Brown,Healthcare,CA
CLI001557,Knight-Fisher,Technology,US
CLI001558,"Riggs, Chambers and Pope",Healthcare,BR
CLI001559,Adams Ltd,Technology,JP
CLI001560,Stewart Inc,Retail,JP
CLI001561,"Parker, Estrada and Harvey",Healthcare,BR
CLI001562,"Jenkins, Mckinney and Taylor",Finance,CA
CLI001563,"Walker, Perkins and Conrad",Consulting,FR
CLI001564,Banks-Graham,Consulting,JP
CLI001565,Underwood-Campbell,Finance,JP
CLI001566,"Young, Farrell and Newton",Technology,DE
CLI001567,"Bean, Baker and Smith",Finance,BR
CLI001568,Mathews-Hammond,Manufacturing,AU
CLI001569,Oconnor-Wagner,Technology,UK
CLI001570,Hanna-Sanchez,Consulting,UK
CLI001571,Morales Group,Retail,AU
CLI001572,Vargas-Gordon,Manufacturing,US
CLI001573,Mcguire-George,Manufacturing,US
CLI001574,Mann Inc,Manufacturing,AU
CLI001575,Fowler LLC,Consulting,ZA
CLI001576,"Dean, Salinas and Reed",Healthcare,UK
CLI001577,Allen-Evans,Manufacturing,CA
CLI001578,"Carlson, Murphy and Pollard",Technology,IN
CLI001579,Chandler-Johns,Healthcare,FR
CLI001580,Jimenez-Zimmerman,Finance,ZA
CLI001581,Scott Ltd,Manufacturing,DE
CLI001582,Sullivan-Chaney,Manufacturing,ZA
CLI001583,Walker-Castro,Manufacturing,DE
CLI001584,Watson LLC,Retail,ZA
CLI001585,Thomas Ltd,Manufacturing,CA
CLI001586,Simpson and Sons,Manufacturing,ZA
CLI001587,Jones LLC,Technology,FR
CLI001588,Ramos-Baker,Healthcare,JP
CLI001589,Grimes-Murray,Manufacturing,IN
CLI001590,Turner Ltd,Manufacturing,AU
CLI001591,Rivera-Price,Consulting,DE
CLI001592,Berry Inc,Finance,ZA
CLI001593,Griffin-Horton,Healthcare,IN
CLI001594,"Black, Strong and Sparks",Technology,ZA
CLI001595,Johnson-Harris,Technology,CA
CLI001596,"Stephenson, Murray and White",Healthcare,JP
CLI001597,Johnson-Kim,Manufacturing,ZA
CLI001598,"Lopez, Anderson and Fitzgerald",Finance,BR
CLI001599,Schwartz-Oliver,Technology,BR
CLI001600,"Campbell, Smith and Maldonado",Finance,IN
CLI001601,Fisher-Price,Finance,CA
CLI001602,"Lamb, Fisher and Alvarez",Retail,DE
CLI001603,Barnett-Thomas,Manufacturing,ZA
CLI001604,Cooley-Miller,Retail,US
CLI001605,Castaneda LLC,Consulting,ZA
CLI001606,Harris-Giles,Manufacturing,US
CLI001607,"Rivera, Wright and Johnson",Finance,FR
CLI001608,"Stanley, Jennings and Miller",Consulting,DE
CLI001609,"Moore, Eaton and Campbell",Retail,UK
CLI001610,Graves-Tyler,Technology,DE
CLI001611,Hancock PLC,Finance,FR
CLI001612,Adams-Romero,Healthcare,BR
CLI001613,"Levy, Martin and Miller",Consulting,JP
CLI001614,"Wheeler, Thompson and Conner",Manufacturing,BR
CLI001615,Hernandez-Barrett,Finance,ZA
CLI001616,Fowler Inc,Consulting,AU
CLI001617,Salinas Inc,Healthcare,ZA
CLI001618,Mcdonald-Morrison,Manufacturing,BR
CLI001619,Weaver LLC,Consulting,IN
CLI001620,Weeks and Sons,Technology,JP
CLI001621,Reed-Morris,Technology,CA
CLI001622,"Johnson, Nichols and Frye",Retail,AU
CLI001623,"Rice, Coleman and Hess",Finance,UK
CLI001624,Olson Inc,Manufacturing,ZA
CLI001625,"Williams, Kramer and Tran",Healthcare,DE
CLI001626,Alvarez-Simmons,Manufacturing,US
CLI001627,Wallace-Green,Retail,IN
CLI001628,"Butler, Nolan and Gonzalez",Healthcare,ZA
CLI001629,Collins-Boyd,Consulting,JP
CLI001630,Andrews-Sawyer,Retail,IN
CLI001631,"Johnson, Lee and Lewis",Technology,CA
CLI001632,"Schmidt, Floyd and Henry",Retail,JP
CLI001633,Mckenzie Group,Retail,ZA
CLI001634,Williams-Bell,Retail,AU
CLI001635,"Anderson, Williams and Gentry",Finance,UK
CLI001636,Harper LLC,Manufacturing,US
CLI001637,Cherry Group,Retail,FR
CLI001638,Perez LLC,Consulting,UK
CLI001639,"Stevens, Martin and Gardner",Finance,IN
CLI001640,"Beck, Carter and Schroeder",Healthcare,JP
CLI001641,Weaver-Johnson,Healthcare,ZA
CLI001642,Barnett LLC,Healthcare,UK
CLI001643,"Caldwell, Hunter and Wright",Healthcare,BR
CLI001644,Johnson-Williams,Manufacturing,DE
CLI001645,"Taylor, Porter and Kerr",Finance,IN
CLI001646,"Kennedy, Moss and Griffin",Healthcare,ZA
CLI001647,"Huff, Edwards and Wagner",Healthcare,JP
CLI001648,Pierce Ltd,Technology,US
CLI001649,"Hill, Hunter and Kelly",Retail,IN
CLI001650,"Garcia, Mcbride and Mason",Technology,BR
CLI001651,Frost-Walton,Consulting,US
CLI001652,Jenkins Group,Retail,JP
CLI001653,Sanders-Church,Retail,ZA
CLI001654,Ramirez-Manning,Technology,DE
CLI001655,"Wilcox, Moreno and Cruz",Technology,US
CLI001656,"Burnett, Tran and Holloway",Manufacturing,DE
CLI001657,"Mendoza, Stokes and Davis",Technology,BR
CLI001658,Miller PLC,Consulting,UK
CLI001659,"Simon, Smith and Warner",Manufacturing,BR
CLI001660,"Houston, Parsons and Schwartz",Technology,AU
CLI001661,Friedman-Ortiz,Technology,US
CLI001662,Brown-Crawford,Manufacturing,DE
CLI001663,"Evans, Hubbard and Jimenez",Manufacturing,US
CLI001664,Hughes LLC,Technology,CA
CLI001665,Parks-Benton,Consulting,CA
CLI001666,Hartman-Curtis,Technology,ZA
CLI001667,Meyer Inc,Technology,AU
CLI001668,"Simon, Barajas and White",Retail,FR
CLI001669,Long-Grant,Consulting,IN
CLI001670,"Acosta, Crawford and Quinn",Finance,JP
CLI001671,Allen-Curry,Retail,ZA
CLI001672,Burke Ltd,Consulting,DE
CLI001673,"Jimenez, Austin and Lucas",Technology,IN
CLI001674,Dorsey-Mcdonald,Finance,AU
CLI001675,Wilkerson Group,Healthcare,CA
CLI001676,"Moody, Black and Roberts",Retail,US
CLI001677,Howard and Sons,Retail,FR
CLI001678,Clark-Cruz,Healthcare,ZA
CLI001679,"Buck, Williams and White",Finance,DE
CLI001680,Hughes-Brock,Consulting,US
CLI001681,"Lewis, Peck and White",Finance,FR
CLI001682,"Pierce, Combs and Martin",Retail,DE
CLI001683,Smith-Aguilar,Manufacturing,IN
CLI001684,"Payne, Wood and Kline",Healthcare,IN
CLI001685,Duarte Inc,Manufacturing,US
CLI001686,"Jensen, Gray and Freeman",Consulting,UK
CLI001687,Kennedy Group,Consulting,FR
CLI001688,Turner-Miller,Retail,FR
CLI001689,"White, Holland and Martinez",Finance,US
CLI001690,"Shea, Jimenez and Mendez",Consulting,ZA
CLI001691,Townsend-Aguilar,Technology,ZA
CLI001692,Rodriguez-Guzman,Technology,CA
CLI001693,Murphy LLC,Manufacturing,DE
CLI001694,White-Davis,Healthcare,JP
CLI001695,Franklin-Pruitt,Finance,UK
CLI001696,Higgins-Johnson,Finance,BR
CLI001697,"Green, Pena and Hernandez",Finance,FR
CLI001698,Richardson-Burnett,Finance,UK
CLI001699,"Carter, Barber and Schroeder",Healthcare,AU
CLI001700,Shepherd-Garcia,Finance,IN
CLI001701,Williams-Jenkins,Retail,AU
CLI001702,"Cunningham, Curry and Miller",Retail,UK
CLI001703,Garrison Group,Technology,JP
CLI001704,Evans Ltd,Technology,FR
CLI001705,Dodson-Bennett,Finance,BR
CLI001706,Hutchinson PLC,Technology,UK
CLI001707,George and Sons,Finance,ZA
CLI001708,Gray-Miller,Retail,US
CLI001709,Stewart-Neal,Finance,UK
CLI001710,Miller and Sons,Finance,DE
CLI001711,"Cook, Hampton and Jennings",Consulting,JP
CLI001712,Cervantes and Sons,Finance,AU
CLI001713,"Gibson, Grant and Brown",Retail,FR
CLI001714,Bryant PLC,Manufacturing,JP
CLI001715,"Smith, Davis and Dennis",Retail,AU
CLI001716,Rivers-Diaz,Finance,UK
CLI001717,Francis-Lucas,Retail,BR
CLI001718,Medina-Johnson,Consulting,UK
CLI001719,Williams-Gonzalez,Healthcare,JP
CLI001720,Johnson-Myers,Healthcare,CA
CLI001721,"Valenzuela, Brandt and Mitchell",Technology,ZA
CLI001722,Jones LLC,Manufacturing,IN
CLI001723,Melendez-Blair,Technology,AU
CLI001724,Hayes and Sons,Retail,IN
CLI001725,Myers LLC,Manufacturing,CA
CLI001726,Nguyen-Steele,Technology,US
CLI001727,Tran-Morris,Healthcare,DE
CLI001728,"Wiley, Jones and Rhodes",Technology,CA
CLI001729,"Shaw, Martin and Carpenter",Retail,BR
CLI001730,Ramirez Ltd,Consulting,BR
CLI001731,Combs-Green,Technology,CA
CLI001732,"Parks, Zimmerman and Hudson",Retail,DE
CLI001733,"Gonzalez, Norman and Hunt",Technology,JP
CLI001734,Morrow LLC,Retail,IN
CLI001735,Larson Inc,Consulting,FR
CLI001736,Collins LLC,Finance,JP
CLI001737,Donovan Inc,Technology,IN
CLI001738,"Ashley, Rivera and Watson",Finance,US
CLI001739,Gay Inc,Retail,UK
CLI001740,Hill Inc,Manufacturing,ZA
CLI001741,Oliver-Smith,Technology,IN
CLI001742,Simmons-Jones,Healthcare,BR
CLI001743,Boone LLC,Retail,JP
CLI001744,Hill-Price,Manufacturing,IN
CLI001745,Richardson PLC,Healthcare,JP
CLI001746,Pena Inc,Consulting,FR
CLI001747,"Perez, Bates and Wright",Retail,ZA
CLI001748,Moore-Gutierrez,Retail,BR
CLI001749,"Hernandez, Lopez and Lewis",Manufacturing,BR
CLI001750,Morton-Wood,Technology,BR
CLI001751,Martin Ltd,Finance,JP
CLI001752,Smith Inc,Consulting,JP
CLI001753,Yu LLC,Retail,AU
CLI001754,"Moore, Avery and Williamson",Healthcare,US
CLI001755,Reeves LLC,Manufacturing,BR
CLI001756,"Owen, Torres and Palmer",Consulting,FR
CLI001757,Roberts-Berger,Retail,US
CLI001758,Benitez-Mathews,Manufacturing,ZA
CLI001759,Long Group,Retail,DE
CLI001760,"Velasquez, Booker and Petersen",Retail,UK
CLI001761,"Murphy, Holland and Lee",Consulting,FR
CLI001762,Wang LLC,Retail,US
CLI001763,Hayden-George,Finance,FR
CLI001764,Walker Ltd,Manufacturing,DE
CLI001765,Potter-Miller,Technology,IN
CLI001766,Norris PLC,Technology,AU
CLI001767,Patterson-Schmitt,Manufacturing,DE
CLI001768,"Harris, Hernandez and Cox",Technology,IN
CLI001769,"Chavez, Wolf and Wilson",Finance,IN
CLI001770,Cole-Diaz,Consulting,BR
CLI001771,Dixon Inc,Healthcare,AU
CLI001772,"Montgomery, Bradshaw and Montgomery",Technology,IN
CLI001773,Rogers Group,Consulting,DE
CLI001774,Mcneil-Prince,Technology,AU
CLI001775,Hall-Ho,Manufacturing,AU
CLI001776,"Davidson, Lewis and Mcintosh",Technology,FR
CLI001777,Jones-Hughes,Retail,CA
CLI001778,Banks-Howell,Finance,ZA
CLI001779,Boyd-Lopez,Manufacturing,UK
CLI001780,Scott-Long,Technology,IN
CLI001781,Graham Ltd,Finance,ZA
CLI001782,Wilkinson-Barnett,Manufacturing,AU
CLI001783,Ramirez Ltd,Retail,DE
CLI001784,"Davila, Turner and Fischer",Technology,ZA
CLI001785,Johnson-Kelley,Manufacturing,JP
CLI001786,"Jacobs, Little and Lambert",Consulting,JP
CLI001787,"Martin, Morris and Morales",Finance,CA
CLI001788,Anderson LLC,Manufacturing,DE
CLI001789,Summers-Guzman,Manufacturing,ZA
CLI001790,"Hall, Gonzalez and Guerrero",Manufacturing,CA
CLI001791,Jackson-Moore,Finance,US
CLI001792,"White, Andersen and Lopez",Technology,IN
CLI001793,Maxwell-Williams,Technology,AU
CLI001794,Garcia-Richardson,Consulting,ZA
CLI001795,Dyer-Copeland,Consulting,BR
CLI001796,Davis LLC,Retail,JP
CLI001797,"Davis, Wilson and Solomon",Consulting,ZA
CLI001798,"Lucero, Martin and Murphy",Manufacturing,CA
CLI001799,Hunter Inc,Consulting,CA
CLI001800,"Orr, Sanchez and Cross",Healthcare,IN
CLI001801,Dixon-Young,Healthcare,ZA
CLI001802,Bailey and Sons,Manufacturing,ZA
CLI001803,Taylor Inc,Consulting,JP
CLI001804,"Martinez, Martin and Carter",Consulting,UK
CLI001805,Barber LLC,Healthcare,UK
CLI001806,"Holden, Bowen and Anderson",Retail,AU
CLI001807,"Lindsey, Freeman and Terrell",Manufacturing,JP
CLI001808,Green-Underwood,Technology,FR
CLI001809,Luna and Sons,Technology,FR
CLI001810,Benson-Smith,Finance,AU
CLI001811,"Gordon, Winters and May",Manufacturing,BR
CLI001812,Garcia-Rowe,Retail,DE
CLI001813,Williams LLC,Retail,DE
CLI001814,Booth-Hall,Manufacturing,BR
CLI001815,Williams-Lopez,Technology,IN
CLI001816,Holmes Group,Retail,ZA
CLI001817,Barron Inc,Retail,CA
CLI001818,Newman Ltd,Manufacturing,UK
CLI001819,"Roth, Beck and Townsend",Consulting,UK
CLI001820,Davis and Sons,Retail,FR
CLI001821,Pierce-Browning,Manufacturing,ZA
CLI001822,Mcbride Ltd,Retail,FR
CLI001823,"Molina, Torres and Robinson",Finance,JP
CLI001824,Johnson and Sons,Manufacturing,ZA
CLI001825,Coleman-Zavala,Manufacturing,DE
CLI001826,Bowen-Burns,Consulting,FR
CLI001827,Martin-Mclaughlin,Finance,IN
CLI001828,Brown PLC,Manufacturing,AU
CLI001829,Cohen-Collins,Finance,ZA
CLI001830,"Flores, Ramirez and Bauer",Consulting,FR
CLI001831,Bird Group,Consulting,US
CLI001832,Jensen LLC,Healthcare,JP
CLI001833,Adams PLC,Technology,JP
CLI001834,Jackson-Decker,Consulting,DE
CLI001835,Morris-Brown,Consulting,IN
CLI001836,Smith LLC,Healthcare,BR
CLI001837,Miller-Sanchez,Consulting,US
CLI001838,Ford-Smith,Technology,CA
CLI001839,Hawkins-Graves,Retail,AU
CLI001840,"Peters, Spears and Hunt",Consulting,DE
CLI001841,"Horton, Scott and Andrews",Healthcare,ZA
CLI001842,Shelton-Dyer,Manufacturing,FR
CLI001843,Jordan PLC,Technology,US
CLI001844,"Montes, Lopez and Garrison",Finance,UK
CLI001845,"Cruz, Hernandez and Soto",Manufacturing,CA
CLI001846,Jones-Melendez,Consulting,IN
CLI001847,Sanchez-Singh,Healthcare,AU
CLI001848,Cook-Hebert,Healthcare,CA
CLI001849,Garcia Inc,Manufacturing,IN
CLI001850,"Graham, Barajas and Lee",Retail,DE
CLI001851,Perez Group,Retail,ZA
CLI001852,Mason-Richardson,Finance,BR
CLI001853,Castaneda Inc,Manufacturing,AU
CLI001854,"Porter, Allen and Hayden",Finance,CA
CLI001855,Orr-Cooper,Consulting,BR
CLI001856,"Mckenzie, Wilson and Summers",Consulting,IN
CLI001857,Wood-Cohen,Consulting,JP
CLI001858,"Hudson, Martinez and Anderson",Healthcare,ZA
CLI001859,"Perez, Colon and Garcia",Finance,DE
CLI001860,"Koch, Lewis and Burch",Manufacturing,BR
CLI001861,Galvan Group,Technology,ZA
CLI001862,Gonzales Inc,Retail,AU
CLI001863,Martinez-Quinn,Healthcare,IN
CLI001864,Thomas Ltd,Consulting,UK
CLI001865,Maxwell-Martinez,Finance,AU
CLI001866,"Cook, Rivers and Chapman",Healthcare,JP
CLI001867,"Evans, James and Combs",Finance,FR
CLI001868,"Mcfarland, Ortiz and Jackson",Retail,AU
CLI001869,Ellis Ltd,Manufacturing,IN
CLI001870,Schultz Group,Retail,IN
CLI001871,Woods Inc,Finance,ZA
CLI001872,"Ruiz, Griffin and Copeland",Healthcare,BR
CLI001873,Hernandez-Bennett,Manufacturing,JP
CLI001874,Moreno LLC,Technology,AU
CLI001875,"Schmidt, Davis and Nichols",Manufacturing,BR
CLI001876,Wilson-Watson,Manufacturing,UK
CLI001877,Gonzalez-Walker,Healthcare,DE
CLI001878,"Frost, Stuart and Gross",Technology,AU
CLI001879,Stephens PLC,Manufacturing,FR
CLI001880,Singleton-Duffy,Retail,CA
CLI001881,Smith-Frazier,Healthcare,JP
CLI001882,"Hamilton, Thomas and Beard",Manufacturing,US
CLI001883,Zamora-Blevins,Retail,AU
CLI001884,"Rich, Bell and Harris",Healthcare,CA
CLI001885,"Fernandez, Johnson and Murray",Technology,BR
CLI001886,Huffman Inc,Healthcare,BR
CLI001887,Holland-Perez,Technology,ZA
CLI001888,"Moore, Lyons and Gray",Manufacturing,JP
CLI001889,Jimenez-Webster,Technology,UK
CLI001890,Mcdonald-Leblanc,Manufacturing,FR
CLI001891,"Miller, Caldwell and Hoffman",Finance,FR
CLI001892,Simmons-Beard,Finance,US
CLI001893,"Rodriguez, Olsen and Hanna",Consulting,JP
CLI001894,Bell-Parker,Manufacturing,AU
CLI001895,Doyle-Lewis,Healthcare,BR
CLI001896,Garza-Mcdaniel,Technology,US
CLI001897,Taylor Inc,Finance,AU
CLI001898,Moore-Lee,Healthcare,DE
CLI001899,Williams LLC,Healthcare,UK
CLI001900,Schaefer Group,Retail,CA
CLI001901,Higgins PLC,Healthcare,UK
CLI001902,Todd-Wilson,Finance,AU
CLI001903,"Herrera, Campbell and Sanders",Finance,UK
CLI001904,"Diaz, Parks and Johnson",Healthcare,IN
CLI001905,Day and Sons,Finance,ZA
CLI001906,"Blanchard, Perkins and Torres",Retail,DE
CLI001907,Little-Russell,Technology,JP
CLI001908,Diaz and Sons,Retail,BR
CLI001909,"Martin, Moon and Garrison",Healthcare,FR
CLI001910,"Chen, Love and Lopez",Technology,US
CLI001911,Wood-Martin,Healthcare,ZA
CLI001912,"Joyce, Chandler and Parker",Consulting,IN
CLI001913,Black LLC,Healthcare,UK
CLI001914,Gentry-Quinn,Technology,UK
CLI001915,Brown PLC,Finance,AU
CLI001916,Walsh Ltd,Retail,FR
CLI001917,"Holland, Ayala and Kelly",Manufacturing,ZA
CLI001918,"Beltran, Evans and Cox",Consulting,UK
CLI001919,Hernandez Inc,Manufacturing,ZA
CLI001920,Coleman Group,Manufacturing,FR
CLI001921,"Ward, Cooper and Vasquez",Manufacturing,US
CLI001922,Mercer Inc,Retail,IN
CLI001923,Torres LLC,Healthcare,US
CLI001924,Palmer Ltd,Finance,AU
CLI001925,May Ltd,Manufacturing,BR
CLI001926,Brown-Serrano,Manufacturing,JP
CLI001927,Rodriguez-Huff,Retail,AU
CLI001928,Williams-Mcmillan,Finance,IN
CLI001929,"Walker, Harris and Brown",Manufacturing,AU
CLI001930,Pena-Turner,Retail,DE
CLI001931,Kim Inc,Healthcare,US
CLI001932,Rodriguez-West,Manufacturing,ZA
CLI001933,Merritt-Fernandez,Retail,DE
CLI001934,Rose LLC,Retail,JP
CLI001935,"Harris, Adams and Miller",Healthcare,CA
CLI001936,Scott Group,Finance,IN
CLI001937,Bailey-Williamson,Consulting,FR
CLI001938,"Martinez, Moore and Miller",Manufacturing,AU
CLI001939,West PLC,Consulting,AU
CLI001940,"Martin, Casey and Silva",Manufacturing,CA
CLI001941,Ramirez-Lindsey,Consulting,AU
CLI001942,Reed Ltd,Retail,ZA
CLI001943,Davis Inc,Healthcare,AU
CLI001944,"Robinson, Harris and Miller",Healthcare,ZA
CLI001945,Davis Inc,Manufacturing,IN
CLI001946,Sweeney Inc,Healthcare,IN
CLI001947,"Cox, Miles and Johnson",Technology,ZA
CLI001948,"Contreras, Morris and Graham",Consulting,UK
CLI001949,"Harris, Smith and Massey",Healthcare,DE
CLI001950,"Torres, Smith and Perry",Finance,US
CLI001951,"Sullivan, Salinas and Owens",Technology,US
CLI001952,Bradford-Nash,Finance,US
CLI001953,"Fowler, Madden and Jones",Healthcare,CA
CLI001954,"Cook, Vaughan and Daniels",Manufacturing,BR
CLI001955,Wilcox and Sons,Technology,BR
CLI001956,"Palmer, Cabrera and Gordon",Finance,BR
CLI001957,"Zuniga, Hernandez and Bridges",Healthcare,UK
CLI001958,Ponce LLC,Technology,AU
CLI001959,"Smith, Hanna and Parker",Technology,BR
CLI001960,Clarke-Park,Healthcare,AU
CLI001961,Trujillo-Lopez,Technology,FR
CLI001962,"Tucker, Allen and Smith",Finance,JP
CLI001963,"Jones, Blackwell and Perry",Manufacturing,DE
CLI001964,Carter Group,Consulting,IN
CLI001965,Warner-Fox,Healthcare,UK
CLI001966,"Michael, Ward and Johnson",Healthcare,CA
CLI001967,"Martin, Garcia and Hicks",Manufacturing,JP
CLI001968,Watts Inc,Retail,ZA
CLI001969,Edwards LLC,Manufacturing,DE
CLI001970,Anderson-Grant,Consulting,ZA
CLI001971,Acosta and Sons,Finance,FR
CLI001972,"Booth, Berry and Roberts",Consulting,FR
CLI001973,"Stephenson, Young and Garcia",Retail,BR
CLI001974,Pitts Inc,Consulting,FR
CLI001975,Griffith Ltd,Consulting,FR
CLI001976,Garcia Inc,Consulting,CA
CLI001977,Morris Group,Finance,DE
CLI001978,"Hayden, Brooks and Wise",Finance,US
CLI001979,Edwards-Barrett,Manufacturing,AU
CLI001980,Chandler-Miller,Healthcare,IN
CLI001981,Bentley LLC,Finance,CA
CLI001982,"Cruz, Cardenas and Barker",Manufacturing,UK
CLI001983,Hancock-Valdez,Finance,BR
CLI001984,Stevenson-Burton,Technology,JP
CLI001985,"Martinez, Anderson and Harvey",Finance,IN
CLI001986,Woods Inc,Finance,UK
CLI001987,"Henderson, Ramirez and Williams",Manufacturing,BR
CLI001988,Williams-Bird,Consulting,IN
CLI001989,Marshall and Sons,Consulting,US
CLI001990,Anderson-White,Manufacturing,CA
CLI001991,Craig Inc,Technology,UK
CLI001992,Grimes Ltd,Consulting,DE
CLI001993,"Thomas, Wright and Hall",Technology,US
CLI001994,"Hughes, Walker and Adams",Finance,JP
CLI001995,"Henry, Marquez and Salas",Healthcare,DE
CLI001996,Underwood Inc,Finance,FR
CLI001997,"Gardner, Shaw and Jordan",Consulting,BR
CLI001998,Strickland LLC,Retail,JP
CLI001999,"Parker, Mann and Snow",Technology,AU
CLI002000,"Hines, Jensen and Mcclain",Finance,JP
CLI002001,Rivers and Sons,Retail,FR
CLI002002,Moore LLC,Consulting,JP
CLI002003,Horne-Richardson,Consulting,UK
CLI002004,Lee and Sons,Finance,FR
CLI002005,Ramirez-Parks,Healthcare,IN
CLI002006,Patterson LLC,Retail,FR
CLI002007,Brandt-Wilson,Healthcare,AU
CLI002008,Roberts-Contreras,Manufacturing,AU
CLI002009,Sanchez LLC,Retail,CA
CLI002010,"Campbell, Bauer and Watson",Retail,IN
CLI002011,Hickman Group,Manufacturing,IN
CLI002012,"Mann, Sanders and Page",Healthcare,US
CLI002013,Holmes-Young,Manufacturing,IN
CLI002014,"Webb, Barron and Alvarado",Manufacturing,UK
CLI002015,Gray Group,Retail,FR
CLI002016,Jones-Hobbs,Finance,JP
CLI002017,"Hart, Mann and Day",Retail,UK
CLI002018,Hayes-Beasley,Manufacturing,US
CLI002019,"Powell, Franklin and Mcbride",Consulting,IN
CLI002020,"Gonzalez, Ball and Reed",Technology,FR
CLI002021,Ramos PLC,Finance,FR
CLI002022,Clark-French,Retail,UK
CLI002023,"Huff, Frost and Martinez",Finance,BR
CLI002024,Jones-Bennett,Consulting,FR
CLI002025,Smith-Fisher,Manufacturing,BR
CLI002026,Horton-Sanders,Finance,ZA
CLI002027,"Scott, Jones and Keller",Healthcare,US
CLI002028,Hughes-Taylor,Finance,IN
CLI002029,Hernandez-Davis,Manufacturing,IN
CLI002030,"Clark, Scott and Nguyen",Manufacturing,ZA
CLI002031,"Martinez, Taylor and Clark",Consulting,BR
CLI002032,"Smith, Hall and Pacheco",Finance,DE
CLI002033,Jordan Group,Consulting,UK
CLI002034,Weaver-Brown,Healthcare,DE
CLI002035,"Hardy, Underwood and Spence",Technology,ZA
CLI002036,Ortiz-Torres,Finance,CA
CLI002037,Brooks-Morris,Manufacturing,JP
CLI002038,Edwards-Chavez,Finance,IN
CLI002039,Holmes Group,Healthcare,IN
CLI002040,Cunningham LLC,Consulting,AU
CLI002041,Whitehead-Wilson,Manufacturing,BR
CLI002042,Lee and Sons,Finance,JP
CLI002043,West PLC,Manufacturing,AU
CLI002044,"Bailey, Lopez and Gutierrez",Healthcare,CA
CLI002045,Stewart-Lambert,Technology,DE
CLI002046,"Gonzalez, Jones and Smith",Consulting,FR
CLI002047,"Dickerson, Lee and Baker",Consulting,FR
CLI002048,"Morales, Pratt and Bowen",Finance,FR
CLI002049,Pierce and Sons,Retail,IN
CLI002050,"Davis, Perez and Payne",Finance,CA
CLI002051,"Thomas, Willis and Perez",Manufacturing,US
CLI002052,"Miller, English and Glass",Healthcare,AU
CLI002053,"Swanson, Morgan and Villa",Manufacturing,CA
CLI002054,"Ayala, Martinez and Hawkins",Manufacturing,FR
CLI002055,Pineda-Patton,Finance,UK
CLI002056,Flores Inc,Manufacturing,FR
CLI002057,Dalton LLC,Retail,ZA
CLI002058,Baker Inc,Finance,US
CLI002059,"Wright, Hart and Dennis",Finance,ZA
CLI002060,King-Ward,Technology,FR
CLI002061,King and Sons,Technology,IN
CLI002062,Campbell-Green,Finance,AU
CLI002063,"Porter, Jackson and King",Retail,ZA
CLI002064,"James, Benson and Collins",Retail,JP
CLI002065,"Martin, Lowery and Chavez",Finance,UK
CLI002066,"Mccoy, Smith and Brown",Consulting,FR
CLI002067,Campbell LLC,Finance,AU
CLI002068,"West, Nelson and Taylor",Manufacturing,ZA
CLI002069,"Stephenson, Marshall and Ruiz",Finance,JP
CLI002070,Scott-Hernandez,Finance,IN
CLI002071,Walker-Underwood,Consulting,US
CLI002072,Johnston-Williams,Finance,UK
CLI002073,"Lambert, Osborne and Lawson",Retail,AU
CLI002074,"Campos, Russell and Ramos",Manufacturing,US
CLI002075,Reed Inc,Finance,BR
CLI002076,Burke-Mcclure,Technology,US
CLI002077,"Anderson, Zuniga and Hunt",Manufacturing,CA
CLI002078,Clayton-Patel,Manufacturing,FR
CLI002079,Davila-Peterson,Manufacturing,FR
CLI002080,"Jones, Torres and Burgess",Manufacturing,JP
CLI002081,Graham Ltd,Retail,ZA
CLI002082,Bartlett-Torres,Consulting,AU
CLI002083,"Johnson, Patel and Moore",Consulting,BR
CLI002084,Hill-Phillips,Consulting,AU
CLI002085,Hernandez-Nash,Healthcare,JP
CLI002086,Mosley Inc,Finance,IN
CLI002087,Watson and Sons,Retail,JP
CLI002088,Hughes-Thomas,Technology,US
CLI002089,Graves Ltd,Technology,BR
CLI002090,Warner Ltd,Healthcare,CA
CLI002091,"Garcia, Coleman and Williams",Retail,BR
CLI002092,Chapman Group,Manufacturing,UK
CLI002093,Terrell Ltd,Healthcare,ZA
CLI002094,Lane PLC,Retail,UK
CLI002095,"Bates, Griffin and Wright",Healthcare,UK
CLI002096,"Huber, Delgado and Sanders",Finance,IN
CLI002097,Figueroa Group,Technology,ZA
CLI002098,"Robbins, Stewart and Jackson",Finance,US
CLI002099,Butler Ltd,Finance,ZA
CLI002100,"Harris, Reyes and Kelly",Consulting,ZA
CLI002101,Valdez Ltd,Consulting,AU
CLI002102,Nelson LLC,Technology,US
CLI002103,"Johnson, Allison and Hunt",Finance,CA
CLI002104,King-Mann,Healthcare,FR
CLI002105,Collins PLC,Finance,JP
CLI002106,Evans-Johnson,Manufacturing,US
CLI002107,"Durham, Moore and Taylor",Technology,BR
CLI002108,Harris-Parsons,Retail,ZA
CLI002109,Russell-Henderson,Technology,FR
CLI002110,Kelly and Sons,Consulting,BR
CLI002111,"James, Harrison and Ford",Retail,ZA
CLI002112,Davis Group,Manufacturing,UK
CLI002113,"Lewis, Carter and Weber",Finance,UK
CLI002114,Carey-Miller,Technology,DE
CLI002115,"Wilson, Chen and Williams",Consulting,IN
CLI002116,Hunt LLC,Technology,IN
CLI002117,"Cooper, Phillips and Grimes",Finance,BR
CLI002118,"Benton, Hood and Warren",Consulting,UK
CLI002119,"Barr, Roman and Santos",Retail,FR
CLI002120,"Bell, Williams and King",Consulting,FR
CLI002121,Pope LLC,Technology,IN
CLI002122,Lee LLC,Manufacturing,UK
CLI002123,"Hanson, Myers and Flores",Technology,UK
CLI002124,Davis Ltd,Retail,UK
CLI002125,"Moore, Livingston and Berry",Technology,DE
CLI002126,"Caldwell, Payne and Mcfarland",Finance,IN
CLI002127,Schroeder LLC,Technology,US
CLI002128,Peterson-Hughes,Consulting,ZA
CLI002129,Thomas PLC,Retail,US
CLI002130,Campbell LLC,Consulting,IN
CLI002131,"Casey, Olson and Orozco",Consulting,AU
CLI002132,"Huffman, Choi and Brown",Retail,JP
CLI002133,Lamb Ltd,Finance,BR
CLI002134,Tran-Smith,Consulting,ZA
CLI002135,"Johnson, Alexander and Rodriguez",Technology,BR
CLI002136,Jimenez-Rodriguez,Manufacturing,CA
CLI002137,"Allen, Moore and Taylor",Retail,BR
CLI002138,Johnson and Sons,Healthcare,DE
CLI002139,Mcguire-Nunez,Manufacturing,BR
CLI002140,Brooks-Kelley,Consulting,US
CLI002141,"Lawson, Jones and Esparza",Retail,IN
CLI002142,"Flores, Richardson and Keller",Manufacturing,CA
CLI002143,"Gardner, Williams and Lucas",Finance,UK
CLI002144,"Fisher, Jenkins and Torres",Finance,CA
CLI002145,"Ruiz, Stewart and Thompson",Technology,UK
CLI002146,"Blankenship, Tucker and Spence",Technology,CA
CLI002147,Becker-Carroll,Consulting,JP
CLI002148,Mccoy-Bartlett,Consulting,DE
CLI002149,"Murphy, Ryan and Dunn",Finance,JP
CLI002150,Leblanc PLC,Technology,AU
CLI002151,Kramer Ltd,Consulting,ZA
CLI002152,Davis-Diaz,Finance,AU
CLI002153,Ford-Nguyen,Manufacturing,IN
CLI002154,Carson Group,Retail,CA
CLI002155,Bennett-Roberts,Technology,IN
CLI002156,White Group,Finance,ZA
CLI002157,Duke Inc,Healthcare,AU
CLI002158,"Johnson, Santos and Jackson",Technology,DE
CLI002159,Martin Ltd,Finance,US
CLI002160,Martinez-Miller,Manufacturing,ZA
CLI002161,Cox Inc,Finance,AU
CLI002162,"Lee, Fitzpatrick and Henderson",Retail,ZA
CLI002163,Leach-Martin,Technology,US
CLI002164,Franklin-Jones,Retail,BR
CLI002165,Williams PLC,Finance,UK
CLI002166,Brandt-Fisher,Finance,CA
CLI002167,Garrison Ltd,Healthcare,DE
CLI002168,"Soto, Koch and Arnold",Healthcare,JP
CLI002169,"Miller, Smith and Howard",Healthcare,JP
CLI002170,Warren-Anderson,Healthcare,DE
CLI002171,Davidson and Sons,Finance,IN
CLI002172,Silva-King,Healthcare,US
CLI002173,Lucas-Johnson,Consulting,UK
CLI002174,Hernandez-Edwards,Technology,IN
CLI002175,"Martin, Newman and Cuevas",Retail,IN
CLI002176,"Peterson, Miller and Kaiser",Retail,US
CLI002177,Erickson-Silva,Healthcare,UK
CLI002178,Horton-White,Finance,ZA
CLI002179,Hardin-Galvan,Finance,FR
CLI002180,Williams-Walker,Retail,JP
CLI002181,Rodriguez Ltd,Technology,CA
CLI002182,Rivas-Oneal,Manufacturing,IN
CLI002183,Friedman-Becker,Technology,ZA
CLI002184,Parker-King,Consulting,FR
CLI002185,Shelton-Carter,Retail,UK
CLI002186,Brown PLC,Manufacturing,DE
CLI002187,Alvarez-Lee,Retail,US
CLI002188,"Reeves, Walters and Johnson",Finance,BR
CLI002189,Robinson and Sons,Healthcare,IN
CLI002190,Ramirez LLC,Consulting,JP
CLI002191,Underwood PLC,Healthcare,UK
CLI002192,"Blair, Taylor and Lewis",Healthcare,AU
CLI002193,"Harrison, Warren and Davidson",Consulting,IN
CLI002194,Ortega LLC,Finance,US
CLI002195,Oconnor-Stewart,Technology,CA
CLI002196,White-Copeland,Technology,BR
CLI002197,Carpenter-Baird,Technology,UK
CLI002198,Barnes and Sons,Healthcare,ZA
CLI002199,Thompson Inc,Retail,DE
CLI002200,Sanders and Sons,Consulting,ZA
CLI002201,Harrison-Dixon,Healthcare,FR
CLI002202,Harris-Turner,Healthcare,DE
CLI002203,Martin-Jenkins,Technology,ZA
CLI002204,"Bruce, Rodriguez and Adams",Retail,AU
CLI002205,"Schaefer, Macdonald and Sutton",Consulting,ZA
CLI002206,"Johnson, Moore and Rivers",Healthcare,AU
CLI002207,Holland LLC,Retail,CA
CLI002208,"Rodgers, Mcgee and Cabrera",Finance,IN
CLI002209,Sheppard-Riley,Retail,CA
CLI002210,Mays PLC,Finance,UK
CLI002211,Ball Group,Retail,CA
CLI002212,Pineda-Bell,Technology,DE
CLI002213,"Marsh, Martinez and Gonzalez",Technology,UK
CLI002214,Harvey-Johnson,Technology,JP
CLI002215,"Cox, Fitzgerald and Yates",Manufacturing,UK
CLI002216,"Bridges, Lewis and Bates",Technology,UK
CLI002217,"Salazar, Clark and Wells",Technology,BR
CLI002218,Barry LLC,Manufacturing,DE
CLI002219,Vazquez and Sons,Technology,BR
CLI002220,Thomas-Turner,Retail,FR
CLI002221,"Long, Lee and Austin",Technology,CA
CLI002222,"Lopez, Rios and Atkins",Finance,FR
CLI002223,"Hill, Pacheco and Harris",Manufacturing,DE
CLI002224,Collier-Rowe,Manufacturing,US
CLI002225,Perez and Sons,Manufacturing,US
CLI002226,Miller PLC,Consulting,UK
CLI002227,"Nelson, Briggs and Parker",Retail,AU
CLI002228,Murray-Hayes,Finance,UK
CLI002229,"Gross, Jennings and Dudley",Technology,ZA
CLI002230,"Perez, Brown and Kerr",Healthcare,UK
CLI002231,Francis Ltd,Retail,US
CLI002232,"Gonzalez, Gonzalez and Jensen",Finance,UK
CLI002233,"Mckenzie, Webb and Mills",Technology,JP
CLI002234,Reed Inc,Retail,DE
CLI002235,"Gill, Reyes and Gonzalez",Finance,UK
CLI002236,Cooper Ltd,Retail,US
CLI002237,Conway Group,Healthcare,BR
CLI002238,Robertson Ltd,Technology,UK
CLI002239,Baker-Ramirez,Healthcare,CA
CLI002240,Mckinney Inc,Healthcare,JP
CLI002241,Ortiz-Johnson,Healthcare,FR
CLI002242,Holmes Group,Retail,BR
CLI002243,Jones-Lewis,Technology,IN
CLI002244,Davis Inc,Technology,BR
CLI002245,Conrad-Thompson,Manufacturing,US
CLI002246,Singleton LLC,Finance,DE
CLI002247,Knight PLC,Manufacturing,AU
CLI002248,Steele PLC,Consulting,JP
CLI002249,"Roy, Hines and Herring",Retail,AU
CLI002250,Russell-Murphy,Consulting,DE
CLI002251,Terry Inc,Manufacturing,DE
CLI002252,"Carey, Price and Hood",Retail,CA
CLI002253,Rodriguez Inc,Finance,US
CLI002254,Ruiz Ltd,Manufacturing,UK
CLI002255,Anderson-Mcdonald,Healthcare,US
CLI002256,Ware-Thompson,Consulting,BR
CLI002257,Davidson Group,Manufacturing,BR
CLI002258,Carter-Williams,Finance,DE
CLI002259,Phillips-Rodriguez,Healthcare,FR
CLI002260,Cross-Bradley,Retail,DE
CLI002261,Brown LLC,Finance,DE
CLI002262,Curry LLC,Healthcare,UK
CLI002263,Pierce-Li,Technology,ZA
CLI002264,"Martin, White and Morton",Finance,JP
CLI002265,Rodriguez-Henry,Consulting,IN
CLI002266,"Jones, Andersen and Edwards",Technology,FR
CLI002267,Stewart-Hamilton,Technology,US
CLI002268,"Santos, Larson and Carlson",Retail,CA
CLI002269,Best and Sons,Retail,DE
CLI002270,Valenzuela-Keller,Healthcare,UK
CLI002271,Simmons-Hunt,Consulting,AU
CLI002272,Macdonald-Anderson,Technology,ZA
CLI002273,Turner Ltd,Technology,UK
CLI002274,Velasquez-Cohen,Retail,US
CLI002275,"Wiggins, Lin and Ray",Retail,ZA
CLI002276,"Acevedo, Perry and Leonard",Technology,FR
CLI002277,"Bond, Murillo and Gibson",Technology,CA
CLI002278,Wolfe-Bailey,Consulting,US
CLI002279,Smith-Navarro,Manufacturing,CA
CLI002280,Miles-Shields,Manufacturing,BR
CLI002281,Frost Ltd,Technology,JP
CLI002282,Golden-Mccormick,Consulting,ZA
CLI002283,Walsh-Tanner,Manufacturing,CA
CLI002284,"Williams, Jones and Atkinson",Healthcare,US
CLI002285,Rogers and Sons,Consulting,BR
CLI002286,"Hart, Edwards and Schmidt",Healthcare,UK
CLI002287,Daniel-Cohen,Technology,IN
CLI002288,"Brown, Melendez and Mccoy",Manufacturing,CA
CLI002289,Duffy PLC,Manufacturing,ZA
CLI002290,"Curry, Cordova and Ayala",Manufacturing,US
CLI002291,"Ayala, Miles and Flores",Consulting,CA
CLI002292,Murphy LLC,Retail,ZA
CLI002293,Bryant-Miller,Manufacturing,DE
CLI002294,Keller Group,Retail,JP
CLI002295,Day-Cole,Consulting,BR
CLI002296,"Ruiz, Romero and Lin",Finance,UK
CLI002297,Allen-Nelson,Manufacturing,FR
CLI002298,"Miller, Osborn and Murphy",Consulting,FR
CLI002299,Howard Inc,Retail,UK
CLI002300,Weber-Pham,Manufacturing,DE
CLI002301,"Blackwell, Rodriguez and Jenkins",Consulting,JP
CLI002302,Gay PLC,Technology,CA
CLI002303,"White, White and Mills",Retail,DE
CLI002304,Russo-Taylor,Finance,UK
CLI002305,Lawrence-Hernandez,Retail,BR
CLI002306,James-Monroe,Technology,CA
CLI002307,Proctor Group,Retail,FR
CLI002308,"Williams, Parker and Brown",Healthcare,ZA
CLI002309,"Koch, Rodriguez and Vazquez",Finance,BR
CLI002310,"Curtis, Manning and Underwood",Healthcare,IN
CLI002311,Torres PLC,Finance,DE
CLI002312,Smith PLC,Consulting,BR
CLI002313,Villanueva Group,Consulting,JP
CLI002314,Howe Group,Manufacturing,ZA
CLI002315,Page-Hill,Manufacturing,CA
CLI002316,Reyes Ltd,Technology,ZA
CLI002317,Smith-Singleton,Retail,ZA
CLI002318,Glover Ltd,Technology,US
CLI002319,Drake-Walker,Finance,CA
CLI002320,Lucas and Sons,Consulting,DE
CLI002321,"Mercer, Hunt and Gates",Technology,IN
CLI002322,Ward-Holmes,Retail,BR
CLI002323,"Brock, Johnson and Scott",Manufacturing,US
CLI002324,Stevens PLC,Manufacturing,FR
CLI002325,Diaz-Colon,Technology,IN
CLI002326,"Robinson, Phillips and Stone",Retail,UK
CLI002327,Hunter-Wilson,Finance,US
CLI002328,Perez Group,Consulting,US
CLI002329,Stanley Inc,Technology,CA
CLI002330,Mata-Johnson,Technology,JP
CLI002331,Nunez-Chandler,Healthcare,BR
CLI002332,Brown-Nelson,Manufacturing,ZA
CLI002333,Greene LLC,Manufacturing,JP
CLI002334,Obrien Inc,Manufacturing,JP
CLI002335,"Collins, Wong and Petersen",Finance,FR
CLI002336,Hess-Murphy,Technology,UK
CLI002337,Gonzalez-Vasquez,Technology,FR
CLI002338,Baker LLC,Manufacturing,JP
CLI002339,Hunt LLC,Healthcare,ZA
CLI002340,Holden-Huff,Technology,JP
CLI002341,"Hall, Coleman and Brown",Manufacturing,UK
CLI002342,Turner Group,Healthcare,DE
CLI002343,Houston-Stewart,Manufacturing,CA
CLI002344,"Young, Clark and Peters",Finance,IN
CLI002345,Carey-Garcia,Retail,UK
CLI002346,Glover PLC,Manufacturing,AU
CLI002347,Martinez PLC,Consulting,JP
CLI002348,Carrillo-Brown,Manufacturing,BR
CLI002349,"Lawson, Gallegos and Marshall",Manufacturing,FR
CLI002350,Padilla-Ramirez,Retail,AU
CLI002351,Walker PLC,Manufacturing,US
CLI002352,"Moran, Meyer and Jones",Technology,IN
CLI002353,Knight-Ramirez,Healthcare,US
CLI002354,"Stevenson, Davis and Romero",Technology,JP
CLI002355,Wilson PLC,Retail,DE
CLI002356,Hayes-Mclean,Retail,AU
CLI002357,Hughes Group,Finance,UK
CLI002358,Walker-Tyler,Retail,BR
CLI002359,Tran PLC,Technology,ZA
CLI002360,"Klein, Haynes and Martinez",Manufacturing,CA
CLI002361,Mckinney and Sons,Technology,DE
CLI002362,"Benton, Jackson and Williams",Finance,UK
CLI002363,Jones-Johnson,Retail,JP
CLI002364,Estrada and Sons,Healthcare,ZA
CLI002365,"Mack, Black and Coleman",Manufacturing,IN
CLI002366,Black-Campbell,Manufacturing,DE
CLI002367,"George, Lawson and Gonzalez",Finance,JP
CLI002368,Woodard and Sons,Consulting,FR
CLI002369,Gilbert Group,Manufacturing,DE
CLI002370,Kelly-Hines,Consulting,FR
CLI002371,"Walker, Brown and Wilson",Healthcare,US
CLI002372,Welch Ltd,Manufacturing,US
CLI002373,Pierce Group,Finance,AU
CLI002374,Patton and Sons,Healthcare,UK
CLI002375,Hays LLC,Manufacturing,UK
CLI002376,"Carroll, Perez and Morrison",Technology,DE
CLI002377,"Joseph, Rowe and Figueroa",Retail,AU
CLI002378,Estes Inc,Retail,US
CLI002379,"Rodriguez, Cuevas and Richard",Consulting,JP
CLI002380,Harris Ltd,Finance,BR
CLI002381,Fox and Sons,Healthcare,FR
CLI002382,Rodriguez-Rodriguez,Manufacturing,JP
CLI002383,Thomas-Meyer,Healthcare,BR
CLI002384,Riley and Sons,Healthcare,DE
CLI002385,"Livingston, Moody and Clark",Retail,UK
CLI002386,"Soto, Villegas and Buckley",Consulting,ZA
CLI002387,Fowler Ltd,Finance,DE
CLI002388,"Montgomery, Lopez and Edwards",Consulting,CA
CLI002389,Murray Inc,Manufacturing,US
CLI002390,Fisher-Clark,Consulting,DE
CLI002391,Mcclain LLC,Manufacturing,CA
CLI002392,Lawrence-Henry,Retail,DE
CLI002393,King PLC,Finance,JP
CLI002394,Vaughn Inc,Manufacturing,CA
CLI002395,Bush-Perry,Technology,DE
CLI002396,Price and Sons,Retail,CA
CLI002397,Lambert Ltd,Healthcare,JP
CLI002398,"Morrow, Chavez and Valenzuela",Technology,IN
CLI002399,Lucas-Smith,Technology,FR
CLI002400,Taylor LLC,Manufacturing,IN
CLI002401,"Ramos, Hall and Mcdonald",Technology,AU
CLI002402,Goodwin-Jones,Finance,DE
CLI002403,"Cole, Smith and Nichols",Healthcare,IN
CLI002404,Duarte-Green,Finance,ZA
CLI002405,"Kelley, Lawrence and Turner",Healthcare,DE
CLI002406,"Adams, Osborn and Hayden",Manufacturing,JP
CLI002407,"Snyder, Cohen and Lopez",Technology,IN
CLI002408,Patton PLC,Manufacturing,JP
CLI002409,"Horton, Mills and Frye",Healthcare,BR
CLI002410,Montgomery-Hernandez,Retail,JP
CLI002411,Perez LLC,Consulting,JP
CLI002412,Case-Duran,Finance,JP
CLI002413,"Walker, Colon and Robinson",Technology,ZA
CLI002414,Smith Group,Finance,DE
CLI002415,Russell Group,Retail,CA
CLI002416,"Jefferson, Mckenzie and King",Finance,FR
CLI002417,Washington-Neal,Retail,JP
CLI002418,"Cummings, Thomas and Baker",Manufacturing,ZA
CLI002419,Snow-Boyd,Retail,UK
CLI002420,Carter and Sons,Manufacturing,US
CLI002421,Romero-Lee,Technology,UK
CLI002422,Kelly PLC,Technology,CA
CLI002423,"Rich, Medina and Johnson",Technology,BR
CLI002424,Sampson Group,Consulting,ZA
CLI002425,Morris-Payne,Healthcare,BR
CLI002426,Anderson Group,Consulting,ZA
CLI002427,Gonzalez-Rivera,Finance,IN
CLI002428,"Wright, Stout and Ross",Technology,DE
CLI002429,Galvan-Bailey,Finance,BR
CLI002430,"Smith, Young and Williams",Consulting,FR
CLI002431,Dalton LLC,Technology,DE
CLI002432,"Simon, Hoover and Armstrong",Finance,AU
CLI002433,"Clark, Hunter and Davis",Technology,BR
CLI002434,Arnold-Sweeney,Healthcare,CA
CLI002435,"Warren, Campbell and White",Manufacturing,JP
CLI002436,Baker-Wolf,Retail,UK
CLI002437,Beasley-Boyd,Consulting,AU
CLI002438,Gonzalez-Li,Finance,US
CLI002439,Wheeler PLC,Healthcare,AU
CLI002440,Walton-Hill,Retail,CA
CLI002441,Stark-Ruiz,Healthcare,IN
CLI002442,Lang Group,Manufacturing,UK
CLI002443,Greene Ltd,Retail,UK
CLI002444,"Brooks, Warner and Mills",Consulting,AU
CLI002445,Harper Inc,Finance,US
CLI002446,Dennis-Rogers,Healthcare,CA
CLI002447,Phillips-Strong,Manufacturing,US
CLI002448,Noble-Obrien,Retail,DE
CLI002449,Fischer-Murphy,Retail,UK
CLI002450,Stewart-Thompson,Consulting,FR
CLI002451,"Fuller, Mcconnell and Lawson",Manufacturing,UK
CLI002452,Burnett Ltd,Consulting,IN
CLI002453,Brooks PLC,Manufacturing,CA
CLI002454,Wilson-Hunt,Manufacturing,JP
CLI002455,Day and Sons,Consulting,JP
CLI002456,"Scott, Dennis and Haney",Manufacturing,US
CLI002457,Hicks-Martinez,Consulting,JP
CLI002458,Hines and Sons,Retail,US
CLI002459,"Bean, Miller and Garrison",Manufacturing,FR
CLI002460,"Lopez, Smith and Jones",Technology,IN
CLI002461,Willis Inc,Technology,CA
CLI002462,Hancock and Sons,Healthcare,FR
CLI002463,"Harmon, James and Salinas",Manufacturing,DE
CLI002464,Gallegos Inc,Finance,UK
CLI002465,Brady-Burgess,Manufacturing,AU
CLI002466,Little Ltd,Retail,IN
CLI002467,Lewis-Williams,Healthcare,DE
CLI002468,Lucas Group,Retail,JP
CLI002469,Butler Group,Consulting,ZA
CLI002470,Hernandez-Brown,Manufacturing,JP
CLI002471,Barnes-Conley,Consulting,BR
CLI002472,Ruiz PLC,Retail,ZA
CLI002473,"Curtis, Herrera and Taylor",Manufacturing,ZA
CLI002474,Harmon Ltd,Healthcare,FR
CLI002475,Martinez-Mcgrath,Retail,JP
CLI002476,Barker-Anthony,Healthcare,ZA
CLI002477,Williams-Harrington,Healthcare,UK
CLI002478,"Moore, Wheeler and Ross",Manufacturing,AU
CLI002479,Payne Inc,Healthcare,CA
CLI002480,Roman Group,Technology,US
CLI002481,Miller-Miller,Manufacturing,UK
CLI002482,Reed-Meyer,Consulting,IN
CLI002483,Wilson PLC,Consulting,ZA
CLI002484,Garcia and Sons,Technology,IN
CLI002485,"Kelley, Blevins and Briggs",Healthcare,FR
CLI002486,Porter and Sons,Consulting,BR
CLI002487,"Bates, Blake and Carter",Consulting,DE
CLI002488,Stuart Inc,Healthcare,US
CLI002489,"Ford, Crosby and Richardson",Technology,UK
CLI002490,Garcia-Green,Technology,FR
CLI002491,Anderson-Wise,Consulting,DE
CLI002492,Wolfe-Lopez,Finance,US
CLI002493,Dunn Ltd,Manufacturing,ZA
CLI002494,Gentry LLC,Retail,JP
CLI002495,"Landry, Roth and Ferguson",Retail,BR
CLI002496,"Anderson, Shepherd and Gutierrez",Finance,AU
CLI002497,Henderson Ltd,Consulting,DE
CLI002498,Lewis Group,Technology,IN
CLI002499,Duncan-Burke,Manufacturing,JP
CLI002500,"Nelson, Weaver and Horton",Healthcare,CA
CLI002501,Daniels-Jones,Manufacturing,AU
CLI002502,"Smith, Henderson and Jordan",Retail,US
CLI002503,Benitez and Sons,Technology,FR
CLI002504,"Lee, Peterson and Baker",Technology,US
CLI002505,Raymond-Klein,Consulting,ZA
CLI002506,"Livingston, Rodriguez and Davis",Healthcare,ZA
CLI002507,Hammond-Armstrong,Healthcare,IN
CLI002508,Hart-Reed,Manufacturing,JP
CLI002509,"Herrera, Murphy and Estrada",Finance,CA
CLI002510,"West, Mcdonald and Garcia",Healthcare,US
CLI002511,Nguyen-Lewis,Retail,DE
CLI002512,Whitehead-Ortiz,Consulting,CA
CLI002513,Holland PLC,Manufacturing,JP
CLI002514,Roberts-Clements,Retail,DE
CLI002515,Hartman-Garcia,Retail,FR
CLI002516,Adams LLC,Healthcare,US
CLI002517,Hardin Group,Healthcare,DE
CLI002518,"Ward, Warren and Tanner",Technology,IN
CLI002519,"Martinez, Friedman and Duncan",Healthcare,CA
CLI002520,Wolf-Williams,Healthcare,DE
CLI002521,Fowler and Sons,Retail,FR
CLI002522,"Patel, Holden and Powell",Manufacturing,AU
CLI002523,Ramsey LLC,Manufacturing,US
CLI002524,"Lee, Valdez and Swanson",Healthcare,FR
CLI002525,Melendez Inc,Finance,AU
CLI002526,Martin-Brewer,Manufacturing,BR
CLI002527,"Pham, Wright and Phillips",Technology,ZA
CLI002528,Glass and Sons,Finance,DE
CLI002529,"Clements, Jacobs and Simpson",Healthcare,BR
CLI002530,"Park, Frazier and Fields",Retail,CA
CLI002531,"Flynn, Garcia and Casey",Finance,DE
CLI002532,Tran-Parks,Retail,IN
CLI002533,"Brown, Cisneros and Snyder",Consulting,AU
CLI002534,Hess Ltd,Technology,CA
CLI002535,Nolan LLC,Retail,UK
CLI002536,"Wallace, Ferguson and Aguirre",Manufacturing,AU
CLI002537,Burns-Jones,Healthcare,ZA
CLI002538,"Blair, Mclaughlin and Walsh",Technology,BR
CLI002539,Johnson and Sons,Consulting,US
CLI002540,Hooper-Welch,Finance,DE
CLI002541,Hernandez Group,Technology,IN
CLI002542,Holt Inc,Finance,IN
CLI002543,Bridges Ltd,Finance,CA
CLI002544,"Montgomery, Smith and Trujillo",Retail,FR
CLI002545,Trujillo-Meyer,Consulting,FR
CLI002546,Dillon Inc,Healthcare,FR
CLI002547,Todd-Peters,Finance,DE
CLI002548,Bradley-Green,Manufacturing,AU
CLI002549,Brock Group,Retail,UK
CLI002550,"Charles, Simmons and Watson",Technology,US
CLI002551,Schneider Inc,Finance,UK
CLI002552,Lopez-Johnson,Consulting,CA
CLI002553,Gonzalez-Brown,Technology,UK
CLI002554,Griffin LLC,Manufacturing,AU
CLI002555,Cook-Nelson,Manufacturing,CA
CLI002556,Hogan Ltd,Consulting,JP
CLI002557,Robinson and Sons,Technology,DE
CLI002558,Stanley-Carroll,Manufacturing,US
CLI002559,"Jones, Miles and Weber",Technology,US
CLI002560,Osborn-French,Manufacturing,FR
CLI002561,"Hernandez, Green and Martinez",Retail,JP
CLI002562,Ramos-Davis,Consulting,FR
CLI002563,"Jones, Mcguire and Morgan",Manufacturing,FR
CLI002564,Brock LLC,Finance,IN
CLI002565,Roberts Inc,Finance,UK
CLI002566,"Wiley, Haynes and Randall",Manufacturing,ZA
CLI002567,Berry-Carpenter,Retail,AU
CLI002568,Reid Ltd,Healthcare,US
CLI002569,Collins and Sons,Finance,FR
CLI002570,Young-Rhodes,Healthcare,DE
CLI002571,Valdez Inc,Consulting,IN
CLI002572,"Thompson, Martin and Bailey",Technology,DE
CLI002573,Patel-Lewis,Consulting,IN
CLI002574,Wheeler and Sons,Finance,UK
CLI002575,Villa-Miles,Finance,US
CLI002576,Savage LLC,Healthcare,JP
CLI002577,Johnson and Sons,Consulting,BR
CLI002578,Phillips-Smith,Healthcare,FR
CLI002579,Proctor LLC,Retail,BR
CLI002580,"Bowen, Yang and Foley",Consulting,AU
CLI002581,Davidson-Jackson,Consulting,ZA
CLI002582,West-Carter,Manufacturing,DE
CLI002583,Martinez Inc,Retail,US
CLI002584,Molina and Sons,Healthcare,JP
CLI002585,"Bryant, Pollard and Perez",Healthcare,IN
CLI002586,"Simmons, Torres and Jones",Manufacturing,CA
CLI002587,Stanley PLC,Healthcare,IN
CLI002588,"Thompson, Welch and Romero",Technology,IN
CLI002589,"Crawford, Walker and Parrish",Consulting,JP
CLI002590,Townsend-Frederick,Manufacturing,BR
CLI002591,Kennedy and Sons,Healthcare,AU
CLI002592,Novak LLC,Healthcare,AU
CLI002593,"Jones, Pope and Nelson",Technology,US
CLI002594,Estrada-Owens,Healthcare,DE
CLI002595,Smith-Walker,Consulting,CA
CLI002596,Campbell-Ortiz,Healthcare,AU
CLI002597,Bell-Mckee,Healthcare,FR
CLI002598,"Miller, Hale and Baker",Finance,IN
CLI002599,Hughes Inc,Technology,UK
CLI002600,Torres-Schmitt,Finance,IN
CLI002601,Chang Group,Consulting,IN
CLI002602,Reyes LLC,Healthcare,FR
CLI002603,Johnson Ltd,Manufacturing,JP
CLI002604,Martinez-Lawson,Consulting,FR
CLI002605,"Cooper, Wright and Harrington",Consulting,ZA
CLI002606,Pearson Ltd,Retail,UK
CLI002607,"Petty, Graham and Perry",Retail,FR
CLI002608,Weber-Glenn,Finance,BR
CLI002609,Montoya Ltd,Consulting,CA
CLI002610,Nguyen-Sosa,Retail,IN
CLI002611,Lopez-Spencer,Technology,IN
CLI002612,Davis Inc,Manufacturing,BR
CLI002613,"Miller, Mclean and Woodward",Retail,JP
CLI002614,"Chandler, Price and Kim",Technology,IN
CLI002615,Fuller Group,Healthcare,FR
CLI002616,Guerra-Sanchez,Consulting,US
CLI002617,"Hooper, Ruiz and Powell",Technology,JP
CLI002618,Jordan-Kelly,Manufacturing,UK
CLI002619,Rodriguez-Gonzalez,Finance,DE
CLI002620,Bennett-Page,Healthcare,US
CLI002621,Logan Group,Consulting,AU
CLI002622,Curry Inc,Technology,BR
CLI002623,"Contreras, Garcia and Williams",Manufacturing,DE
CLI002624,Murphy-Hall,Healthcare,BR
CLI002625,Prince and Sons,Manufacturing,JP
CLI002626,"Farrell, Mueller and Jackson",Healthcare,IN
CLI002627,"Velazquez, Hensley and Anderson",Finance,ZA
CLI002628,"Morgan, Ward and Lawson",Finance,AU
CLI002629,Gonzalez-Gibson,Technology,CA
CLI002630,"Gilbert, Henry and Clayton",Consulting,US
CLI002631,Kelley-James,Manufacturing,UK
CLI002632,Hunter PLC,Consulting,UK
CLI002633,Matthews LLC,Retail,DE
CLI002634,Roach and Sons,Manufacturing,FR
CLI002635,"Gordon, Terrell and Miller",Manufacturing,CA
CLI002636,Watson and Sons,Retail,UK
CLI002637,Grant PLC,Finance,AU
CLI002638,Price Ltd,Healthcare,CA
CLI002639,"Reyes, Ramirez and Martin",Consulting,CA
CLI002640,Meza LLC,Healthcare,AU
CLI002641,Klein PLC,Retail,CA
CLI002642,Glenn-Bird,Manufacturing,US
CLI002643,Schwartz-Deleon,Manufacturing,BR
CLI002644,Barton and Sons,Consulting,AU
CLI002645,Brown Ltd,Retail,UK
CLI002646,"Miller, Smith and Peters",Manufacturing,ZA
CLI002647,Lewis Inc,Retail,BR
CLI002648,Diaz Ltd,Technology,JP
CLI002649,Johnson Group,Consulting,US
CLI002650,Caldwell-Santiago,Finance,AU
CLI002651,"Sanders, Torres and Ramirez",Technology,ZA
CLI002652,"Wood, Sullivan and Hunt",Manufacturing,IN
CLI002653,"Lawrence, Church and Diaz",Manufacturing,FR
CLI002654,Richardson PLC,Consulting,JP
CLI002655,Edwards-Martin,Manufacturing,CA
CLI002656,Johnson-Schmidt,Manufacturing,DE
CLI002657,Anderson-Nguyen,Manufacturing,ZA
CLI002658,Martinez LLC,Manufacturing,DE
CLI002659,"Newton, Mckinney and Norton",Manufacturing,JP
CLI002660,"Murray, Underwood and Baker",Consulting,IN
CLI002661,Cantrell Group,Technology,ZA
CLI002662,Turner Inc,Healthcare,CA
CLI002663,Lee-Orr,Manufacturing,FR
CLI002664,Griffin-Deleon,Retail,IN
CLI002665,Molina-Hernandez,Healthcare,UK
CLI002666,King PLC,Consulting,FR
CLI002667,"Phillips, Martin and Parker",Healthcare,IN
CLI002668,"Haynes, Curry and Bowen",Finance,DE
CLI002669,"Weaver, Clark and Woods",Technology,US
CLI002670,Bowman-Edwards,Manufacturing,ZA
CLI002671,"Chaney, Peterson and Mcgee",Consulting,DE
CLI002672,Mason-Morales,Finance,CA
CLI002673,Franco PLC,Finance,CA
CLI002674,"Nicholson, Hernandez and Vasquez",Manufacturing,BR
CLI002675,Vasquez-Soto,Manufacturing,BR
CLI002676,Luna-Brown,Finance,FR
CLI002677,Hall-Valdez,Finance,JP
CLI002678,"Hammond, Mooney and Henderson",Manufacturing,BR
CLI002679,Ashley Inc,Finance,UK
CLI002680,"Brown, Fisher and Thomas",Consulting,UK
CLI002681,"Harris, Brown and Benton",Retail,JP
CLI002682,"Peterson, Watkins and Martinez",Retail,US
CLI002683,Moore-Spence,Manufacturing,IN
CLI002684,Phillips-Clarke,Finance,BR
CLI002685,"King, Reyes and Thomas",Manufacturing,JP
CLI002686,Davies-Johnson,Consulting,US
CLI002687,"Larson, Phillips and Johnson",Manufacturing,ZA
CLI002688,Williams Group,Finance,BR
CLI002689,White-Parker,Technology,IN
CLI002690,Smith-Campbell,Technology,US
CLI002691,Little LLC,Finance,US
CLI002692,Blair Inc,Finance,BR
CLI002693,"Davidson, Lucas and Clark",Technology,US
CLI002694,Gallegos and Sons,Consulting,UK
CLI002695,Chambers-Johnson,Retail,JP
CLI002696,"Mcclure, Mcdonald and Rocha",Retail,FR
CLI002697,"Hancock, Hudson and Watson",Technology,DE
CLI002698,Moody and Sons,Technology,US
CLI002699,"Martin, Baker and Chase",Consulting,JP
CLI002700,"Guzman, Morgan and Ray",Consulting,ZA
CLI002701,Fernandez Group,Consulting,JP
CLI002702,Petersen-Smith,Consulting,FR
CLI002703,Lawson LLC,Technology,DE
CLI002704,Miller Ltd,Manufacturing,US
CLI002705,"Martin, Smith and Gilmore",Healthcare,UK
CLI002706,Jenkins-Johnson,Healthcare,BR
CLI002707,Chavez Ltd,Technology,DE
CLI002708,Martin PLC,Technology,CA
CLI002709,"Moran, Grant and Santos",Manufacturing,BR
CLI002710,Cooper PLC,Healthcare,CA
CLI002711,Price-Parker,Consulting,BR
CLI002712,"Perez, Bailey and Smith",Manufacturing,UK
CLI002713,"Brown, Lane and Mason",Technology,JP
CLI002714,"Sosa, Nunez and Benson",Healthcare,FR
CLI002715,Powell Ltd,Manufacturing,DE
CLI002716,Miller LLC,Finance,IN
CLI002717,Lozano-White,Healthcare,AU
CLI002718,Jackson and Sons,Manufacturing,DE
CLI002719,"Rogers, Li and Martin",Consulting,AU
CLI002720,"Smith, Gilbert and Perez",Technology,UK
CLI002721,"Harris, Petersen and Soto",Finance,US
CLI002722,Mccormick and Sons,Retail,US
CLI002723,"Preston, Vega and Meyer",Finance,DE
CLI002724,Hudson-Miller,Healthcare,US
CLI002725,"Thompson, Mccann and Lara",Healthcare,CA
CLI002726,Choi-Fischer,Retail,ZA
CLI002727,Blair Inc,Technology,FR
CLI002728,Avery-Richardson,Technology,AU
CLI002729,Coleman PLC,Retail,US
CLI002730,Lopez-Saunders,Consulting,DE
CLI002731,Montes-Hoffman,Retail,DE
CLI002732,"Farmer, Schmidt and Chandler",Technology,CA
CLI002733,Lopez-Stout,Technology,UK
CLI002734,"Decker, Webb and Ferguson",Healthcare,DE
CLI002735,Stewart Inc,Technology,CA
CLI002736,Moore-Gardner,Consulting,UK
CLI002737,Jones Inc,Healthcare,BR
CLI002738,"Cuevas, Villanueva and Mann",Retail,US
CLI002739,Torres and Sons,Healthcare,JP
CLI002740,Adams PLC,Retail,UK
CLI002741,"Ruiz, Baird and Mendez",Manufacturing,ZA
CLI002742,Huff-Wright,Manufacturing,CA
CLI002743,"Daniels, Williams and Garcia",Technology,FR
CLI002744,"Huang, Soto and Soto",Manufacturing,JP
CLI002745,"Sparks, Adams and Cross",Healthcare,US
CLI002746,Weeks Group,Finance,JP
CLI002747,Valdez-Levine,Retail,DE
CLI002748,Simmons-Warren,Finance,JP
CLI002749,Gutierrez-Fleming,Manufacturing,CA
CLI002750,Santiago Ltd,Retail,IN
CLI002751,"Coleman, Sims and Fitzgerald",Consulting,JP
CLI002752,Huffman Ltd,Manufacturing,ZA
CLI002753,"Cannon, Lewis and Mack",Retail,ZA
CLI002754,"Cox, Woods and Eaton",Retail,IN
CLI002755,Gray LLC,Retail,ZA
CLI002756,"Gonzalez, Davis and Norman",Manufacturing,US
CLI002757,"Armstrong, Swanson and Vargas",Manufacturing,BR
CLI002758,Humphrey-Curtis,Manufacturing,DE
CLI002759,Glass-Wade,Manufacturing,JP
CLI002760,"Williams, Newton and Reed",Technology,ZA
CLI002761,Shaffer-Galvan,Manufacturing,FR
CLI002762,Adkins and Sons,Manufacturing,FR
CLI002763,Johnson Group,Healthcare,UK
CLI002764,Torres LLC,Healthcare,US
CLI002765,Mccoy and Sons,Retail,ZA
CLI002766,"Walsh, Johnson and Long",Healthcare,IN
CLI002767,Grant and Sons,Technology,FR
CLI002768,"West, Schwartz and Monroe",Retail,ZA
CLI002769,Price PLC,Technology,DE
CLI002770,"Lopez, Chung and Cummings",Finance,ZA
CLI002771,Chambers Group,Technology,IN
CLI002772,"Williams, Lane and Hanna",Finance,UK
CLI002773,Smith and Sons,Consulting,DE
CLI002774,"Ford, Harrington and Barrett",Retail,AU
CLI002775,Morales Inc,Manufacturing,JP
CLI002776,"Landry, Green and Estrada",Finance,JP
CLI002777,"Barnett, Long and West",Technology,DE
CLI002778,Moran LLC,Technology,CA
CLI002779,"Mason, Parrish and Montes",Technology,JP
CLI002780,"Wilson, Lee and Wade",Healthcare,ZA
CLI002781,Wood LLC,Technology,IN
CLI002782,Butler-Murphy,Healthcare,FR
CLI002783,"Smith, Kelly and Herman",Manufacturing,AU
CLI002784,"Smith, Green and Herrera",Technology,AU
CLI002785,Leonard-Davis,Retail,FR
CLI002786,Walton PLC,Healthcare,FR
CLI002787,Cain LLC,Consulting,UK
CLI002788,"Lucero, Lara and Johnston",Retail,IN
CLI002789,Smith-Mccullough,Retail,CA
CLI002790,Neal-Jackson,Finance,ZA
CLI002791,"Cole, Osborn and Dunn",Technology,UK
CLI002792,Miller LLC,Consulting,JP
CLI002793,Russell-Butler,Finance,JP
CLI002794,Shaw-Henderson,Technology,CA
CLI002795,"Velazquez, Holmes and Beltran",Consulting,ZA
CLI002796,"Bolton, Kelly and Clark",Retail,ZA
CLI002797,Moran-Humphrey,Retail,IN
CLI002798,Roberts-Jones,Finance,CA
CLI002799,Wood Ltd,Finance,IN
CLI002800,Adkins Ltd,Retail,ZA
CLI002801,Day-Fisher,Manufacturing,AU
CLI002802,"Parker, Larson and Miller",Technology,ZA
CLI002803,Tucker-Walker,Technology,FR
CLI002804,"Stout, Diaz and Bradshaw",Consulting,CA
CLI002805,Odom-Duncan,Healthcare,AU
CLI002806,Long Group,Technology,IN
CLI002807,Cabrera-Rodriguez,Healthcare,JP
CLI002808,Edwards-Molina,Healthcare,CA
CLI002809,"Lewis, Garcia and Brown",Technology,FR
CLI002810,Thomas Inc,Retail,AU
CLI002811,Williamson-Franklin,Finance,JP
CLI002812,Owens Group,Manufacturing,US
CLI002813,Lewis-Carey,Finance,IN
CLI002814,Gilbert PLC,Retail,AU
CLI002815,Hammond Ltd,Consulting,US
CLI002816,Cook PLC,Technology,ZA
CLI002817,Arnold LLC,Technology,US
CLI002818,Rice-Green,Finance,DE
CLI002819,Cox-Munoz,Retail,AU
CLI002820,Baker Group,Technology,CA
CLI002821,"Flynn, Mcdaniel and Bond",Finance,FR
CLI002822,"Rios, Peck and Bray",Finance,BR
CLI002823,Goodman-Wolf,Retail,CA
CLI002824,Cook PLC,Manufacturing,IN
CLI002825,Morales-Ross,Manufacturing,IN
CLI002826,Carr Group,Healthcare,ZA
CLI002827,Mason-Olson,Technology,CA
CLI002828,"Gross, Gross and Beck",Technology,US
CLI002829,"Wright, Anderson and Tyler",Manufacturing,FR
CLI002830,"Tyler, Reed and Montoya",Finance,JP
CLI002831,"Price, Stephens and Allen",Consulting,IN
CLI002832,"Mitchell, Smith and Patterson",Consulting,CA
CLI002833,Hicks Group,Finance,FR
CLI002834,Riley Group,Finance,UK
CLI002835,Johnson-Vargas,Technology,DE
CLI002836,"Edwards, Roberts and Adams",Manufacturing,DE
CLI002837,"Barry, Johnson and Watkins",Technology,AU
CLI002838,"Obrien, Simmons and Gardner",Technology,FR
CLI002839,Nunez-Jordan,Healthcare,US
CLI002840,Skinner and Sons,Consulting,JP
CLI002841,Garcia-Flores,Technology,US
CLI002842,Roberson LLC,Manufacturing,UK
CLI002843,James-Brandt,Technology,AU
CLI002844,Newman and Sons,Finance,ZA
CLI002845,"Farmer, Newman and King",Technology,FR
CLI002846,"Hamilton, Underwood and Johnson",Healthcare,UK
CLI002847,Stone Ltd,Retail,IN
CLI002848,"Morales, Russell and Jackson",Consulting,UK
CLI002849,"Shepard, Garrett and Estes",Consulting,US
CLI002850,"Gonzalez, Booker and Stewart",Finance,AU
CLI002851,"Martinez, Mullins and Orr",Technology,FR
CLI002852,Morgan-Whitaker,Finance,ZA
CLI002853,"Norman, Ward and Black",Technology,BR
CLI002854,Harding-Sanchez,Retail,US
CLI002855,Williams-Nelson,Retail,UK
CLI002856,Good-Rivera,Healthcare,ZA
CLI002857,"Simpson, Sims and Proctor",Technology,US
CLI002858,"Jones, Johnston and Davis",Healthcare,FR
CLI002859,"Martinez, Martinez and Sawyer",Manufacturing,UK
CLI002860,"Cole, Drake and Anderson",Healthcare,ZA
CLI002861,"Ramos, Hammond and Murray",Consulting,JP
CLI002862,"Morales, Davis and Adams",Consulting,AU
CLI002863,Taylor LLC,Finance,CA
CLI002864,Scott-Powell,Manufacturing,IN
CLI002865,Hall-Robinson,Retail,JP
CLI002866,Mills-Miles,Manufacturing,DE
CLI002867,Johnson-Oliver,Manufacturing,JP
CLI002868,Cole and Sons,Retail,BR
CLI002869,"Lutz, Reynolds and Hale",Finance,AU
CLI002870,Watkins-Smith,Healthcare,ZA
CLI002871,Long-Coleman,Retail,CA
CLI002872,"Brown, Hernandez and Bennett",Retail,UK
CLI002873,Adkins-Sawyer,Manufacturing,UK
CLI002874,"Carey, Williams and Nolan",Finance,JP
CLI002875,Larson Inc,Finance,FR
CLI002876,Kramer-Goodman,Manufacturing,CA
CLI002877,Kennedy Group,Finance,UK
CLI002878,King Inc,Technology,UK
CLI002879,Choi-Mccann,Healthcare,CA
CLI002880,Bernard-Henderson,Finance,US
CLI002881,Miller-Robinson,Manufacturing,AU
CLI002882,Torres Group,Retail,ZA
CLI002883,"Peterson, Potts and Walton",Consulting,BR
CLI002884,Roman-Garza,Technology,IN
CLI002885,"Lambert, Baker and Ward",Healthcare,FR
CLI002886,Parker LLC,Consulting,BR
CLI002887,Ramos-Curtis,Retail,AU
CLI002888,Thomas PLC,Manufacturing,CA
CLI002889,Allen-Meyer,Healthcare,BR
CLI002890,"Harmon, Nunez and Brown",Retail,IN
CLI002891,"Singh, Hanson and Moore",Technology,JP
CLI002892,Saunders-Kelly,Healthcare,DE
CLI002893,Martin-Reed,Retail,JP
CLI002894,Beltran Inc,Consulting,US
CLI002895,Bennett-Sanchez,Retail,DE
CLI002896,"Stewart, Arnold and Davis",Manufacturing,BR
CLI002897,Young Group,Finance,JP
CLI002898,"Hansen, Knapp and Wilson",Healthcare,CA
CLI002899,James-Lowe,Manufacturing,JP
CLI002900,Carter LLC,Manufacturing,BR
CLI002901,Ramirez-Black,Finance,CA
CLI002902,Jones-Hill,Finance,AU
CLI002903,"Montoya, Jones and Lee",Consulting,DE
CLI002904,Bray-Perry,Retail,CA
CLI002905,"Clark, Harris and Gonzales",Manufacturing,IN
CLI002906,Ward-Cruz,Healthcare,US
CLI002907,Williams PLC,Technology,AU
CLI002908,Fischer-Steele,Retail,FR
CLI002909,Mcmahon-Carter,Consulting,CA
CLI002910,Williams LLC,Retail,US
CLI002911,Ramirez-Sweeney,Retail,AU
CLI002912,Collins PLC,Healthcare,ZA
CLI002913,Montgomery PLC,Technology,AU
CLI002914,Williams-Moran,Retail,AU
CLI002915,Hart Ltd,Finance,IN
CLI002916,Short-Fitzpatrick,Finance,ZA
CLI002917,"Anderson, Rodriguez and Long",Manufacturing,US
CLI002918,"Manning, Smith and Valdez",Manufacturing,US
CLI002919,"Wheeler, Mcguire and Ponce",Healthcare,AU
CLI002920,"Miller, Hoffman and Phillips",Technology,UK
CLI002921,"Johnson, Guerra and Estrada",Consulting,FR
CLI002922,Rivera and Sons,Consulting,CA
CLI002923,Banks Group,Consulting,US
CLI002924,Hall Ltd,Technology,ZA
CLI002925,"Burns, Walls and Rodriguez",Technology,BR
CLI002926,Yang LLC,Technology,UK
CLI002927,Merritt Ltd,Manufacturing,FR
CLI002928,Dominguez-Miller,Technology,DE
CLI002929,"Joyce, Park and Dickson",Consulting,ZA
CLI002930,"Henry, Chan and Patterson",Finance,US
CLI002931,Malone Group,Healthcare,AU
CLI002932,Mccullough-Mcguire,Consulting,FR
CLI002933,Lewis-Harris,Technology,DE
CLI002934,"Patterson, Jones and Brown",Finance,IN
CLI002935,White PLC,Retail,US
CLI002936,Smith Inc,Healthcare,ZA
CLI002937,Gray-Shaw,Healthcare,BR
CLI002938,"Lewis, Harper and Taylor",Consulting,CA
CLI002939,Martin and Sons,Consulting,UK
CLI002940,"Meadows, Reyes and White",Technology,IN
CLI002941,"Morris, Parsons and White",Consulting,UK
CLI002942,Holloway Group,Finance,IN
CLI002943,Welch Ltd,Healthcare,FR
CLI002944,Sullivan-Berry,Healthcare,ZA
CLI002945,Oliver-Barnett,Technology,US
CLI002946,Trevino Inc,Retail,IN
CLI002947,Kennedy-Brewer,Technology,US
CLI002948,Evans and Sons,Technology,AU
CLI002949,"Neal, Fowler and Jones",Finance,AU
CLI002950,"Foley, Monroe and Moore",Healthcare,IN
CLI002951,"Mccann, Adams and Cooper",Healthcare,ZA
CLI002952,Jennings-Williams,Consulting,FR
CLI002953,"Phillips, Berry and Spears",Healthcare,ZA
CLI002954,Parker-Myers,Retail,US
CLI002955,Mclaughlin-Pierce,Technology,CA
CLI002956,"Hawkins, Day and Garcia",Technology,FR
CLI002957,Moran-Morgan,Consulting,FR
CLI002958,"Simpson, Fisher and Griffin",Finance,BR
CLI002959,"Brock, Guzman and Hubbard",Manufacturing,FR
CLI002960,Moon-Kirk,Technology,JP
CLI002961,"Henderson, Lara and Martin",Consulting,AU
CLI002962,"Hart, Lawson and Weaver",Consulting,ZA
CLI002963,Freeman-Aguirre,Consulting,AU
CLI002964,Price-Adams,Finance,US
CLI002965,"Morgan, Davis and French",Technology,UK
CLI002966,Lloyd-Wagner,Retail,US
CLI002967,Allen-Ruiz,Consulting,CA
CLI002968,Berger Ltd,Finance,ZA
CLI002969,Williams and Sons,Consulting,CA
CLI002970,Anderson-Clark,Finance,US
CLI002971,Summers and Sons,Technology,ZA
CLI002972,Wheeler LLC,Healthcare,US
CLI002973,Ferguson-Gutierrez,Finance,AU
CLI002974,Lester-Stanley,Finance,US
CLI002975,Booker-Robbins,Technology,DE
CLI002976,Deleon PLC,Manufacturing,JP
CLI002977,Moore-Smith,Technology,CA
CLI002978,Smith Inc,Manufacturing,UK
CLI002979,"Willis, Smith and Gordon",Consulting,CA
CLI002980,"Rogers, Torres and Garrett",Technology,ZA
CLI002981,"Walker, Cherry and Doyle",Consulting,BR
CLI002982,"Austin, Alvarado and Morales",Manufacturing,AU
CLI002983,Prince PLC,Finance,ZA
CLI002984,Wagner and Sons,Healthcare,JP
CLI002985,"Green, Greene and Owens",Finance,AU
CLI002986,Torres Inc,Consulting,AU
CLI002987,Tate Group,Healthcare,ZA
CLI002988,Adams-Castaneda,Technology,IN
CLI002989,Lawrence-Brooks,Retail,AU
CLI002990,"Johnson, Wilson and Hall",Technology,UK
CLI002991,"Smith, Wood and Martin",Retail,US
CLI002992,Martin and Sons,Manufacturing,FR
CLI002993,Moore-Crawford,Technology,ZA
CLI002994,Hernandez-Aguilar,Retail,US
CLI002995,Gallagher and Sons,Retail,ZA
CLI002996,Miller-Walker,Technology,JP
CLI002997,"Franklin, White and Dixon",Manufacturing,UK
CLI002998,Vincent-Fernandez,Consulting,DE
CLI002999,Patton and Sons,Retail,FR
CLI003000,Smith-Mann,Technology,CA
CLI003001,Garcia Ltd,Retail,BR
CLI003002,Herring PLC,Healthcare,JP
CLI003003,Mendoza Ltd,Consulting,IN
CLI003004,Dickerson Inc,Consulting,BR
CLI003005,Robinson and Sons,Manufacturing,BR
CLI003006,Davis-Kelley,Healthcare,CA
CLI003007,Anderson-Potts,Consulting,ZA
CLI003008,Taylor-White,Finance,AU
CLI003009,"Jenkins, Myers and Smith",Technology,US
CLI003010,Smith Inc,Retail,DE
CLI003011,Brewer Inc,Retail,FR
CLI003012,"Campbell, Long and Rojas",Healthcare,IN
CLI003013,"Mathews, Adams and Rice",Technology,AU
CLI003014,Henderson and Sons,Finance,BR
CLI003015,"Hamilton, Wyatt and Solis",Technology,AU
CLI003016,Bell-Black,Retail,UK
CLI003017,"Gilbert, Walsh and Wyatt",Retail,BR
CLI003018,Gonzalez Ltd,Healthcare,AU
CLI003019,Walter Inc,Retail,IN
CLI003020,"Rose, Rogers and Higgins",Healthcare,IN
CLI003021,Hansen-Richardson,Retail,UK
CLI003022,"Acevedo, Garcia and Robinson",Healthcare,JP
CLI003023,"Sheppard, Trujillo and Smith",Manufacturing,IN
CLI003024,"Brooks, Paul and Ramirez",Consulting,US
CLI003025,"Young, Morrison and Hill",Consulting,IN
CLI003026,"Berry, Hamilton and Li",Consulting,ZA
CLI003027,George Inc,Finance,IN
CLI003028,Hamilton and Sons,Healthcare,BR
CLI003029,"Houston, Jones and Nash",Technology,AU
CLI003030,Murphy-Nelson,Technology,UK
CLI003031,"Tran, Johnson and Santana",Manufacturing,US
CLI003032,"Stevens, Valenzuela and Mccormick",Consulting,US
CLI003033,Harper-Barton,Consulting,DE
CLI003034,Wilson LLC,Healthcare,US
CLI003035,Harris Ltd,Technology,BR
CLI003036,"Duncan, Hunt and Aguilar",Manufacturing,JP
CLI003037,"Patel, Huff and Johnson",Manufacturing,DE
CLI003038,"Everett, Parker and Lewis",Finance,CA
CLI003039,Novak LLC,Finance,US
CLI003040,Garcia Ltd,Technology,UK
CLI003041,Simpson Ltd,Retail,DE
CLI003042,"Meyers, Adkins and Bates",Finance,FR
CLI003043,"Cook, Cole and Mcdonald",Manufacturing,IN
CLI003044,Parker-Savage,Healthcare,US
CLI003045,Young LLC,Retail,AU
CLI003046,Allen-Norris,Manufacturing,AU
CLI003047,"White, Romero and Brown",Manufacturing,JP
CLI003048,"Harris, Martin and Brown",Healthcare,FR
CLI003049,"Nelson, Duran and Cole",Finance,ZA
CLI003050,Cole Inc,Finance,UK
CLI003051,Little Ltd,Consulting,ZA
CLI003052,Shelton Inc,Retail,ZA
CLI003053,Ross Group,Finance,CA
CLI003054,Brown-Smith,Technology,DE
CLI003055,"Serrano, Garcia and Cherry",Finance,BR
CLI003056,"Cisneros, Williams and Cohen",Consulting,DE
CLI003057,"Johnson, Moore and Brown",Technology,IN
CLI003058,Evans PLC,Retail,IN
CLI003059,"Gross, Hawkins and Krueger",Healthcare,AU
CLI003060,"Alvarez, Case and Shaw",Finance,JP
CLI003061,Fox-Owens,Healthcare,UK
CLI003062,Anderson Ltd,Retail,FR
CLI003063,"Garcia, Weiss and Cruz",Consulting,US
CLI003064,Hatfield-Miller,Finance,ZA
CLI003065,Rose Group,Retail,US
CLI003066,Patterson-Brown,Technology,UK
CLI003067,Hawkins-White,Finance,AU
CLI003068,Colon-West,Consulting,BR
CLI003069,Parker-Johnson,Technology,JP
CLI003070,Hernandez-Alvarez,Finance,IN
CLI003071,Rivas Inc,Consulting,DE
CLI003072,Munoz-Wells,Technology,IN
CLI003073,"Walter, Boyd and Bowers",Consulting,ZA
CLI003074,"Roberts, Taylor and Munoz",Technology,IN
CLI003075,Thompson-Downs,Manufacturing,AU
CLI003076,Reyes Inc,Manufacturing,UK
CLI003077,"Jimenez, Jackson and Smith",Retail,ZA
CLI003078,Schroeder-Jones,Consulting,US
CLI003079,Spencer and Sons,Manufacturing,AU
CLI003080,"Hart, Martinez and Harmon",Retail,UK
CLI003081,"Hammond, Gentry and Thornton",Technology,UK
CLI003082,Abbott-Hunter,Retail,JP
CLI003083,Ramirez Inc,Manufacturing,BR
CLI003084,Lopez Inc,Healthcare,AU
CLI003085,Franco Inc,Manufacturing,JP
CLI003086,"Hunter, Garcia and Daniel",Consulting,UK
CLI003087,"Smith, Martin and Walker",Healthcare,ZA
CLI003088,"Watkins, Wallace and Lee",Consulting,ZA
CLI003089,"Hendrix, Boyd and Wells",Consulting,FR
CLI003090,Rowe Group,Finance,FR
CLI003091,"Nunez, Williams and Lawrence",Retail,UK
CLI003092,Higgins-Scott,Manufacturing,JP
CLI003093,"Garcia, Valentine and Griffith",Consulting,US
CLI003094,Ferguson LLC,Healthcare,US
CLI003095,Hayes and Sons,Retail,BR
CLI003096,Pennington Group,Consulting,JP
CLI003097,"Skinner, Hayden and Nelson",Finance,ZA
CLI003098,Hall-Lopez,Manufacturing,UK
CLI003099,Davis Inc,Manufacturing,DE
CLI003100,Simmons Inc,Manufacturing,IN
CLI003101,Anderson PLC,Retail,ZA
CLI003102,Benjamin and Sons,Manufacturing,IN
CLI003103,"Moore, Johnson and Bray",Healthcare,CA
CLI003104,"Pearson, Glass and Smith",Technology,CA
CLI003105,Williams Inc,Manufacturing,UK
CLI003106,Warren-Cooper,Finance,IN
CLI003107,Johnson-Davenport,Finance,FR
CLI003108,"Robertson, Jackson and Ramos",Technology,US
CLI003109,Cruz-Bernard,Manufacturing,IN
CLI003110,Pratt Group,Manufacturing,BR
CLI003111,Lynch PLC,Manufacturing,CA
CLI003112,Burns Group,Consulting,IN
CLI003113,Wood LLC,Finance,BR
CLI003114,"Gardner, Hardin and Humphrey",Technology,IN
CLI003115,"Mcdaniel, Franklin and Garcia",Technology,CA
CLI003116,Washington Ltd,Healthcare,CA
CLI003117,White-Lee,Healthcare,FR
CLI003118,Rose Inc,Consulting,BR
CLI003119,Lucas Ltd,Consulting,IN
CLI003120,"Schneider, Aguirre and Hammond",Consulting,JP
CLI003121,Austin LLC,Technology,UK
CLI003122,Cox-Fitzpatrick,Healthcare,DE
CLI003123,Kelly Group,Manufacturing,ZA
CLI003124,"Vega, Winters and Elliott",Consulting,BR
CLI003125,Joseph PLC,Consulting,US
CLI003126,Mendoza LLC,Consulting,IN
CLI003127,Rios Inc,Finance,US
CLI003128,"Jackson, Garrison and Howell",Consulting,US
CLI003129,Williams-Escobar,Technology,BR
CLI003130,Cooper-Clark,Consulting,CA
CLI003131,Bond-Brooks,Finance,IN
CLI003132,"Thomas, Snyder and Taylor",Finance,IN
CLI003133,"Higgins, Davis and King",Retail,FR
CLI003134,Wolfe LLC,Finance,AU
CLI003135,Clark LLC,Finance,UK
CLI003136,"Martinez, Taylor and Brown",Consulting,AU
CLI003137,Garcia PLC,Technology,BR
CLI003138,Pitts-Davis,Manufacturing,IN
CLI003139,"Lopez, Rich and Robinson",Retail,UK
CLI003140,Tucker and Sons,Technology,AU
CLI003141,"Williams, Smith and Burns",Healthcare,DE
CLI003142,Davis and Sons,Finance,DE
CLI003143,Reese Inc,Consulting,US
CLI003144,Stone and Sons,Healthcare,US
CLI003145,Bernard Inc,Finance,ZA
CLI003146,"Grant, Reese and Kirk",Retail,FR
CLI003147,Robertson-Rich,Healthcare,FR
CLI003148,Mitchell and Sons,Manufacturing,DE
CLI003149,Jones PLC,Manufacturing,UK
CLI003150,Kelly Inc,Finance,JP
CLI003151,Anderson Inc,Technology,IN
CLI003152,Cline-Kelly,Consulting,US
CLI003153,Mclean-Green,Manufacturing,IN
CLI003154,Massey Ltd,Retail,UK
CLI003155,"Irwin, Miller and Hooper",Retail,UK
CLI003156,"Baker, Harris and Bennett",Retail,CA
CLI003157,Ward Ltd,Technology,ZA
CLI003158,"Wright, Sharp and Jones",Manufacturing,IN
CLI003159,Washington-Silva,Finance,JP
CLI003160,Guerrero-Ramos,Technology,UK
CLI003161,Bishop Group,Finance,CA
CLI003162,"Espinoza, Avila and Taylor",Healthcare,JP
CLI003163,Brown Inc,Manufacturing,UK
CLI003164,"Miranda, Walker and Anderson",Retail,DE
CLI003165,"Jenkins, Chavez and Franco",Finance,IN
CLI003166,Thomas-Wolfe,Technology,ZA
CLI003167,Schmitt-Cole,Technology,BR
CLI003168,Stephens-Steele,Retail,DE
CLI003169,Reynolds-Barnes,Manufacturing,US
CLI003170,"Jones, Roberts and Monroe",Healthcare,US
CLI003171,Cruz-Riggs,Manufacturing,DE
CLI003172,"Booth, Cox and Herrera",Retail,AU
CLI003173,Hull-Scott,Retail,DE
CLI003174,Holder LLC,Retail,US
CLI003175,Freeman LLC,Consulting,BR
CLI003176,Martin-Jones,Finance,DE
CLI003177,Bradford-Swanson,Manufacturing,UK
CLI003178,Young Group,Retail,JP
CLI003179,Meadows-Hernandez,Healthcare,AU
CLI003180,"Sheppard, Avery and Reed",Healthcare,US
CLI003181,"Williams, Sampson and Smith",Healthcare,ZA
CLI003182,Wilson-Nelson,Healthcare,CA
CLI003183,White LLC,Retail,US
CLI003184,Lynch-Sutton,Retail,DE
CLI003185,Bishop Inc,Consulting,BR
CLI003186,Mcmillan Group,Manufacturing,CA
CLI003187,Foster-Wells,Consulting,BR
CLI003188,"Thompson, Dickerson and Deleon",Manufacturing,BR
CLI003189,Espinoza LLC,Healthcare,DE
CLI003190,French LLC,Healthcare,US
CLI003191,Key-Perkins,Retail,ZA
CLI003192,Baker Inc,Retail,IN
CLI003193,"Mitchell, Green and Perkins",Finance,BR
CLI003194,Coleman Inc,Retail,IN
CLI003195,Boyd-White,Retail,IN
CLI003196,"Keith, Reed and White",Technology,UK
CLI003197,"Matthews, Alvarez and Chase",Finance,CA
CLI003198,Erickson Ltd,Finance,CA
CLI003199,Houston Group,Consulting,DE
CLI003200,Choi LLC,Consulting,IN
CLI003201,Campbell Group,Consulting,AU
CLI003202,Hernandez-Baker,Consulting,JP
CLI003203,Pitts-Parker,Healthcare,AU
CLI003204,Franco PLC,Technology,IN
CLI003205,Wilcox PLC,Manufacturing,JP
CLI003206,"Daugherty, Bradshaw and Moore",Manufacturing,US
CLI003207,Freeman-Miller,Manufacturing,FR
CLI003208,Savage-Wright,Technology,ZA
CLI003209,"Dean, Mays and Stevens",Retail,ZA
CLI003210,Hale-Benson,Consulting,IN
CLI003211,Gomez-Bailey,Consulting,BR
CLI003212,Jimenez Group,Consulting,CA
CLI003213,Thomas PLC,Consulting,UK
CLI003214,Pacheco PLC,Manufacturing,ZA
CLI003215,Davidson LLC,Healthcare,DE
CLI003216,Flynn-Reed,Finance,BR
CLI003217,Rodriguez-Meyer,Healthcare,JP
CLI003218,Turner Group,Finance,BR
CLI003219,"Green, Lee and Moore",Retail,CA
CLI003220,Francis Inc,Healthcare,IN
CLI003221,"Reese, Gray and Gomez",Healthcare,US
CLI003222,Walters-Garcia,Finance,JP
CLI003223,Rangel Inc,Finance,BR
CLI003224,"Deleon, Nelson and Jordan",Finance,CA
CLI003225,Bailey-Espinoza,Consulting,US
CLI003226,Diaz-Nguyen,Technology,BR
CLI003227,Shelton and Sons,Consulting,UK
CLI003228,"Stewart, Smith and Walsh",Consulting,AU
CLI003229,Porter-Black,Retail,JP
CLI003230,Baker Group,Technology,DE
CLI003231,Peters PLC,Consulting,AU
CLI003232,"Mathis, Mullen and Moss",Healthcare,CA
CLI003233,Lee-Matthews,Consulting,FR
CLI003234,Benitez-Harper,Consulting,DE
CLI003235,Watson Inc,Consulting,ZA
CLI003236,Baker-Price,Retail,CA
CLI003237,"Hood, Carroll and Miller",Retail,AU
CLI003238,"Smith, Chandler and Williams",Manufacturing,DE
CLI003239,"Skinner, Galvan and Landry",Consulting,CA
CLI003240,"Kennedy, Morgan and Ramos",Finance,AU
CLI003241,"Hughes, Mueller and Miller",Finance,AU
CLI003242,Griffin-Neal,Healthcare,DE
CLI003243,Watts LLC,Retail,ZA
CLI003244,Davidson-Wong,Retail,CA
CLI003245,"Anderson, Harris and Hanna",Consulting,DE
CLI003246,Swanson-Henry,Manufacturing,ZA
CLI003247,"Fields, Lewis and Garza",Technology,DE
CLI003248,Gilbert LLC,Finance,DE
CLI003249,Lowe Inc,Finance,CA
CLI003250,"Reynolds, Williamson and Hunt",Finance,UK
CLI003251,"Mays, Page and Arroyo",Healthcare,AU
CLI003252,Smith-Thomas,Technology,AU
CLI003253,Lee Group,Consulting,JP
CLI003254,Cordova-Brewer,Manufacturing,US
CLI003255,Miller Group,Manufacturing,AU
CLI003256,Shaw Ltd,Manufacturing,CA
CLI003257,Soto-Parker,Healthcare,UK
CLI003258,Ashley-Waller,Retail,IN
CLI003259,"Reynolds, Williams and Anderson",Finance,ZA
CLI003260,Estes LLC,Healthcare,AU
CLI003261,"Singh, Allen and Myers",Retail,ZA
CLI003262,"Mcneil, Miller and Gutierrez",Healthcare,DE
CLI003263,Sellers-Richards,Finance,FR
CLI003264,Guzman LLC,Finance,UK
CLI003265,Allen Inc,Retail,US
CLI003266,Hawkins Group,Finance,CA
CLI003267,Harper Group,Healthcare,BR
CLI003268,"Rose, Rivas and Morris",Technology,ZA
CLI003269,Gonzalez PLC,Finance,CA
CLI003270,"Smith, Fuller and Collins",Technology,DE
CLI003271,"Johnson, Poole and Scott",Technology,CA
CLI003272,Marshall-Marquez,Consulting,CA
CLI003273,Gardner-Johnson,Manufacturing,JP
CLI003274,Obrien Group,Finance,BR
CLI003275,Avery-Miller,Retail,IN
CLI003276,"Washington, Quinn and Mosley",Healthcare,UK
CLI003277,Simpson-Armstrong,Healthcare,AU
CLI003278,"Torres, Blackburn and Young",Consulting,BR
CLI003279,Weber-Conley,Retail,US
CLI003280,Tyler LLC,Retail,ZA
CLI003281,Mejia Inc,Consulting,BR
CLI003282,Wilson Ltd,Finance,FR
CLI003283,Mason PLC,Consulting,UK
CLI003284,Neal-Browning,Technology,US
CLI003285,"Johnson, Lopez and Sanchez",Consulting,JP
CLI003286,Olson and Sons,Retail,UK
CLI003287,"Peters, Walters and Allen",Healthcare,JP
CLI003288,Schneider-Jensen,Finance,IN
CLI003289,"Holland, Sanchez and Joseph",Technology,UK
CLI003290,"Garcia, Chapman and Ferguson",Consulting,AU
CLI003291,"Patton, Rodriguez and Carpenter",Retail,JP
CLI003292,"Anderson, Taylor and Dixon",Manufacturing,UK
CLI003293,"Cuevas, Harding and Walker",Healthcare,CA
CLI003294,Murphy-Williams,Finance,IN
CLI003295,Pruitt-Thomas,Consulting,AU
CLI003296,"Schultz, Hanson and Mann",Consulting,CA
CLI003297,George-Jensen,Retail,IN
CLI003298,White-Dominguez,Retail,JP
CLI003299,Dean Group,Healthcare,CA
CLI003300,"Phillips, Adams and Robinson",Technology,FR
CLI003301,Lozano-Walker,Retail,UK
CLI003302,Johns Ltd,Consulting,BR
CLI003303,Burns-Yoder,Consulting,IN
CLI003304,"Cervantes, Ruiz and Short",Consulting,US
CLI003305,"Gardner, Coleman and Johnson",Retail,JP
CLI003306,"Brown, Rosario and Johnson",Consulting,AU
CLI003307,"Duarte, Jacobs and Gregory",Finance,IN
CLI003308,Romero Inc,Retail,FR
CLI003309,"Preston, Dudley and Rush",Finance,FR
CLI003310,"Lawson, Bowen and Mann",Retail,ZA
CLI003311,"Garza, Crosby and Griffin",Consulting,DE
CLI003312,"Harrington, Morales and Stanley",Retail,AU
CLI003313,Baker-Morgan,Finance,BR
CLI003314,Anderson Ltd,Technology,FR
CLI003315,Taylor-Coleman,Healthcare,UK
CLI003316,Arroyo-Wood,Consulting,US
CLI003317,Marshall Inc,Consulting,US
CLI003318,"Johnson, Case and Moore",Finance,AU
CLI003319,Barron-Terrell,Manufacturing,FR
CLI003320,Collins Ltd,Technology,UK
CLI003321,"Sampson, Allen and Miles",Healthcare,AU
CLI003322,"Bush, Flowers and Salazar",Consulting,JP
CLI003323,Swanson-Kirk,Technology,US
CLI003324,"Bauer, Ortiz and Giles",Finance,US
CLI003325,Murray-Jacobs,Consulting,FR
CLI003326,"Silva, Barnes and Gallegos",Consulting,IN
CLI003327,"Gutierrez, Perez and Nguyen",Technology,IN
CLI003328,Peck LLC,Finance,CA
CLI003329,"Gonzalez, Powell and Solis",Retail,AU
CLI003330,Kennedy-Perez,Technology,BR
CLI003331,Wright Inc,Technology,DE
CLI003332,Bray-Jones,Healthcare,ZA
CLI003333,Shaffer-Weber,Manufacturing,BR
CLI003334,Powell and Sons,Finance,UK
CLI003335,Mclaughlin-Bell,Manufacturing,DE
CLI003336,Clark Ltd,Retail,UK
CLI003337,Perez PLC,Technology,IN
CLI003338,Dominguez Group,Technology,BR
CLI003339,Wells Inc,Retail,BR
CLI003340,Smith-Hooper,Healthcare,ZA
CLI003341,Schroeder-Perkins,Consulting,AU
CLI003342,Nunez Inc,Manufacturing,IN
CLI003343,Carlson-Barker,Finance,DE
CLI003344,Martinez-Morales,Manufacturing,US
CLI003345,Lawson LLC,Manufacturing,IN
CLI003346,"Morse, Cherry and Gonzalez",Finance,FR
CLI003347,"Young, Wolfe and Campbell",Finance,AU
CLI003348,Wong-Strickland,Manufacturing,AU
CLI003349,"Munoz, Johnson and Copeland",Consulting,AU
CLI003350,Johnston Inc,Finance,BR
CLI003351,Stark Ltd,Finance,IN
CLI003352,Roach-Parker,Consulting,IN
CLI003353,West and Sons,Finance,FR
CLI003354,"Cox, Ortiz and Olsen",Finance,ZA
CLI003355,Hall-Davenport,Manufacturing,JP
CLI003356,Phillips PLC,Finance,ZA
CLI003357,Chen-Jones,Healthcare,US
CLI003358,Long Group,Retail,AU
CLI003359,"Sanchez, Mullins and Webster",Healthcare,BR
CLI003360,Garcia-James,Finance,BR
CLI003361,Santos-Brewer,Retail,BR
CLI003362,"Guerrero, Kelley and Jackson",Technology,DE
CLI003363,Buchanan-Galloway,Healthcare,JP
CLI003364,Schultz-Bryant,Retail,US
CLI003365,"Gonzalez, Carter and Bell",Technology,DE
CLI003366,Rodriguez Ltd,Manufacturing,US
CLI003367,Tucker Ltd,Technology,FR
CLI003368,Klein Inc,Finance,JP
CLI003369,Howard-Ruiz,Manufacturing,DE
CLI003370,"Perez, Glover and Wheeler",Technology,FR
CLI003371,Buckley and Sons,Finance,JP
CLI003372,"Hill, Thornton and Patterson",Retail,BR
CLI003373,Kelly-Huang,Technology,US
CLI003374,"Williams, Hunt and Jackson",Retail,US
CLI003375,Smith-Guzman,Finance,UK
CLI003376,Coleman LLC,Technology,DE
CLI003377,"Guerra, Mack and Cummings",Consulting,AU
CLI003378,Morton Ltd,Finance,JP
CLI003379,Snyder-Frazier,Consulting,JP
CLI003380,"Smith, Anderson and Moore",Consulting,JP
CLI003381,Mullins LLC,Consulting,IN
CLI003382,Pearson LLC,Retail,UK
CLI003383,"Smith, Moreno and Brown",Consulting,DE
CLI003384,Olson and Sons,Manufacturing,CA
CLI003385,"Rogers, White and Cobb",Retail,CA
CLI003386,"Wilson, Christian and Pena",Finance,FR
CLI003387,"Bean, Whitehead and Farley",Retail,AU
CLI003388,"Cunningham, Gibson and Ashley",Finance,CA
CLI003389,Miller Inc,Finance,IN
CLI003390,Dawson-Cooper,Consulting,BR
CLI003391,Ellison-Bryan,Finance,IN
CLI003392,Mcdaniel Inc,Consulting,IN
CLI003393,Moyer Group,Technology,JP
CLI003394,Cannon Inc,Manufacturing,UK
CLI003395,Jones-Nichols,Healthcare,CA
CLI003396,"Moran, Hughes and Garrison",Healthcare,IN
CLI003397,"Richardson, Morse and Williams",Consulting,JP
CLI003398,Mendoza Inc,Finance,ZA
CLI003399,Russell-Wilson,Finance,IN
CLI003400,Potter and Sons,Retail,AU
CLI003401,Shaw Group,Retail,US
CLI003402,Porter-Moss,Manufacturing,IN
CLI003403,Padilla-Mcguire,Finance,AU
CLI003404,Torres LLC,Consulting,AU
CLI003405,"Gonzalez, Johnson and Ward",Retail,US
CLI003406,"Bennett, Garcia and Farley",Consulting,BR
CLI003407,Escobar and Sons,Finance,FR
CLI003408,White-Perkins,Consulting,UK
CLI003409,Taylor-Dunlap,Manufacturing,UK
CLI003410,Gonzalez Group,Healthcare,US
CLI003411,Davis Group,Consulting,DE
CLI003412,Perez LLC,Healthcare,FR
CLI003413,"Jones, Martin and Anderson",Finance,UK
CLI003414,Ruiz-Fowler,Retail,US
CLI003415,Molina-Evans,Finance,AU
CLI003416,Castro-Ali,Healthcare,JP
CLI003417,Case Group,Consulting,UK
CLI003418,"Young, Reed and Parker",Healthcare,JP
CLI003419,Farrell-Rice,Technology,IN
CLI003420,"Larson, Harris and Carlson",Finance,UK
CLI003421,Daniels and Sons,Finance,DE
CLI003422,Armstrong-Jackson,Consulting,DE
CLI003423,Owen LLC,Manufacturing,US
CLI003424,Holloway-Atkinson,Consulting,CA
CLI003425,Rivera-Cox,Finance,DE
CLI003426,Gonzalez and Sons,Consulting,ZA
CLI003427,"Olson, Garcia and Taylor",Consulting,FR
CLI003428,Johnson-Daniels,Retail,AU
CLI003429,Reilly-Mcgrath,Healthcare,UK
CLI003430,Valdez-Lam,Retail,CA
CLI003431,Jimenez LLC,Healthcare,US
CLI003432,Simpson-Ramsey,Healthcare,AU
CLI003433,Wagner-Middleton,Technology,ZA
CLI003434,Smith-Miller,Consulting,IN
CLI003435,"Ruiz, Hammond and Jackson",Healthcare,UK
CLI003436,Mendoza-Summers,Retail,UK
CLI003437,Mooney Ltd,Technology,CA
CLI003438,Bowman Group,Manufacturing,UK
CLI003439,Becker-Bennett,Healthcare,AU
CLI003440,Freeman PLC,Healthcare,DE
CLI003441,"Alvarez, Perry and Watson",Manufacturing,US
CLI003442,Mcdaniel Ltd,Manufacturing,UK
CLI003443,"Graham, Baker and Johnson",Manufacturing,DE
CLI003444,Wilson and Sons,Manufacturing,BR
CLI003445,Tate Ltd,Retail,AU
CLI003446,Jenkins and Sons,Retail,JP
CLI003447,Grimes Group,Finance,AU
CLI003448,"Pineda, Holloway and Bailey",Retail,US
CLI003449,Davis-Ayers,Finance,US
CLI003450,Wallace-Hall,Healthcare,US
CLI003451,Franklin-Meadows,Retail,IN
CLI003452,Brown Group,Consulting,IN
CLI003453,Green and Sons,Technology,US
CLI003454,"Shaffer, Vaughn and Hall",Consulting,ZA
CLI003455,"Sanchez, Salazar and Simmons",Technology,FR
CLI003456,Johnson-Tate,Consulting,IN
CLI003457,Pope and Sons,Finance,UK
CLI003458,Young-Hoffman,Technology,CA
CLI003459,Little-Williams,Manufacturing,BR
CLI003460,"Washington, Lopez and Sandoval",Consulting,BR
CLI003461,Brown PLC,Manufacturing,DE
CLI003462,Johnson-Hamilton,Retail,DE
CLI003463,Davis-Washington,Manufacturing,JP
CLI003464,Ross PLC,Retail,FR
CLI003465,"Lamb, Moyer and Mitchell",Manufacturing,US
CLI003466,Higgins-Carter,Retail,JP
CLI003467,Sullivan LLC,Technology,BR
CLI003468,Brooks-Lewis,Retail,IN
CLI003469,"Decker, Lynn and Lyons",Retail,FR
CLI003470,Guerra-White,Technology,BR
CLI003471,Anderson Group,Finance,ZA
CLI003472,Chaney-Webb,Retail,IN
CLI003473,Strickland-Hutchinson,Consulting,DE
CLI003474,"Martinez, Chang and Bauer",Retail,US
CLI003475,"Fitzgerald, Horn and Walter",Consulting,AU
CLI003476,"Hunter, Brock and Harris",Manufacturing,ZA
CLI003477,Hall-Olson,Manufacturing,JP
CLI003478,Arnold and Sons,Consulting,FR
CLI003479,"Rivera, Brown and Hall",Retail,JP
CLI003480,Anthony Inc,Finance,AU
CLI003481,Erickson-Wilson,Consulting,BR
CLI003482,"Smith, Rojas and Ramirez",Consulting,ZA
CLI003483,"Adams, Reid and Wright",Finance,CA
CLI003484,Burns Group,Manufacturing,UK
CLI003485,Carter-Frost,Consulting,UK
CLI003486,"Stewart, White and Riley",Healthcare,DE
CLI003487,Young-Valdez,Finance,CA
CLI003488,Hanson-Beck,Manufacturing,US
CLI003489,Park Ltd,Consulting,ZA
CLI003490,Martin-Green,Finance,AU
CLI003491,Knapp and Sons,Technology,BR
CLI003492,"Carlson, Watts and Black",Technology,IN
CLI003493,"Moreno, Baird and Carter",Technology,IN
CLI003494,"Payne, Fowler and Blake",Technology,ZA
CLI003495,"Bishop, Wood and Hernandez",Technology,AU
CLI003496,Shaw-Hanson,Retail,AU
CLI003497,Edwards-Garcia,Healthcare,DE
CLI003498,"Bolton, Green and Mcdonald",Manufacturing,CA
CLI003499,Lee Group,Healthcare,FR
CLI003500,"Parker, Mckinney and Gonzalez",Technology,FR
CLI003501,Taylor-Jordan,Technology,US
CLI003502,Johnson-Davies,Retail,IN
CLI003503,"Kidd, Castaneda and Leblanc",Retail,JP
CLI003504,Lyons-Lee,Healthcare,DE
CLI003505,Sanders PLC,Manufacturing,CA
CLI003506,Young-Williams,Retail,DE
CLI003507,"Ellison, Lewis and James",Healthcare,DE
CLI003508,"Spencer, Sanchez and Gross",Retail,ZA
CLI003509,"Gomez, Wood and Gallegos",Retail,ZA
CLI003510,Bowen Group,Technology,CA
CLI003511,Santiago Ltd,Finance,DE
CLI003512,Garner Inc,Healthcare,DE
CLI003513,Lowe and Sons,Consulting,DE
CLI003514,"Peterson, Carter and Collins",Healthcare,US
CLI003515,Stewart-Johnson,Technology,AU
CLI003516,"Daniels, Osborne and Duke",Retail,US
CLI003517,"Jackson, Lopez and Jackson",Healthcare,BR
CLI003518,"Ramirez, Ruiz and Massey",Consulting,AU
CLI003519,Chapman Group,Retail,BR
CLI003520,Miller Inc,Technology,BR
CLI003521,"Wright, Franco and Clark",Consulting,ZA
CLI003522,Lane Ltd,Healthcare,DE
CLI003523,Gay and Sons,Retail,ZA
CLI003524,Edwards Group,Finance,ZA
CLI003525,Marquez-Young,Retail,FR
CLI003526,Meyer-Robinson,Technology,UK
CLI003527,Hunter and Sons,Consulting,ZA
CLI003528,Phelps Group,Finance,AU
CLI003529,Dawson and Sons,Consulting,ZA
CLI003530,Ramos Inc,Finance,DE
CLI003531,Richmond and Sons,Finance,AU
CLI003532,"Reyes, Duncan and Lambert",Consulting,US
CLI003533,Hall Ltd,Manufacturing,AU
CLI003534,Gonzales-Fernandez,Consulting,FR
CLI003535,"Burns, Miller and Moon",Finance,US
CLI003536,Miller PLC,Healthcare,AU
CLI003537,"Pineda, Walker and Wright",Finance,UK
CLI003538,Cole-Martinez,Finance,JP
CLI003539,Taylor-Frank,Retail,FR
CLI003540,Adkins LLC,Retail,BR
CLI003541,"Kelly, Valentine and Mills",Finance,CA
CLI003542,Moore-Doyle,Healthcare,UK
CLI003543,"Mccormick, Campos and Parker",Healthcare,ZA
CLI003544,Johnson-Sanders,Manufacturing,JP
CLI003545,Jenkins LLC,Manufacturing,JP
CLI003546,"Anderson, Scott and Tran",Manufacturing,AU
CLI003547,"Diaz, Bryant and Gregory",Healthcare,DE
CLI003548,Lewis-Hall,Retail,CA
CLI003549,Alexander Group,Finance,DE
CLI003550,"Smith, Bradley and Trujillo",Healthcare,CA
CLI003551,Brown and Sons,Healthcare,CA
CLI003552,Kelley Inc,Healthcare,BR
CLI003553,Wright-Lewis,Technology,CA
CLI003554,Patterson-Fields,Manufacturing,CA
CLI003555,Walsh-Young,Retail,UK
CLI003556,"Smith, Morrison and Weber",Manufacturing,ZA
CLI003557,Peterson-Johnson,Finance,ZA
CLI003558,Sanders Inc,Finance,ZA
CLI003559,"Estrada, Munoz and Reynolds",Healthcare,CA
CLI003560,Brown-Todd,Retail,ZA
CLI003561,Rivera Inc,Finance,CA
CLI003562,Rios Ltd,Healthcare,ZA
CLI003563,Hernandez-Morrison,Healthcare,DE
CLI003564,Ramirez PLC,Manufacturing,US
CLI003565,"Howard, Norris and Herrera",Finance,JP
CLI003566,Sullivan and Sons,Finance,IN
CLI003567,Long-Fisher,Manufacturing,US
CLI003568,Jones PLC,Manufacturing,AU
CLI003569,Richardson LLC,Finance,DE
CLI003570,"Wilson, Patton and Johnson",Consulting,ZA
CLI003571,Richards-Norton,Consulting,FR
CLI003572,"King, White and Morris",Manufacturing,BR
CLI003573,Smith and Sons,Consulting,JP
CLI003574,"West, Jimenez and Hardy",Manufacturing,JP
CLI003575,Roy-Villarreal,Technology,CA
CLI003576,"Lucas, Mcintosh and White",Finance,BR
CLI003577,Ayers Ltd,Technology,UK
CLI003578,Sullivan-Schroeder,Retail,ZA
CLI003579,Schultz-Welch,Technology,IN
CLI003580,"Thompson, Reed and Rocha",Technology,IN
CLI003581,"Clark, Gonzalez and Curtis",Technology,FR
CLI003582,Meyer LLC,Healthcare,FR
CLI003583,Cooper-Lee,Manufacturing,CA
CLI003584,"Oconnell, Stevens and Zimmerman",Finance,AU
CLI003585,"Richard, Calderon and Frye",Consulting,CA
CLI003586,Diaz-Roberts,Healthcare,DE
CLI003587,"Brown, Cruz and Meadows",Retail,AU
CLI003588,Richard-Phillips,Finance,ZA
CLI003589,Larson-David,Technology,IN
CLI003590,"Ward, Brown and Quinn",Technology,BR
CLI003591,Miller-Fisher,Healthcare,US
CLI003592,Vargas-Lopez,Manufacturing,CA
CLI003593,"Pearson, Davis and Turner",Healthcare,DE
CLI003594,"Jordan, Hancock and Faulkner",Technology,DE
CLI003595,Bryant-Benson,Consulting,IN
CLI003596,Anderson PLC,Finance,ZA
CLI003597,"Meadows, Ware and Turner",Technology,ZA
CLI003598,White-Delgado,Finance,US
CLI003599,Kelly-Graham,Technology,AU
CLI003600,"Cooper, Durham and Reyes",Technology,IN
CLI003601,Cabrera and Sons,Consulting,BR
CLI003602,"Smith, Brooks and Krause",Healthcare,FR
CLI003603,Myers LLC,Healthcare,DE
CLI003604,Kirk-Miller,Consulting,JP
CLI003605,Benson-Hansen,Retail,ZA
CLI003606,Cruz-Mitchell,Healthcare,BR
CLI003607,Davis-Parker,Healthcare,ZA
CLI003608,Rose-Zimmerman,Technology,FR
CLI003609,Scott Group,Retail,JP
CLI003610,"Ford, Lawson and Branch",Manufacturing,UK
CLI003611,Villarreal-Parsons,Finance,ZA
CLI003612,"Roberts, Lin and Hogan",Healthcare,UK
CLI003613,Henson Group,Manufacturing,AU
CLI003614,Adams-Keller,Finance,CA
CLI003615,"Campbell, Warner and Smith",Consulting,CA
CLI003616,Howe Group,Retail,AU
CLI003617,Richardson-Garcia,Finance,DE
CLI003618,Bass Group,Technology,UK
CLI003619,Morales PLC,Manufacturing,BR
CLI003620,Horn LLC,Healthcare,JP
CLI003621,"Gonzalez, Robinson and Davis",Finance,US
CLI003622,"Chavez, Jones and Gonzalez",Finance,CA
CLI003623,Castro Group,Retail,BR
CLI003624,Young-Stanley,Consulting,IN
CLI003625,Chan-Cook,Technology,IN
CLI003626,Hanna-Conrad,Finance,BR
CLI003627,Pitts Group,Retail,CA
CLI003628,Richardson-Ray,Finance,CA
CLI003629,"Newton, Smith and Newton",Retail,CA
CLI003630,Adams Group,Consulting,BR
CLI003631,"Aguilar, Rogers and Smith",Technology,UK
CLI003632,"Williams, Carson and Brown",Finance,CA
CLI003633,Rodriguez-Ryan,Consulting,FR
CLI003634,Johnson-Sexton,Retail,ZA
CLI003635,Rodriguez-Perez,Consulting,JP
CLI003636,Lawson and Sons,Manufacturing,DE
CLI003637,Martinez-Rodriguez,Technology,US
CLI003638,Turner-Faulkner,Consulting,JP
CLI003639,Edwards-Guerrero,Consulting,AU
CLI003640,"Wright, Knight and Jones",Manufacturing,IN
CLI003641,Hicks-Berger,Retail,CA
CLI003642,"Gonzalez, Jenkins and Carter",Technology,ZA
CLI003643,Mejia-Newton,Consulting,IN
CLI003644,"Hammond, Parker and Chavez",Consulting,UK
CLI003645,Rios-Juarez,Retail,FR
CLI003646,"Torres, Tate and Burgess",Technology,CA
CLI003647,Baker PLC,Healthcare,FR
CLI003648,Landry-Shaw,Technology,BR
CLI003649,Walker-Martin,Finance,CA
CLI003650,Long-Lucas,Technology,AU
CLI003651,Hernandez Ltd,Finance,IN
CLI003652,Torres Group,Healthcare,JP
CLI003653,"Osborne, Diaz and Dennis",Finance,US
CLI003654,Cooper Inc,Manufacturing,IN
CLI003655,Stewart-Moore,Healthcare,ZA
CLI003656,Gilbert-Taylor,Retail,DE
CLI003657,King Group,Finance,AU
CLI003658,Alvarado PLC,Healthcare,FR
CLI003659,Collins-Harper,Finance,IN
CLI003660,"Ellison, Mullen and Turner",Finance,BR
CLI003661,Peterson Group,Finance,JP
CLI003662,David Group,Finance,ZA
CLI003663,"Moreno, James and Flowers",Finance,US
CLI003664,Ruiz-Gray,Finance,US
CLI003665,Patterson-Jones,Retail,AU
CLI003666,"Mckinney, Joyce and Fisher",Technology,ZA
CLI003667,Mcdonald-Potter,Finance,BR
CLI003668,"Nelson, Livingston and Lewis",Finance,US
CLI003669,"Conley, White and Lam",Finance,US
CLI003670,"Gutierrez, Cabrera and Flowers",Healthcare,BR
CLI003671,Morgan-Ryan,Retail,DE
CLI003672,"Harrington, Tran and Hart",Technology,FR
CLI003673,Beck-Clark,Consulting,UK
CLI003674,"Davis, Duran and Carroll",Retail,DE
CLI003675,Hall-Cantrell,Technology,AU
CLI003676,"Castillo, Ochoa and Hays",Retail,FR
CLI003677,Hernandez Inc,Retail,IN
CLI003678,Bell-Sullivan,Manufacturing,ZA
CLI003679,"Waters, Livingston and Parker",Healthcare,AU
CLI003680,"Zuniga, Johnson and Rose",Consulting,BR
CLI003681,Collins Group,Finance,US
CLI003682,"Gardner, Black and Richards",Consulting,CA
CLI003683,Gonzales-Dunn,Finance,AU
CLI003684,Simmons-Valdez,Technology,US
CLI003685,Velez LLC,Finance,IN
CLI003686,Frazier-Baker,Manufacturing,ZA
CLI003687,Payne LLC,Retail,CA
CLI003688,"Craig, Levine and Charles",Finance,IN
CLI003689,Campbell LLC,Finance,US
CLI003690,"Long, Garcia and Phillips",Consulting,CA
CLI003691,"Rose, Smith and Harmon",Technology,IN
CLI003692,"Woods, Rodriguez and Cooke",Manufacturing,IN
CLI003693,"Skinner, Bryant and Cooper",Retail,CA
CLI003694,"Bell, Ward and Hall",Manufacturing,UK
CLI003695,Howard-Taylor,Technology,US
CLI003696,Morales-Mcmillan,Consulting,FR
CLI003697,Robinson-Young,Finance,IN
CLI003698,Clark LLC,Healthcare,IN
CLI003699,Evans Ltd,Healthcare,US
CLI003700,"Garcia, Smith and Morgan",Retail,US
CLI003701,Lynn and Sons,Healthcare,DE
CLI003702,Ross-Nolan,Retail,JP
CLI003703,Parrish-Faulkner,Retail,UK
CLI003704,Dixon-Nguyen,Healthcare,FR
CLI003705,Leonard-Smith,Retail,CA
CLI003706,Delacruz Group,Manufacturing,UK
CLI003707,"Wiggins, Frazier and Rivers",Finance,ZA
CLI003708,"Meadows, Rogers and Jenkins",Technology,CA
CLI003709,Lewis-Thompson,Healthcare,DE
CLI003710,Wells Inc,Finance,JP
CLI003711,Blackburn-Krueger,Retail,JP
CLI003712,Brooks-Baker,Consulting,IN
CLI003713,Pittman-Blair,Consulting,FR
CLI003714,Kim Group,Healthcare,IN
CLI003715,Estrada-Shea,Technology,JP
CLI003716,Snyder LLC,Finance,IN
CLI003717,Rodriguez-Fleming,Manufacturing,AU
CLI003718,Kaiser-Cunningham,Manufacturing,US
CLI003719,Bennett-Dillon,Retail,AU
CLI003720,Wallace and Sons,Manufacturing,DE
CLI003721,"Ramirez, Smith and Perez",Consulting,CA
CLI003722,"Beasley, Pierce and Watson",Manufacturing,CA
CLI003723,"Adams, Miranda and Thompson",Finance,IN
CLI003724,"Morris, Shea and Perry",Finance,FR
CLI003725,Fields Ltd,Retail,BR
CLI003726,Beltran Inc,Technology,ZA
CLI003727,Boyer PLC,Technology,IN
CLI003728,Hunter-Serrano,Technology,IN
CLI003729,"Brown, Guzman and Jackson",Technology,UK
CLI003730,Hernandez-Harvey,Manufacturing,UK
CLI003731,Williams-Roberts,Manufacturing,FR
CLI003732,Moore and Sons,Finance,US
CLI003733,"Harris, Curry and Miller",Consulting,AU
CLI003734,Smith-Taylor,Retail,JP
CLI003735,"Baldwin, Marshall and Pearson",Technology,ZA
CLI003736,Clark and Sons,Retail,UK
CLI003737,Hall-Jordan,Retail,US
CLI003738,"Chandler, Owens and Rogers",Consulting,CA
CLI003739,"Webster, Johnson and Hamilton",Consulting,US
CLI003740,"Shah, Hart and Martinez",Manufacturing,BR
CLI003741,Hester Ltd,Healthcare,IN
CLI003742,"Taylor, Mitchell and Smith",Manufacturing,UK
CLI003743,"Butler, Contreras and Schmidt",Manufacturing,ZA
CLI003744,"Gill, Morris and Miller",Consulting,CA
CLI003745,"Campbell, Schwartz and Figueroa",Finance,AU
CLI003746,"Bailey, Walker and Saunders",Healthcare,ZA
CLI003747,"Snyder, Johnson and Cox",Retail,UK
CLI003748,Jackson and Sons,Finance,UK
CLI003749,Garza LLC,Finance,IN
CLI003750,Hanson Inc,Retail,FR
CLI003751,Andrews Inc,Finance,CA
CLI003752,"Roberts, Cook and David",Manufacturing,BR
CLI003753,"Williams, Martin and Alvarez",Finance,FR
CLI003754,"Randolph, Cervantes and Pineda",Technology,IN
CLI003755,"Silva, Simpson and Davis",Healthcare,AU
CLI003756,Howard LLC,Finance,IN
CLI003757,"Smith, Bridges and Parker",Retail,UK
CLI003758,Nelson Ltd,Retail,IN
CLI003759,"Ellison, Smith and Williams",Consulting,AU
CLI003760,Stone Inc,Manufacturing,CA
CLI003761,"Meyers, Green and Cole",Finance,DE
CLI003762,Gonzalez-Rich,Consulting,BR
CLI003763,Richard-Phillips,Consulting,US
CLI003764,"Gonzalez, Greer and Wilson",Finance,JP
CLI003765,"Allen, Boyle and Smith",Healthcare,BR
CLI003766,Cruz-Roberson,Healthcare,CA
CLI003767,Hahn-Lozano,Technology,FR
CLI003768,Johnson and Sons,Manufacturing,CA
CLI003769,"Cook, Phillips and Moreno",Retail,JP
CLI003770,Spencer-Gutierrez,Manufacturing,JP
CLI003771,Li Group,Healthcare,ZA
CLI003772,"Mcintosh, Gentry and Williams",Healthcare,US
CLI003773,Smith-Diaz,Technology,FR
CLI003774,Smith-Wallace,Technology,IN
CLI003775,"Smith, Walker and Lynch",Manufacturing,AU
CLI003776,Alvarado-Clark,Manufacturing,DE
CLI003777,Smith Ltd,Technology,AU
CLI003778,Allen and Sons,Healthcare,ZA
CLI003779,Miller and Sons,Consulting,BR
CLI003780,Clarke Ltd,Retail,FR
CLI003781,Sanchez-Moreno,Manufacturing,CA
CLI003782,West and Sons,Retail,IN
CLI003783,Daniels-Jackson,Consulting,DE
CLI003784,Barr and Sons,Finance,BR
CLI003785,Clark Group,Consulting,ZA
CLI003786,Carpenter-Livingston,Retail,AU
CLI003787,Cooper Ltd,Healthcare,BR
CLI003788,"Smith, Mckee and Jones",Retail,IN
CLI003789,Larson-Nguyen,Retail,FR
CLI003790,Carney Group,Finance,AU
CLI003791,Bradley Ltd,Healthcare,IN
CLI003792,"Rodriguez, Bean and Davis",Finance,ZA
CLI003793,Collins LLC,Retail,US
CLI003794,Huff Inc,Retail,UK
CLI003795,Rios-Powell,Manufacturing,AU
CLI003796,Costa Group,Finance,UK
CLI003797,Sweeney-Taylor,Finance,ZA
CLI003798,Thompson LLC,Consulting,US
CLI003799,"Martin, Fields and Gonzalez",Manufacturing,AU
CLI003800,Morrow PLC,Finance,IN
CLI003801,Robertson and Sons,Healthcare,ZA
CLI003802,Anderson-Greer,Technology,UK
CLI003803,Brown-Williams,Retail,AU
CLI003804,"Rogers, Roberts and Anderson",Technology,BR
CLI003805,Kelly-Wells,Manufacturing,IN
CLI003806,"Maynard, Edwards and Bailey",Healthcare,AU
CLI003807,"Ray, Ryan and Sullivan",Retail,ZA
CLI003808,Wilson-Anderson,Retail,BR
CLI003809,Mays LLC,Retail,BR
CLI003810,Brock LLC,Consulting,IN
CLI003811,"Walton, Bonilla and Mann",Finance,DE
CLI003812,Benitez Inc,Consulting,ZA
CLI003813,"Parks, Li and Silva",Consulting,CA
CLI003814,"Washington, White and Riley",Technology,IN
CLI003815,Ray PLC,Retail,DE
CLI003816,Patterson-Paul,Healthcare,UK
CLI003817,"Sanchez, Best and Black",Manufacturing,CA
CLI003818,Butler Inc,Technology,JP
CLI003819,Miller LLC,Healthcare,JP
CLI003820,"Grant, Zamora and Peters",Finance,UK
CLI003821,"Moore, Hernandez and Powell",Consulting,BR
CLI003822,Russell Ltd,Finance,UK
CLI003823,Johnson Inc,Technology,JP
CLI003824,Wilkins-Cannon,Healthcare,US
CLI003825,"Mcdaniel, Sanchez and Shaw",Manufacturing,ZA
CLI003826,Anderson LLC,Consulting,BR
CLI003827,Alexander Ltd,Technology,IN
CLI003828,"Paul, Lee and Boyer",Finance,UK
CLI003829,Estes Group,Technology,IN
CLI003830,Jones-Bennett,Technology,IN
CLI003831,Lowery-Bates,Consulting,AU
CLI003832,Arellano and Sons,Manufacturing,CA
CLI003833,Solomon and Sons,Consulting,UK
CLI003834,Curtis Ltd,Manufacturing,AU
CLI003835,"Jordan, Buchanan and Stevens",Retail,IN
CLI003836,"Bird, Farrell and Crawford",Retail,JP
CLI003837,Herrera-Zamora,Retail,JP
CLI003838,Hanson LLC,Healthcare,DE
CLI003839,"Mosley, Lee and Guerrero",Technology,US
CLI003840,Smith Inc,Technology,ZA
CLI003841,Davenport LLC,Healthcare,JP
CLI003842,Simpson-Boyer,Manufacturing,CA
CLI003843,Galloway-Simmons,Technology,JP
CLI003844,Sanchez LLC,Healthcare,DE
CLI003845,"Sanchez, Wilson and Johnson",Finance,CA
CLI003846,Cunningham-Gonzales,Technology,US
CLI003847,Powell Ltd,Finance,DE
CLI003848,Gray-Snyder,Manufacturing,ZA
CLI003849,Valentine and Sons,Retail,FR
CLI003850,"Mcknight, Schwartz and Bell",Retail,JP
CLI003851,"Burnett, Campbell and Jones",Healthcare,BR
CLI003852,Oneill LLC,Healthcare,JP
CLI003853,"King, Campbell and Cook",Consulting,DE
CLI003854,"Gonzalez, Miller and Pratt",Healthcare,DE
CLI003855,"Gonzales, Myers and Henson",Consulting,DE
CLI003856,Rice Ltd,Consulting,CA
CLI003857,Brown-Carter,Manufacturing,UK
CLI003858,"Crawford, Ortiz and Lawrence",Consulting,DE
CLI003859,Colon Ltd,Finance,IN
CLI003860,"Williams, Warner and Acosta",Consulting,CA
CLI003861,Cross-Thompson,Technology,IN
CLI003862,"Johnson, Mayer and Wood",Finance,ZA
CLI003863,Tucker Ltd,Finance,DE
CLI003864,Wilson-Scott,Technology,IN
CLI003865,"Mcdonald, Boyer and Cochran",Finance,BR
CLI003866,"Wise, Davis and Hartman",Healthcare,US
CLI003867,Lee-Ward,Technology,UK
CLI003868,Davis Group,Finance,CA
CLI003869,Sanchez PLC,Healthcare,ZA
CLI003870,"Garcia, Cooper and Campbell",Finance,JP
CLI003871,Johnson Inc,Healthcare,UK
CLI003872,Parker-Hooper,Manufacturing,FR
CLI003873,Rivera-Snyder,Consulting,ZA
CLI003874,Peterson-Martin,Technology,UK
CLI003875,"Edwards, Clarke and Martin",Manufacturing,FR
CLI003876,Miller-Thompson,Finance,FR
CLI003877,"Trevino, Baird and Pope",Manufacturing,DE
CLI003878,Rivera-Rodriguez,Manufacturing,ZA
CLI003879,Perez PLC,Healthcare,ZA
CLI003880,"George, Smith and Reynolds",Consulting,ZA
CLI003881,Daniels-Jackson,Technology,JP
CLI003882,Davenport Inc,Manufacturing,IN
CLI003883,Rice Group,Technology,BR
CLI003884,Miller and Sons,Technology,JP
CLI003885,"Love, Jackson and Velasquez",Finance,US
CLI003886,Rose-Wright,Retail,DE
CLI003887,"Gardner, Richardson and Hamilton",Technology,DE
CLI003888,Wilkerson-Gonzales,Consulting,IN
CLI003889,Fuller Inc,Technology,US
CLI003890,"Lee, Herrera and Brown",Healthcare,US
CLI003891,"Welch, Hodges and Stokes",Consulting,BR
CLI003892,"Stewart, Mccann and Rice",Manufacturing,IN
CLI003893,"Hall, Cox and Anthony",Finance,AU
CLI003894,"Torres, Green and Riley",Retail,JP
CLI003895,White-Campos,Technology,BR
CLI003896,Williams PLC,Healthcare,US
CLI003897,Jensen-Jacobson,Healthcare,US
CLI003898,Neal-Moore,Healthcare,IN
CLI003899,Soto LLC,Manufacturing,BR
CLI003900,Reed-Silva,Manufacturing,BR
CLI003901,"Bowen, White and Gray",Healthcare,US
CLI003902,"Jackson, Wagner and Berg",Consulting,JP
CLI003903,"Rose, Schmidt and Garcia",Retail,IN
CLI003904,"Rodriguez, Campos and Livingston",Finance,ZA
CLI003905,Alexander LLC,Manufacturing,ZA
CLI003906,Davies LLC,Technology,US
CLI003907,"Davis, Gallegos and Lewis",Retail,FR
CLI003908,"Fuentes, Smith and Cruz",Consulting,JP
CLI003909,"Gutierrez, Prince and Scott",Finance,DE
CLI003910,"Sheppard, Mosley and Murray",Retail,FR
CLI003911,Moss Group,Finance,BR
CLI003912,"Jordan, Rice and Martinez",Manufacturing,IN
CLI003913,Hernandez-Howard,Manufacturing,BR
CLI003914,Wilson-Olsen,Retail,ZA
CLI003915,"Carlson, Long and Lloyd",Finance,BR
CLI003916,Schaefer LLC,Retail,FR
CLI003917,Parsons Ltd,Manufacturing,UK
CLI003918,Peterson-Johnson,Consulting,AU
CLI003919,Anderson-Wright,Consulting,UK
CLI003920,Solis-Mora,Retail,JP
CLI003921,Sweeney PLC,Retail,IN
CLI003922,Mccarthy-Walls,Technology,FR
CLI003923,Gonzalez Inc,Retail,BR
CLI003924,Logan PLC,Healthcare,JP
CLI003925,Shaw-Hill,Technology,UK
CLI003926,Andrade Inc,Finance,UK
CLI003927,"Holt, Ballard and Thompson",Consulting,IN
CLI003928,Goodman-Jarvis,Finance,JP
CLI003929,Jackson LLC,Finance,BR
CLI003930,"Proctor, Suarez and Wright",Finance,ZA
CLI003931,"Moreno, Anderson and King",Consulting,UK
CLI003932,Sullivan and Sons,Manufacturing,JP
CLI003933,Garza LLC,Healthcare,BR
CLI003934,Barry-Mcgee,Retail,IN
CLI003935,Tyler-Hammond,Consulting,ZA
CLI003936,"Townsend, Perez and Whitaker",Manufacturing,UK
CLI003937,Ruiz Group,Healthcare,FR
CLI003938,Jensen Ltd,Retail,US
CLI003939,Miller-Ortega,Retail,FR
CLI003940,Davis Group,Technology,DE
CLI003941,"Miller, Wilson and Cook",Retail,US
CLI003942,"Richardson, Chambers and Brown",Manufacturing,AU
CLI003943,"Mendoza, Burke and Nichols",Technology,IN
CLI003944,Alvarez Group,Manufacturing,JP
CLI003945,"Richardson, Allen and Ramirez",Consulting,UK
CLI003946,Russell Inc,Finance,CA
CLI003947,Wheeler Group,Manufacturing,UK
CLI003948,Mueller-Little,Retail,IN
CLI003949,"Nelson, Mann and Graham",Retail,ZA
CLI003950,Bonilla-Cannon,Technology,DE
CLI003951,Dunn Group,Manufacturing,FR
CLI003952,Ramirez-Hernandez,Healthcare,UK
CLI003953,Rodriguez Ltd,Retail,ZA
CLI003954,Li-Garza,Manufacturing,ZA
CLI003955,Cook Group,Manufacturing,BR
CLI003956,"Quinn, Carroll and Miller",Healthcare,CA
CLI003957,Hopkins LLC,Finance,FR
CLI003958,"Fletcher, Kelley and Anderson",Consulting,US
CLI003959,Ross Inc,Consulting,IN
CLI003960,"Church, Newton and Freeman",Retail,DE
CLI003961,Morrison-Edwards,Consulting,AU
CLI003962,Howell-Davis,Manufacturing,DE
CLI003963,"Calhoun, Coleman and Riley",Finance,DE
CLI003964,York-Sanchez,Healthcare,ZA
CLI003965,"Smith, Branch and Marshall",Technology,ZA
CLI003966,"Powell, Miller and Wells",Healthcare,IN
CLI003967,"Graham, Moses and Lowery",Finance,FR
CLI003968,Norton PLC,Manufacturing,CA
CLI003969,Turner and Sons,Manufacturing,JP
CLI003970,"Hopkins, Carrillo and Torres",Finance,ZA
CLI003971,Cole-Huber,Healthcare,AU
CLI003972,Jackson-Sanders,Manufacturing,BR
CLI003973,"Walls, Herman and Roberson",Consulting,CA
CLI003974,Smith LLC,Consulting,DE
CLI003975,Hall Group,Retail,US
CLI003976,Combs-Anderson,Finance,CA
CLI003977,Allen-Oneal,Manufacturing,ZA
CLI003978,"Martinez, Potts and Barajas",Retail,US
CLI003979,"Parrish, Dunn and Hampton",Consulting,CA
CLI003980,Porter-Case,Finance,FR
CLI003981,Turner-Jordan,Retail,ZA
CLI003982,Martinez-Dickerson,Manufacturing,DE
CLI003983,Benitez Inc,Technology,CA
CLI003984,"Carpenter, Savage and Nunez",Manufacturing,FR
CLI003985,Moore-Graham,Retail,ZA
CLI003986,Woods-Williams,Technology,FR
CLI003987,Moore and Sons,Technology,JP
CLI003988,Freeman PLC,Manufacturing,JP
CLI003989,Hernandez Ltd,Healthcare,FR
CLI003990,Morris PLC,Healthcare,FR
CLI003991,Smith Ltd,Healthcare,JP
CLI003992,Lucas-Pace,Manufacturing,ZA
CLI003993,"Conner, Reese and Atkins",Retail,CA
CLI003994,"Huang, Evans and Morgan",Technology,CA
CLI003995,Davis LLC,Finance,JP
CLI003996,Taylor Inc,Manufacturing,ZA
CLI003997,Haney-Jefferson,Technology,CA
CLI003998,"Williams, Flores and Mcconnell",Retail,DE
CLI003999,"Jones, Dillon and James",Healthcare,BR
CLI004000,Hawkins PLC,Manufacturing,FR
CLI004001,"Decker, Griffin and Pham",Finance,AU
CLI004002,Williams Ltd,Consulting,DE
CLI004003,"Barnett, Hernandez and Bond",Manufacturing,ZA
CLI004004,"Ramirez, Klein and Baxter",Technology,JP
CLI004005,Mercer-Mitchell,Healthcare,DE
CLI004006,Malone-Gonzalez,Manufacturing,ZA
CLI004007,Hale-Robinson,Healthcare,US
CLI004008,Blake-Strickland,Healthcare,CA
CLI004009,Johnson-Williams,Manufacturing,US
CLI004010,Jefferson and Sons,Consulting,IN
CLI004011,"Spears, Cobb and Rubio",Retail,JP
CLI004012,Hampton-Hoffman,Healthcare,US
CLI004013,Bentley-Scott,Technology,IN
CLI004014,"King, Richard and Clark",Finance,US
CLI004015,Ramirez-Rosario,Finance,DE
CLI004016,Lee-Wilson,Technology,FR
CLI004017,Ramirez-Bradley,Retail,DE
CLI004018,Vasquez Ltd,Manufacturing,CA
CLI004019,Pierce and Sons,Technology,ZA
CLI004020,"Griffin, Frederick and Collins",Manufacturing,US
CLI004021,Miller LLC,Healthcare,IN
CLI004022,Silva-Cooper,Healthcare,JP
CLI004023,"Gilmore, Fisher and Bray",Manufacturing,AU
CLI004024,Roberts PLC,Finance,UK
CLI004025,"Fields, Ferrell and Conner",Manufacturing,US
CLI004026,Scott and Sons,Manufacturing,JP
CLI004027,Carpenter PLC,Finance,JP
CLI004028,Ramirez PLC,Healthcare,US
CLI004029,"Roberts, Scott and Mayer",Healthcare,FR
CLI004030,Adams-Duncan,Manufacturing,JP
CLI004031,Gardner Group,Manufacturing,BR
CLI004032,Chen-Stanton,Consulting,ZA
CLI004033,Davis and Sons,Healthcare,FR
CLI004034,Molina-Jones,Manufacturing,UK
CLI004035,"Chambers, Moon and Norris",Retail,AU
CLI004036,Wolf Ltd,Technology,BR
CLI004037,"Garcia, Hogan and Jackson",Retail,IN
CLI004038,"Woods, Butler and Perry",Technology,AU
CLI004039,Singleton-Scott,Technology,US
CLI004040,"Diaz, Price and Clay",Technology,BR
CLI004041,Fernandez and Sons,Consulting,AU
CLI004042,"Stevens, Barton and Mccall",Consulting,DE
CLI004043,Hall-Miller,Technology,DE
CLI004044,"Jones, Smith and Barnett",Manufacturing,ZA
CLI004045,Woodard-Blake,Consulting,AU
CLI004046,"Thompson, Garcia and Salazar",Technology,BR
CLI004047,Hopkins and Sons,Retail,AU
CLI004048,Malone-Harris,Technology,CA
CLI004049,Randolph-Miller,Healthcare,JP
CLI004050,Franklin-Colon,Finance,ZA
CLI004051,"Foley, Pitts and Moyer",Manufacturing,FR
CLI004052,Mann-Patel,Retail,CA
CLI004053,Mendez-Allen,Manufacturing,FR
CLI004054,"Moore, Delacruz and Pace",Manufacturing,US
CLI004055,"Perry, Mcdonald and Huffman",Consulting,FR
CLI004056,Ellison Ltd,Consulting,US
CLI004057,"Powell, Simpson and Smith",Manufacturing,UK
CLI004058,Austin Inc,Finance,FR
CLI004059,Ferrell-Higgins,Consulting,DE
CLI004060,"Smith, Diaz and Davis",Technology,US
CLI004061,Cooper LLC,Consulting,UK
CLI004062,Lane Inc,Retail,BR
CLI004063,Baker-Lopez,Consulting,AU
CLI004064,Benjamin Ltd,Technology,UK
CLI004065,Miller-Taylor,Healthcare,BR
CLI004066,Hughes-Mason,Healthcare,CA
CLI004067,Coleman-Martin,Finance,CA
CLI004068,Holder Inc,Manufacturing,ZA
CLI004069,Bender Ltd,Retail,US
CLI004070,Chandler-Jones,Healthcare,FR
CLI004071,Griffin-Gaines,Retail,AU
CLI004072,"Howe, Henderson and White",Retail,JP
CLI004073,Bailey PLC,Finance,AU
CLI004074,"Maynard, Knapp and Crawford",Technology,CA
CLI004075,Rodriguez-Zhang,Finance,DE
CLI004076,"Phillips, Sanders and Jones",Technology,IN
CLI004077,Shaffer-Velasquez,Healthcare,AU
CLI004078,Woods-Huber,Manufacturing,ZA
CLI004079,Brown PLC,Retail,DE
CLI004080,"Matthews, Quinn and Frank",Healthcare,IN
CLI004081,Melton-Contreras,Finance,DE
CLI004082,"Peterson, Jordan and Jackson",Finance,IN
CLI004083,Mack-Carlson,Manufacturing,UK
CLI004084,Richardson Inc,Healthcare,US
CLI004085,"Peterson, Dixon and Barron",Finance,BR
CLI004086,"Young, Roberts and Juarez",Retail,CA
CLI004087,Cruz-Tucker,Healthcare,US
CLI004088,Clements-Chambers,Healthcare,FR
CLI004089,Armstrong PLC,Retail,FR
CLI004090,"Shepard, Poole and Barber",Manufacturing,CA
CLI004091,Martin Ltd,Consulting,CA
CLI004092,Reilly-Mcguire,Healthcare,AU
CLI004093,Miller-Baker,Finance,ZA
CLI004094,"Rocha, Brown and Williamson",Retail,ZA
CLI004095,Morrison Inc,Finance,AU
CLI004096,Holland-Wolfe,Finance,UK
CLI004097,Fox PLC,Finance,JP
CLI004098,Mason-Bryant,Technology,AU
CLI004099,"Hawkins, Cruz and Cardenas",Technology,FR
CLI004100,Glass and Sons,Healthcare,IN
CLI004101,"Schmidt, Sanchez and Hudson",Consulting,AU
CLI004102,"Keller, Roberts and Whitaker",Finance,AU
CLI004103,Vang LLC,Finance,UK
CLI004104,Walton-Wagner,Technology,ZA
CLI004105,Davis-Robles,Consulting,US
CLI004106,Frank-Walters,Retail,BR
CLI004107,Gentry-Barajas,Consulting,IN
CLI004108,Koch and Sons,Technology,IN
CLI004109,Marshall-Smith,Consulting,UK
CLI004110,"Snyder, Smith and Farmer",Finance,FR
CLI004111,Vega-Reyes,Consulting,IN
CLI004112,Erickson PLC,Retail,FR
CLI004113,"Hahn, Morgan and Cook",Retail,IN
CLI004114,Greene-Arnold,Manufacturing,CA
CLI004115,"Gaines, Kelley and Johnson",Consulting,JP
CLI004116,Neal PLC,Manufacturing,BR
CLI004117,Underwood Ltd,Manufacturing,AU
CLI004118,Wilson Inc,Consulting,AU
CLI004119,Martin PLC,Manufacturing,AU
CLI004120,"Bender, Weber and Rogers",Finance,AU
CLI004121,Smith Ltd,Manufacturing,IN
CLI004122,Stein PLC,Finance,CA
CLI004123,Hancock-Goodwin,Finance,AU
CLI004124,Porter-Cook,Technology,AU
CLI004125,Martin-Miller,Technology,DE
CLI004126,Anderson LLC,Healthcare,JP
CLI004127,"Gill, Wood and Brown",Healthcare,FR
CLI004128,Sanders-Santiago,Technology,ZA
CLI004129,"Hinton, Cruz and Anderson",Technology,FR
CLI004130,Stanley and Sons,Healthcare,US
CLI004131,Collins and Sons,Manufacturing,US
CLI004132,Clay-Santiago,Healthcare,US
CLI004133,Delgado and Sons,Manufacturing,CA
CLI004134,Sandoval and Sons,Healthcare,UK
CLI004135,"Khan, Perez and Tran",Retail,FR
CLI004136,"Mcconnell, Velasquez and Smith",Healthcare,CA
CLI004137,Sandoval and Sons,Finance,FR
CLI004138,"Walker, Daniel and Lopez",Consulting,AU
CLI004139,Petty-Mann,Healthcare,BR
CLI004140,"Bailey, Clayton and Smith",Healthcare,IN
CLI004141,"Garcia, Love and Howard",Manufacturing,FR
CLI004142,Murphy LLC,Technology,CA
CLI004143,Nelson LLC,Technology,FR
CLI004144,Wilson-Moss,Manufacturing,AU
CLI004145,"Nash, Cohen and Moran",Consulting,CA
CLI004146,Knight-Scott,Retail,ZA
CLI004147,Lynch-Brown,Healthcare,BR
CLI004148,Cole PLC,Manufacturing,CA
CLI004149,Hess Inc,Technology,BR
CLI004150,Hamilton-Nolan,Finance,AU
CLI004151,"Greer, Scott and Johnson",Manufacturing,FR
CLI004152,"Saunders, Dunn and Foster",Technology,JP
CLI004153,Harris-Kirk,Finance,BR
CLI004154,Jefferson LLC,Manufacturing,UK
CLI004155,Hanson-Shaw,Retail,BR
CLI004156,"Allen, Robinson and Wilson",Technology,UK
CLI004157,Wallace Inc,Finance,BR
CLI004158,"Davis, Richards and Rodriguez",Manufacturing,JP
CLI004159,Walton Group,Retail,IN
CLI004160,"Brown, Carrillo and Adams",Manufacturing,US
CLI004161,Williams-Vang,Manufacturing,FR
CLI004162,Armstrong Group,Finance,JP
CLI004163,Martin PLC,Technology,JP
CLI004164,"Anderson, Holt and Martin",Finance,AU
CLI004165,Smith-Long,Manufacturing,FR
CLI004166,Sims LLC,Finance,FR
CLI004167,Krause Ltd,Healthcare,US
CLI004168,Glover-Odonnell,Retail,JP
CLI004169,Kelley-Maxwell,Healthcare,IN
CLI004170,Farmer Inc,Healthcare,UK
CLI004171,"Simmons, Gilmore and Padilla",Technology,IN
CLI004172,Bryan-Wilson,Consulting,FR
CLI004173,Shea PLC,Retail,CA
CLI004174,Freeman-Howard,Consulting,AU
CLI004175,"Smith, Hebert and Bush",Healthcare,BR
CLI004176,"Burch, Simmons and Hansen",Retail,BR
CLI004177,Jackson-Sanchez,Technology,JP
CLI004178,"Harris, Parker and King",Manufacturing,UK
CLI004179,"Williams, Adams and Zhang",Technology,ZA
CLI004180,Bates-Vaughn,Retail,AU
CLI004181,"Ford, Ward and Young",Finance,FR
CLI004182,Brown PLC,Healthcare,CA
CLI004183,Jackson-Humphrey,Retail,DE
CLI004184,Stephens-House,Consulting,UK
CLI004185,"Adams, Jackson and Robinson",Retail,FR
CLI004186,"Gonzalez, Bishop and Davenport",Finance,DE
CLI004187,"Decker, Stewart and Cole",Retail,ZA
CLI004188,Edwards-Contreras,Technology,ZA
CLI004189,Mathis-Owens,Finance,CA
CLI004190,Harris-Weaver,Retail,BR
CLI004191,Snyder LLC,Manufacturing,IN
CLI004192,"Horne, Allen and Barron",Manufacturing,ZA
CLI004193,Clark-Garcia,Retail,CA
CLI004194,Parks-Owen,Healthcare,DE
CLI004195,Reed-Dixon,Technology,AU
CLI004196,Williams LLC,Manufacturing,ZA
CLI004197,Delgado-Clark,Manufacturing,ZA
CLI004198,Ward-Mendoza,Consulting,US
CLI004199,Yates-Floyd,Technology,US
CLI004200,Collins-Perry,Manufacturing,US
CLI004201,"Bruce, Parker and Mendoza",Manufacturing,ZA
CLI004202,"Garcia, Morrow and Wise",Retail,AU
CLI004203,Wiley Group,Manufacturing,BR
CLI004204,Snow Inc,Manufacturing,US
CLI004205,Hancock-Powell,Consulting,BR
CLI004206,Wright-Moyer,Finance,AU
CLI004207,Jones-Taylor,Consulting,UK
CLI004208,Owens Inc,Manufacturing,UK
CLI004209,Thompson-Salazar,Retail,ZA
CLI004210,"Johnson, Thomas and Cunningham",Healthcare,JP
CLI004211,Bell Ltd,Finance,CA
CLI004212,Cole PLC,Retail,CA
CLI004213,Green-Stanley,Consulting,CA
CLI004214,Perkins Ltd,Manufacturing,JP
CLI004215,Williams-Martinez,Manufacturing,CA
CLI004216,"Davis, Bryan and Conner",Consulting,ZA
CLI004217,"Randall, Wilkinson and Schneider",Manufacturing,FR
CLI004218,Rivera LLC,Retail,AU
CLI004219,Clark-Collins,Manufacturing,IN
CLI004220,King-Long,Retail,AU
CLI004221,"Thomas, Berg and Tate",Consulting,AU
CLI004222,"Moore, Harris and Farmer",Healthcare,ZA
CLI004223,Mosley and Sons,Finance,JP
CLI004224,"Gay, Mercado and Taylor",Consulting,JP
CLI004225,"Bean, Gardner and Knight",Manufacturing,UK
CLI004226,Lambert and Sons,Finance,US
CLI004227,Mays-Walker,Technology,IN
CLI004228,"Skinner, Decker and Boyd",Consulting,FR
CLI004229,"Russell, Gonzalez and Vargas",Retail,ZA
CLI004230,Avery PLC,Manufacturing,JP
CLI004231,"Norris, Fuentes and Collins",Finance,UK
CLI004232,"Sexton, Neal and Grant",Manufacturing,CA
CLI004233,"Reese, Allen and Taylor",Finance,JP
CLI004234,"Liu, Smith and Herman",Retail,ZA
CLI004235,Carrillo and Sons,Retail,UK
CLI004236,Miller Inc,Healthcare,US
CLI004237,"Scott, Taylor and Arnold",Manufacturing,ZA
CLI004238,Cuevas and Sons,Healthcare,CA
CLI004239,Oliver LLC,Technology,AU
CLI004240,"Molina, Sawyer and Clark",Finance,CA
CLI004241,Liu Ltd,Retail,DE
CLI004242,Fischer-Stafford,Manufacturing,IN
CLI004243,Delacruz-Phillips,Manufacturing,DE
CLI004244,Wright-Rosales,Technology,UK
CLI004245,Richardson-Ho,Consulting,IN
CLI004246,Lowe-Cordova,Consulting,BR
CLI004247,Quinn Ltd,Finance,US
CLI004248,Cox-Bray,Manufacturing,JP
CLI004249,Pineda Inc,Retail,AU
CLI004250,"Robinson, Webster and Andrews",Technology,JP
CLI004251,Harrington Ltd,Manufacturing,UK
CLI004252,"Phillips, Smith and Mathis",Manufacturing,BR
CLI004253,"Cummings, Griffith and Hall",Manufacturing,FR
CLI004254,Beasley-Garcia,Healthcare,UK
CLI004255,"Day, Moses and Decker",Manufacturing,AU
CLI004256,Martinez Inc,Technology,US
CLI004257,Pope-Parker,Consulting,ZA
CLI004258,"Nguyen, Phillips and Benton",Consulting,ZA
CLI004259,Martinez-Maldonado,Technology,IN
CLI004260,Booth-Howard,Retail,FR
CLI004261,Vincent LLC,Technology,ZA
CLI004262,Snyder-Wheeler,Healthcare,AU
CLI004263,Stewart-Hill,Manufacturing,IN
CLI004264,"Gonzales, Snyder and Wiggins",Retail,DE
CLI004265,"Adams, Martinez and Jones",Finance,ZA
CLI004266,Beasley LLC,Healthcare,BR
CLI004267,Clark-Stephens,Consulting,UK
CLI004268,Fisher LLC,Consulting,AU
CLI004269,Mcdonald and Sons,Manufacturing,JP
CLI004270,Hester Group,Consulting,US
CLI004271,Cantu LLC,Consulting,FR
CLI004272,Guerrero-Matthews,Consulting,US
CLI004273,Green-Martinez,Finance,AU
CLI004274,Clark-Long,Consulting,IN
CLI004275,Rodriguez LLC,Technology,DE
CLI004276,Green-Ramirez,Technology,UK
CLI004277,Jensen Inc,Finance,ZA
CLI004278,"Gentry, Luna and Valenzuela",Technology,ZA
CLI004279,Smith LLC,Finance,US
CLI004280,Gibbs-Wang,Finance,JP
CLI004281,Taylor-Mack,Retail,ZA
CLI004282,Wood-Garcia,Finance,CA
CLI004283,Alvarado and Sons,Healthcare,AU
CLI004284,"Valdez, Buck and Smith",Finance,UK
CLI004285,Hill-Perry,Technology,DE
CLI004286,Estrada-Nelson,Technology,ZA
CLI004287,Gordon-Smith,Healthcare,JP
CLI004288,Stanton-Landry,Technology,JP
CLI004289,Chavez-Bishop,Consulting,JP
CLI004290,Hernandez PLC,Technology,UK
CLI004291,Campbell-Reynolds,Healthcare,CA
CLI004292,Martin Ltd,Finance,US
CLI004293,"Vasquez, Thomas and Barron",Finance,CA
CLI004294,Thomas PLC,Finance,FR
CLI004295,Williams-Torres,Technology,DE
CLI004296,Jones and Sons,Consulting,AU
CLI004297,"James, Mejia and Huffman",Retail,JP
CLI004298,Allen Ltd,Retail,BR
CLI004299,Bailey Group,Finance,DE
CLI004300,Cross Ltd,Technology,FR
CLI004301,Wiley-Ward,Consulting,BR
CLI004302,"Garcia, Douglas and Fowler",Manufacturing,AU
CLI004303,Mayer and Sons,Retail,ZA
CLI004304,"Wilson, Farrell and Miller",Finance,ZA
CLI004305,Hill and Sons,Healthcare,BR
CLI004306,Stafford Group,Manufacturing,BR
CLI004307,Allen PLC,Consulting,US
CLI004308,"Williams, Johnson and Everett",Consulting,US
CLI004309,Meyer Ltd,Manufacturing,AU
CLI004310,Harris-Glenn,Retail,AU
CLI004311,"White, Clark and Cole",Healthcare,UK
CLI004312,Brown LLC,Retail,CA
CLI004313,"Kline, Navarro and Gonzales",Technology,BR
CLI004314,"Ware, Camacho and Barajas",Retail,AU
CLI004315,"Obrien, Lee and Green",Finance,DE
CLI004316,"Holmes, Meyers and Lutz",Retail,ZA
CLI004317,Duncan PLC,Finance,ZA
CLI004318,"Marsh, Brooks and Lopez",Healthcare,AU
CLI004319,"Harrington, White and Jordan",Technology,UK
CLI004320,Wilson Group,Healthcare,DE
CLI004321,"Navarro, Blanchard and Shaffer",Retail,BR
CLI004322,Collins-Wade,Technology,ZA
CLI004323,Horton LLC,Manufacturing,IN
CLI004324,"Koch, Bauer and Gibson",Retail,BR
CLI004325,Sloan LLC,Finance,FR
CLI004326,"Smith, Perez and Mckenzie",Technology,FR
CLI004327,"Simon, Moore and Mercado",Manufacturing,IN
CLI004328,Dorsey-Barr,Retail,ZA
CLI004329,Harmon PLC,Retail,DE
CLI004330,Stokes and Sons,Healthcare,US
CLI004331,"Weaver, Curtis and Navarro",Healthcare,BR
CLI004332,Scott-Meyer,Manufacturing,IN
CLI004333,Huff-Bell,Retail,UK
CLI004334,Rodriguez-Weber,Healthcare,CA
CLI004335,Harding and Sons,Consulting,UK
CLI004336,"Jones, James and Nelson",Technology,DE
CLI004337,"Davis, Smith and Trevino",Technology,US
CLI004338,Jones and Sons,Consulting,ZA
CLI004339,Colon Group,Healthcare,FR
CLI004340,Rose-Roberts,Healthcare,BR
CLI004341,"Williams, Martinez and Davidson",Consulting,JP
CLI004342,Morris PLC,Retail,CA
CLI004343,Kane Inc,Technology,CA
CLI004344,Simpson and Sons,Technology,AU
CLI004345,"Gilbert, Scott and Moses",Finance,US
CLI004346,"Sanchez, Jones and Johnson",Manufacturing,JP
CLI004347,"Butler, Strong and Smith",Finance,US
CLI004348,"Williams, Brown and Hunt",Finance,FR
CLI004349,Lynch Ltd,Healthcare,US
CLI004350,"Nelson, Wilson and Anderson",Retail,IN
CLI004351,Blair-Barnes,Finance,DE
CLI004352,Johnson Ltd,Finance,DE
CLI004353,Smith-Salas,Technology,JP
CLI004354,Walker LLC,Consulting,CA
CLI004355,Tate-Martinez,Consulting,CA
CLI004356,Harris-Kramer,Retail,CA
CLI004357,Newman Group,Manufacturing,UK
CLI004358,Booth Group,Finance,ZA
CLI004359,Olson-Watkins,Healthcare,ZA
CLI004360,"Bailey, Rogers and Farrell",Technology,BR
CLI004361,"Ward, Myers and Robles",Retail,ZA
CLI004362,"Edwards, Perez and Payne",Technology,ZA
CLI004363,Morris Group,Retail,DE
CLI004364,Gaines and Sons,Healthcare,DE
CLI004365,Young Inc,Consulting,ZA
CLI004366,Miller-White,Manufacturing,US
CLI004367,"Schmidt, Cobb and Morris",Finance,IN
CLI004368,Nguyen Ltd,Manufacturing,JP
CLI004369,Weaver PLC,Manufacturing,CA
CLI004370,"Murphy, Johnson and Simpson",Retail,JP
CLI004371,"Riley, Nunez and Rose",Healthcare,CA
CLI004372,"Grimes, Moore and King",Technology,AU
CLI004373,Beard-Johnson,Healthcare,BR
CLI004374,"Davidson, Patton and Mitchell",Consulting,JP
CLI004375,Cox-Hughes,Finance,FR
CLI004376,Frank-Hall,Technology,FR
CLI004377,Cox LLC,Healthcare,FR
CLI004378,"Norton, Walker and Reilly",Technology,BR
CLI004379,Bowman PLC,Manufacturing,DE
CLI004380,"Walsh, Williams and Salas",Technology,JP
CLI004381,Aguilar Inc,Retail,UK
CLI004382,Watkins-Hansen,Consulting,CA
CLI004383,"Decker, Thomas and Stout",Finance,US
CLI004384,Williams Inc,Finance,CA
CLI004385,"Freeman, Perez and Meyers",Manufacturing,ZA
CLI004386,Holmes-Harvey,Technology,JP
CLI004387,"Melendez, Hutchinson and Odom",Retail,JP
CLI004388,Lopez-Khan,Manufacturing,BR
CLI004389,"Jones, Howard and Hill",Retail,FR
CLI004390,Anderson Group,Manufacturing,AU
CLI004391,Christian-Robinson,Consulting,BR
CLI004392,"Jones, Moore and Ortiz",Finance,BR
CLI004393,"Hill, Rodgers and Dawson",Healthcare,DE
CLI004394,Valdez LLC,Retail,FR
CLI004395,Jones PLC,Healthcare,US
CLI004396,Day-Johnson,Finance,UK
CLI004397,Moore-Leblanc,Manufacturing,US
CLI004398,Glass PLC,Manufacturing,US
CLI004399,Chapman-Adams,Healthcare,UK
CLI004400,Brown Ltd,Manufacturing,BR
CLI004401,Frank Ltd,Technology,DE
CLI004402,French Inc,Manufacturing,IN
CLI004403,Ware Inc,Retail,IN
CLI004404,Ho-Rose,Healthcare,IN
CLI004405,Tucker LLC,Finance,CA
CLI004406,Harris-Richards,Healthcare,US
CLI004407,"Gardner, Smith and Lopez",Consulting,UK
CLI004408,Gomez Group,Finance,IN
CLI004409,Barnett-James,Manufacturing,UK
CLI004410,Munoz Inc,Consulting,US
CLI004411,Brown and Sons,Retail,AU
CLI004412,"Hall, Page and Holmes",Finance,FR
CLI004413,"Esparza, Jones and Brennan",Healthcare,US
CLI004414,Ramirez-Powers,Technology,CA
CLI004415,Sanchez-Lee,Technology,US
CLI004416,Sanchez PLC,Consulting,FR
CLI004417,Barrett Inc,Consulting,ZA
CLI004418,"Butler, Moore and Drake",Technology,CA
CLI004419,"Allen, Robles and Hall",Finance,ZA
CLI004420,"Berry, Dennis and Garcia",Healthcare,IN
CLI004421,"Frye, Duncan and Simon",Finance,AU
CLI004422,Scott-Fitzgerald,Consulting,JP
CLI004423,"Tyler, Cohen and Rubio",Technology,UK
CLI004424,Cook-Green,Retail,ZA
CLI004425,Lowe-Robertson,Healthcare,ZA
CLI004426,Howard Group,Consulting,UK
CLI004427,"Perez, Thompson and Li",Finance,IN
CLI004428,Vance-Brown,Manufacturing,CA
CLI004429,"Johnson, Franklin and Cooper",Technology,FR
CLI004430,"Jefferson, Garcia and Thompson",Consulting,ZA
CLI004431,Wiggins Ltd,Retail,JP
CLI004432,Brown and Sons,Consulting,IN
CLI004433,"Estrada, Anderson and Hawkins",Healthcare,DE
CLI004434,"Castillo, Shelton and Burns",Retail,ZA
CLI004435,Weber Inc,Finance,BR
CLI004436,"Gallagher, Garrett and Campbell",Healthcare,IN
CLI004437,Carter and Sons,Retail,UK
CLI004438,Buchanan-Stokes,Finance,CA
CLI004439,Knight-Simmons,Healthcare,IN
CLI004440,Griffith-Hampton,Healthcare,US
CLI004441,"Myers, Salazar and Compton",Finance,BR
CLI004442,Schneider-Hawkins,Technology,DE
CLI004443,Johnson-Brown,Manufacturing,UK
CLI004444,"Craig, Garza and Jones",Technology,ZA
CLI004445,Ross PLC,Finance,US
CLI004446,Brooks-Baker,Retail,CA
CLI004447,"Randall, Yoder and Foster",Retail,JP
CLI004448,Beck-Mcdonald,Consulting,UK
CLI004449,Sims-Porter,Finance,DE
CLI004450,Hughes and Sons,Retail,US
CLI004451,Salazar LLC,Finance,US
CLI004452,Hogan Group,Retail,JP
CLI004453,Morrow Group,Consulting,FR
CLI004454,Jackson-Stephens,Technology,IN
CLI004455,"Mccoy, Cannon and Wilkerson",Technology,IN
CLI004456,Christensen-Berg,Manufacturing,US
CLI004457,Thomas LLC,Finance,AU
CLI004458,"Howard, Thomas and White",Retail,DE
CLI004459,Wall-Thomas,Technology,IN
CLI004460,"Hill, Leon and Wilkins",Healthcare,ZA
CLI004461,"Medina, Poole and Wolfe",Retail,BR
CLI004462,Erickson PLC,Manufacturing,JP
CLI004463,Flores-Smith,Technology,US
CLI004464,"Ortiz, Grant and Simmons",Retail,AU
CLI004465,Smith and Sons,Manufacturing,FR
CLI004466,Matthews-Smith,Technology,AU
CLI004467,"Taylor, Mercado and Ramirez",Technology,US
CLI004468,"Riley, Knox and Norton",Finance,FR
CLI004469,Blair and Sons,Healthcare,IN
CLI004470,Young Inc,Technology,ZA
CLI004471,Shea Inc,Retail,US
CLI004472,Williams Group,Manufacturing,BR
CLI004473,Parker PLC,Technology,FR
CLI004474,"Dougherty, Harris and Keller",Technology,BR
CLI004475,Floyd Ltd,Finance,FR
CLI004476,Evans Group,Technology,IN
CLI004477,Garcia-Burnett,Finance,UK
CLI004478,Frey-Morris,Retail,JP
CLI004479,Ortega and Sons,Technology,ZA
CLI004480,Taylor-Grimes,Retail,JP
CLI004481,Williams-Cordova,Consulting,UK
CLI004482,"Ramirez, Mccormick and Gonzalez",Retail,DE
CLI004483,"Beck, Brown and Griffin",Finance,IN
CLI004484,Conley-Sharp,Technology,UK
CLI004485,Benjamin and Sons,Healthcare,CA
CLI004486,Barton-Pacheco,Consulting,CA
CLI004487,Johnson-Cooper,Technology,DE
CLI004488,Gomez-Maldonado,Technology,FR
CLI004489,"Cole, Young and Johnson",Finance,ZA
CLI004490,Brown-Clark,Technology,JP
CLI004491,"Coleman, Hess and Wilson",Technology,FR
CLI004492,"Anderson, Ramirez and Nelson",Healthcare,FR
CLI004493,"Robinson, Wang and Bishop",Finance,CA
CLI004494,"Perez, Huber and Chambers",Technology,DE
CLI004495,"Barnes, Murphy and Kim",Finance,IN
CLI004496,Thomas PLC,Healthcare,CA
CLI004497,"Pugh, Dunn and Richardson",Finance,IN
CLI004498,Hill-Cooper,Finance,AU
CLI004499,Torres LLC,Consulting,UK
CLI004500,Cervantes Inc,Technology,DE
CLI004501,Morris-Brown,Healthcare,IN
CLI004502,Hernandez and Sons,Finance,IN
CLI004503,Grant-Gutierrez,Healthcare,ZA
CLI004504,Smith-Phillips,Finance,UK
CLI004505,"Anderson, Oconnell and Huffman",Manufacturing,US
CLI004506,Johnson Ltd,Healthcare,CA
CLI004507,Moreno-Macdonald,Retail,FR
CLI004508,Miller Ltd,Retail,IN
CLI004509,"Thomas, Baker and Huber",Technology,ZA
CLI004510,Miller Ltd,Consulting,BR
CLI004511,Jones-Moran,Retail,IN
CLI004512,Archer-Cook,Healthcare,AU
CLI004513,Morgan Inc,Finance,UK
CLI004514,Hayes Group,Retail,IN
CLI004515,Dougherty-Farrell,Technology,DE
CLI004516,Brown Inc,Manufacturing,FR
CLI004517,Nielsen-Johnson,Consulting,CA
CLI004518,Gutierrez-Reynolds,Technology,JP
CLI004519,Schneider LLC,Healthcare,IN
CLI004520,"Bailey, Miller and Simmons",Consulting,AU
CLI004521,"Simpson, Krause and Quinn",Manufacturing,AU
CLI004522,Taylor-Smith,Healthcare,JP
CLI004523,Anderson Group,Retail,UK
CLI004524,Holden Ltd,Finance,US
CLI004525,Johnson-Thompson,Technology,UK
CLI004526,Wright Group,Consulting,ZA
CLI004527,Cooper Ltd,Healthcare,UK
CLI004528,"Scott, Zuniga and Atkinson",Manufacturing,JP
CLI004529,"Moody, Gomez and Johnson",Finance,UK
CLI004530,"Palmer, Johnson and Lopez",Manufacturing,DE
CLI004531,Alexander-Guerrero,Consulting,DE
CLI004532,Leblanc-Martin,Consulting,CA
CLI004533,Banks Inc,Manufacturing,ZA
CLI004534,"Peterson, Howard and Barnes",Healthcare,DE
CLI004535,Bryant Inc,Manufacturing,FR
CLI004536,"Doyle, Dillon and Ibarra",Manufacturing,DE
CLI004537,Cabrera-Cook,Finance,DE
CLI004538,Serrano-Hamilton,Retail,BR
CLI004539,"Prince, Gomez and Robinson",Technology,DE
CLI004540,Lewis-Nguyen,Manufacturing,US
CLI004541,Lee-Mays,Healthcare,JP
CLI004542,"Mann, Anderson and Manning",Retail,CA
CLI004543,Potter-Randall,Technology,CA
CLI004544,Lee LLC,Consulting,JP
CLI004545,Delgado-Benson,Retail,BR
CLI004546,Lewis and Sons,Technology,JP
CLI004547,"Miller, Jackson and Anderson",Technology,ZA
CLI004548,"Mckee, Morris and Alvarez",Technology,ZA
CLI004549,"Martin, Walker and Vaughn",Healthcare,FR
CLI004550,"Wilson, Taylor and Sims",Manufacturing,ZA
CLI004551,"Martinez, Skinner and Faulkner",Technology,IN
CLI004552,Stone PLC,Healthcare,DE
CLI004553,"Parker, Jones and Sullivan",Technology,US
CLI004554,"Webster, Arellano and Kim",Manufacturing,DE
CLI004555,"Reed, Yang and Williams",Finance,JP
CLI004556,Murphy-Owens,Manufacturing,DE
CLI004557,"Bailey, Mays and Nunez",Finance,IN
CLI004558,"Webster, Kirk and Hayes",Finance,AU
CLI004559,"Wyatt, Frederick and Miller",Manufacturing,CA
CLI004560,"Young, Romero and Perez",Manufacturing,CA
CLI004561,"Johnson, Brown and Morgan",Healthcare,DE
CLI004562,Harris-Contreras,Technology,FR
CLI004563,Burnett-Best,Finance,JP
CLI004564,Jackson Ltd,Finance,UK
CLI004565,Thornton-Martin,Manufacturing,ZA
CLI004566,Johnson Inc,Healthcare,DE
CLI004567,Ayala-Martinez,Retail,CA
CLI004568,Newton-Munoz,Finance,IN
CLI004569,Martin Ltd,Finance,US
CLI004570,Watson-Roberts,Finance,UK
CLI004571,Mooney-Harvey,Consulting,BR
CLI004572,"Aguilar, Lamb and Williamson",Consulting,FR
CLI004573,Weaver and Sons,Technology,IN
CLI004574,Thompson Group,Healthcare,AU
CLI004575,Black LLC,Finance,US
CLI004576,"Thomas, Arnold and Taylor",Technology,BR
CLI004577,Davis-Richards,Technology,US
CLI004578,Haney Ltd,Manufacturing,US
CLI004579,"Henry, Navarro and Jackson",Retail,JP
CLI004580,"Fisher, Jacobson and Schaefer",Healthcare,BR
CLI004581,"Boyle, Johnson and Martinez",Retail,DE
CLI004582,Fox-Fitzgerald,Manufacturing,BR
CLI004583,Shields Group,Manufacturing,UK
CLI004584,Pena Ltd,Technology,US
CLI004585,"Schmitt, Elliott and Williams",Manufacturing,JP
CLI004586,"Smith, Hogan and Jones",Manufacturing,ZA
CLI004587,Williams-Maldonado,Technology,UK
CLI004588,Liu-Hancock,Technology,CA
CLI004589,"Mays, Hamilton and English",Technology,DE
CLI004590,"Gamble, Daniel and Singh",Manufacturing,US
CLI004591,Miller-Robinson,Retail,UK
CLI004592,Montes-Anderson,Consulting,ZA
CLI004593,"Hendricks, Hernandez and Rogers",Finance,IN
CLI004594,Hicks Inc,Consulting,IN
CLI004595,"Wells, Rodriguez and Blackwell",Finance,FR
CLI004596,"Anderson, Bennett and Villanueva",Consulting,FR
CLI004597,"Miller, Stone and Fisher",Consulting,ZA
CLI004598,Howell Ltd,Manufacturing,JP
CLI004599,Foster LLC,Consulting,FR
CLI004600,Vasquez LLC,Technology,ZA
CLI004601,Lynch-Conley,Technology,DE
CLI004602,Avery Inc,Consulting,JP
CLI004603,Brown LLC,Healthcare,AU
CLI004604,Larsen-Jacobs,Technology,JP
CLI004605,Jones Group,Retail,JP
CLI004606,Gould-Peterson,Healthcare,FR
CLI004607,Higgins-Martinez,Finance,DE
CLI004608,Walters-Reed,Technology,US
CLI004609,"Romero, Sullivan and Sanders",Manufacturing,US
CLI004610,Pennington and Sons,Manufacturing,ZA
CLI004611,"Parker, Payne and Bryant",Consulting,CA
CLI004612,"Griffin, Taylor and Gross",Finance,BR
CLI004613,"Mueller, Williams and Olson",Technology,DE
CLI004614,"Arias, Bennett and Burton",Consulting,UK
CLI004615,Ferguson-Lewis,Retail,BR
CLI004616,Bender PLC,Technology,UK
CLI004617,"Roberts, Shaffer and Fisher",Technology,JP
CLI004618,Murphy PLC,Technology,AU
CLI004619,Hammond Inc,Manufacturing,ZA
CLI004620,Taylor-Lowe,Consulting,AU
CLI004621,"Lucero, Hines and Miller",Healthcare,CA
CLI004622,Smith LLC,Finance,JP
CLI004623,Martinez-Turner,Healthcare,ZA
CLI004624,"Gray, Lucas and Hayes",Technology,IN
CLI004625,Stevenson Ltd,Consulting,BR
CLI004626,"David, Ramsey and Walker",Consulting,CA
CLI004627,"Glass, Garcia and Booker",Technology,US
CLI004628,Murray-Kim,Finance,AU
CLI004629,"Rodriguez, Waller and Hernandez",Finance,AU
CLI004630,Smith-Armstrong,Retail,CA
CLI004631,Hayes-Hansen,Technology,DE
CLI004632,"Cooper, Anderson and Chavez",Healthcare,FR
CLI004633,"Sullivan, Mercado and Mckinney",Manufacturing,DE
CLI004634,Fisher-Kim,Manufacturing,ZA
CLI004635,Massey-Fischer,Healthcare,CA
CLI004636,Allen Inc,Consulting,ZA
CLI004637,Burton LLC,Retail,CA
CLI004638,"Moore, Peterson and Wright",Retail,DE
CLI004639,Shepherd-Weber,Consulting,IN
CLI004640,Taylor-Jacobson,Technology,US
CLI004641,Thomas-Willis,Manufacturing,US
CLI004642,Parsons-Fernandez,Healthcare,IN
CLI004643,Bradley-Nelson,Finance,US
CLI004644,"Lewis, Bailey and Lewis",Technology,JP
CLI004645,"Burns, Nguyen and Blevins",Finance,JP
CLI004646,Jackson-Burton,Consulting,IN
CLI004647,Gomez Ltd,Manufacturing,BR
CLI004648,Gilbert-Bailey,Manufacturing,FR
CLI004649,"Hughes, Choi and Adams",Technology,CA
CLI004650,"Smith, Wilson and Jones",Retail,IN
CLI004651,Aguilar-Alvarado,Technology,IN
CLI004652,Krueger LLC,Healthcare,JP
CLI004653,"Larson, Richards and Schroeder",Technology,JP
CLI004654,Evans-Rodriguez,Healthcare,FR
CLI004655,Kim Ltd,Finance,AU
CLI004656,"Johnson, Hartman and Parrish",Finance,FR
CLI004657,"Burns, Long and Blake",Consulting,AU
CLI004658,Strong-Wolfe,Retail,BR
CLI004659,Munoz Ltd,Finance,CA
CLI004660,"Gomez, Green and Wagner",Healthcare,BR
CLI004661,Watson Inc,Technology,FR
CLI004662,Ibarra Ltd,Healthcare,US
CLI004663,"Rivas, Anderson and Harris",Finance,UK
CLI004664,Edwards-Werner,Technology,ZA
CLI004665,"Jones, Hood and Cantrell",Finance,JP
CLI004666,Butler Inc,Consulting,JP
CLI004667,"Reed, Roberson and Gonzalez",Technology,AU
CLI004668,"Powell, Smith and Murray",Technology,JP
CLI004669,Lopez Group,Technology,DE
CLI004670,Campos-Hays,Consulting,IN
CLI004671,Bryant-Bridges,Healthcare,AU
CLI004672,"Barnes, House and Crawford",Technology,ZA
CLI004673,Blair-Barry,Consulting,CA
CLI004674,"Cherry, Hayes and Robinson",Technology,DE
CLI004675,Taylor-Green,Technology,US
CLI004676,Jackson LLC,Manufacturing,FR
CLI004677,Hill PLC,Finance,IN
CLI004678,Raymond-Gonzalez,Healthcare,US
CLI004679,Riley-Palmer,Retail,DE
CLI004680,"Davis, Freeman and Torres",Technology,US
CLI004681,Miller-Smith,Finance,UK
CLI004682,"Fernandez, Reyes and Pitts",Finance,JP
CLI004683,Davis-Figueroa,Finance,JP
CLI004684,Davis LLC,Technology,FR
CLI004685,Braun Group,Technology,US
CLI004686,Taylor-Lopez,Finance,IN
CLI004687,Rowe Ltd,Manufacturing,IN
CLI004688,Thomas-Mckay,Technology,DE
CLI004689,Snow-Mendoza,Technology,AU
CLI004690,"Hendrix, Lewis and Martinez",Technology,IN
CLI004691,Daniel-Avila,Manufacturing,CA
CLI004692,Myers Ltd,Technology,AU
CLI004693,"Hobbs, King and Johnson",Consulting,FR
CLI004694,"Marquez, Mccoy and Phillips",Retail,DE
CLI004695,"Kennedy, Gay and Haas",Finance,AU
CLI004696,Figueroa LLC,Healthcare,CA
CLI004697,"Mccoy, Adams and Johnson",Consulting,DE
CLI004698,"Martinez, Montgomery and Beltran",Healthcare,US
CLI004699,Wilson and Sons,Finance,IN
CLI004700,Fleming Group,Retail,FR
CLI004701,"Allen, Hernandez and Barber",Consulting,BR
CLI004702,"Miller, Norman and Nunez",Retail,CA
CLI004703,Nguyen-Perez,Technology,US
CLI004704,Turner-Schultz,Technology,ZA
CLI004705,Ray-Brown,Finance,AU
CLI004706,Martinez-Barber,Healthcare,US
CLI004707,"Taylor, Morgan and Weaver",Consulting,FR
CLI004708,"Montgomery, Rodriguez and Patel",Consulting,BR
CLI004709,Williams-Garcia,Retail,CA
CLI004710,"Gomez, Elliott and Hall",Healthcare,IN
CLI004711,"Cabrera, Perkins and Walker",Healthcare,BR
CLI004712,"Buckley, Parks and Hill",Retail,JP
CLI004713,"Harrison, Cruz and Fields",Retail,UK
CLI004714,Hall-Blair,Manufacturing,DE
CLI004715,Gibson Inc,Finance,IN
CLI004716,Martinez PLC,Technology,AU
CLI004717,Frederick LLC,Retail,IN
CLI004718,Alvarado-Willis,Retail,IN
CLI004719,Jones-Rodriguez,Technology,FR
CLI004720,"Wilson, Orozco and Fox",Retail,JP
CLI004721,Diaz and Sons,Consulting,DE
CLI004722,"Case, Sparks and Carroll",Healthcare,DE
CLI004723,Brown Ltd,Finance,DE
CLI004724,Weber-Wolf,Healthcare,IN
CLI004725,Smith Ltd,Manufacturing,UK
CLI004726,Williams Group,Retail,FR
CLI004727,Chavez-Hamilton,Retail,JP
CLI004728,"Smith, Arnold and Lee",Healthcare,JP
CLI004729,"Martinez, Adams and Russell",Healthcare,ZA
CLI004730,Kim PLC,Retail,FR
CLI004731,"York, Anderson and Martinez",Consulting,UK
CLI004732,"Richards, Pierce and Gallagher",Manufacturing,IN
CLI004733,"Santiago, Gutierrez and Day",Consulting,US
CLI004734,Ramirez Inc,Healthcare,BR
CLI004735,"Young, Armstrong and Brown",Technology,US
CLI004736,Schmidt LLC,Technology,DE
CLI004737,Young LLC,Healthcare,JP
CLI004738,Flores LLC,Manufacturing,JP
CLI004739,"Frank, Acevedo and Taylor",Healthcare,FR
CLI004740,Patterson LLC,Finance,IN
CLI004741,"Rose, Barnes and Fletcher",Healthcare,BR
CLI004742,Vaughan-Pearson,Finance,CA
CLI004743,Dunlap and Sons,Technology,CA
CLI004744,Morris Inc,Consulting,CA
CLI004745,"Smith, Clayton and Mills",Consulting,DE
CLI004746,"Anderson, Black and Diaz",Manufacturing,DE
CLI004747,Baker-Dodson,Technology,IN
CLI004748,"Graham, Ortega and Bryant",Technology,IN
CLI004749,Cook-Jenkins,Consulting,AU
CLI004750,"Miller, Jackson and Pena",Healthcare,DE
CLI004751,Rice LLC,Consulting,ZA
CLI004752,"Green, Bradshaw and Raymond",Finance,AU
CLI004753,"Hernandez, Anderson and Smith",Healthcare,AU
CLI004754,"Lin, Charles and Warren",Finance,ZA
CLI004755,Parsons Group,Retail,US
CLI004756,Collins Inc,Healthcare,CA
CLI004757,Estes-Ford,Technology,UK
CLI004758,"Campbell, Mccoy and Campbell",Consulting,UK
CLI004759,Lang Group,Retail,ZA
CLI004760,Pearson-Brown,Manufacturing,BR
CLI004761,"Evans, Stout and Mcmahon",Technology,JP
CLI004762,"Kelley, Robinson and Davis",Finance,JP
CLI004763,Gonzalez and Sons,Finance,FR
CLI004764,Smith LLC,Consulting,US
CLI004765,"Bruce, Coleman and Adams",Finance,DE
CLI004766,"Perez, Reyes and Armstrong",Finance,CA
CLI004767,Lynn-Wiggins,Consulting,AU
CLI004768,"Gomez, Armstrong and Moore",Healthcare,ZA
CLI004769,Williams-Gibbs,Manufacturing,JP
CLI004770,Guzman LLC,Consulting,IN
CLI004771,Robbins-Banks,Manufacturing,UK
CLI004772,Johnson-Howell,Healthcare,JP
CLI004773,"Fuller, Thomas and Mitchell",Retail,ZA
CLI004774,"Blair, Ward and Davis",Technology,JP
CLI004775,"Stone, Ellis and Reynolds",Retail,DE
CLI004776,Ramirez LLC,Technology,CA
CLI004777,Wagner Inc,Technology,AU
CLI004778,Garcia PLC,Technology,UK
CLI004779,Johnson and Sons,Technology,IN
CLI004780,Tate LLC,Healthcare,IN
CLI004781,Powell LLC,Finance,CA
CLI004782,"Johnson, Johnson and English",Technology,CA
CLI004783,Haney Ltd,Finance,IN
CLI004784,Henderson-Clark,Technology,US
CLI004785,"Salas, Castillo and Ray",Technology,DE
CLI004786,Mcdonald-Carey,Manufacturing,CA
CLI004787,"Cortez, Howe and Gray",Retail,JP
CLI004788,"Payne, Rodriguez and Smith",Finance,US
CLI004789,Kelley and Sons,Finance,FR
CLI004790,Obrien Group,Consulting,UK
CLI004791,"Hubbard, Jacobs and Bennett",Retail,JP
CLI004792,Delacruz LLC,Technology,US
CLI004793,"Sanders, Guerrero and Myers",Finance,BR
CLI004794,Bennett Ltd,Consulting,US
CLI004795,Mosley Group,Technology,BR
CLI004796,Salinas LLC,Retail,ZA
CLI004797,"Molina, Barrett and Robinson",Manufacturing,JP
CLI004798,"Ford, Garcia and Mosley",Manufacturing,ZA
CLI004799,Garcia and Sons,Technology,US
CLI004800,"Ward, Grant and Thompson",Healthcare,UK
CLI004801,Briggs-Williams,Technology,US
CLI004802,Farrell-Mosley,Healthcare,BR
CLI004803,Jackson PLC,Technology,FR
CLI004804,Reynolds-Berg,Technology,BR
CLI004805,Jefferson-York,Consulting,FR
CLI004806,"Taylor, Rodriguez and Walls",Manufacturing,UK
CLI004807,"Gordon, Thomas and Jimenez",Consulting,FR
CLI004808,"Matthews, Butler and Weber",Retail,JP
CLI004809,Miles LLC,Consulting,US
CLI004810,Adams-Bowen,Consulting,UK
CLI004811,Garza Ltd,Finance,DE
CLI004812,Leon-Robinson,Consulting,AU
CLI004813,Collins-Evans,Technology,ZA
CLI004814,Salazar-Thompson,Healthcare,JP
CLI004815,Kelly Group,Manufacturing,UK
CLI004816,Thomas Group,Consulting,CA
CLI004817,Rosales PLC,Manufacturing,FR
CLI004818,Thompson-Ramsey,Healthcare,AU
CLI004819,Castillo PLC,Consulting,US
CLI004820,"Miller, Smith and Smith",Technology,UK
CLI004821,Thompson LLC,Retail,BR
CLI004822,Snyder Inc,Finance,AU
CLI004823,Watson and Sons,Manufacturing,AU
CLI004824,Lee Ltd,Consulting,IN
CLI004825,Reyes PLC,Technology,UK
CLI004826,"Mccann, Solomon and Herrera",Finance,FR
CLI004827,Stanley PLC,Manufacturing,JP
CLI004828,"Williams, Carroll and Duncan",Manufacturing,FR
CLI004829,Young-Richardson,Retail,US
CLI004830,"Petersen, Castaneda and Pearson",Retail,IN
CLI004831,Bartlett-Hamilton,Technology,ZA
CLI004832,Graham and Sons,Retail,BR
CLI004833,Edwards-Collins,Retail,UK
CLI004834,Little Group,Retail,UK
CLI004835,Robinson-Collins,Manufacturing,US
CLI004836,Brady LLC,Technology,JP
CLI004837,Lee Group,Retail,ZA
CLI004838,"Kemp, Mcconnell and Stewart",Finance,IN
CLI004839,Holloway LLC,Consulting,BR
CLI004840,"Willis, Estrada and Summers",Manufacturing,ZA
CLI004841,Garcia-Davis,Healthcare,DE
CLI004842,"Willis, Howard and Woodard",Retail,FR
CLI004843,"Clark, Duncan and Davis",Manufacturing,UK
CLI004844,"Harris, Farrell and Valenzuela",Retail,BR
CLI004845,Carr-Atkins,Finance,AU
CLI004846,"Parker, Coleman and Klein",Retail,US
CLI004847,Duncan PLC,Manufacturing,DE
CLI004848,Roth-Watson,Technology,UK
CLI004849,Dunn-Santiago,Healthcare,IN
CLI004850,Brady Group,Technology,JP
CLI004851,Ramos-Hughes,Healthcare,JP
CLI004852,"Sheppard, Morgan and Hall",Retail,AU
CLI004853,Long LLC,Technology,JP
CLI004854,"Willis, Murphy and Mcconnell",Finance,US
CLI004855,Snyder-Smith,Consulting,CA
CLI004856,Nielsen Inc,Finance,CA
CLI004857,Medina Inc,Finance,IN
CLI004858,Lucero-Wilcox,Finance,DE
CLI004859,Cook-Burke,Technology,IN
CLI004860,Juarez PLC,Manufacturing,DE
CLI004861,Bryant-Taylor,Retail,US
CLI004862,Hart LLC,Consulting,ZA
CLI004863,Anderson PLC,Manufacturing,DE
CLI004864,Buchanan and Sons,Retail,AU
CLI004865,Cook Ltd,Retail,CA
CLI004866,"Duncan, Rasmussen and Ramos",Technology,FR
CLI004867,Nielsen-Williams,Retail,DE
CLI004868,Phillips LLC,Technology,AU
CLI004869,Stevens Inc,Manufacturing,DE
CLI004870,"Meyer, Mathews and Curry",Finance,UK
CLI004871,Davis and Sons,Healthcare,ZA
CLI004872,Moreno and Sons,Technology,IN
CLI004873,Morgan Group,Technology,AU
CLI004874,Perry-Ware,Retail,UK
CLI004875,"Faulkner, Hayes and Orr",Finance,CA
CLI004876,King-Moore,Technology,DE
CLI004877,Brown-Baker,Retail,US
CLI004878,"Bryant, Guerra and Mejia",Finance,US
CLI004879,Jensen Inc,Healthcare,BR
CLI004880,Bond and Sons,Consulting,US
CLI004881,"Poole, Bowen and Blanchard",Healthcare,JP
CLI004882,"Baldwin, Smith and Sanchez",Healthcare,IN
CLI004883,"Lucas, Galloway and Dunn",Consulting,BR
CLI004884,Frey PLC,Manufacturing,UK
CLI004885,Williams PLC,Finance,JP
CLI004886,"Bass, Terry and Griffin",Finance,ZA
CLI004887,Greer-Blackburn,Manufacturing,CA
CLI004888,Perez-Frost,Manufacturing,CA
CLI004889,Scott PLC,Finance,UK
CLI004890,"Pratt, Wells and Orr",Technology,US
CLI004891,Bird-Goodman,Technology,CA
CLI004892,Holt Group,Manufacturing,DE
CLI004893,"Jennings, Moore and Potter",Technology,UK
CLI004894,Mitchell and Sons,Finance,AU
CLI004895,"Thompson, Fritz and Clark",Finance,US
CLI004896,Rodriguez and Sons,Healthcare,UK
CLI004897,Dixon-Barajas,Retail,UK
CLI004898,Espinoza-Moore,Consulting,FR
CLI004899,"Bridges, Wilkins and Martinez",Consulting,AU
CLI004900,Kelly-Turner,Retail,JP
CLI004901,Harvey and Sons,Retail,CA
CLI004902,Brown Group,Finance,BR
CLI004903,Warren Group,Healthcare,ZA
CLI004904,Farmer-Lyons,Healthcare,BR
CLI004905,"Newman, Silva and Jordan",Technology,JP
CLI004906,Black-Burton,Technology,UK
CLI004907,"Esparza, Stuart and Turner",Technology,AU
CLI004908,"Roberts, Brooks and Forbes",Healthcare,UK
CLI004909,Lawson and Sons,Retail,FR
CLI004910,Sims-Carter,Finance,CA
CLI004911,Roberson Group,Manufacturing,FR
CLI004912,"King, Walker and Roach",Retail,ZA
CLI004913,Sanchez-Clark,Healthcare,UK
CLI004914,Daniel-Snyder,Finance,FR
CLI004915,Moody-Smith,Healthcare,JP
CLI004916,Chan-Brown,Consulting,AU
CLI004917,"Jones, Taylor and Sherman",Finance,UK
CLI004918,Hampton LLC,Technology,JP
CLI004919,Blevins LLC,Retail,FR
CLI004920,"Phillips, Newton and Alvarado",Technology,AU
CLI004921,Wilson-Howell,Finance,IN
CLI004922,Rice-Joseph,Healthcare,ZA
CLI004923,Lam-Russell,Retail,ZA
CLI004924,"Jackson, Dixon and Holt",Technology,JP
CLI004925,Shannon-Rivas,Healthcare,AU
CLI004926,"Bell, Diaz and White",Finance,CA
CLI004927,"Ramirez, Smith and Reyes",Consulting,DE
CLI004928,Faulkner Inc,Consulting,US
CLI004929,Cook Ltd,Retail,ZA
CLI004930,Mitchell-Torres,Finance,IN
CLI004931,Williams Inc,Technology,DE
CLI004932,"Bradshaw, Anderson and Davis",Healthcare,IN
CLI004933,"Bradford, Riley and Jackson",Retail,CA
CLI004934,"Taylor, Howard and Becker",Healthcare,AU
CLI004935,"Odom, Garza and Ryan",Retail,DE
CLI004936,"Foster, Herrera and Watson",Finance,FR
CLI004937,Mckay-Erickson,Healthcare,US
CLI004938,Knox-Nguyen,Retail,UK
CLI004939,"Hernandez, Cole and Bennett",Technology,UK
CLI004940,"Barrera, Miller and Thomas",Finance,FR
CLI004941,Adams-Benton,Manufacturing,US
CLI004942,Greene LLC,Technology,FR
CLI004943,Norman-Fox,Retail,AU
CLI004944,Roberts-Torres,Consulting,CA
CLI004945,"Robinson, Butler and Hamilton",Manufacturing,FR
CLI004946,Ray LLC,Retail,BR
CLI004947,"Chandler, Gonzalez and Miller",Finance,US
CLI004948,Shaw-Mason,Retail,UK
CLI004949,Torres-Powell,Healthcare,AU
CLI004950,"Davis, Khan and Nguyen",Manufacturing,BR
CLI004951,"Wilson, White and Campbell",Finance,US
CLI004952,"Wright, Powers and Garcia",Healthcare,FR
CLI004953,Perez-Tran,Healthcare,UK
CLI004954,Figueroa-Small,Healthcare,JP
CLI004955,Fernandez-Sanders,Consulting,FR
CLI004956,"Lewis, Long and Smith",Retail,IN
CLI004957,Campbell PLC,Finance,US
CLI004958,"Sanders, Collins and Frank",Finance,ZA
CLI004959,"Carter, Ellison and Murphy",Healthcare,AU
CLI004960,"Hopkins, Johnson and Allen",Consulting,DE
CLI004961,Martin Group,Retail,JP
CLI004962,"Alvarado, Zamora and Peterson",Retail,IN
CLI004963,"Christensen, Morris and Mccoy",Manufacturing,IN
CLI004964,Wright-Obrien,Healthcare,JP
CLI004965,Kelly-Mejia,Retail,US
CLI004966,Perry LLC,Retail,DE
CLI004967,Johnson-Larson,Finance,CA
CLI004968,Baker-Carroll,Retail,US
CLI004969,"Johnson, Mcgee and Benitez",Consulting,DE
CLI004970,Page-Williams,Finance,BR
CLI004971,"Jones, Curry and Miller",Technology,FR
CLI004972,"Smith, Macias and Wilson",Healthcare,BR
CLI004973,Miller PLC,Consulting,BR
CLI004974,Osborn PLC,Retail,JP
CLI004975,"Mills, Cooper and Johnson",Retail,FR
CLI004976,Garcia-Hancock,Healthcare,IN
CLI004977,Lopez PLC,Finance,ZA
CLI004978,Rodriguez-Thomas,Manufacturing,BR
CLI004979,Hunt LLC,Consulting,DE
CLI004980,Robinson-Mendoza,Retail,JP
CLI004981,Werner-Alvarado,Technology,ZA
CLI004982,"Watson, Atkins and Adams",Consulting,DE
CLI004983,Knight-Williams,Healthcare,US
CLI004984,Graves PLC,Manufacturing,JP
CLI004985,Carey-Wallace,Manufacturing,DE
CLI004986,"Salazar, Smith and Steele",Finance,BR
CLI004987,Pena-Martinez,Consulting,US
CLI004988,"Pham, Vargas and Maxwell",Healthcare,AU
CLI004989,"Jackson, Webster and Knapp",Healthcare,BR
CLI004990,Pittman-Burton,Healthcare,US
CLI004991,Smith PLC,Consulting,US
CLI004992,"Thompson, Castillo and Ryan",Manufacturing,JP
CLI004993,"Fuller, Vargas and Jackson",Retail,IN
CLI004994,Pace Inc,Manufacturing,BR
CLI004995,"Hale, Guzman and Price",Consulting,DE
CLI004996,"Figueroa, Kramer and Robinson",Healthcare,UK
CLI004997,Howard and Sons,Retail,ZA
CLI004998,White-Johnson,Healthcare,DE
CLI004999,"Stone, Boyd and Hardin",Healthcare,US
