employee_id,employee_name,contract_type,updated_at
1,Sofia Patel,Part-Time,2024-05-05T15:06:30.614502+00:00
2,Oliver Chen,Full-Time,2025-04-02T16:30:53.415295+00:00
3,Emma Adams,Full-Time,2024-02-18T01:34:32.855433+00:00
4,Mason Patel,Full-Time,2025-01-02T07:38:00.507482+00:00
5,Henry White,Full-Time,2024-05-22T17:05:02.399049+00:00
6,John Kim,Full-Time,2024-06-23T13:09:51.693730+00:00
7,Amelia Thompson,Contractor,2024-06-21T16:09:07.341936+00:00
8,Emma Lopez,Full-Time,2025-03-10T18:21:02.298492+00:00
9,Ethan Brown,Part-Time,2024-10-02T02:02:24.943165+00:00
10,Daniel Wilson,Full-Time,2025-03-01T11:37:48.814618+00:00
11,Abigail Martinez,Part-Time,2024-01-24T12:11:23.321647+00:00
12,Mason Hall,Contractor,2025-03-14T18:40:18.412099+00:00
13,Liam Lopez,Full-Time,2024-11-22T02:32:48.760020+00:00
14,Abigail Kim,Full-Time,2024-04-17T11:27:02.026291+00:00
15,Isabella Garcia,Full-Time,2024-03-28T19:03:32.531814+00:00
16,Harper Kim,Full-Time,2024-05-18T11:35:51.516125+00:00
17,Mason Young,Part-Time,2025-02-02T02:06:39.279447+00:00
18,Mason Brown,Part-Time,2024-07-24T19:08:27.088148+00:00
19,Carlos Thompson,Contractor,2024-10-17T23:07:14.857692+00:00
20,Michael Thompson,Full-Time,2024-07-21T23:01:11.877092+00:00
21,Victoria Rodriguez,Full-Time,2024-05-06T12:28:40.349022+00:00
22,Ethan Adams,Part-Time,2024-07-23T21:25:08.469439+00:00
23,Mason Davis,Full-Time,2024-02-16T15:16:36.057662+00:00
24,Aisha Nguyen,Full-Time,2024-03-23T01:41:54.258745+00:00
25,Chloe Garcia,Full-Time,2024-11-01T16:34:41.987936+00:00
26,Victoria Lewis,Contractor,2025-03-17T13:55:10.898080+00:00
27,John Nguyen,Full-Time,2024-10-02T11:10:43.348775+00:00
28,Isabella Hernandez,Full-Time,2024-08-11T00:49:47.158457+00:00
29,Victoria Smith,Contractor,2025-03-25T07:30:05.046971+00:00
30,Ethan Lee,Full-Time,2024-02-24T14:07:48.181027+00:00
31,Mia Martinez,Full-Time,2025-01-26T04:01:58.693891+00:00
32,John Young,Full-Time,2024-02-27T09:18:55.562943+00:00
33,Abigail Allen,Full-Time,2024-05-03T13:36:39.766357+00:00
34,Emma Wilson,Part-Time,2025-02-22T14:52:41.865989+00:00
35,Oliver Davis,Full-Time,2025-04-30T17:36:03.400300+00:00
36,Elijah Lewis,Full-Time,2024-11-07T04:23:03.523366+00:00
37,Ava Martinez,Part-Time,2024-07-23T16:23:35.511246+00:00
38,Abigail Baker,Part-Time,2024-08-19T14:41:50.542107+00:00
39,Harper White,Full-Time,2024-01-11T18:58:25.713145+00:00
40,Mason White,Full-Time,2024-12-29T02:56:15.842056+00:00
41,Aisha White,Full-Time,2024-01-17T02:45:22.822376+00:00
42,Emily Garcia,Full-Time,2024-05-22T20:36:43.466153+00:00
43,Sophia Thompson,Full-Time,2025-01-06T01:55:00.448055+00:00
44,Joseph Clark,Part-Time,2025-02-18T05:54:10.931410+00:00
45,Lucas Chen,Full-Time,2024-08-09T03:06:07.768034+00:00
46,Chloe Green,Full-Time,2025-01-09T00:22:54.690779+00:00
47,Liam Khan,Full-Time,2024-06-23T01:29:37.239442+00:00
48,Liam Clark,Part-Time,2023-11-13T15:11:13.895126+00:00
48,Liam Clark,Full-Time,2024-10-02T02:45:00.727719+00:00
49,Oliver Adams,Full-Time,2024-08-25T07:52:36.401350+00:00
50,Carlos Baker,Part-Time,2025-03-15T02:39:51.768254+00:00
51,Liam Khan,Full-Time,2024-10-04T07:43:07.298007+00:00
52,John Wilson,Contractor,2025-03-11T09:08:30.775592+00:00
53,Elijah Green,Full-Time,2024-04-19T15:39:24.291865+00:00
54,Elizabeth Khan,Full-Time,2024-01-02T02:32:13.265746+00:00
55,Daniel Lewis,Contractor,2025-02-06T18:30:45.507057+00:00
56,Jacob Adams,Full-Time,2025-01-09T17:58:53.284869+00:00
57,Sophia Rodriguez,Full-Time,2024-04-21T16:20:00.460591+00:00
58,Aisha Khan,Part-Time,2024-01-30T07:49:07.824133+00:00
59,Joseph Kim,Full-Time,2024-09-17T12:23:04.037939+00:00
60,Charlotte Garcia,Full-Time,2024-12-12T09:13:01.055905+00:00
61,Harper Scott,Part-Time,2023-08-13T07:49:07.464105+00:00
61,Harper Scott,Full-Time,2025-04-01T17:13:02.681622+00:00
62,Harper Brown,Full-Time,2024-08-03T01:29:49.767415+00:00
63,Michael Lewis,Full-Time,2025-01-02T09:45:12.424749+00:00
64,Harper Lewis,Full-Time,2024-12-10T13:51:00.090299+00:00
65,Mia Gonzalez,Full-Time,2025-01-20T16:57:20.270182+00:00
66,Carlos Smith,Full-Time,2025-05-27T04:58:15.872880+00:00
67,Liam Garcia,Full-Time,2024-09-16T12:27:08.471262+00:00
68,Oliver King,Part-Time,2025-03-27T01:34:30.811691+00:00
69,Abigail Hall,Full-Time,2025-03-03T17:04:04.373491+00:00
70,Mia Smith,Full-Time,2024-10-11T12:15:47.887246+00:00
71,Liam Davis,Full-Time,2025-04-01T10:08:34.255155+00:00
72,Amelia Walker,Full-Time,2024-04-18T01:16:20.315939+00:00
73,Emily Thompson,Full-Time,2025-03-13T13:03:45.299178+00:00
74,Sophia Lewis,Contractor,2025-03-10T01:13:44.105111+00:00
75,Emma Adams,Part-Time,2024-01-23T14:47:46.360572+00:00
76,Emily Davis,Full-Time,2024-05-14T09:11:35.487930+00:00
77,David Adams,Full-Time,2024-02-27T09:23:28.384137+00:00
78,Amelia Brown,Part-Time,2024-10-25T19:51:28.017440+00:00
79,Amelia Adams,Full-Time,2024-06-07T03:16:36.495623+00:00
80,James King,Full-Time,2024-05-08T00:12:36.537526+00:00
81,Liam King,Part-Time,2025-03-29T13:27:59.199353+00:00
82,Henry Rodriguez,Contractor,2024-05-01T10:42:36.123868+00:00
83,Elijah Lee,Part-Time,2024-01-13T17:10:10.875686+00:00
84,Emily Green,Part-Time,2025-03-19T06:21:22.742483+00:00
85,Harper Walker,Full-Time,2024-12-25T18:08:13.388563+00:00
86,Daniel Brown,Part-Time,2024-04-24T02:36:14.149520+00:00
87,Victoria King,Full-Time,2025-02-12T00:17:37.628052+00:00
88,Mason White,Full-Time,2024-04-09T01:48:50.234007+00:00
89,Emily Walker,Part-Time,2025-05-11T00:20:19.136556+00:00
90,Isabella King,Full-Time,2024-07-24T00:50:24.965668+00:00
91,Emily Patel,Full-Time,2025-05-12T19:34:20.362460+00:00
92,Charlotte Lewis,Contractor,2023-02-28T08:04:03.121924+00:00
92,Charlotte Lewis,Full-Time,2024-11-02T00:59:07.049073+00:00
93,Alexander Young,Full-Time,2025-05-19T21:54:42.396429+00:00
94,Sofia Lopez,Part-Time,2024-04-07T12:14:59.538020+00:00
95,James Adams,Full-Time,2025-04-19T19:40:53.175449+00:00
96,Lucas Wright,Full-Time,2025-05-01T18:32:33.616604+00:00
97,Emily Young,Full-Time,2024-03-04T22:23:12.791255+00:00
98,Mia Allen,Full-Time,2024-06-16T07:57:50.128576+00:00
99,Jacob Davis,Full-Time,2024-12-07T02:36:40.298500+00:00
100,Daniel Lee,Full-Time,2024-06-03T09:17:41.480344+00:00
101,John Allen,Full-Time,2024-08-08T12:46:58.449629+00:00
102,Michael Gonzalez,Full-Time,2024-12-12T14:19:20.982131+00:00
103,Joseph Kim,Full-Time,2024-05-25T13:58:41.585787+00:00
104,Emily Wilson,Part-Time,2025-01-20T08:00:45.897845+00:00
105,Mia White,Part-Time,2024-03-16T14:13:19.139412+00:00
106,James Clark,Full-Time,2023-06-14T01:45:10.841858+00:00
106,James Clark,Contractor,2024-11-09T14:00:18.562763+00:00
107,Carlos Gonzalez,Full-Time,2024-11-19T01:40:16.923514+00:00
108,Lucas Lopez,Part-Time,2023-06-11T04:44:45.686829+00:00
108,Lucas Lopez,Full-Time,2024-05-05T03:56:11.112323+00:00
109,John Chen,Part-Time,2024-04-22T06:22:19.475160+00:00
110,Victoria Khan,Full-Time,2025-04-15T15:53:26.944711+00:00
111,Sofia Gonzalez,Full-Time,2024-08-26T08:41:15.144282+00:00
112,Michael Baker,Full-Time,2025-01-03T23:42:03.640427+00:00
113,Chloe Baker,Full-Time,2023-05-08T20:36:59.294891+00:00
113,Chloe Baker,Part-Time,2025-01-16T11:53:08.893928+00:00
114,Joseph Baker,Full-Time,2024-05-06T20:00:56.333588+00:00
115,Isabella Carter,Full-Time,2024-05-20T20:50:37.559215+00:00
116,Carlos Hall,Full-Time,2024-06-21T06:57:17.535174+00:00
117,Emma Davis,Full-Time,2024-07-15T11:55:49.873493+00:00
118,Amelia Thompson,Full-Time,2024-07-28T02:21:48.381606+00:00
119,Victoria Green,Full-Time,2025-03-03T06:33:21.876912+00:00
120,Daniel Patel,Part-Time,2025-01-27T18:00:01.516196+00:00
121,Daniel Nelson,Full-Time,2024-06-29T10:51:15.762584+00:00
122,Daniel Green,Full-Time,2025-01-11T20:48:52.401716+00:00
123,Mason Carter,Full-Time,2024-08-11T14:00:45.133510+00:00
124,Maria Lopez,Full-Time,2024-12-14T09:35:41.598489+00:00
125,Elizabeth Kim,Part-Time,2025-04-16T17:23:47.161235+00:00
126,Maria Scott,Contractor,2023-12-28T14:06:39.421152+00:00
126,Maria Scott,Full-Time,2024-12-06T02:51:10.822201+00:00
127,Emma Adams,Full-Time,2024-08-24T20:25:52.475384+00:00
128,Aisha Lewis,Full-Time,2024-04-18T13:57:41.109162+00:00
129,Michael Hernandez,Part-Time,2024-07-13T11:48:07.077692+00:00
130,Henry Lewis,Part-Time,2024-08-29T06:25:03.962838+00:00
131,Aisha King,Full-Time,2024-02-05T04:49:45.757252+00:00
132,James Patel,Contractor,2024-04-12T06:31:43.396491+00:00
133,Maria Rodriguez,Full-Time,2024-08-30T22:29:01.616527+00:00
134,Sofia Thompson,Full-Time,2024-05-11T10:52:20.611465+00:00
135,Abigail Kim,Full-Time,2025-05-09T09:30:07.809747+00:00
136,Sofia Kim,Contractor,2024-02-25T10:54:42.500824+00:00
137,Maria Allen,Full-Time,2025-04-10T19:37:04.698106+00:00
138,Daniel Scott,Contractor,2024-04-11T17:50:10.375992+00:00
139,Harper Chen,Full-Time,2024-06-03T17:05:09.685407+00:00
140,Sofia Brown,Full-Time,2024-08-07T18:11:24.356206+00:00
141,Abigail Garcia,Full-Time,2024-06-24T01:14:17.609612+00:00
142,Henry Carter,Full-Time,2025-05-07T21:12:59.499165+00:00
143,Victoria Rodriguez,Full-Time,2025-01-11T10:29:16.018846+00:00
144,Isabella Nelson,Full-Time,2025-02-27T14:26:39.752723+00:00
145,Isabella Young,Part-Time,2025-03-02T03:57:37.096492+00:00
146,Emma Walker,Part-Time,2024-05-05T02:26:47.987949+00:00
147,Victoria Lopez,Full-Time,2024-09-10T13:54:06.021069+00:00
148,Michael Lee,Full-Time,2024-07-01T00:36:17.940816+00:00
149,Ethan Hernandez,Full-Time,2024-11-01T19:51:37.647812+00:00
150,Isabella Smith,Full-Time,2024-04-08T00:17:12.071276+00:00
151,Harper Green,Full-Time,2025-01-23T22:31:23.569234+00:00
152,Joseph Carter,Full-Time,2024-01-09T20:17:56.432750+00:00
153,Jacob White,Full-Time,2024-05-04T19:34:23.439542+00:00
154,Abigail Nelson,Full-Time,2024-06-25T08:20:27.732221+00:00
155,Emily King,Part-Time,2024-05-18T23:31:22.976151+00:00
156,Ethan White,Full-Time,2024-04-08T19:05:52.155510+00:00
157,Sofia Lee,Full-Time,2025-01-13T21:42:01.778408+00:00
158,Isabella Hall,Contractor,2025-03-03T03:19:13.473418+00:00
159,Jacob White,Full-Time,2024-06-04T01:31:06.791033+00:00
160,Oliver Walker,Full-Time,2024-01-28T23:19:27.700257+00:00
161,Jacob Davis,Full-Time,2025-01-21T04:22:38.166031+00:00
162,Liam Smith,Full-Time,2024-08-28T19:12:54.669544+00:00
163,David Hernandez,Full-Time,2024-01-27T08:33:00.511071+00:00
164,Joseph Nguyen,Part-Time,2024-07-24T13:30:36.104421+00:00
165,Carlos Khan,Full-Time,2025-02-20T02:46:52.475154+00:00
166,Mia Wilson,Contractor,2024-03-01T18:22:32.282211+00:00
167,Henry White,Part-Time,2024-07-14T03:12:51.328499+00:00
168,David Allen,Part-Time,2025-05-22T21:15:53.563922+00:00
169,Mia Khan,Full-Time,2025-01-14T15:58:46.304853+00:00
170,Ava Thompson,Full-Time,2024-02-11T15:34:48.269386+00:00
171,Harper Lee,Full-Time,2024-03-21T07:13:46.420809+00:00
172,Henry Baker,Full-Time,2024-08-29T01:33:44.789553+00:00
173,James White,Full-Time,2024-05-25T00:49:42.995131+00:00
174,Victoria Garcia,Full-Time,2025-04-18T23:11:34.006809+00:00
175,Lucas Adams,Full-Time,2024-04-25T07:51:14.226031+00:00
176,Amelia Walker,Part-Time,2024-02-06T15:11:52.480928+00:00
177,Elijah Allen,Full-Time,2025-02-26T20:02:47.723467+00:00
178,Jacob Baker,Full-Time,2024-12-19T07:00:12.340092+00:00
179,Elizabeth Walker,Full-Time,2024-09-10T07:36:24.266076+00:00
180,Emma Brown,Part-Time,2025-01-11T19:34:53.988573+00:00
181,Ethan Patel,Full-Time,2025-05-08T11:02:58.164714+00:00
182,Maria Walker,Full-Time,2025-01-26T11:23:53.013703+00:00
183,Charlotte Nelson,Full-Time,2024-08-14T20:43:42.337998+00:00
184,Isabella Lee,Contractor,2024-08-11T14:36:57.459211+00:00
185,Sophia Wilson,Full-Time,2024-07-28T11:34:54.214717+00:00
186,Michael Chen,Part-Time,2024-06-18T04:32:33.741543+00:00
187,Sophia Hall,Full-Time,2024-07-24T10:22:05.380557+00:00
188,James Gonzalez,Full-Time,2024-05-09T11:32:04.750082+00:00
189,Sofia Scott,Part-Time,2025-02-27T04:30:13.415919+00:00
190,John Gonzalez,Full-Time,2024-04-06T05:30:58.498738+00:00
191,Abigail Carter,Full-Time,2025-01-24T21:00:12.527940+00:00
192,Ava Walker,Part-Time,2023-08-30T21:03:17.817522+00:00
192,Ava Walker,Full-Time,2025-04-20T21:30:25.313461+00:00
193,David Carter,Full-Time,2025-05-14T05:23:00.947028+00:00
194,Harper Kim,Full-Time,2024-01-08T00:21:36.023422+00:00
195,Henry Wilson,Full-Time,2025-03-07T15:23:12.307448+00:00
196,Sofia Gonzalez,Contractor,2024-11-28T06:36:06.077900+00:00
197,Amelia Carter,Contractor,2024-05-29T17:23:58.307795+00:00
198,Isabella Green,Part-Time,2025-05-17T20:46:18.899806+00:00
199,Harper Gonzalez,Full-Time,2024-07-15T18:42:39.582356+00:00
200,Oliver Garcia,Full-Time,2025-02-09T06:33:22.006160+00:00
201,Henry Hernandez,Contractor,2024-09-17T11:15:58.552447+00:00
202,John Hall,Contractor,2023-07-31T02:51:26.110634+00:00
202,John Hall,Part-Time,2025-03-05T15:00:12.812869+00:00
203,Sophia Rodriguez,Full-Time,2024-09-05T11:12:40.100086+00:00
204,Emily Lopez,Full-Time,2024-06-14T01:43:21.849672+00:00
205,Lucas Clark,Full-Time,2024-04-29T19:37:15.009113+00:00
206,Henry Brown,Full-Time,2024-08-30T15:17:00.934656+00:00
207,Daniel Lopez,Contractor,2025-02-10T11:57:02.701935+00:00
208,Amelia Carter,Contractor,2024-03-05T18:20:38.666015+00:00
209,Emily Chen,Contractor,2023-08-15T14:34:30.362742+00:00
209,Emily Chen,Part-Time,2024-08-13T21:03:00.196908+00:00
210,Victoria Smith,Part-Time,2024-07-29T07:39:24.358742+00:00
211,Amelia Garcia,Full-Time,2025-05-12T04:50:06.358667+00:00
212,Emily Scott,Full-Time,2025-03-12T22:56:03.405918+00:00
213,Daniel Young,Full-Time,2025-03-31T06:08:42.230327+00:00
214,Sophia Brown,Full-Time,2024-04-30T10:29:28.439060+00:00
215,Jacob White,Part-Time,2024-08-10T15:03:24.344343+00:00
216,Liam Chen,Full-Time,2024-12-22T00:32:32.338717+00:00
217,Maria Brown,Full-Time,2024-01-29T18:56:23.771144+00:00
218,Alexander Wright,Full-Time,2024-05-05T06:33:31.626176+00:00
219,Henry Lee,Full-Time,2024-02-10T12:15:29.999973+00:00
220,Daniel Clark,Full-Time,2024-10-26T03:49:50.133317+00:00
221,Mason Gonzalez,Full-Time,2024-08-23T18:13:55.149110+00:00
222,John Gonzalez,Contractor,2024-12-13T14:44:42.809017+00:00
223,Elijah Garcia,Full-Time,2024-06-26T06:36:14.285316+00:00
224,Mia Adams,Full-Time,2024-08-22T08:33:45.092037+00:00
225,Mia Martinez,Full-Time,2023-02-10T06:36:11.830459+00:00
225,Mia Martinez,Contractor,2025-03-13T18:15:58.201287+00:00
226,Liam Clark,Full-Time,2024-07-03T03:30:18.533128+00:00
227,Jacob Hall,Full-Time,2025-03-01T19:25:20.845560+00:00
228,Elizabeth Walker,Full-Time,2025-03-19T18:42:35.281615+00:00
229,Aisha Carter,Part-Time,2025-04-08T04:56:04.977433+00:00
230,Mason King,Full-Time,2024-04-07T12:54:18.187126+00:00
231,Ethan Davis,Full-Time,2025-04-08T10:42:23.056367+00:00
232,James Allen,Part-Time,2024-01-18T02:47:02.791306+00:00
233,Abigail Davis,Full-Time,2024-05-31T09:23:59.569649+00:00
234,Henry Lee,Full-Time,2025-02-07T11:32:44.625867+00:00
235,Abigail Walker,Part-Time,2024-05-11T19:48:56.452114+00:00
236,Joseph Hall,Part-Time,2024-06-22T18:15:43.937312+00:00
237,Sofia Gonzalez,Contractor,2024-03-13T05:00:01.327509+00:00
238,Mason Scott,Contractor,2025-02-16T18:04:59.063452+00:00
239,Abigail Wilson,Part-Time,2024-01-08T03:21:59.333768+00:00
240,Sofia Gonzalez,Full-Time,2025-01-19T05:49:51.105881+00:00
241,Ethan Lopez,Part-Time,2025-04-27T08:52:25.577724+00:00
242,Liam White,Full-Time,2024-11-13T19:51:39.697388+00:00
243,Michael White,Full-Time,2024-11-21T23:05:35.132342+00:00
244,Victoria Allen,Full-Time,2024-02-29T20:30:50.878741+00:00
245,James Brown,Full-Time,2024-09-09T17:11:39.511895+00:00
246,Liam Clark,Part-Time,2024-03-10T14:17:44.763621+00:00
247,Victoria Wright,Full-Time,2025-01-16T05:32:28.234296+00:00
248,Henry Rodriguez,Part-Time,2024-12-01T23:23:54.246982+00:00
249,Sophia Green,Contractor,2024-05-23T12:09:38.177050+00:00
250,Abigail Thompson,Full-Time,2025-05-02T15:14:06.904359+00:00
251,Abigail Chen,Contractor,2024-07-07T10:37:40.832462+00:00
252,Alexander Khan,Full-Time,2024-04-07T08:55:22.862378+00:00
253,Sofia Gonzalez,Contractor,2023-04-14T21:49:50.301826+00:00
253,Sofia Gonzalez,Full-Time,2024-04-18T19:26:48.478171+00:00
254,Maria Khan,Part-Time,2024-05-04T22:49:12.942780+00:00
255,Oliver Thompson,Full-Time,2025-01-27T12:37:03.402985+00:00
256,Ava Thompson,Part-Time,2024-04-29T12:40:47.051093+00:00
257,Amelia Smith,Full-Time,2025-05-19T19:21:15.693514+00:00
258,Oliver Lewis,Part-Time,2024-02-26T09:24:47.502773+00:00
259,Maria Davis,Full-Time,2025-02-09T06:17:28.269810+00:00
260,Harper Young,Full-Time,2024-05-16T03:12:17.144989+00:00
261,Oliver Green,Full-Time,2025-01-17T12:37:51.118387+00:00
262,Joseph Baker,Part-Time,2024-09-20T06:59:08.642704+00:00
263,Liam Baker,Full-Time,2025-04-29T23:57:26.626493+00:00
264,James Allen,Full-Time,2025-05-09T13:05:25.319754+00:00
265,Aisha Nelson,Part-Time,2024-08-06T16:16:50.882071+00:00
266,Liam Carter,Part-Time,2024-08-15T13:08:21.836823+00:00
267,Emma Young,Contractor,2023-07-30T14:36:52.619459+00:00
267,Emma Young,Full-Time,2024-02-03T16:40:46.763894+00:00
268,Isabella Young,Full-Time,2024-11-02T11:05:18.676370+00:00
269,Jacob Gonzalez,Full-Time,2024-08-08T16:36:50.758346+00:00
270,Sofia Thompson,Full-Time,2025-03-31T14:10:35.985800+00:00
271,Henry Hernandez,Part-Time,2024-07-23T13:09:57.702858+00:00
272,Liam Young,Full-Time,2024-12-07T04:48:28.835995+00:00
273,Abigail Rodriguez,Full-Time,2024-08-31T07:11:10.346543+00:00
274,Emma Wilson,Full-Time,2024-02-19T12:54:04.657500+00:00
275,Abigail Davis,Contractor,2023-04-26T17:01:54.430785+00:00
275,Abigail Davis,Full-Time,2024-10-27T20:33:29.155278+00:00
276,Emily Nguyen,Full-Time,2025-03-24T03:51:14.281016+00:00
277,Chloe Khan,Contractor,2024-11-04T00:14:56.555370+00:00
278,Alexander Chen,Full-Time,2024-04-19T03:14:24.631561+00:00
279,Joseph White,Part-Time,2024-06-28T14:36:12.588665+00:00
280,Abigail Nguyen,Part-Time,2024-10-21T12:19:09.311984+00:00
281,Chloe Patel,Full-Time,2024-12-03T11:13:05.084840+00:00
282,Isabella Patel,Full-Time,2024-12-26T11:37:38.249477+00:00
283,Mia Hernandez,Full-Time,2024-04-03T01:27:54.837767+00:00
284,Amelia Scott,Full-Time,2025-01-15T02:48:39.801118+00:00
285,Maria Wilson,Part-Time,2024-04-20T08:42:57.668301+00:00
286,Henry Gonzalez,Full-Time,2024-07-08T20:05:37.228477+00:00
287,Michael Wilson,Part-Time,2024-03-20T19:29:59.174578+00:00
288,Aisha Wilson,Full-Time,2024-12-05T13:47:21.069079+00:00
289,Sophia Baker,Full-Time,2024-04-20T14:05:06.364458+00:00
290,Sofia King,Contractor,2023-12-27T22:56:25.921578+00:00
290,Sofia King,Full-Time,2024-05-25T07:19:49.942670+00:00
291,Sophia Allen,Full-Time,2024-07-21T18:28:58.557471+00:00
292,Aisha Smith,Full-Time,2025-04-29T22:49:48.582964+00:00
293,Oliver Lewis,Full-Time,2024-03-02T13:14:50.062930+00:00
294,Sophia Adams,Full-Time,2024-07-14T01:06:50.657926+00:00
295,Mason King,Full-Time,2025-03-18T02:02:34.170800+00:00
296,James Adams,Full-Time,2025-04-17T13:21:06.816937+00:00
297,Michael Adams,Full-Time,2024-12-29T23:21:04.373412+00:00
298,Henry Hall,Full-Time,2024-01-11T16:47:09.436966+00:00
299,Michael Kim,Part-Time,2024-11-13T02:21:29.670486+00:00
300,Abigail Wilson,Full-Time,2024-02-24T07:23:12.834119+00:00
301,Chloe Scott,Full-Time,2024-07-22T00:40:46.458236+00:00
302,Mia Hernandez,Full-Time,2025-02-03T16:29:57.113676+00:00
303,Carlos Nguyen,Full-Time,2024-04-09T11:20:32.753609+00:00
304,Alexander King,Part-Time,2025-02-24T02:53:42.655106+00:00
305,Amelia Clark,Full-Time,2024-05-11T07:28:50.697427+00:00
306,Charlotte Rodriguez,Part-Time,2024-12-02T06:37:36.975024+00:00
307,Charlotte Carter,Full-Time,2024-10-16T04:42:40.572864+00:00
308,David Young,Part-Time,2024-11-17T18:18:02.569500+00:00
309,Amelia Baker,Full-Time,2024-08-14T20:27:56.455028+00:00
310,Mia Walker,Full-Time,2024-06-29T13:06:45.521634+00:00
311,Carlos Allen,Full-Time,2024-01-20T07:01:13.466897+00:00
312,Abigail Hall,Full-Time,2025-03-19T08:38:47.103675+00:00
313,Emma Lopez,Full-Time,2024-10-11T08:44:35.390102+00:00
314,James Baker,Contractor,2024-10-20T06:14:13.645029+00:00
315,Lucas Young,Full-Time,2024-09-14T04:50:03.194370+00:00
316,Aisha Baker,Full-Time,2025-04-06T06:02:58.486789+00:00
317,Emily Wilson,Full-Time,2024-03-29T12:32:43.143376+00:00
318,Harper Baker,Contractor,2024-09-25T20:19:55.295872+00:00
319,Elijah Wright,Full-Time,2024-05-25T02:59:08.663643+00:00
320,Henry Hernandez,Full-Time,2024-01-27T20:43:27.306852+00:00
321,Emily Garcia,Full-Time,2024-10-13T05:38:35.056663+00:00
322,Daniel Hall,Full-Time,2025-03-12T20:29:01.654541+00:00
323,Amelia Hernandez,Full-Time,2024-12-06T10:23:32.096928+00:00
324,Alexander Allen,Contractor,2024-12-24T07:41:07.087704+00:00
325,Elizabeth Davis,Full-Time,2025-04-26T04:40:59.091793+00:00
326,Mia Lopez,Full-Time,2024-06-17T12:12:12.009492+00:00
327,Oliver Wilson,Full-Time,2024-08-05T04:58:45.055768+00:00
328,Abigail Patel,Full-Time,2024-04-02T11:23:49.583255+00:00
329,Ava Hernandez,Contractor,2024-09-06T10:58:03.280026+00:00
330,Mason Davis,Full-Time,2024-05-31T17:47:32.480058+00:00
331,Liam Brown,Full-Time,2025-03-25T14:08:52.135966+00:00
332,Oliver Lopez,Full-Time,2024-04-02T18:34:31.972012+00:00
333,Elijah Baker,Full-Time,2024-07-05T21:15:15.792401+00:00
334,Harper Baker,Full-Time,2025-01-20T23:26:24.089469+00:00
335,David White,Full-Time,2024-06-07T18:10:07.472932+00:00
336,Joseph Martinez,Full-Time,2025-04-30T21:03:59.961764+00:00
337,David Gonzalez,Part-Time,2025-02-03T04:15:47.327836+00:00
338,Henry Kim,Part-Time,2025-02-15T01:06:12.843914+00:00
339,Oliver Lewis,Full-Time,2024-09-03T13:01:55.740166+00:00
340,Abigail Chen,Part-Time,2024-09-21T15:52:34.966366+00:00
341,Sofia Hall,Full-Time,2024-03-23T05:45:55.653225+00:00
342,David Rodriguez,Part-Time,2024-02-17T01:10:38.890714+00:00
343,Mason Baker,Contractor,2023-10-13T22:16:39.627566+00:00
343,Mason Baker,Part-Time,2025-04-22T07:58:13.320403+00:00
344,Henry Khan,Full-Time,2024-07-10T20:12:49.810695+00:00
345,Daniel Wilson,Contractor,2023-12-26T23:01:04.674303+00:00
345,Daniel Wilson,Full-Time,2024-01-15T11:02:42.217953+00:00
346,Liam Hernandez,Part-Time,2024-03-11T14:07:34.046691+00:00
347,Jacob Nelson,Full-Time,2024-03-12T04:48:56.237996+00:00
348,Joseph Baker,Full-Time,2025-04-09T16:55:02.661022+00:00
349,Maria Lewis,Part-Time,2023-11-17T17:15:34.812433+00:00
349,Maria Lewis,Full-Time,2024-03-17T16:53:07.975275+00:00
350,Chloe Nguyen,Part-Time,2024-05-01T21:49:35.293451+00:00
351,Sofia Khan,Full-Time,2024-11-23T18:46:25.415442+00:00
352,Victoria Garcia,Full-Time,2025-04-09T08:10:06.442574+00:00
353,Maria Clark,Part-Time,2024-05-29T10:08:26.568560+00:00
354,John King,Full-Time,2024-08-01T16:46:48.835947+00:00
355,Emma Wright,Full-Time,2024-09-26T20:50:38.006904+00:00
356,Maria Lopez,Part-Time,2024-01-23T07:59:45.033552+00:00
357,Daniel Wright,Full-Time,2024-01-09T07:58:27.657888+00:00
358,Carlos King,Full-Time,2024-12-03T02:16:09.742560+00:00
359,Liam Hernandez,Full-Time,2024-06-29T17:30:21.080728+00:00
360,Emily Lee,Part-Time,2024-12-17T05:48:42.327459+00:00
361,Joseph Lee,Part-Time,2024-02-02T08:53:37.722987+00:00
362,Victoria Brown,Full-Time,2024-01-23T11:20:34.317294+00:00
363,Lucas Brown,Full-Time,2024-06-08T01:39:15.374588+00:00
364,Elizabeth Nelson,Full-Time,2025-01-21T10:31:04.052992+00:00
365,Lucas Hall,Contractor,2023-12-23T07:38:13.557015+00:00
365,Lucas Hall,Full-Time,2025-02-04T13:43:16.941498+00:00
366,Emily Walker,Full-Time,2024-07-07T19:03:07.466984+00:00
367,Elizabeth Baker,Part-Time,2024-07-17T08:22:13.392572+00:00
368,Charlotte Carter,Full-Time,2024-07-07T10:46:31.313019+00:00
369,Isabella Wilson,Part-Time,2024-02-10T11:44:57.474798+00:00
370,Charlotte Hall,Full-Time,2024-02-11T01:48:30.359359+00:00
371,Jacob Allen,Full-Time,2025-01-03T03:51:56.750649+00:00
372,Elijah Baker,Full-Time,2024-01-22T17:28:36.354039+00:00
373,Alexander Adams,Full-Time,2025-05-17T18:05:45.101184+00:00
374,Aisha Garcia,Full-Time,2024-07-27T09:15:37.333160+00:00
375,Elijah Patel,Contractor,2023-06-10T08:34:16.829838+00:00
375,Elijah Patel,Full-Time,2024-11-07T16:26:15.308471+00:00
376,David Brown,Full-Time,2024-05-01T01:34:30.445447+00:00
377,Abigail Wright,Full-Time,2024-10-17T23:54:57.704066+00:00
378,Amelia Baker,Contractor,2024-07-09T20:13:43.376632+00:00
379,Carlos Davis,Full-Time,2024-07-23T04:35:42.625560+00:00
380,Isabella Clark,Contractor,2024-01-14T07:02:42.189790+00:00
381,Charlotte Carter,Full-Time,2025-04-13T15:32:07.193659+00:00
382,Sofia Lewis,Part-Time,2024-12-27T04:06:48.713682+00:00
383,Ava Hall,Full-Time,2025-05-27T07:07:05.956669+00:00
384,Lucas Nguyen,Part-Time,2023-10-19T15:14:57.481019+00:00
384,Lucas Nguyen,Full-Time,2024-02-07T23:43:43.342830+00:00
385,Charlotte Baker,Contractor,2025-02-19T19:02:19.479909+00:00
386,Michael King,Part-Time,2024-10-09T03:33:53.567491+00:00
387,Jacob Allen,Part-Time,2024-12-31T03:47:37.278732+00:00
388,Charlotte Wright,Full-Time,2024-03-03T06:12:52.368933+00:00
389,Lucas Davis,Full-Time,2024-09-10T10:23:53.137847+00:00
390,Abigail Wright,Part-Time,2023-02-06T09:40:21.431784+00:00
390,Abigail Wright,Full-Time,2025-05-19T06:50:35.600993+00:00
391,Oliver Wilson,Full-Time,2024-07-23T06:08:44.459705+00:00
392,Joseph Green,Part-Time,2025-02-26T08:57:16.872290+00:00
393,Carlos Davis,Contractor,2024-11-25T12:28:21.765090+00:00
394,David Gonzalez,Full-Time,2024-06-25T17:39:57.528042+00:00
395,Charlotte Davis,Full-Time,2025-04-12T04:41:22.127633+00:00
396,Aisha Nguyen,Full-Time,2024-06-05T00:22:52.935764+00:00
397,Elijah Young,Contractor,2024-04-25T15:59:24.523501+00:00
398,Jacob Wilson,Full-Time,2024-11-21T18:49:22.472997+00:00
399,Isabella Davis,Full-Time,2024-11-11T04:50:27.465110+00:00
400,Emma Kim,Full-Time,2024-10-24T20:55:10.999340+00:00
401,Elijah Hernandez,Part-Time,2024-10-16T03:15:54.863705+00:00
402,Maria Wilson,Full-Time,2024-11-25T01:34:42.135044+00:00
403,Ethan Thompson,Part-Time,2024-08-01T17:00:59.329663+00:00
404,Maria Carter,Part-Time,2024-10-06T21:08:59.918762+00:00
405,Mia Nelson,Full-Time,2025-02-18T04:05:05.133290+00:00
406,Elizabeth Allen,Full-Time,2024-12-19T06:12:37.059976+00:00
407,Elijah Baker,Full-Time,2024-08-26T06:12:42.647508+00:00
408,Emily Rodriguez,Contractor,2023-01-10T07:49:31.339578+00:00
408,Emily Rodriguez,Full-Time,2025-01-03T12:29:01.829416+00:00
409,Alexander Scott,Full-Time,2024-07-09T02:05:27.306223+00:00
410,Liam Young,Full-Time,2024-03-03T20:29:23.080710+00:00
411,David Clark,Full-Time,2024-01-26T23:03:08.469523+00:00
412,Daniel Green,Full-Time,2025-03-19T21:39:57.460268+00:00
413,Elijah Young,Contractor,2025-01-04T22:31:59.576369+00:00
414,Lucas Kim,Full-Time,2024-09-21T01:17:31.994225+00:00
415,Sophia Allen,Full-Time,2024-02-16T04:41:04.049445+00:00
416,Elizabeth Gonzalez,Contractor,2024-04-20T08:51:29.268515+00:00
417,Alexander Khan,Full-Time,2024-09-10T21:08:14.761687+00:00
418,Joseph Hall,Full-Time,2025-03-10T14:23:10.185808+00:00
419,Chloe Davis,Full-Time,2023-11-19T01:19:43.018194+00:00
419,Chloe Davis,Part-Time,2025-01-08T05:04:45.393891+00:00
420,Elizabeth Wright,Full-Time,2024-01-27T05:51:12.409415+00:00
421,Lucas Wright,Full-Time,2024-02-07T17:19:22.450202+00:00
422,David Walker,Part-Time,2024-11-15T17:21:01.138444+00:00
423,Sofia Davis,Contractor,2024-07-21T01:44:33.040013+00:00
424,Emily Wright,Part-Time,2024-04-12T02:48:02.295626+00:00
425,Elizabeth Brown,Full-Time,2024-03-11T07:11:30.592908+00:00
426,Emily Nelson,Full-Time,2024-03-17T09:45:26.864155+00:00
427,Oliver Young,Contractor,2024-06-12T09:44:30.303674+00:00
428,Elizabeth Allen,Full-Time,2024-09-17T06:03:43.596397+00:00
429,Sophia Allen,Full-Time,2024-01-09T12:50:03.106120+00:00
430,Emily Nguyen,Contractor,2024-10-26T10:32:26.773592+00:00
431,Maria Nelson,Full-Time,2024-12-02T07:38:09.777994+00:00
432,Mason Khan,Full-Time,2024-03-28T11:20:40.215210+00:00
433,Daniel Rodriguez,Full-Time,2023-04-30T03:31:31.289433+00:00
433,Daniel Rodriguez,Part-Time,2024-05-04T05:55:26.574452+00:00
434,Sofia Martinez,Full-Time,2024-06-09T22:10:54.682267+00:00
435,Amelia Green,Full-Time,2024-07-29T12:33:59.988892+00:00
436,Joseph Khan,Part-Time,2024-09-23T02:01:39.722621+00:00
437,Michael Nelson,Full-Time,2024-06-09T22:55:19.184376+00:00
438,Charlotte Gonzalez,Contractor,2024-06-24T14:43:48.870116+00:00
439,Alexander Lewis,Full-Time,2024-04-08T15:09:23.221480+00:00
440,Harper Walker,Full-Time,2024-04-25T08:33:46.698363+00:00
441,Mia Hall,Part-Time,2024-12-20T02:14:01.648216+00:00
442,Sophia Young,Full-Time,2024-10-14T12:43:23.559558+00:00
443,Isabella Hall,Full-Time,2024-12-13T02:34:23.124269+00:00
444,Daniel Scott,Part-Time,2025-05-04T17:08:39.573872+00:00
445,Amelia Hall,Full-Time,2025-05-05T01:49:20.971441+00:00
446,Emma King,Contractor,2024-12-02T12:19:40.390978+00:00
447,Joseph Thompson,Full-Time,2024-10-03T06:58:17.028123+00:00
448,Isabella Davis,Full-Time,2025-01-15T01:50:58.937959+00:00
449,Harper Clark,Full-Time,2025-04-09T08:37:39.932386+00:00
450,Mason White,Full-Time,2024-07-31T00:33:59.107630+00:00
451,Joseph Chen,Full-Time,2024-03-11T12:29:38.850240+00:00
452,Elijah Green,Full-Time,2025-03-27T18:31:53.376301+00:00
453,Joseph Nelson,Full-Time,2025-01-22T18:46:37.068385+00:00
454,Jacob Young,Full-Time,2024-01-31T08:24:35.142499+00:00
455,Emma White,Full-Time,2025-01-05T23:01:29.476275+00:00
456,James Lee,Full-Time,2025-03-05T16:35:29.020258+00:00
457,James Scott,Part-Time,2024-04-05T13:52:07.724027+00:00
458,Jacob Brown,Full-Time,2024-10-18T08:44:47.497190+00:00
459,Liam Hernandez,Part-Time,2023-02-09T10:58:15.559709+00:00
459,Liam Hernandez,Full-Time,2025-05-22T09:47:33.632637+00:00
460,Sophia Davis,Part-Time,2024-08-28T02:16:18.148820+00:00
461,Lucas Nguyen,Full-Time,2025-01-10T01:32:24.023953+00:00
462,Ethan Lee,Full-Time,2024-06-21T22:31:30.546868+00:00
463,Jacob Martinez,Full-Time,2025-03-15T04:52:32.738213+00:00
464,Elizabeth Adams,Full-Time,2024-02-14T11:54:55.520543+00:00
465,Liam Lee,Contractor,2024-09-01T22:24:53.498187+00:00
466,Harper Smith,Full-Time,2024-04-30T19:44:15.592173+00:00
467,Isabella Hernandez,Part-Time,2023-11-28T05:50:42.882615+00:00
467,Isabella Hernandez,Full-Time,2025-01-05T20:07:46.882823+00:00
468,John Lewis,Full-Time,2024-12-21T09:22:00.787025+00:00
469,Aisha Nguyen,Full-Time,2024-03-22T22:26:00.787926+00:00
470,Mia Nguyen,Full-Time,2025-04-27T13:06:20.878414+00:00
471,Abigail White,Full-Time,2024-03-09T12:29:55.847065+00:00
472,Amelia Gonzalez,Part-Time,2024-11-06T17:51:28.543941+00:00
473,Henry Nelson,Part-Time,2025-02-15T10:09:44.419665+00:00
474,Ava Clark,Full-Time,2024-11-01T15:40:03.718633+00:00
475,Emma Baker,Full-Time,2024-07-04T14:17:43.084574+00:00
476,Sofia Khan,Part-Time,2025-04-08T04:21:32.503941+00:00
477,Lucas Rodriguez,Full-Time,2025-03-14T08:25:54.202968+00:00
478,David Nguyen,Full-Time,2025-01-02T18:41:38.398618+00:00
479,Sophia Wilson,Part-Time,2024-08-16T12:46:58.462353+00:00
480,Aisha Gonzalez,Full-Time,2024-08-01T02:42:26.471432+00:00
481,Aisha Gonzalez,Full-Time,2024-06-07T02:11:01.220554+00:00
482,Maria Scott,Full-Time,2024-01-02T13:07:35.350426+00:00
483,Ava Garcia,Full-Time,2024-06-25T17:50:21.858407+00:00
484,Carlos Khan,Contractor,2024-02-05T09:45:49.419093+00:00
485,Joseph Brown,Full-Time,2024-04-02T07:55:48.345161+00:00
486,Oliver Green,Full-Time,2025-04-02T06:05:57.650822+00:00
487,David Lopez,Full-Time,2024-12-16T05:46:34.030913+00:00
488,Oliver King,Full-Time,2025-05-24T07:55:46.225442+00:00
489,Elizabeth Davis,Part-Time,2024-04-24T05:45:42.980316+00:00
490,John Patel,Contractor,2024-08-25T12:30:14.513436+00:00
491,Chloe Lopez,Part-Time,2024-05-06T23:22:05.585011+00:00
492,Alexander Rodriguez,Full-Time,2025-04-25T21:23:46.918662+00:00
493,Sofia Brown,Contractor,2023-02-10T22:44:19.730652+00:00
493,Sofia Brown,Part-Time,2024-08-03T01:41:24.895070+00:00
494,Maria Clark,Full-Time,2024-02-21T18:14:25.193742+00:00
495,James Baker,Full-Time,2024-12-26T18:51:37.863508+00:00
496,Aisha Clark,Part-Time,2024-07-25T08:41:27.597062+00:00
497,Mason Thompson,Part-Time,2025-02-02T02:53:43.106904+00:00
498,Oliver Hall,Full-Time,2025-04-15T02:40:48.978454+00:00
499,Michael Young,Full-Time,2025-03-25T12:29:32.865374+00:00
500,Mason Green,Full-Time,2024-02-01T06:30:37.541010+00:00
501,Charlotte Adams,Full-Time,2024-01-25T01:14:13.206043+00:00
502,Alexander Lopez,Part-Time,2024-06-12T12:15:31.098522+00:00
503,Henry Green,Full-Time,2024-07-12T02:58:40.227239+00:00
504,Joseph Clark,Part-Time,2024-06-03T06:40:00.437541+00:00
505,Amelia Gonzalez,Contractor,2024-10-15T12:05:44.920730+00:00
506,Henry Davis,Full-Time,2024-05-10T19:30:22.999392+00:00
507,Emily Wilson,Contractor,2025-03-10T13:54:22.490792+00:00
508,Emma Martinez,Full-Time,2024-07-12T11:41:31.587806+00:00
509,James Garcia,Full-Time,2025-01-25T18:00:22.653785+00:00
510,Ava Nelson,Full-Time,2025-04-10T07:23:17.421334+00:00
511,Mia Smith,Full-Time,2024-04-07T11:34:18.354801+00:00
512,Sofia Nelson,Contractor,2024-12-22T20:33:02.986559+00:00
513,Ava Scott,Contractor,2024-10-10T05:12:00.899455+00:00
514,Jacob Lopez,Full-Time,2024-11-28T19:03:25.696871+00:00
515,Mia Lewis,Full-Time,2025-03-28T21:10:50.726933+00:00
516,Victoria Chen,Part-Time,2025-01-05T14:21:21.287072+00:00
517,Michael Thompson,Full-Time,2024-07-31T08:18:29.736590+00:00
518,Mason Rodriguez,Full-Time,2024-10-10T20:22:19.093192+00:00
519,Henry Hall,Full-Time,2024-06-18T05:18:05.043454+00:00
520,Daniel Clark,Full-Time,2024-12-01T19:31:59.803975+00:00
521,Emily Lewis,Part-Time,2024-09-07T15:54:10.763180+00:00
522,Sophia Gonzalez,Full-Time,2025-02-11T19:44:18.717799+00:00
523,Elijah Davis,Part-Time,2024-09-07T12:09:01.970211+00:00
524,Aisha Brown,Part-Time,2024-02-08T03:09:21.692472+00:00
525,Aisha Smith,Full-Time,2025-03-08T05:24:37.992793+00:00
526,Mason Garcia,Part-Time,2024-01-05T16:32:58.834808+00:00
527,Victoria Wright,Full-Time,2024-11-23T03:42:51.918326+00:00
528,Joseph Carter,Full-Time,2024-09-30T00:36:00.415717+00:00
529,Henry Smith,Full-Time,2025-01-05T11:38:12.439161+00:00
530,Jacob Patel,Full-Time,2024-12-24T00:02:27.406984+00:00
531,Chloe Lee,Full-Time,2024-02-19T09:48:59.820391+00:00
532,Amelia Clark,Full-Time,2024-09-27T01:43:33.932091+00:00
533,Alexander Walker,Part-Time,2024-02-10T12:53:05.747436+00:00
534,Elizabeth Gonzalez,Full-Time,2025-05-22T23:44:56.707974+00:00
535,Mason Allen,Full-Time,2025-03-10T22:56:23.136764+00:00
536,James Wilson,Full-Time,2024-07-12T11:42:42.217843+00:00
537,Joseph Khan,Full-Time,2024-12-26T13:25:46.153327+00:00
538,Emma Carter,Part-Time,2024-11-26T20:05:52.666101+00:00
539,Emily Chen,Part-Time,2025-04-16T12:36:07.475400+00:00
540,Mason Thompson,Contractor,2024-12-21T03:26:46.736529+00:00
541,Joseph Walker,Full-Time,2024-02-08T03:22:23.929697+00:00
542,Isabella Brown,Full-Time,2025-03-12T06:27:52.604941+00:00
543,Maria Thompson,Full-Time,2025-01-20T21:45:25.317917+00:00
544,Elizabeth Garcia,Full-Time,2024-10-16T07:27:12.073564+00:00
545,Daniel Hernandez,Full-Time,2025-01-14T11:44:33.159753+00:00
546,Emma King,Full-Time,2024-08-12T05:25:50.048433+00:00
547,Carlos Hernandez,Full-Time,2024-11-10T21:54:31.522850+00:00
548,Elizabeth Young,Full-Time,2024-05-20T05:12:08.555320+00:00
549,David Carter,Full-Time,2024-10-10T17:00:01.690525+00:00
550,Daniel Adams,Full-Time,2024-10-27T13:17:40.172462+00:00
551,Daniel Wilson,Part-Time,2024-05-31T12:42:43.799187+00:00
552,Harper Garcia,Full-Time,2024-03-20T02:46:06.625604+00:00
553,Amelia Lopez,Full-Time,2024-02-24T15:51:17.635900+00:00
554,John Allen,Full-Time,2025-01-25T13:41:52.798799+00:00
555,Liam Davis,Full-Time,2024-08-09T02:13:11.282509+00:00
556,Henry Chen,Full-Time,2024-06-30T13:23:33.740861+00:00
557,Emma Young,Part-Time,2024-01-07T07:56:15.541624+00:00
558,Henry Lopez,Part-Time,2025-01-06T20:16:38.667923+00:00
559,Harper Kim,Full-Time,2024-03-27T22:54:19.754850+00:00
560,Isabella Allen,Full-Time,2024-03-15T20:44:58.242481+00:00
561,Elijah Adams,Full-Time,2024-06-02T18:32:59.101016+00:00
562,Carlos Wright,Full-Time,2024-05-06T12:01:00.917358+00:00
563,Sophia Martinez,Full-Time,2024-03-10T12:08:49.344650+00:00
564,John Scott,Full-Time,2024-11-14T03:48:22.381607+00:00
565,Emily Baker,Full-Time,2025-02-22T08:08:02.352037+00:00
566,Oliver Allen,Full-Time,2025-04-30T22:53:53.116305+00:00
567,Lucas Nelson,Part-Time,2023-12-01T16:56:31.236542+00:00
567,Lucas Nelson,Full-Time,2025-05-09T19:50:33.934355+00:00
568,Michael Hall,Part-Time,2024-11-20T16:17:42.402319+00:00
569,Harper Young,Full-Time,2025-02-22T20:40:49.706436+00:00
570,Elizabeth Wright,Full-Time,2024-10-16T06:07:38.864055+00:00
571,Charlotte Patel,Contractor,2024-08-24T19:29:34.107078+00:00
572,Ava Baker,Full-Time,2023-02-05T06:30:06.823642+00:00
572,Ava Baker,Part-Time,2025-03-02T10:44:29.863831+00:00
573,Carlos Green,Full-Time,2024-03-12T09:34:24.091094+00:00
574,Mia Clark,Full-Time,2024-03-20T01:48:41.409434+00:00
575,Chloe Lopez,Full-Time,2025-05-23T05:30:21.473813+00:00
576,Joseph Scott,Full-Time,2025-04-18T18:04:47.003979+00:00
577,Henry Brown,Part-Time,2024-07-03T10:31:37.624858+00:00
578,Emma Chen,Part-Time,2024-12-03T08:23:29.213082+00:00
579,Alexander Kim,Full-Time,2024-01-23T17:22:51.206574+00:00
580,Elizabeth Hernandez,Contractor,2024-08-08T19:46:07.162953+00:00
581,John Chen,Full-Time,2024-09-18T23:26:45.144040+00:00
582,Mason Baker,Full-Time,2024-08-25T13:14:03.205326+00:00
583,Amelia King,Contractor,2024-09-04T15:52:39.332135+00:00
584,Jacob Green,Contractor,2024-02-14T01:02:39.445660+00:00
585,Amelia King,Full-Time,2024-08-21T14:03:19.457644+00:00
586,Ava Nelson,Full-Time,2024-02-20T01:56:05.133191+00:00
587,David Young,Full-Time,2024-01-23T22:08:15.880339+00:00
588,Sofia Patel,Part-Time,2024-11-28T09:48:20.237484+00:00
589,Elijah Clark,Full-Time,2024-10-10T03:07:10.157972+00:00
590,Emily Adams,Contractor,2024-04-28T22:36:19.799025+00:00
591,Elizabeth Lee,Full-Time,2024-12-03T04:46:30.007865+00:00
592,Elizabeth Patel,Part-Time,2025-03-29T00:41:41.545862+00:00
593,David Adams,Full-Time,2024-12-27T12:42:17.653307+00:00
594,Ava Walker,Part-Time,2025-02-18T21:04:52.167461+00:00
595,Carlos Chen,Part-Time,2024-10-02T10:10:38.993325+00:00
596,Abigail Young,Full-Time,2024-02-28T11:00:48.957559+00:00
597,Sophia Young,Full-Time,2024-11-09T14:25:45.411828+00:00
598,Sofia King,Full-Time,2024-08-22T21:10:46.333220+00:00
599,Charlotte Allen,Contractor,2024-10-29T18:09:10.474570+00:00
600,Oliver Young,Full-Time,2024-06-05T15:50:18.928381+00:00
601,Charlotte Wright,Part-Time,2023-10-08T10:25:48.783286+00:00
601,Charlotte Wright,Full-Time,2024-09-19T01:16:32.855253+00:00
602,Henry Davis,Full-Time,2024-08-05T00:27:12.545587+00:00
603,Sophia Lee,Full-Time,2024-09-08T04:28:21.455323+00:00
604,Oliver Lee,Full-Time,2024-08-19T08:43:26.226598+00:00
605,Aisha King,Contractor,2024-09-05T14:30:18.058375+00:00
606,Lucas Lopez,Contractor,2024-09-16T06:57:10.436126+00:00
607,Sophia Green,Full-Time,2024-08-01T05:14:30.908742+00:00
608,David Carter,Full-Time,2024-10-17T01:10:39.735495+00:00
609,Mason Hall,Contractor,2023-07-06T06:12:59.743724+00:00
609,Mason Hall,Full-Time,2024-04-25T08:16:19.724560+00:00
610,Jacob Kim,Part-Time,2024-10-17T04:17:18.521233+00:00
611,Sophia Nguyen,Full-Time,2024-05-17T10:14:53.708803+00:00
612,Abigail Brown,Part-Time,2024-08-14T10:06:19.186643+00:00
613,Ava Adams,Full-Time,2025-03-01T19:49:50.383458+00:00
614,Harper Allen,Part-Time,2024-01-17T12:49:14.263574+00:00
615,Ethan King,Part-Time,2024-02-14T14:56:05.171255+00:00
616,Sofia Clark,Full-Time,2025-01-13T09:29:27.723974+00:00
617,Alexander Adams,Full-Time,2024-03-12T10:15:39.241766+00:00
618,Ava Thompson,Part-Time,2024-10-19T10:45:19.199661+00:00
619,Isabella Kim,Full-Time,2024-12-27T04:18:35.693028+00:00
620,Jacob Walker,Contractor,2024-09-20T21:28:38.411636+00:00
621,Liam Davis,Contractor,2025-02-07T01:25:41.471625+00:00
622,Aisha Walker,Part-Time,2024-03-06T02:14:49.675104+00:00
623,Oliver Clark,Full-Time,2024-06-14T05:39:16.968005+00:00
624,Harper Scott,Full-Time,2024-10-23T05:15:47.220454+00:00
625,Isabella Green,Full-Time,2024-02-08T17:45:22.886142+00:00
626,Emma Scott,Full-Time,2024-05-22T17:30:52.807792+00:00
627,Abigail Gonzalez,Contractor,2024-06-16T21:35:08.222429+00:00
628,John Wilson,Part-Time,2024-08-23T04:25:38.093666+00:00
629,Alexander Garcia,Part-Time,2024-07-23T00:40:39.968900+00:00
630,Chloe Thompson,Full-Time,2024-06-14T15:06:56.598305+00:00
631,Jacob Hernandez,Full-Time,2024-03-07T23:52:35.075231+00:00
632,Sophia Hernandez,Part-Time,2025-01-26T00:52:17.486637+00:00
633,James Chen,Full-Time,2025-03-05T05:28:38.014161+00:00
634,Maria Nguyen,Contractor,2024-03-22T01:05:34.930903+00:00
635,Victoria Smith,Contractor,2024-08-07T11:03:53.972175+00:00
636,Oliver Allen,Full-Time,2025-04-23T11:43:01.661814+00:00
637,Isabella Wilson,Full-Time,2024-05-08T10:47:34.070988+00:00
638,Abigail Kim,Full-Time,2024-11-16T22:26:23.364668+00:00
639,Mason Adams,Full-Time,2024-12-26T23:55:48.956070+00:00
640,John Thompson,Full-Time,2024-03-09T01:47:59.422547+00:00
641,Mason Baker,Full-Time,2024-12-22T20:11:29.705750+00:00
642,Sofia Adams,Full-Time,2024-09-02T01:26:43.341294+00:00
643,Mason Lopez,Full-Time,2025-02-17T10:56:25.937112+00:00
644,Liam Young,Full-Time,2024-06-02T12:25:53.727946+00:00
645,Daniel Davis,Full-Time,2024-12-13T08:54:42.132021+00:00
646,Carlos Smith,Full-Time,2024-03-25T04:36:10.659681+00:00
647,Alexander Thompson,Contractor,2023-04-06T05:47:54.708792+00:00
647,Alexander Thompson,Full-Time,2024-03-18T15:43:05.876237+00:00
648,Henry Baker,Part-Time,2024-02-14T11:18:11.044920+00:00
649,Liam Davis,Full-Time,2023-01-22T07:49:31.647808+00:00
649,Liam Davis,Part-Time,2024-10-29T10:50:02.671727+00:00
650,Daniel King,Contractor,2024-06-10T08:10:08.985572+00:00
651,Oliver Clark,Full-Time,2024-02-13T05:16:12.688922+00:00
652,Jacob Patel,Part-Time,2024-12-03T18:17:12.899358+00:00
653,Mia Thompson,Full-Time,2024-09-18T09:14:30.602416+00:00
654,Elizabeth Hall,Full-Time,2025-02-06T02:09:55.058345+00:00
655,Harper Carter,Full-Time,2024-05-03T16:11:54.870041+00:00
656,Carlos Smith,Contractor,2025-04-24T02:28:38.040287+00:00
657,Oliver Lopez,Part-Time,2024-10-18T13:53:57.647662+00:00
658,Abigail Lee,Part-Time,2025-05-04T15:13:30.497809+00:00
659,Carlos Patel,Part-Time,2023-03-16T05:11:28.694588+00:00
659,Carlos Patel,Full-Time,2024-01-08T01:49:28.767107+00:00
660,Ava Brown,Contractor,2025-05-01T16:08:53.240687+00:00
661,Elizabeth Hall,Full-Time,2024-09-14T00:54:53.507963+00:00
662,Henry Adams,Part-Time,2024-02-12T06:51:04.393498+00:00
663,Amelia Walker,Full-Time,2024-02-10T12:54:48.495733+00:00
664,Ava Rodriguez,Full-Time,2024-07-19T10:41:10.552367+00:00
665,Carlos Allen,Full-Time,2025-01-09T11:14:51.154574+00:00
666,Harper Khan,Full-Time,2025-04-19T08:01:00.881568+00:00
667,Sofia Gonzalez,Full-Time,2024-01-29T05:30:44.516086+00:00
668,Charlotte Nguyen,Full-Time,2024-03-11T09:21:05.938412+00:00
669,John Kim,Full-Time,2024-06-26T20:38:00.715135+00:00
670,Ethan Kim,Full-Time,2025-01-19T15:14:48.627466+00:00
671,Isabella Nguyen,Part-Time,2024-01-16T01:26:02.991982+00:00
672,Chloe Walker,Full-Time,2024-05-14T21:26:09.963512+00:00
673,Carlos Carter,Full-Time,2024-07-03T17:50:43.445990+00:00
674,Sophia Kim,Full-Time,2024-05-10T20:59:21.083111+00:00
675,Liam Nguyen,Full-Time,2024-09-18T00:39:07.138872+00:00
676,James Smith,Full-Time,2024-08-30T00:21:56.256772+00:00
677,Daniel Rodriguez,Contractor,2023-11-23T08:29:07.246617+00:00
677,Daniel Rodriguez,Full-Time,2025-05-07T15:43:56.978746+00:00
678,James Green,Full-Time,2024-05-07T08:36:58.728580+00:00
679,Michael Walker,Part-Time,2024-10-20T04:45:02.778286+00:00
680,Sofia Khan,Full-Time,2025-02-16T15:00:34.904074+00:00
681,James Scott,Full-Time,2024-08-26T14:14:22.266646+00:00
682,Jacob Allen,Full-Time,2024-10-10T17:39:40.533228+00:00
683,John Wright,Full-Time,2024-10-16T05:35:18.934899+00:00
684,Mia Clark,Full-Time,2024-10-30T12:53:55.649519+00:00
685,Sophia Martinez,Part-Time,2024-10-07T09:14:14.622041+00:00
686,Harper Rodriguez,Full-Time,2024-07-29T08:21:52.491517+00:00
687,Mason King,Full-Time,2024-12-21T17:53:22.009322+00:00
688,John Hernandez,Full-Time,2024-12-03T04:43:30.012121+00:00
689,Mia Chen,Full-Time,2025-05-19T08:07:15.651156+00:00
690,Henry Carter,Contractor,2025-05-13T22:08:57.527630+00:00
691,Amelia Walker,Full-Time,2025-04-17T14:43:49.617813+00:00
692,Henry Wright,Full-Time,2025-01-18T16:08:14.634676+00:00
693,Liam Davis,Full-Time,2024-07-21T07:15:11.062967+00:00
694,Aisha Adams,Full-Time,2024-03-08T01:16:49.521545+00:00
695,Jacob Lewis,Part-Time,2025-04-20T01:25:42.637208+00:00
696,Elizabeth Young,Full-Time,2024-05-19T12:19:14.498404+00:00
697,Carlos Martinez,Full-Time,2025-01-30T02:02:42.674660+00:00
698,Liam Rodriguez,Full-Time,2024-08-18T15:03:56.873444+00:00
699,Michael Green,Full-Time,2024-07-02T19:14:06.123771+00:00
700,Ava Baker,Full-Time,2024-05-15T22:46:39.346226+00:00
701,Sofia Wilson,Full-Time,2024-12-17T22:42:26.015064+00:00
702,James Thompson,Part-Time,2024-06-17T03:47:43.901482+00:00
703,Emma Clark,Part-Time,2023-07-26T11:14:46.078495+00:00
703,Emma Clark,Contractor,2024-07-22T06:33:42.568248+00:00
704,Aisha Allen,Full-Time,2025-05-23T05:12:37.981664+00:00
705,Maria Scott,Part-Time,2024-10-12T04:54:09.763862+00:00
706,Harper Chen,Full-Time,2025-02-16T09:34:36.582242+00:00
707,Oliver Nguyen,Part-Time,2023-02-26T02:46:30.772099+00:00
707,Oliver Nguyen,Full-Time,2025-03-01T23:32:38.941032+00:00
708,Mason Davis,Full-Time,2024-07-24T11:57:47.666433+00:00
709,Emma Lewis,Contractor,2024-02-08T11:14:31.807312+00:00
710,Carlos Martinez,Contractor,2024-08-15T11:31:35.252647+00:00
711,Oliver Wilson,Contractor,2025-03-01T11:01:59.714043+00:00
712,Emily Nguyen,Full-Time,2024-08-24T11:46:10.126876+00:00
713,Elijah Adams,Part-Time,2024-07-21T15:13:25.857798+00:00
714,Maria Lopez,Contractor,2023-02-20T00:50:42.823999+00:00
714,Maria Lopez,Full-Time,2024-03-29T15:36:08.611418+00:00
715,Ava Lee,Full-Time,2024-08-16T19:17:33.842838+00:00
716,Amelia Brown,Full-Time,2024-11-12T12:13:22.257141+00:00
717,Jacob Carter,Full-Time,2024-10-09T12:04:43.845569+00:00
718,Aisha Wilson,Full-Time,2024-03-11T09:38:59.434548+00:00
719,Lucas Clark,Full-Time,2025-02-15T12:17:36.366281+00:00
720,Maria Lopez,Part-Time,2024-07-03T05:23:17.866752+00:00
721,Sophia King,Contractor,2024-09-14T17:27:56.744116+00:00
722,Daniel Walker,Full-Time,2024-06-12T14:01:14.192254+00:00
723,Mason Patel,Part-Time,2025-02-03T09:21:47.950978+00:00
724,Aisha Nelson,Full-Time,2025-01-28T09:21:38.800655+00:00
725,Mason Kim,Full-Time,2024-12-02T23:18:53.121543+00:00
726,Isabella Khan,Part-Time,2025-05-01T05:20:38.802625+00:00
727,Daniel King,Contractor,2025-05-23T15:51:50.870174+00:00
728,Charlotte Lee,Full-Time,2024-06-12T03:16:11.216674+00:00
729,Alexander Patel,Part-Time,2024-06-29T09:54:38.203646+00:00
730,Amelia Martinez,Part-Time,2025-02-19T17:39:32.832904+00:00
731,Sophia Allen,Full-Time,2024-01-20T11:24:34.493960+00:00
732,Aisha White,Full-Time,2024-01-11T05:21:12.281428+00:00
733,Joseph Smith,Full-Time,2024-11-11T01:13:38.134057+00:00
734,Oliver Hernandez,Part-Time,2025-04-16T08:01:44.591975+00:00
735,Michael Khan,Full-Time,2024-10-27T22:19:55.789403+00:00
736,Amelia Nguyen,Part-Time,2025-03-17T12:33:44.901631+00:00
737,Carlos Wright,Full-Time,2023-04-03T19:04:03.934081+00:00
737,Carlos Wright,Part-Time,2024-12-05T16:15:43.826613+00:00
738,Liam Hernandez,Full-Time,2024-03-10T23:59:34.609104+00:00
739,Elijah Adams,Part-Time,2025-05-07T19:40:18.407064+00:00
740,Michael Lee,Part-Time,2024-10-15T07:03:52.692659+00:00
741,Alexander White,Full-Time,2025-02-21T19:33:38.012710+00:00
742,Daniel Allen,Part-Time,2024-05-31T02:05:47.627590+00:00
743,Charlotte Smith,Contractor,2025-05-01T16:22:18.278659+00:00
744,Elizabeth Brown,Full-Time,2024-06-12T05:53:11.827757+00:00
745,Mason Chen,Contractor,2024-03-13T03:36:04.135123+00:00
746,Carlos Clark,Full-Time,2024-06-12T21:54:50.319309+00:00
747,Emma Hernandez,Full-Time,2024-05-16T01:17:44.045556+00:00
748,Harper Garcia,Full-Time,2025-02-07T17:47:25.133958+00:00
749,John Khan,Full-Time,2025-01-10T19:34:49.066568+00:00
750,Elijah Green,Part-Time,2023-06-04T16:03:09.006060+00:00
750,Elijah Green,Full-Time,2024-07-13T06:42:33.194234+00:00
751,Daniel Chen,Part-Time,2025-02-08T14:50:37.291168+00:00
752,Mason Kim,Full-Time,2025-02-13T23:41:00.576931+00:00
753,James Hall,Full-Time,2024-05-13T23:00:15.715086+00:00
754,Liam Garcia,Full-Time,2025-03-31T12:12:35.166041+00:00
755,Elijah Garcia,Full-Time,2025-04-05T17:42:17.350031+00:00
756,Emma Hernandez,Full-Time,2024-11-10T19:11:37.909643+00:00
757,Joseph Patel,Full-Time,2024-12-01T07:33:22.600321+00:00
758,Chloe Kim,Full-Time,2024-06-18T20:26:11.263434+00:00
759,Lucas Green,Full-Time,2025-01-05T09:43:59.316729+00:00
760,Ethan Hall,Full-Time,2024-02-19T04:55:00.567496+00:00
761,Elizabeth Carter,Full-Time,2024-07-04T02:31:32.441341+00:00
762,Chloe Wilson,Full-Time,2024-12-05T14:47:34.881481+00:00
763,Joseph Martinez,Full-Time,2024-04-16T04:00:18.452721+00:00
764,Jacob Wilson,Full-Time,2024-02-29T06:08:45.128794+00:00
765,Elizabeth Nelson,Full-Time,2024-12-05T02:43:30.554518+00:00
766,Emma Lopez,Full-Time,2025-03-30T06:11:09.719276+00:00
767,Abigail Lee,Full-Time,2024-05-15T01:41:59.790479+00:00
768,Victoria Lewis,Full-Time,2024-05-17T18:32:06.940236+00:00
769,Aisha Rodriguez,Part-Time,2024-12-08T09:52:18.007913+00:00
770,Emma King,Part-Time,2024-07-31T09:00:13.212544+00:00
771,Mason Khan,Part-Time,2025-02-23T20:12:18.019521+00:00
772,Henry Nelson,Full-Time,2024-04-30T21:13:28.357923+00:00
773,Mia Wilson,Full-Time,2025-03-14T01:42:25.504185+00:00
774,James Rodriguez,Part-Time,2023-04-29T07:11:50.889534+00:00
774,James Rodriguez,Full-Time,2025-01-23T10:30:28.653947+00:00
775,Charlotte Kim,Contractor,2025-02-18T17:46:06.243182+00:00
776,Oliver Brown,Full-Time,2025-05-21T23:42:09.274248+00:00
777,Chloe Martinez,Contractor,2024-11-17T18:24:32.850019+00:00
778,Ethan Young,Contractor,2025-04-13T23:18:34.239943+00:00
779,Carlos Wilson,Full-Time,2024-07-22T20:14:04.885886+00:00
780,Michael Walker,Full-Time,2025-04-15T12:05:50.804028+00:00
781,John Green,Full-Time,2024-03-17T18:23:46.459711+00:00
782,Liam Chen,Full-Time,2024-02-21T19:23:39.595441+00:00
783,Jacob King,Part-Time,2024-05-15T12:03:00.686367+00:00
784,Sophia Nelson,Full-Time,2024-05-21T06:53:56.100235+00:00
785,Amelia Scott,Full-Time,2025-04-01T08:26:15.798164+00:00
786,Emily Clark,Full-Time,2024-08-31T18:53:10.930116+00:00
787,Isabella Wright,Full-Time,2025-02-23T07:39:19.844491+00:00
788,Mia Allen,Full-Time,2024-09-09T04:48:56.717568+00:00
789,Liam White,Full-Time,2025-05-14T18:35:22.400577+00:00
790,David Young,Full-Time,2024-08-01T19:18:20.964631+00:00
791,Emma Martinez,Full-Time,2025-04-13T14:11:04.921136+00:00
792,Henry Carter,Part-Time,2025-03-20T20:49:50.179492+00:00
793,Aisha Kim,Full-Time,2024-12-30T00:13:06.357585+00:00
794,Elizabeth Davis,Part-Time,2024-09-25T23:00:42.857257+00:00
795,Maria Lee,Full-Time,2025-03-03T07:02:00.009739+00:00
796,Aisha Clark,Full-Time,2024-01-26T22:29:09.154297+00:00
797,Abigail Martinez,Full-Time,2025-02-26T11:00:34.067795+00:00
798,Elizabeth Nguyen,Full-Time,2024-05-04T02:44:30.554114+00:00
799,Sophia Baker,Full-Time,2025-03-22T13:21:33.349896+00:00
800,Alexander King,Full-Time,2025-04-03T20:59:04.282381+00:00
801,Emma Hall,Full-Time,2024-01-26T11:18:13.102036+00:00
802,Ava White,Full-Time,2024-12-13T15:47:01.931539+00:00
803,Isabella Green,Full-Time,2025-03-19T13:19:25.318298+00:00
804,John Nelson,Contractor,2024-11-28T02:26:18.870010+00:00
805,John White,Full-Time,2025-02-17T00:12:48.700565+00:00
806,Mia Walker,Full-Time,2024-07-12T03:09:56.766098+00:00
807,Alexander Gonzalez,Full-Time,2024-08-27T09:59:09.480486+00:00
808,Elizabeth Chen,Full-Time,2025-05-27T16:58:28.289773+00:00
809,Abigail Hall,Full-Time,2024-02-25T10:58:58.730062+00:00
810,Carlos Hernandez,Contractor,2024-11-24T15:00:09.028828+00:00
811,Isabella Lewis,Full-Time,2025-05-03T11:20:10.213429+00:00
812,Mia Martinez,Full-Time,2025-01-27T16:31:14.407659+00:00
813,Aisha Scott,Full-Time,2024-12-15T05:27:53.275570+00:00
814,Maria Carter,Part-Time,2023-08-30T21:48:02.945075+00:00
814,Maria Carter,Contractor,2024-05-13T02:03:22.570668+00:00
815,Henry Scott,Full-Time,2024-01-19T02:50:51.314723+00:00
816,Lucas Hernandez,Part-Time,2024-04-24T01:44:08.319249+00:00
817,Joseph King,Full-Time,2025-03-09T16:48:06.246502+00:00
818,Charlotte Hall,Full-Time,2024-03-06T15:14:53.692576+00:00
819,Ethan Lee,Contractor,2025-04-06T11:45:58.807655+00:00
820,Emma White,Full-Time,2025-01-16T18:42:45.540247+00:00
821,Mia Green,Part-Time,2024-06-18T23:10:35.725383+00:00
822,Ethan Hall,Full-Time,2024-03-01T10:07:31.706133+00:00
823,Aisha Garcia,Full-Time,2024-04-09T19:13:23.976753+00:00
824,Sofia Lopez,Full-Time,2024-07-30T22:10:35.441108+00:00
825,Amelia Davis,Contractor,2024-06-24T18:57:05.843685+00:00
826,Victoria Rodriguez,Full-Time,2025-01-02T03:18:36.113856+00:00
827,Emma Carter,Full-Time,2025-05-21T03:30:58.567242+00:00
828,Michael Khan,Full-Time,2024-05-20T07:40:30.141930+00:00
829,Elijah Kim,Full-Time,2025-01-26T17:03:48.907450+00:00
830,Emma Davis,Full-Time,2024-11-20T23:29:54.964069+00:00
831,Elizabeth Adams,Contractor,2024-07-15T15:23:30.349314+00:00
832,James Martinez,Part-Time,2025-05-02T09:14:41.257724+00:00
833,Michael Martinez,Full-Time,2024-01-03T02:46:21.518012+00:00
834,Harper White,Full-Time,2024-06-25T15:38:03.905763+00:00
835,Oliver Chen,Full-Time,2024-10-28T23:42:48.645811+00:00
836,Elijah Garcia,Part-Time,2024-06-01T23:27:58.122071+00:00
837,Jacob Gonzalez,Part-Time,2024-11-01T22:30:23.176779+00:00
838,Emily Adams,Part-Time,2025-05-25T16:15:22.715285+00:00
839,Emily Carter,Full-Time,2024-04-06T15:54:04.785352+00:00
840,Elizabeth Patel,Full-Time,2025-01-08T00:54:09.403252+00:00
841,Oliver Thompson,Part-Time,2024-10-29T12:17:53.455374+00:00
842,Elijah Nguyen,Full-Time,2024-11-29T17:27:11.376189+00:00
843,James Lopez,Part-Time,2024-05-11T05:16:34.713726+00:00
844,Aisha Khan,Full-Time,2024-12-01T06:43:28.263900+00:00
845,Maria Khan,Full-Time,2024-08-01T19:20:26.730566+00:00
846,Daniel Nguyen,Full-Time,2024-08-31T08:46:03.782968+00:00
847,Amelia Thompson,Full-Time,2024-11-19T08:23:35.592310+00:00
848,Mia Green,Full-Time,2024-12-05T20:29:24.993687+00:00
849,Isabella Davis,Full-Time,2025-04-05T23:49:59.306301+00:00
850,Sofia Hall,Full-Time,2024-02-24T12:19:07.596006+00:00
851,Lucas Martinez,Part-Time,2025-03-02T13:24:48.521101+00:00
852,Lucas King,Part-Time,2024-05-31T12:21:50.352190+00:00
853,James Carter,Contractor,2024-12-19T01:09:59.785512+00:00
854,Joseph Hernandez,Full-Time,2024-01-07T12:58:14.262309+00:00
855,Emma Nguyen,Part-Time,2024-12-09T04:59:52.830010+00:00
856,Amelia Wilson,Part-Time,2024-02-08T11:59:36.982262+00:00
857,Liam Lewis,Full-Time,2024-08-22T07:31:16.327849+00:00
858,Jacob Lewis,Full-Time,2024-02-21T04:50:50.503882+00:00
859,Charlotte Brown,Part-Time,2024-07-03T18:57:46.597793+00:00
860,Michael Adams,Part-Time,2024-02-18T17:37:16.200156+00:00
861,James Smith,Part-Time,2024-12-06T07:13:37.554482+00:00
862,Elijah Hernandez,Full-Time,2024-08-12T13:08:28.070229+00:00
863,Isabella Wilson,Full-Time,2024-06-24T19:36:07.785452+00:00
864,Sofia Scott,Part-Time,2023-02-02T11:05:33.513055+00:00
864,Sofia Scott,Full-Time,2024-08-22T04:54:15.517963+00:00
865,Daniel Nelson,Part-Time,2024-11-28T20:35:52.473967+00:00
866,Elijah Nguyen,Full-Time,2025-01-07T15:34:25.003379+00:00
867,Elijah Chen,Full-Time,2024-10-30T01:19:03.829501+00:00
868,David Lee,Full-Time,2025-02-03T17:04:14.861974+00:00
869,Maria Davis,Full-Time,2024-09-07T09:46:03.469179+00:00
870,Henry Baker,Full-Time,2024-05-14T04:58:39.436742+00:00
871,Michael Smith,Part-Time,2024-12-13T18:39:39.152161+00:00
872,Mason Hernandez,Full-Time,2024-12-19T01:37:52.011536+00:00
873,Liam Adams,Full-Time,2024-05-07T12:28:47.858167+00:00
874,Alexander Lopez,Full-Time,2025-02-27T23:06:08.791571+00:00
875,Aisha Smith,Full-Time,2024-03-21T12:05:23.352328+00:00
876,Joseph Carter,Part-Time,2024-02-08T09:44:27.115356+00:00
877,Sophia Young,Full-Time,2025-05-12T16:25:33.026236+00:00
878,Aisha White,Contractor,2023-07-08T04:15:49.856856+00:00
878,Aisha White,Full-Time,2024-07-13T05:47:09.740734+00:00
879,Harper Wilson,Full-Time,2025-02-15T01:07:44.308169+00:00
880,David Wilson,Part-Time,2024-08-17T08:18:09.692563+00:00
881,Sofia Carter,Part-Time,2024-01-10T02:46:24.651797+00:00
882,Elizabeth Green,Full-Time,2024-10-08T16:30:15.475329+00:00
883,Emma Allen,Part-Time,2024-10-15T11:26:19.059436+00:00
884,Victoria Hernandez,Full-Time,2024-01-28T20:14:11.134385+00:00
885,Mason Gonzalez,Full-Time,2025-01-28T16:25:50.574476+00:00
886,Joseph Wright,Full-Time,2023-01-24T13:44:33.841550+00:00
886,Joseph Wright,Part-Time,2024-02-28T11:51:20.117073+00:00
887,Mason Smith,Full-Time,2025-03-01T17:31:49.439751+00:00
888,Jacob Wright,Part-Time,2024-01-24T11:37:12.318727+00:00
889,Elijah Carter,Full-Time,2025-01-02T17:55:56.852115+00:00
890,Henry Chen,Full-Time,2024-04-10T12:11:06.372863+00:00
891,Sofia Scott,Full-Time,2025-02-26T23:54:38.222381+00:00
892,Lucas Hernandez,Full-Time,2024-07-31T14:57:32.001192+00:00
893,Sofia Baker,Full-Time,2024-10-29T07:39:38.315930+00:00
894,Oliver Carter,Full-Time,2025-01-12T16:15:57.276053+00:00
895,Chloe Nelson,Contractor,2025-02-04T16:40:31.411458+00:00
896,Charlotte Lee,Part-Time,2024-03-06T20:38:11.402228+00:00
897,Daniel Young,Full-Time,2024-07-16T07:57:59.069565+00:00
898,Harper Walker,Full-Time,2024-06-24T21:16:39.431545+00:00
899,Jacob Baker,Part-Time,2024-03-11T21:16:20.026220+00:00
900,Mia Young,Part-Time,2025-04-24T22:01:28.911787+00:00
901,Ava Martinez,Full-Time,2025-01-01T11:30:08.649631+00:00
902,Alexander Davis,Contractor,2024-11-29T11:51:48.984046+00:00
903,Charlotte Young,Part-Time,2025-01-25T06:39:43.580681+00:00
904,Joseph Green,Full-Time,2025-04-03T13:16:41.552274+00:00
905,Jacob Adams,Part-Time,2024-09-25T03:51:05.724748+00:00
906,Maria Lopez,Full-Time,2024-12-09T20:10:10.016323+00:00
907,Lucas Walker,Part-Time,2024-03-23T13:26:11.670554+00:00
908,Jacob Lewis,Full-Time,2024-02-01T19:44:53.262039+00:00
909,Jacob Thompson,Part-Time,2024-01-17T13:45:22.285726+00:00
910,David Chen,Full-Time,2024-12-12T13:04:34.602430+00:00
911,Mason Lopez,Full-Time,2025-02-06T08:23:23.684591+00:00
912,Jacob Khan,Contractor,2024-07-17T19:34:22.202689+00:00
913,Michael Khan,Full-Time,2024-05-08T22:30:43.101071+00:00
914,David White,Contractor,2024-12-27T11:23:35.146349+00:00
915,Abigail Martinez,Part-Time,2025-05-09T16:20:10.688380+00:00
916,Jacob Baker,Full-Time,2024-12-16T04:53:44.815737+00:00
917,Charlotte Lee,Contractor,2023-07-23T17:26:32.347876+00:00
917,Charlotte Lee,Part-Time,2024-03-02T05:29:02.847814+00:00
918,James Adams,Full-Time,2024-05-15T13:19:04.430817+00:00
919,Elijah Lewis,Full-Time,2024-08-27T05:28:17.169731+00:00
920,Amelia Brown,Full-Time,2024-06-14T12:13:15.340976+00:00
921,Aisha Allen,Full-Time,2024-10-20T18:47:56.787764+00:00
922,Alexander Garcia,Part-Time,2024-06-12T01:28:48.266913+00:00
923,Mason Lee,Full-Time,2025-02-07T08:24:41.193798+00:00
924,Elijah Green,Full-Time,2024-07-25T22:52:15.318554+00:00
925,Alexander White,Part-Time,2024-12-06T06:58:26.666158+00:00
926,Emily Wright,Full-Time,2025-05-02T12:11:43.794766+00:00
927,Joseph Smith,Full-Time,2024-06-26T12:02:30.352596+00:00
928,Harper Clark,Contractor,2024-12-16T03:34:20.473616+00:00
929,Michael Lopez,Contractor,2025-04-29T18:41:17.514084+00:00
930,Daniel Lewis,Full-Time,2024-05-25T02:11:26.079245+00:00
931,Abigail Baker,Full-Time,2024-06-01T01:41:42.120235+00:00
932,Lucas Young,Full-Time,2025-05-01T10:23:02.124641+00:00
933,Elijah Smith,Full-Time,2024-04-18T03:08:29.469862+00:00
934,Ava Adams,Part-Time,2024-04-15T11:05:44.307576+00:00
935,Chloe Garcia,Part-Time,2024-03-19T21:01:34.876933+00:00
936,Victoria Hernandez,Full-Time,2024-02-07T13:49:47.046043+00:00
937,Charlotte Lewis,Full-Time,2024-10-21T22:56:08.761069+00:00
938,Mason Lewis,Full-Time,2024-08-19T10:15:33.019260+00:00
939,Elizabeth Adams,Full-Time,2024-07-18T19:32:49.162246+00:00
940,Sofia Smith,Full-Time,2024-11-13T05:07:02.304866+00:00
941,James Garcia,Full-Time,2024-09-14T22:55:42.742755+00:00
942,Jacob Allen,Full-Time,2024-05-24T10:02:33.986855+00:00
943,David Lopez,Full-Time,2024-12-04T22:49:24.982817+00:00
944,Joseph Kim,Full-Time,2024-03-10T23:07:42.742479+00:00
945,Elizabeth Hall,Contractor,2024-03-14T21:51:28.861880+00:00
946,Abigail Smith,Full-Time,2024-10-11T18:01:07.349962+00:00
947,Sofia Brown,Full-Time,2024-11-02T02:00:53.907571+00:00
948,Emma Allen,Full-Time,2025-01-15T08:29:31.585870+00:00
949,Alexander Thompson,Full-Time,2024-11-27T08:42:31.218594+00:00
950,Amelia Kim,Full-Time,2024-11-12T11:05:13.829758+00:00
951,Ethan Martinez,Full-Time,2024-12-10T05:04:48.160374+00:00
952,Aisha Gonzalez,Full-Time,2024-02-07T12:33:21.500698+00:00
953,Carlos Lewis,Full-Time,2025-01-07T05:27:17.770673+00:00
954,Sophia Hernandez,Full-Time,2024-12-10T08:59:27.621182+00:00
955,Harper Chen,Part-Time,2023-04-23T18:05:20.816163+00:00
955,Harper Chen,Full-Time,2024-02-05T19:29:13.158821+00:00
956,Lucas Young,Contractor,2023-07-13T21:41:50.172726+00:00
956,Lucas Young,Full-Time,2024-06-17T10:35:48.894142+00:00
957,Mia Rodriguez,Full-Time,2024-07-05T23:38:35.448271+00:00
958,Michael Adams,Full-Time,2024-06-09T16:18:01.369442+00:00
959,Mason Adams,Full-Time,2024-07-03T09:59:29.864136+00:00
960,Emily Nelson,Full-Time,2024-07-03T00:49:35.778801+00:00
961,Mia Carter,Full-Time,2024-03-31T04:04:55.995391+00:00
962,Emma Walker,Part-Time,2024-03-12T19:42:01.962842+00:00
963,Lucas Lewis,Part-Time,2024-11-17T10:55:54.166891+00:00
964,Carlos Patel,Contractor,2023-06-07T00:11:10.628487+00:00
964,Carlos Patel,Part-Time,2024-11-20T00:35:07.439305+00:00
965,Elizabeth Thompson,Contractor,2024-10-09T23:13:31.115475+00:00
966,Joseph Rodriguez,Full-Time,2024-04-24T13:21:05.203984+00:00
967,Jacob Davis,Full-Time,2024-09-18T20:11:32.863375+00:00
968,Elizabeth Wright,Full-Time,2024-12-05T22:53:51.220430+00:00
969,Elijah Davis,Full-Time,2024-04-01T21:38:07.815419+00:00
970,Amelia Nelson,Contractor,2024-01-21T17:38:56.034056+00:00
971,Sophia White,Full-Time,2024-07-08T12:29:09.611625+00:00
972,James Thompson,Full-Time,2025-02-10T00:27:40.134594+00:00
973,Daniel Nelson,Contractor,2025-03-28T05:40:04.778366+00:00
974,James Young,Full-Time,2025-05-11T19:27:01.897543+00:00
975,Isabella Lewis,Full-Time,2024-10-19T11:48:42.441292+00:00
976,Daniel Lopez,Full-Time,2024-12-01T03:52:46.420349+00:00
977,Carlos Lewis,Full-Time,2025-04-10T09:58:07.515888+00:00
978,Elizabeth King,Part-Time,2024-06-26T00:02:16.661184+00:00
979,Joseph Smith,Full-Time,2024-03-12T06:58:40.068241+00:00
980,Elijah White,Full-Time,2024-11-26T02:29:19.872258+00:00
981,Ava Rodriguez,Full-Time,2024-07-04T19:41:20.001034+00:00
982,Sofia White,Full-Time,2024-06-18T09:43:38.314821+00:00
983,Sofia Nelson,Full-Time,2024-09-02T17:42:30.828039+00:00
984,Elijah Green,Full-Time,2024-01-23T03:11:34.826635+00:00
985,Elijah Davis,Full-Time,2024-01-21T02:31:04.558183+00:00
986,Amelia Khan,Full-Time,2025-04-18T05:09:57.137420+00:00
987,Elizabeth Patel,Part-Time,2025-01-08T10:49:11.178451+00:00
988,Jacob Wilson,Full-Time,2024-11-07T03:32:48.678950+00:00
989,Joseph Nelson,Full-Time,2025-03-01T23:26:10.794333+00:00
990,Amelia Lee,Full-Time,2024-09-19T01:01:48.118579+00:00
991,Elijah Hernandez,Contractor,2024-11-02T00:31:07.532643+00:00
992,Carlos White,Full-Time,2024-03-08T19:48:32.037869+00:00
993,Maria Martinez,Full-Time,2025-04-11T11:47:04.252841+00:00
994,Henry Rodriguez,Full-Time,2024-04-01T00:25:18.959934+00:00
995,James Nguyen,Full-Time,2024-12-04T06:26:30.583114+00:00
996,John Adams,Full-Time,2024-07-09T00:05:13.802867+00:00
997,James Adams,Full-Time,2025-02-15T13:55:12.047694+00:00
998,Daniel King,Full-Time,2025-01-15T08:02:36.414884+00:00
999,Liam Adams,Full-Time,2024-09-01T18:33:46.476000+00:00
1000,Mason Wilson,Full-Time,2025-03-25T18:44:48.652926+00:00
1001,Henry Lewis,Full-Time,2024-12-29T19:02:25.741254+00:00
1002,John Nguyen,Full-Time,2024-07-11T09:22:04.452784+00:00
1003,Ava Young,Full-Time,2024-02-24T16:15:09.219333+00:00
1004,Chloe Lewis,Full-Time,2024-10-02T00:31:24.299439+00:00
1005,Abigail Walker,Contractor,2024-07-22T21:27:19.701298+00:00
1006,Ava Green,Full-Time,2024-10-13T00:42:41.965267+00:00
1007,Charlotte Wright,Full-Time,2024-09-05T04:03:18.218586+00:00
1008,Mia King,Part-Time,2024-07-23T05:46:24.614976+00:00
1009,Oliver Nguyen,Part-Time,2024-08-17T02:28:34.070650+00:00
1010,Elijah Chen,Full-Time,2024-07-24T11:42:21.167689+00:00
1011,Emily Khan,Full-Time,2025-05-09T19:47:20.165723+00:00
1012,John Wilson,Part-Time,2024-08-29T23:11:04.354828+00:00
1013,Chloe Wilson,Full-Time,2024-04-23T18:26:06.906320+00:00
1014,Emma Brown,Part-Time,2025-04-22T10:35:36.995973+00:00
1015,Elizabeth Hall,Part-Time,2024-11-02T12:04:55.940445+00:00
1016,Charlotte Carter,Full-Time,2024-04-13T11:25:10.464340+00:00
1017,Jacob Martinez,Part-Time,2023-04-07T19:03:41.701485+00:00
1017,Jacob Martinez,Full-Time,2024-11-03T13:13:39.387116+00:00
1018,Mason Kim,Full-Time,2024-07-03T13:07:07.891563+00:00
1019,John Kim,Full-Time,2024-05-21T13:20:05.081946+00:00
1020,Elizabeth King,Full-Time,2024-07-26T23:54:44.293909+00:00
1021,Lucas Smith,Part-Time,2024-02-05T04:48:52.635201+00:00
1022,Emma Hall,Part-Time,2024-10-13T19:48:35.747494+00:00
1023,Alexander King,Contractor,2024-05-21T20:21:52.679372+00:00
1024,Lucas Gonzalez,Contractor,2024-10-21T22:15:05.609284+00:00
1025,Ethan Lee,Full-Time,2024-02-24T14:47:47.555179+00:00
1026,Carlos Hall,Full-Time,2024-03-01T00:36:53.198961+00:00
1027,Ethan Lewis,Full-Time,2025-05-10T14:04:29.171117+00:00
1028,Joseph Clark,Part-Time,2025-05-08T02:46:16.269289+00:00
1029,Victoria Gonzalez,Part-Time,2025-03-18T05:13:50.211945+00:00
1030,Joseph Nguyen,Full-Time,2024-07-15T07:28:22.813526+00:00
1031,Mason White,Part-Time,2024-07-30T13:47:18.850543+00:00
1032,Alexander Smith,Part-Time,2024-05-15T02:21:41.041546+00:00
1033,Jacob Wilson,Full-Time,2025-01-19T03:04:46.129182+00:00
1034,Emily Garcia,Full-Time,2024-04-01T13:30:59.472603+00:00
1035,Michael King,Full-Time,2024-10-21T07:32:59.161715+00:00
1036,Charlotte Martinez,Full-Time,2024-04-12T10:17:39.945585+00:00
1037,Harper Lewis,Full-Time,2024-04-14T00:27:42.738484+00:00
1038,Harper King,Full-Time,2024-02-24T17:33:30.743199+00:00
1039,Emma Carter,Full-Time,2025-01-27T01:22:29.085487+00:00
1040,James Nelson,Full-Time,2024-06-10T19:24:46.606774+00:00
1041,Isabella Carter,Full-Time,2025-01-27T01:35:51.902762+00:00
1042,Isabella Scott,Full-Time,2024-10-22T19:54:06.387514+00:00
1043,Aisha Adams,Full-Time,2024-10-04T09:56:05.806056+00:00
1044,Alexander Scott,Part-Time,2025-02-02T00:55:46.570734+00:00
1045,Victoria Nguyen,Full-Time,2024-08-24T00:23:20.776746+00:00
1046,John Smith,Full-Time,2024-07-13T15:31:03.288582+00:00
1047,Liam Young,Full-Time,2025-03-18T02:59:56.366289+00:00
1048,Charlotte Lewis,Full-Time,2024-08-29T19:12:14.870376+00:00
1049,Emily Wright,Full-Time,2024-08-05T11:35:05.077030+00:00
1050,Henry Wright,Full-Time,2024-07-24T12:05:45.814065+00:00
1051,David Lee,Full-Time,2025-05-17T08:48:08.736384+00:00
1052,Mason Chen,Part-Time,2025-02-16T11:55:34.670499+00:00
1053,Chloe Lopez,Full-Time,2025-02-14T10:03:40.268825+00:00
1054,Amelia Nelson,Part-Time,2024-03-31T14:23:19.644839+00:00
1055,Sophia Davis,Contractor,2025-03-11T17:41:19.098109+00:00
1056,Michael Carter,Full-Time,2024-10-15T09:02:55.038865+00:00
1057,Aisha Scott,Full-Time,2024-03-24T19:03:54.828557+00:00
1058,Ava Lewis,Full-Time,2024-11-19T02:51:48.810970+00:00
1059,David Hernandez,Full-Time,2024-07-03T20:05:40.609727+00:00
1060,Ethan King,Full-Time,2024-03-03T04:40:33.482050+00:00
1061,Lucas Lee,Contractor,2024-05-26T00:06:09.742623+00:00
1062,Michael Carter,Part-Time,2024-08-17T06:36:12.965486+00:00
1063,Emma Lopez,Contractor,2023-04-01T11:21:28.319617+00:00
1063,Emma Lopez,Full-Time,2024-08-25T21:42:56.224896+00:00
1064,Amelia Kim,Full-Time,2025-04-21T08:30:46.093492+00:00
1065,Henry Scott,Part-Time,2024-02-06T14:23:17.845835+00:00
1066,Elijah Hernandez,Contractor,2023-10-16T11:31:38.600434+00:00
1066,Elijah Hernandez,Full-Time,2024-06-11T13:24:17.682321+00:00
1067,Jacob Walker,Full-Time,2024-07-21T20:50:45.469047+00:00
1068,David Wright,Part-Time,2024-09-24T05:45:36.847532+00:00
1069,David Green,Full-Time,2025-03-14T05:03:22.433943+00:00
1070,Oliver Clark,Full-Time,2025-04-27T10:39:52.190299+00:00
1071,Emma Thompson,Full-Time,2024-02-22T20:15:02.428806+00:00
1072,Carlos Nelson,Full-Time,2024-01-14T12:36:17.328115+00:00
1073,Elizabeth Wilson,Full-Time,2024-11-13T02:04:26.175978+00:00
1074,Emma Lopez,Full-Time,2024-05-06T21:56:45.404911+00:00
1075,Jacob Baker,Full-Time,2024-03-08T08:17:01.629737+00:00
1076,Elijah Patel,Full-Time,2024-07-02T01:25:45.771240+00:00
1077,Michael Nelson,Full-Time,2025-03-22T18:29:58.340240+00:00
1078,Isabella Baker,Full-Time,2025-05-01T13:45:40.532822+00:00
1079,Charlotte Gonzalez,Full-Time,2024-11-22T04:35:57.090030+00:00
1080,Chloe Allen,Contractor,2024-09-04T02:05:43.862747+00:00
1081,Mason Wilson,Full-Time,2024-07-06T15:31:27.335382+00:00
1082,Ethan Rodriguez,Part-Time,2023-06-21T02:19:25.378430+00:00
1082,Ethan Rodriguez,Full-Time,2024-01-01T01:08:13.087732+00:00
1083,Oliver King,Full-Time,2024-10-01T12:08:15.034461+00:00
1084,Sophia Nelson,Full-Time,2025-01-27T21:22:53.877763+00:00
1085,Jacob White,Part-Time,2024-10-08T05:35:18.794068+00:00
1086,Lucas Green,Part-Time,2024-08-12T05:39:12.899950+00:00
1087,Harper Kim,Part-Time,2024-11-27T09:26:19.395129+00:00
1088,Daniel White,Full-Time,2024-08-04T14:36:40.609668+00:00
1089,Harper Walker,Full-Time,2025-01-16T02:54:57.225307+00:00
1090,Isabella Green,Full-Time,2024-02-05T02:55:41.468680+00:00
1091,Oliver Hall,Part-Time,2023-01-01T02:59:56.778080+00:00
1091,Oliver Hall,Full-Time,2024-08-21T14:10:59.418015+00:00
1092,David Walker,Part-Time,2024-09-09T09:27:17.728931+00:00
1093,Michael Patel,Full-Time,2025-05-12T11:08:45.857231+00:00
1094,Maria Lee,Contractor,2024-05-24T17:23:39.071880+00:00
1095,Oliver Baker,Part-Time,2024-04-29T10:21:46.263001+00:00
1096,Amelia Smith,Full-Time,2024-06-24T09:37:51.804590+00:00
1097,Mia Carter,Contractor,2024-08-25T20:52:59.376751+00:00
1098,James Hernandez,Full-Time,2025-01-20T01:00:45.680290+00:00
1099,Amelia Khan,Full-Time,2024-07-20T07:29:48.822025+00:00
1100,Joseph Lee,Full-Time,2025-03-07T17:01:54.167234+00:00
1101,Daniel Smith,Full-Time,2025-01-29T01:24:34.198271+00:00
1102,Harper Lopez,Part-Time,2024-08-15T05:44:06.430789+00:00
1103,James Martinez,Full-Time,2025-01-30T12:30:08.479558+00:00
1104,Ava Nelson,Full-Time,2025-05-08T02:27:55.777960+00:00
1105,Michael Kim,Full-Time,2024-01-22T15:23:34.774088+00:00
1106,Sofia Lewis,Full-Time,2024-06-02T06:59:12.074039+00:00
1107,Abigail Khan,Part-Time,2024-04-21T17:24:32.120519+00:00
1108,Sofia Clark,Full-Time,2024-06-15T11:24:36.214926+00:00
1109,Elijah Walker,Full-Time,2024-07-22T01:11:30.455638+00:00
1110,Harper Smith,Contractor,2024-10-25T02:13:13.093751+00:00
1111,Joseph Rodriguez,Full-Time,2024-02-15T21:40:35.625554+00:00
1112,Elijah Carter,Full-Time,2024-11-13T08:45:19.789517+00:00
1113,Aisha Khan,Full-Time,2024-03-19T23:02:37.597449+00:00
1114,Liam Davis,Full-Time,2024-06-11T11:41:50.823111+00:00
1115,Alexander Baker,Part-Time,2024-01-11T22:53:45.873632+00:00
1116,Daniel King,Part-Time,2024-05-08T14:34:19.633550+00:00
1117,James Carter,Part-Time,2024-10-13T18:42:47.600276+00:00
1118,Sophia Martinez,Full-Time,2024-10-05T21:03:22.108324+00:00
1119,Michael Gonzalez,Full-Time,2025-03-02T11:34:34.297793+00:00
1120,Elijah Garcia,Full-Time,2024-08-18T12:49:05.764383+00:00
1121,Ethan Wright,Full-Time,2025-02-02T01:06:04.590723+00:00
1122,Daniel Lee,Part-Time,2024-11-13T22:10:20.913933+00:00
1123,Abigail Clark,Full-Time,2024-02-02T11:51:49.346103+00:00
1124,Daniel Martinez,Full-Time,2024-09-12T05:49:30.909433+00:00
1125,Amelia Hall,Full-Time,2024-11-24T18:48:33.060650+00:00
1126,Sofia Chen,Full-Time,2024-02-04T04:57:44.021524+00:00
1127,Oliver Lee,Part-Time,2024-04-13T15:59:49.204379+00:00
1128,Sophia Martinez,Full-Time,2024-10-19T22:18:07.116621+00:00
1129,Daniel Carter,Full-Time,2024-12-25T18:34:41.641060+00:00
1130,Ethan Khan,Full-Time,2024-11-06T20:30:03.677580+00:00
1131,Carlos Smith,Contractor,2024-04-17T01:59:00.265531+00:00
1132,Sophia Wilson,Full-Time,2024-11-23T18:20:33.405751+00:00
1133,Abigail Green,Part-Time,2025-02-11T10:48:02.857407+00:00
1134,Aisha Walker,Full-Time,2025-01-11T16:42:20.752600+00:00
1135,Mia Garcia,Contractor,2025-05-07T18:44:38.435359+00:00
1136,Liam Chen,Part-Time,2024-09-29T17:48:39.113522+00:00
1137,Lucas Martinez,Full-Time,2024-05-07T14:46:13.489367+00:00
1138,Charlotte Green,Part-Time,2025-01-28T02:28:53.282055+00:00
1139,Alexander Gonzalez,Part-Time,2024-08-07T02:08:50.209780+00:00
1140,Liam Kim,Part-Time,2024-10-09T03:10:29.367899+00:00
1141,Emily Kim,Full-Time,2024-11-03T18:09:44.940390+00:00
1142,Alexander Young,Full-Time,2025-05-26T09:13:15.845241+00:00
1143,Abigail Green,Part-Time,2024-08-08T21:24:01.265370+00:00
1144,Michael Clark,Full-Time,2024-04-19T17:52:59.559493+00:00
1145,Ethan Wright,Contractor,2024-08-17T13:37:02.647727+00:00
1146,Elizabeth Smith,Part-Time,2025-05-19T06:09:36.263341+00:00
1147,Maria Davis,Contractor,2024-06-03T20:16:27.995576+00:00
1148,Mia White,Full-Time,2024-06-10T13:06:22.893147+00:00
1149,Isabella Rodriguez,Full-Time,2024-08-24T04:04:22.970285+00:00
1150,Amelia Davis,Full-Time,2025-04-01T09:04:02.423402+00:00
1151,Harper White,Full-Time,2024-06-03T01:19:24.739489+00:00
1152,Elizabeth Thompson,Part-Time,2025-01-06T04:43:24.403002+00:00
1153,Joseph Lee,Full-Time,2025-04-06T04:47:04.847235+00:00
1154,Liam Allen,Full-Time,2025-02-18T16:17:47.441919+00:00
1155,Daniel Wilson,Part-Time,2025-04-17T22:04:54.714564+00:00
1156,Emily King,Part-Time,2024-08-10T19:09:20.646063+00:00
1157,Sofia White,Part-Time,2025-03-11T18:46:30.705430+00:00
1158,John Lopez,Full-Time,2024-09-26T00:12:28.165808+00:00
1159,Michael Rodriguez,Full-Time,2024-12-23T22:55:39.542657+00:00
1160,Amelia Khan,Full-Time,2025-05-26T15:35:10.445233+00:00
1161,David Wilson,Full-Time,2024-05-28T15:48:31.157918+00:00
1162,Elizabeth Rodriguez,Full-Time,2024-02-12T08:17:43.536502+00:00
1163,Aisha Scott,Full-Time,2024-07-23T10:39:53.582577+00:00
1164,Chloe Davis,Part-Time,2024-09-03T17:07:04.239583+00:00
1165,Lucas Carter,Full-Time,2024-10-20T02:13:24.124502+00:00
1166,Harper Clark,Full-Time,2025-02-02T11:36:56.224524+00:00
1167,Michael Wilson,Full-Time,2024-07-31T04:01:20.027854+00:00
1168,Abigail King,Full-Time,2024-06-25T17:47:26.469207+00:00
1169,Maria Allen,Full-Time,2024-06-28T09:42:29.928553+00:00
1170,David Rodriguez,Full-Time,2025-04-19T02:54:46.812222+00:00
1171,Mason Martinez,Full-Time,2024-03-21T00:33:49.917273+00:00
1172,Emma Nguyen,Part-Time,2024-05-04T16:24:38.849334+00:00
1173,Amelia Hall,Full-Time,2024-12-21T22:00:24.519207+00:00
1174,Sofia Allen,Full-Time,2024-01-12T16:04:29.257470+00:00
1175,Ava Thompson,Contractor,2023-02-07T04:54:13.401398+00:00
1175,Ava Thompson,Full-Time,2024-09-25T10:26:58.317417+00:00
1176,Ethan Nelson,Full-Time,2025-05-24T01:13:25.690212+00:00
1177,Maria Lopez,Full-Time,2024-12-06T09:21:39.408119+00:00
1178,James Lewis,Full-Time,2024-05-25T16:46:28.982578+00:00
1179,Isabella Khan,Full-Time,2025-04-29T21:00:46.258627+00:00
1180,Carlos Lopez,Full-Time,2024-12-06T02:37:47.636352+00:00
1181,Abigail Chen,Full-Time,2025-03-20T23:33:26.540728+00:00
1182,Daniel White,Contractor,2024-09-17T21:08:54.849645+00:00
1183,Liam Young,Full-Time,2024-11-02T07:34:26.768018+00:00
1184,Emma Lee,Full-Time,2025-05-10T23:08:07.358631+00:00
1185,Maria Brown,Part-Time,2023-05-05T09:20:40.877383+00:00
1185,Maria Brown,Full-Time,2024-09-28T14:09:43.055223+00:00
1186,Emily Carter,Full-Time,2024-03-21T13:02:55.122988+00:00
1187,Alexander King,Part-Time,2023-01-29T18:42:45.087279+00:00
1187,Alexander King,Full-Time,2024-06-04T02:14:25.142123+00:00
1188,Isabella Khan,Full-Time,2025-03-26T18:16:28.559430+00:00
1189,Maria Walker,Full-Time,2024-06-24T08:04:16.009931+00:00
1190,Elizabeth Davis,Full-Time,2024-07-15T01:44:02.703377+00:00
1191,Mason Green,Full-Time,2024-03-19T08:38:51.310057+00:00
1192,Mia Hernandez,Full-Time,2024-03-08T14:22:42.572951+00:00
1193,Oliver Martinez,Part-Time,2024-06-07T12:23:17.712776+00:00
1194,Oliver Adams,Contractor,2025-05-15T13:45:55.096029+00:00
1195,Amelia Kim,Full-Time,2024-10-12T21:58:25.500461+00:00
1196,Sofia Lee,Full-Time,2025-03-27T06:06:16.392022+00:00
1197,Maria Young,Part-Time,2024-07-31T09:39:44.616698+00:00
1198,Henry Allen,Full-Time,2025-04-24T00:33:29.060296+00:00
1199,Isabella Rodriguez,Contractor,2023-03-08T03:33:06.449960+00:00
1199,Isabella Rodriguez,Part-Time,2024-02-24T18:34:11.572205+00:00
1200,Charlotte Patel,Part-Time,2024-11-09T22:43:02.749804+00:00
1201,Isabella White,Full-Time,2024-04-28T10:59:35.494453+00:00
1202,Maria King,Full-Time,2025-02-04T01:13:14.833050+00:00
1203,Oliver Nelson,Part-Time,2024-07-10T20:11:17.328187+00:00
1204,Daniel Carter,Full-Time,2024-03-25T00:32:16.277338+00:00
1205,Mason Brown,Full-Time,2025-05-12T00:03:04.595226+00:00
1206,Isabella Green,Full-Time,2024-12-10T09:31:36.625380+00:00
1207,Lucas Thompson,Full-Time,2025-04-20T14:29:40.828060+00:00
1208,David Carter,Full-Time,2025-03-20T15:43:57.476241+00:00
1209,Harper Adams,Full-Time,2024-01-22T10:57:54.354301+00:00
1210,Daniel Young,Full-Time,2025-04-26T18:40:51.631449+00:00
1211,James Chen,Full-Time,2025-02-28T06:08:54.137868+00:00
1212,James Clark,Full-Time,2024-07-21T22:45:54.190732+00:00
1213,James Lopez,Full-Time,2024-11-19T12:32:41.948439+00:00
1214,Aisha Martinez,Full-Time,2024-07-23T04:40:01.716919+00:00
1215,Mia Hall,Full-Time,2024-08-04T17:21:15.805187+00:00
1216,Aisha Rodriguez,Full-Time,2024-11-27T10:48:06.356270+00:00
1217,Emma Nguyen,Full-Time,2024-10-27T08:01:56.415025+00:00
1218,Oliver Scott,Full-Time,2024-08-19T07:18:23.921558+00:00
1219,Charlotte Gonzalez,Full-Time,2024-12-31T13:57:16.652748+00:00
1220,Lucas Gonzalez,Full-Time,2024-06-15T06:00:31.294846+00:00
1221,Elijah Nguyen,Full-Time,2024-12-28T07:03:47.706161+00:00
1222,Abigail Wilson,Full-Time,2024-07-16T00:53:01.506870+00:00
1223,Elijah Lopez,Full-Time,2024-01-23T12:34:18.118705+00:00
1224,Elijah Hernandez,Full-Time,2024-12-04T08:08:15.192573+00:00
1225,Amelia Kim,Part-Time,2024-04-01T18:12:27.383966+00:00
1226,Aisha Green,Full-Time,2025-01-09T13:45:05.149181+00:00
1227,David Hall,Part-Time,2023-01-14T00:26:00.924788+00:00
1227,David Hall,Full-Time,2024-03-01T07:19:28.495529+00:00
1228,Oliver Martinez,Full-Time,2025-01-27T15:33:11.438385+00:00
1229,John Gonzalez,Full-Time,2024-09-12T19:16:59.733907+00:00
1230,John Carter,Full-Time,2024-10-29T02:04:22.700256+00:00
1231,Joseph Gonzalez,Full-Time,2024-02-10T17:38:00.033504+00:00
1232,John Clark,Part-Time,2024-05-22T16:07:35.358371+00:00
1233,Ava Khan,Full-Time,2024-01-29T05:56:49.936822+00:00
1234,Alexander Brown,Full-Time,2024-01-17T15:18:14.088401+00:00
1235,Mia Hernandez,Contractor,2024-01-26T03:40:26.897388+00:00
1236,Henry Lee,Full-Time,2024-05-25T21:17:35.763488+00:00
1237,Charlotte Gonzalez,Part-Time,2024-07-03T18:38:33.465045+00:00
1238,James Wilson,Part-Time,2024-06-14T14:34:57.459175+00:00
1239,Daniel Garcia,Part-Time,2025-03-08T14:49:41.396164+00:00
1240,Carlos Hall,Full-Time,2024-03-03T14:21:00.028200+00:00
1241,Isabella Hernandez,Full-Time,2024-09-26T03:26:38.861994+00:00
1242,Ava Khan,Full-Time,2025-01-09T08:25:03.127145+00:00
1243,Emma Nelson,Part-Time,2024-11-06T06:01:37.183998+00:00
1244,Jacob Adams,Full-Time,2024-06-11T08:36:25.676039+00:00
1245,Alexander Davis,Full-Time,2024-09-11T15:38:20.205980+00:00
1246,Sophia Carter,Full-Time,2023-08-21T10:45:27.506738+00:00
1246,Sophia Carter,Part-Time,2025-03-29T07:40:02.075431+00:00
1247,Mason Hall,Contractor,2024-01-01T19:27:51.310384+00:00
1248,Maria Gonzalez,Full-Time,2024-03-01T11:54:05.446507+00:00
1249,Ava Green,Full-Time,2024-06-20T05:39:00.962529+00:00
1250,Ava Smith,Full-Time,2024-12-19T23:29:24.222212+00:00
1251,Ethan Garcia,Full-Time,2024-09-16T22:21:45.679702+00:00
1252,Michael Smith,Full-Time,2024-06-19T23:22:44.211278+00:00
1253,Elizabeth Patel,Part-Time,2024-04-09T12:43:11.350936+00:00
1254,Emily Nelson,Contractor,2025-02-12T23:47:45.505326+00:00
1255,Oliver Nelson,Full-Time,2024-08-24T07:07:40.916135+00:00
1256,Emily Gonzalez,Part-Time,2024-07-31T08:35:24.505420+00:00
1257,Aisha Allen,Full-Time,2024-12-13T21:58:08.956881+00:00
1258,Maria Thompson,Full-Time,2024-06-19T04:07:40.554060+00:00
1259,Alexander Garcia,Contractor,2024-05-23T21:01:25.942032+00:00
1260,Maria Hernandez,Contractor,2024-11-17T09:36:05.601020+00:00
1261,Elijah Lopez,Full-Time,2024-02-29T22:35:28.266680+00:00
1262,Mia Young,Part-Time,2024-05-19T06:40:34.295428+00:00
1263,Emma Carter,Part-Time,2024-07-09T14:56:13.195084+00:00
1264,Mia Thompson,Full-Time,2024-03-30T18:45:24.934614+00:00
1265,Abigail Brown,Part-Time,2025-04-13T13:12:45.194432+00:00
1266,David Patel,Part-Time,2025-04-09T05:48:56.942178+00:00
1267,Amelia Martinez,Full-Time,2024-09-05T00:30:23.621083+00:00
1268,Mia Young,Full-Time,2025-03-23T05:35:20.791385+00:00
1269,Oliver Thompson,Part-Time,2024-08-23T15:44:37.937328+00:00
1270,Sofia Smith,Full-Time,2024-01-23T14:05:48.885521+00:00
1271,Emma Hernandez,Full-Time,2024-01-24T16:04:22.254741+00:00
1272,Mia Patel,Full-Time,2024-06-09T03:06:12.115772+00:00
1273,Ava Young,Full-Time,2024-05-27T00:13:03.169791+00:00
1274,Michael Baker,Full-Time,2024-05-19T20:55:06.933218+00:00
1275,Elijah Walker,Full-Time,2025-05-06T14:33:56.329589+00:00
1276,Liam Thompson,Full-Time,2024-10-08T19:47:23.886598+00:00
1277,Isabella Rodriguez,Contractor,2025-02-16T10:52:58.609503+00:00
1278,Harper Kim,Full-Time,2024-11-10T14:29:33.438655+00:00
1279,Emily Baker,Full-Time,2024-01-15T20:57:28.629097+00:00
1280,Aisha Chen,Full-Time,2024-02-14T04:18:15.388913+00:00
1281,Elizabeth Lee,Part-Time,2025-04-02T05:23:19.730999+00:00
1282,David King,Full-Time,2025-02-23T08:20:44.325245+00:00
1283,Emma Gonzalez,Full-Time,2024-02-17T15:59:02.178006+00:00
1284,Victoria Chen,Full-Time,2024-12-17T03:17:34.172894+00:00
1285,Victoria Nelson,Full-Time,2024-04-24T19:21:26.339848+00:00
1286,Ethan Wright,Full-Time,2024-12-24T21:39:18.773161+00:00
1287,Emily Young,Full-Time,2024-01-16T12:36:43.184852+00:00
1288,Joseph Nguyen,Full-Time,2024-08-24T14:48:27.395189+00:00
1289,Elijah Hall,Part-Time,2024-11-06T01:52:05.265834+00:00
1290,Oliver Chen,Full-Time,2025-01-01T10:07:48.852756+00:00
1291,Liam Young,Full-Time,2024-02-06T09:12:58.191566+00:00
1292,Mia Gonzalez,Full-Time,2024-07-31T02:17:48.273246+00:00
1293,Harper Kim,Contractor,2024-07-15T21:32:53.665666+00:00
1294,Emily Thompson,Part-Time,2024-10-30T04:01:30.326186+00:00
1295,Chloe Hernandez,Full-Time,2024-05-01T03:31:55.118346+00:00
1296,Carlos Carter,Full-Time,2024-11-01T18:52:53.316425+00:00
1297,Michael Chen,Part-Time,2024-03-31T09:03:15.534339+00:00
1298,Elizabeth Garcia,Full-Time,2024-12-17T15:58:58.411299+00:00
1299,Daniel Young,Full-Time,2024-12-04T15:56:54.647045+00:00
1300,Emma Thompson,Part-Time,2025-03-31T03:57:50.537882+00:00
1301,John Rodriguez,Full-Time,2024-08-20T09:01:15.824676+00:00
1302,Jacob Lopez,Full-Time,2024-08-17T09:25:51.855998+00:00
1303,Ava Young,Full-Time,2025-02-11T11:59:45.868497+00:00
1304,Mia Adams,Part-Time,2025-04-14T10:55:54.350600+00:00
1305,Emma Smith,Full-Time,2024-09-18T20:20:19.689501+00:00
1306,Oliver Hall,Full-Time,2025-04-07T06:02:38.247915+00:00
1307,Aisha Smith,Part-Time,2025-02-25T01:06:51.941431+00:00
1308,Alexander Nguyen,Part-Time,2025-03-20T02:14:51.679142+00:00
1309,Harper Adams,Part-Time,2024-07-21T06:13:53.763643+00:00
1310,Michael Lopez,Full-Time,2024-08-11T06:03:35.553461+00:00
1311,Ava Lee,Full-Time,2024-04-06T13:26:55.789488+00:00
1312,Daniel Wright,Contractor,2023-09-07T08:53:06.180495+00:00
1312,Daniel Wright,Part-Time,2024-03-20T03:20:19.987741+00:00
1313,Oliver Davis,Full-Time,2024-11-28T14:58:06.082329+00:00
1314,Amelia Carter,Full-Time,2025-05-15T03:53:33.119876+00:00
1315,Oliver Wilson,Full-Time,2025-02-17T10:45:11.373425+00:00
1316,Victoria Adams,Full-Time,2024-08-21T02:30:12.062214+00:00
1317,Chloe Baker,Full-Time,2024-04-25T19:19:19.874925+00:00
1318,Chloe Smith,Full-Time,2025-03-10T09:50:58.029816+00:00
1319,Harper Walker,Full-Time,2024-10-07T04:23:56.391379+00:00
1320,Abigail Brown,Contractor,2024-10-18T11:03:27.362384+00:00
1321,Abigail Nguyen,Part-Time,2023-12-27T13:50:22.772822+00:00
1321,Abigail Nguyen,Full-Time,2025-05-08T08:54:54.625499+00:00
1322,Emma Rodriguez,Part-Time,2024-09-27T01:08:09.450730+00:00
1323,Isabella Gonzalez,Full-Time,2024-09-25T11:34:07.873574+00:00
1324,Emma Clark,Full-Time,2025-01-15T11:38:21.820598+00:00
1325,Carlos Allen,Full-Time,2025-04-08T12:56:30.754806+00:00
1326,John Nelson,Full-Time,2025-04-09T19:21:00.584196+00:00
1327,Emily Green,Full-Time,2025-05-16T14:11:14.840884+00:00
1328,Jacob Hall,Full-Time,2024-12-22T13:28:11.701689+00:00
1329,Mia Lewis,Full-Time,2024-08-30T17:33:08.889905+00:00
1330,Elijah Khan,Full-Time,2024-05-29T16:03:55.820008+00:00
1331,Maria Hall,Full-Time,2024-03-06T01:25:27.415276+00:00
1332,Carlos Walker,Full-Time,2024-11-11T21:42:07.284711+00:00
1333,Isabella Lewis,Full-Time,2024-02-27T05:23:46.556314+00:00
1334,Charlotte Rodriguez,Full-Time,2024-07-08T16:34:09.157963+00:00
1335,Charlotte Lewis,Part-Time,2024-05-01T04:02:37.264199+00:00
1336,Charlotte Brown,Full-Time,2024-02-13T07:09:03.044918+00:00
1337,Amelia Rodriguez,Part-Time,2025-01-21T03:59:49.513878+00:00
1338,Henry Lopez,Full-Time,2024-08-13T19:33:28.163948+00:00
1339,Elijah Thompson,Full-Time,2025-03-07T20:38:53.987490+00:00
1340,Aisha Lewis,Part-Time,2024-02-29T12:07:21.412818+00:00
1341,Elijah Gonzalez,Full-Time,2024-06-03T14:25:55.574364+00:00
1342,Mason Lopez,Full-Time,2024-07-19T02:32:52.192753+00:00
1343,Ethan Rodriguez,Full-Time,2024-08-11T00:26:56.640814+00:00
1344,Jacob Baker,Full-Time,2024-06-10T22:45:30.050001+00:00
1345,James Chen,Contractor,2024-11-22T23:57:58.140923+00:00
1346,Chloe Walker,Full-Time,2024-05-17T00:23:06.673686+00:00
1347,Liam Lewis,Full-Time,2024-07-19T15:53:06.498781+00:00
1348,Harper Martinez,Full-Time,2024-12-13T16:03:57.559463+00:00
1349,Charlotte Young,Full-Time,2024-12-11T03:32:11.389628+00:00
1350,Carlos Smith,Full-Time,2024-09-26T11:03:13.022900+00:00
1351,David King,Full-Time,2024-05-25T07:57:10.436683+00:00
1352,Lucas Brown,Full-Time,2024-02-17T03:58:51.855914+00:00
1353,Ava Nguyen,Part-Time,2024-03-02T13:09:29.432105+00:00
1354,Oliver Lopez,Full-Time,2025-04-06T15:32:04.245528+00:00
1355,Charlotte Nguyen,Full-Time,2024-05-09T23:04:10.621821+00:00
1356,Victoria Garcia,Full-Time,2025-04-18T08:13:32.347488+00:00
1357,Isabella Adams,Full-Time,2024-12-08T11:14:06.491828+00:00
1358,Michael Lewis,Full-Time,2024-02-07T23:03:06.491578+00:00
1359,Aisha Lopez,Full-Time,2025-05-25T22:14:30.761868+00:00
1360,Ethan Lewis,Full-Time,2024-02-05T14:26:02.768002+00:00
1361,Lucas Scott,Full-Time,2024-09-09T10:12:33.873870+00:00
1362,Amelia Adams,Full-Time,2024-11-26T00:46:46.242196+00:00
1363,David Lewis,Full-Time,2024-02-07T09:47:05.732166+00:00
1364,Ethan Baker,Full-Time,2024-09-12T07:41:57.707867+00:00
1365,John Brown,Full-Time,2024-05-16T16:21:57.439769+00:00
1366,Emily Scott,Full-Time,2024-09-21T09:23:43.916961+00:00
1367,Sophia Nelson,Full-Time,2025-03-08T23:55:59.448559+00:00
1368,Carlos White,Full-Time,2025-05-04T11:33:38.228554+00:00
1369,Joseph Nguyen,Full-Time,2025-04-24T16:14:21.885397+00:00
1370,Alexander Hernandez,Full-Time,2024-07-24T12:22:09.835999+00:00
1371,Emma Wright,Full-Time,2025-05-07T22:54:54.096713+00:00
1372,Emma Gonzalez,Part-Time,2024-05-28T17:58:16.038427+00:00
1373,Lucas Lee,Full-Time,2025-05-11T08:01:10.455886+00:00
1374,Lucas Allen,Full-Time,2025-04-04T21:13:26.802960+00:00
1375,Alexander Carter,Full-Time,2024-11-20T14:55:33.978951+00:00
1376,Lucas Davis,Full-Time,2024-01-14T00:17:20.481808+00:00
1377,Harper Carter,Full-Time,2025-02-10T16:12:16.861162+00:00
1378,Mia Carter,Full-Time,2025-03-03T23:17:22.554329+00:00
1379,David Patel,Full-Time,2024-01-29T18:08:32.735098+00:00
1380,James Scott,Full-Time,2025-02-18T01:03:38.973243+00:00
1381,Victoria Rodriguez,Part-Time,2024-04-29T12:31:09.999710+00:00
1382,Carlos Brown,Part-Time,2024-09-07T19:16:18.157692+00:00
1383,Maria Nelson,Contractor,2024-11-13T05:23:49.511509+00:00
1384,Harper Davis,Full-Time,2024-11-20T13:19:40.191254+00:00
1385,Mia Chen,Full-Time,2024-03-28T13:31:39.877011+00:00
1386,Carlos Chen,Full-Time,2024-11-01T05:21:42.612647+00:00
1387,Mason Garcia,Part-Time,2024-08-06T15:30:55.958427+00:00
1388,Elizabeth Young,Full-Time,2024-12-16T22:29:46.236709+00:00
1389,Oliver Young,Part-Time,2025-02-10T20:40:03.937375+00:00
1390,James Lee,Full-Time,2024-03-02T22:37:06.482503+00:00
1391,Amelia Green,Full-Time,2024-07-08T18:32:43.626057+00:00
1392,Elijah Baker,Full-Time,2024-10-25T13:24:33.088639+00:00
1393,Oliver Chen,Part-Time,2024-11-20T07:34:48.271497+00:00
1394,Daniel Kim,Full-Time,2024-09-06T19:32:36.780102+00:00
1395,John Smith,Full-Time,2024-02-15T17:30:25.009705+00:00
1396,Jacob Green,Full-Time,2025-02-10T10:04:03.651218+00:00
1397,Joseph Davis,Full-Time,2024-11-24T05:32:02.631667+00:00
1398,David Green,Full-Time,2024-03-30T13:02:47.398728+00:00
1399,James Lee,Part-Time,2024-11-09T23:33:26.478490+00:00
1400,Emma Allen,Full-Time,2024-01-03T08:15:58.853742+00:00
1401,Harper Martinez,Full-Time,2024-09-28T23:48:37.244400+00:00
1402,Liam Wright,Part-Time,2025-05-21T05:15:41.380827+00:00
1403,Mason Gonzalez,Part-Time,2024-12-04T05:38:09.506853+00:00
1404,Isabella Khan,Full-Time,2025-02-12T15:53:56.064716+00:00
1405,Joseph Carter,Full-Time,2024-12-09T18:47:46.045259+00:00
1406,James Khan,Full-Time,2024-05-26T05:42:51.733452+00:00
1407,Chloe Lewis,Full-Time,2025-02-17T01:03:07.348187+00:00
1408,Victoria Brown,Full-Time,2024-01-27T21:50:43.466383+00:00
1409,Charlotte Kim,Part-Time,2024-09-05T20:04:33.268269+00:00
1410,Sofia Garcia,Part-Time,2025-01-05T01:54:53.020230+00:00
1411,Michael Green,Full-Time,2024-12-13T05:24:30.761332+00:00
1412,Michael White,Part-Time,2024-06-16T07:20:23.822141+00:00
1413,Liam Clark,Part-Time,2025-03-22T06:02:24.582810+00:00
1414,Daniel White,Full-Time,2024-10-27T03:39:21.151708+00:00
1415,Aisha Adams,Full-Time,2025-04-21T00:08:46.239521+00:00
1416,Victoria Lee,Full-Time,2024-03-10T23:24:49.012984+00:00
1417,Lucas King,Contractor,2024-04-13T17:37:13.753739+00:00
1418,Oliver Brown,Full-Time,2024-01-31T14:25:55.099693+00:00
1419,Oliver Nguyen,Part-Time,2024-08-23T06:01:25.407253+00:00
1420,Elijah Hernandez,Full-Time,2024-05-31T10:01:42.751779+00:00
1421,Elijah Kim,Full-Time,2024-10-10T13:31:38.688737+00:00
1422,Mason Wilson,Full-Time,2024-09-24T16:01:02.087538+00:00
1423,Ava Nelson,Part-Time,2024-05-23T05:09:06.674821+00:00
1424,Chloe Clark,Full-Time,2024-08-10T18:28:12.864375+00:00
1425,Mason Rodriguez,Contractor,2025-04-05T19:16:33.929847+00:00
1426,Henry Brown,Full-Time,2024-08-29T10:40:30.669055+00:00
1427,James Adams,Full-Time,2024-09-02T20:45:50.775966+00:00
1428,Liam Baker,Full-Time,2024-02-12T15:01:22.233634+00:00
1429,John Green,Contractor,2024-03-09T01:57:00.597679+00:00
1430,Jacob Clark,Full-Time,2024-02-16T13:03:41.993462+00:00
1431,Joseph Allen,Full-Time,2024-08-23T14:41:25.029819+00:00
1432,Maria Gonzalez,Full-Time,2024-03-12T02:44:15.494941+00:00
1433,Elizabeth Lee,Part-Time,2024-07-09T00:37:00.159387+00:00
1434,Victoria Smith,Part-Time,2024-02-06T06:26:27.830900+00:00
1435,Emily Brown,Full-Time,2025-01-21T05:33:25.887481+00:00
1436,Ava Wilson,Full-Time,2024-06-21T05:04:22.270332+00:00
1437,Aisha Wright,Part-Time,2024-02-26T22:13:12.310889+00:00
1438,Abigail Gonzalez,Full-Time,2024-07-06T12:54:42.928549+00:00
1439,Charlotte Garcia,Full-Time,2025-01-31T20:15:41.984093+00:00
1440,Oliver Hernandez,Full-Time,2024-02-28T06:07:19.710160+00:00
1441,Joseph Thompson,Part-Time,2025-01-25T08:01:38.074854+00:00
1442,Michael King,Part-Time,2024-09-15T07:54:15.296846+00:00
1443,Chloe Walker,Full-Time,2024-07-10T06:04:59.676412+00:00
1444,David Carter,Full-Time,2025-03-01T13:32:26.091953+00:00
1445,Joseph Hall,Full-Time,2024-07-07T20:36:42.218067+00:00
1446,Carlos Martinez,Part-Time,2024-08-22T21:20:46.192582+00:00
1447,Emma Scott,Part-Time,2024-05-27T22:26:40.310774+00:00
1448,Carlos Chen,Full-Time,2024-02-27T11:14:47.893755+00:00
1449,Amelia Carter,Full-Time,2024-04-14T18:48:06.563374+00:00
1450,Maria Hall,Full-Time,2024-12-16T01:45:01.260696+00:00
1451,Oliver Nelson,Full-Time,2024-08-15T16:48:17.859550+00:00
1452,Maria Hall,Full-Time,2024-01-12T07:18:53.450394+00:00
1453,Mason Hernandez,Full-Time,2024-06-24T20:27:39.588335+00:00
1454,Michael Carter,Full-Time,2024-12-23T11:47:03.860963+00:00
1455,David Gonzalez,Full-Time,2024-03-08T16:37:14.700563+00:00
1456,Mia Kim,Part-Time,2024-04-26T08:08:21.199132+00:00
1457,Abigail Hall,Part-Time,2024-01-25T06:35:26.686254+00:00
1458,Alexander Hall,Full-Time,2024-03-26T08:15:43.736545+00:00
1459,Elijah Hall,Part-Time,2023-06-17T21:04:49.877934+00:00
1459,Elijah Hall,Full-Time,2024-03-30T23:01:27.310352+00:00
1460,Amelia Kim,Full-Time,2024-01-22T02:39:24.236230+00:00
1461,Michael Davis,Full-Time,2024-07-08T15:24:12.343856+00:00
1462,Ava Brown,Full-Time,2025-05-16T17:24:49.666095+00:00
1463,Amelia Wright,Full-Time,2025-05-15T09:56:00.378579+00:00
1464,Mia Nguyen,Contractor,2024-07-26T12:58:17.119242+00:00
1465,Sophia Rodriguez,Contractor,2025-04-20T23:12:45.356930+00:00
1466,Amelia Smith,Contractor,2024-10-07T04:08:40.125057+00:00
1467,Emily Hall,Full-Time,2024-05-28T16:21:08.182588+00:00
1468,Amelia Baker,Full-Time,2024-02-27T14:49:47.819265+00:00
1469,Joseph Brown,Full-Time,2024-10-09T15:25:09.842035+00:00
1470,Mia Patel,Full-Time,2025-03-07T08:52:35.732233+00:00
1471,David King,Full-Time,2024-01-29T05:34:26.861975+00:00
1472,Lucas White,Part-Time,2025-01-28T12:28:30.459651+00:00
1473,Lucas Patel,Full-Time,2025-03-11T18:26:43.794170+00:00
1474,Emma Scott,Full-Time,2024-06-12T00:14:03.060196+00:00
1475,Aisha Wright,Full-Time,2025-01-02T06:56:45.474187+00:00
1476,Chloe Wright,Full-Time,2024-01-07T06:05:34.872310+00:00
1477,Alexander King,Full-Time,2024-08-16T13:55:55.980467+00:00
1478,Emma Thompson,Part-Time,2024-08-15T21:14:27.956445+00:00
1479,Henry Baker,Full-Time,2025-02-17T07:26:35.988692+00:00
1480,Chloe Green,Full-Time,2024-10-28T05:21:39.571514+00:00
1481,Emma Rodriguez,Full-Time,2024-08-31T11:26:12.683885+00:00
1482,Emily Garcia,Contractor,2024-10-30T00:26:18.630994+00:00
1483,Daniel Wilson,Full-Time,2024-11-23T16:58:46.086533+00:00
1484,Isabella Green,Full-Time,2024-08-25T01:37:15.614363+00:00
1485,Oliver Martinez,Full-Time,2024-07-14T20:20:47.348746+00:00
1486,Sophia Brown,Part-Time,2024-06-03T22:08:11.680332+00:00
1487,Mia Carter,Full-Time,2024-08-25T18:01:08.337866+00:00
1488,Maria Smith,Full-Time,2024-06-02T23:41:08.704389+00:00
1489,Joseph Nguyen,Full-Time,2025-04-02T22:45:23.413271+00:00
1490,Henry Lee,Full-Time,2024-12-18T20:43:31.101578+00:00
1491,Harper Patel,Full-Time,2024-05-22T05:05:46.050197+00:00
1492,Carlos Wright,Full-Time,2024-10-17T03:21:15.651550+00:00
1493,Ethan Nelson,Contractor,2025-02-23T18:40:23.315986+00:00
1494,Abigail Patel,Part-Time,2024-03-24T12:58:30.463607+00:00
1495,Aisha Rodriguez,Full-Time,2025-03-26T13:50:31.774227+00:00
1496,Oliver King,Full-Time,2024-05-19T21:07:02.619330+00:00
1497,Henry King,Full-Time,2024-05-29T14:58:06.134235+00:00
1498,Carlos Martinez,Part-Time,2024-04-04T00:08:35.477412+00:00
1499,Liam Kim,Full-Time,2025-03-23T13:31:11.537228+00:00
1500,Mia Walker,Full-Time,2024-12-19T02:55:25.881655+00:00
1501,Liam King,Part-Time,2024-01-07T14:47:45.733859+00:00
1502,Jacob Wright,Part-Time,2024-07-30T08:28:34.821140+00:00
1503,Elijah Chen,Full-Time,2024-09-15T05:39:00.645853+00:00
1504,Lucas Nguyen,Full-Time,2025-04-14T22:10:32.312232+00:00
1505,Sofia Davis,Contractor,2024-09-02T23:49:42.406331+00:00
1506,Mia Wright,Full-Time,2024-08-14T17:08:22.270951+00:00
1507,Emily Lee,Part-Time,2024-01-15T18:05:14.720262+00:00
1508,Sofia White,Full-Time,2024-12-22T03:32:06.157184+00:00
1509,Mason Allen,Full-Time,2024-03-07T19:14:49.644726+00:00
1510,Emma Adams,Full-Time,2025-02-06T04:58:26.220519+00:00
1511,Carlos Patel,Part-Time,2025-01-23T12:17:47.872529+00:00
1512,James Martinez,Full-Time,2025-02-10T20:05:43.427342+00:00
1513,Aisha Nelson,Contractor,2023-01-19T04:49:13.792966+00:00
1513,Aisha Nelson,Full-Time,2024-05-09T19:05:22.364533+00:00
1514,Carlos Allen,Full-Time,2025-01-22T02:01:22.591764+00:00
1515,Sofia Thompson,Full-Time,2024-04-12T14:42:02.698770+00:00
1516,Alexander Patel,Full-Time,2025-03-09T22:14:49.431967+00:00
1517,Isabella King,Full-Time,2025-03-14T16:27:36.238849+00:00
1518,Harper Garcia,Full-Time,2024-10-23T13:58:54.643929+00:00
1519,John Thompson,Part-Time,2025-05-09T16:00:57.211685+00:00
1520,Elijah Smith,Contractor,2024-02-20T15:01:06.838587+00:00
1521,Ava Nelson,Full-Time,2024-10-29T08:27:12.930545+00:00
1522,David Chen,Full-Time,2024-07-01T00:34:21.759186+00:00
1523,Daniel Adams,Full-Time,2024-04-26T17:38:50.874452+00:00
1524,Sofia Young,Full-Time,2024-02-26T14:12:45.276688+00:00
1525,Oliver Carter,Part-Time,2024-12-27T12:38:49.300185+00:00
1526,James Wilson,Full-Time,2024-02-29T08:46:36.252933+00:00
1527,Jacob Gonzalez,Full-Time,2024-06-09T01:25:44.708497+00:00
1528,David White,Full-Time,2024-05-29T01:44:08.770635+00:00
1529,Chloe Martinez,Part-Time,2025-04-04T00:13:09.170992+00:00
1530,Joseph Wright,Full-Time,2025-05-27T08:16:53.709039+00:00
1531,Sophia Chen,Full-Time,2024-09-25T03:01:09.037379+00:00
1532,Emma Nguyen,Contractor,2023-04-03T15:00:12.423479+00:00
1532,Emma Nguyen,Full-Time,2024-07-24T12:29:10.434636+00:00
1533,Liam Kim,Full-Time,2025-05-15T06:45:16.806592+00:00
1534,Emily Martinez,Full-Time,2025-05-23T05:01:19.757996+00:00
1535,Sofia White,Part-Time,2025-01-07T00:40:06.816344+00:00
1536,Isabella Walker,Part-Time,2025-02-14T21:43:04.265869+00:00
1537,Elizabeth King,Full-Time,2024-11-05T10:10:22.095093+00:00
1538,Elizabeth Carter,Full-Time,2024-03-16T14:28:11.676082+00:00
1539,Victoria Chen,Full-Time,2024-09-08T00:46:15.938982+00:00
1540,Mason Davis,Full-Time,2025-01-13T11:46:24.088828+00:00
1541,Carlos Carter,Full-Time,2025-05-13T16:09:26.070262+00:00
1542,Daniel Young,Full-Time,2024-11-15T01:39:17.164369+00:00
1543,Liam Garcia,Full-Time,2024-09-23T17:36:39.656931+00:00
1544,Sophia Gonzalez,Full-Time,2024-12-05T15:41:30.798268+00:00
1545,Sophia Lewis,Full-Time,2025-02-19T06:20:14.737494+00:00
1546,Maria Brown,Contractor,2025-03-27T12:06:26.140485+00:00
1547,Sofia Lopez,Full-Time,2025-03-13T12:35:17.698470+00:00
1548,David Gonzalez,Full-Time,2024-03-31T17:36:47.729826+00:00
1549,Mia Kim,Full-Time,2024-03-09T23:49:09.257228+00:00
1550,Daniel Carter,Part-Time,2024-10-18T19:44:43.847493+00:00
1551,Sophia Nelson,Full-Time,2025-03-14T06:46:31.055109+00:00
1552,Aisha Scott,Full-Time,2024-10-30T04:56:51.003006+00:00
1553,Daniel King,Part-Time,2024-05-25T21:59:41.954360+00:00
1554,Aisha Patel,Full-Time,2024-03-06T18:22:28.414716+00:00
1555,Abigail King,Part-Time,2024-10-26T13:48:05.163488+00:00
1556,Emily Lopez,Full-Time,2024-06-26T01:24:03.438421+00:00
1557,Alexander Green,Full-Time,2024-12-05T05:11:13.026080+00:00
1558,Harper Clark,Part-Time,2023-04-08T02:27:42.951039+00:00
1558,Harper Clark,Full-Time,2024-10-30T23:14:59.573577+00:00
1559,Carlos Allen,Full-Time,2024-03-28T02:19:19.264971+00:00
1560,Michael Brown,Full-Time,2025-03-18T21:47:35.665366+00:00
1561,Henry Walker,Full-Time,2024-08-28T22:56:42.663213+00:00
1562,Maria Young,Full-Time,2024-07-19T05:22:59.992506+00:00
1563,Liam Carter,Full-Time,2024-12-12T07:58:12.965032+00:00
1564,Emily Carter,Full-Time,2025-01-27T09:29:48.563943+00:00
1565,Emily Kim,Contractor,2023-05-20T16:16:16.279686+00:00
1565,Emily Kim,Full-Time,2024-07-05T09:22:19.083184+00:00
1566,Chloe Martinez,Contractor,2023-09-03T09:44:43.114526+00:00
1566,Chloe Martinez,Full-Time,2025-03-10T16:22:38.521947+00:00
1567,Carlos Thompson,Full-Time,2024-01-25T09:12:22.024879+00:00
1568,Elizabeth White,Full-Time,2025-05-06T10:10:13.342779+00:00
1569,Liam Hernandez,Full-Time,2024-10-17T13:51:54.595490+00:00
1570,Joseph Adams,Full-Time,2025-02-12T04:03:51.616684+00:00
1571,Mia Allen,Full-Time,2024-10-03T23:50:04.540426+00:00
1572,Lucas Green,Full-Time,2024-11-16T14:33:18.867592+00:00
1573,Victoria Lee,Part-Time,2024-11-18T02:00:52.368828+00:00
1574,Charlotte Carter,Full-Time,2025-05-08T13:35:07.521270+00:00
1575,Victoria Walker,Contractor,2024-09-30T06:50:25.630248+00:00
1576,Chloe Khan,Full-Time,2024-07-05T20:56:59.016073+00:00
1577,Amelia Clark,Full-Time,2024-12-17T13:29:43.121213+00:00
1578,Mia Adams,Full-Time,2025-03-17T06:36:33.887050+00:00
1579,Carlos Thompson,Part-Time,2024-05-16T22:30:02.692442+00:00
1580,Jacob Kim,Full-Time,2024-11-04T10:22:18.135281+00:00
1581,Elizabeth Clark,Full-Time,2024-04-08T10:52:11.760042+00:00
1582,Harper Allen,Full-Time,2024-10-14T04:33:55.906849+00:00
1583,Chloe Adams,Full-Time,2024-01-19T23:35:23.934860+00:00
1584,Elijah Walker,Full-Time,2024-05-12T13:22:55.149744+00:00
1585,Isabella Lee,Full-Time,2024-01-22T15:57:53.852763+00:00
1586,Sophia Patel,Full-Time,2025-04-04T21:46:31.499198+00:00
1587,Michael Allen,Part-Time,2025-04-06T23:52:40.741685+00:00
1588,Henry Wright,Full-Time,2025-03-30T08:58:35.988918+00:00
1589,Elizabeth Davis,Full-Time,2024-10-19T21:49:27.290790+00:00
1590,Sofia Lewis,Full-Time,2024-02-16T07:08:35.066400+00:00
1591,Sofia Young,Full-Time,2024-10-26T18:13:27.940065+00:00
1592,Daniel Clark,Contractor,2024-04-21T20:07:09.258165+00:00
1593,Liam Lee,Full-Time,2024-05-20T20:13:36.408066+00:00
1594,Henry Lewis,Part-Time,2024-01-29T16:33:12.809771+00:00
1595,Abigail Nguyen,Full-Time,2024-08-05T09:35:44.049268+00:00
1596,Harper Walker,Part-Time,2025-04-25T16:00:10.264282+00:00
1597,Abigail Nelson,Part-Time,2025-02-25T08:39:01.398799+00:00
1598,Maria Brown,Part-Time,2024-12-05T17:17:41.729387+00:00
1599,Aisha Clark,Full-Time,2024-07-16T08:18:21.227896+00:00
1600,Abigail Nguyen,Full-Time,2024-05-01T06:20:01.998693+00:00
1601,David Lopez,Full-Time,2025-05-07T20:43:44.317887+00:00
1602,Ethan Allen,Full-Time,2025-02-26T01:10:39.069452+00:00
1603,Harper Allen,Full-Time,2025-04-01T16:43:03.764131+00:00
1604,David Young,Part-Time,2025-01-28T08:06:50.285878+00:00
1605,Henry Brown,Full-Time,2024-02-11T02:07:27.186878+00:00
1606,Sophia Nelson,Part-Time,2025-04-20T07:02:01.573066+00:00
1607,Emily Adams,Part-Time,2025-02-24T18:48:39.651355+00:00
1608,Elijah Lewis,Full-Time,2024-06-29T12:03:19.220907+00:00
1609,Michael Gonzalez,Full-Time,2025-01-25T21:26:30.054527+00:00
1610,Charlotte Baker,Part-Time,2024-03-10T19:34:02.829552+00:00
1611,Elizabeth Martinez,Full-Time,2024-06-09T22:32:34.203237+00:00
1612,Emma Nguyen,Full-Time,2024-09-21T21:29:48.662233+00:00
1613,Oliver Green,Part-Time,2024-06-12T20:26:31.485037+00:00
1614,Joseph Davis,Full-Time,2024-12-18T16:05:31.647132+00:00
1615,Michael Hall,Full-Time,2024-07-31T15:16:47.924738+00:00
1616,Charlotte Scott,Part-Time,2025-04-29T15:51:00.325507+00:00
1617,Mason Patel,Contractor,2025-04-18T13:21:33.394999+00:00
1618,Mason Wilson,Contractor,2024-04-11T17:03:12.554258+00:00
1619,Elijah Khan,Full-Time,2024-08-08T00:39:29.765783+00:00
1620,Ethan Rodriguez,Full-Time,2024-07-07T17:49:58.574671+00:00
1621,Sofia Smith,Part-Time,2024-08-11T05:40:27.657123+00:00
1622,Victoria Carter,Full-Time,2025-01-01T01:23:47.118153+00:00
1623,Lucas Walker,Full-Time,2024-09-10T12:11:54.089229+00:00
1624,Oliver Adams,Part-Time,2024-11-03T20:13:09.362474+00:00
1625,Jacob Martinez,Full-Time,2024-07-28T13:44:55.474062+00:00
1626,Amelia Patel,Full-Time,2024-05-14T07:16:29.998071+00:00
1627,David Clark,Full-Time,2024-12-17T00:41:46.912514+00:00
1628,Victoria Wilson,Full-Time,2024-03-09T08:01:09.020351+00:00
1629,Michael Scott,Full-Time,2024-12-31T22:35:31.937356+00:00
1630,Chloe Lewis,Full-Time,2024-10-12T17:47:01.264905+00:00
1631,Aisha Hernandez,Contractor,2024-08-29T14:07:11.988164+00:00
1632,Alexander Brown,Full-Time,2024-09-15T19:55:15.875027+00:00
1633,Daniel Allen,Contractor,2024-12-10T08:34:40.815657+00:00
1634,Oliver Brown,Full-Time,2024-05-13T12:42:38.956881+00:00
1635,Sophia Hernandez,Full-Time,2023-12-05T21:05:17.407828+00:00
1635,Sophia Hernandez,Part-Time,2024-03-08T16:11:35.875304+00:00
1636,Michael Adams,Full-Time,2024-02-29T22:33:33.823798+00:00
1637,James Davis,Full-Time,2025-05-14T08:08:59.208075+00:00
1638,Isabella Wright,Contractor,2024-05-25T03:22:43.884701+00:00
1639,Ethan Lewis,Full-Time,2024-08-11T13:15:58.817801+00:00
1640,Elijah Young,Part-Time,2024-09-09T00:34:30.318453+00:00
1641,Amelia Baker,Full-Time,2024-03-17T05:49:09.754639+00:00
1642,Mason Lee,Full-Time,2024-05-13T11:52:38.782778+00:00
1643,Victoria Adams,Full-Time,2025-04-04T05:23:50.224222+00:00
1644,Sophia Brown,Full-Time,2025-05-22T06:20:03.849262+00:00
1645,Sophia Gonzalez,Full-Time,2025-03-09T21:57:42.396823+00:00
1646,Amelia Nguyen,Full-Time,2024-04-14T12:22:10.039455+00:00
1647,Jacob Lee,Part-Time,2025-01-19T17:13:12.191923+00:00
1648,Isabella Thompson,Full-Time,2025-05-13T10:40:33.565739+00:00
1649,Charlotte Green,Contractor,2024-05-06T06:41:25.260059+00:00
1650,Sophia Chen,Part-Time,2024-01-14T07:38:46.391568+00:00
1651,Sofia Scott,Full-Time,2025-04-21T15:40:32.254585+00:00
1652,Liam Young,Part-Time,2023-07-07T08:26:18.821930+00:00
1652,Liam Young,Full-Time,2024-02-11T14:03:02.054894+00:00
1653,Joseph Gonzalez,Full-Time,2024-05-18T03:50:54.904421+00:00
1654,John Hernandez,Contractor,2024-12-02T14:47:56.343831+00:00
1655,David Young,Contractor,2025-05-27T21:47:51.004154+00:00
1656,Oliver Thompson,Part-Time,2025-02-15T04:46:53.902166+00:00
1657,Jacob Young,Part-Time,2025-01-16T13:39:55.824590+00:00
1658,Daniel Wilson,Full-Time,2024-04-01T07:40:08.325108+00:00
1659,Elizabeth Wilson,Full-Time,2024-04-16T19:38:18.176715+00:00
1660,Daniel Scott,Full-Time,2025-01-21T01:30:03.845402+00:00
1661,Amelia Nguyen,Full-Time,2025-02-14T23:08:54.188619+00:00
1662,Mia Davis,Full-Time,2024-02-19T07:19:29.126958+00:00
1663,Abigail Martinez,Full-Time,2025-03-30T05:12:19.194332+00:00
1664,Joseph Walker,Full-Time,2024-08-05T00:50:41.950933+00:00
1665,Chloe Wright,Full-Time,2024-08-10T16:42:43.624612+00:00
1666,Chloe Wilson,Full-Time,2024-06-24T07:33:45.220127+00:00
1667,Victoria White,Full-Time,2025-01-01T02:16:48.242294+00:00
1668,Sophia Wilson,Full-Time,2024-08-12T08:43:16.136684+00:00
1669,Joseph Allen,Full-Time,2024-03-06T13:20:50.573765+00:00
1670,Mia Clark,Full-Time,2024-05-31T13:58:11.555924+00:00
1671,Aisha Garcia,Contractor,2024-09-20T09:09:34.357434+00:00
1672,Chloe Green,Full-Time,2024-12-05T00:26:59.591308+00:00
1673,Ethan King,Full-Time,2024-02-11T22:44:48.629783+00:00
1674,Maria Nguyen,Part-Time,2024-08-25T10:57:56.003050+00:00
1675,Charlotte Scott,Full-Time,2024-08-01T12:53:21.215886+00:00
1676,Mia Young,Full-Time,2024-08-21T09:56:13.942688+00:00
1677,David Lewis,Full-Time,2025-04-15T23:47:38.556104+00:00
1678,Charlotte Thompson,Full-Time,2025-01-18T05:25:29.923994+00:00
1679,Ethan Chen,Full-Time,2024-01-10T04:34:19.839749+00:00
1680,Elizabeth Nguyen,Full-Time,2024-12-02T10:13:17.640528+00:00
1681,Victoria Scott,Part-Time,2025-05-10T10:58:35.323175+00:00
1682,Sophia Allen,Full-Time,2025-05-14T14:55:34.811104+00:00
1683,Abigail Scott,Contractor,2023-09-13T12:46:06.127074+00:00
1683,Abigail Scott,Part-Time,2024-02-14T22:57:49.421592+00:00
1684,Oliver Smith,Full-Time,2025-02-22T14:12:02.743202+00:00
1685,Lucas Patel,Full-Time,2024-11-28T17:50:56.780232+00:00
1686,Harper Adams,Part-Time,2025-03-16T06:01:38.541104+00:00
1687,Lucas Wilson,Full-Time,2024-08-25T17:41:43.578836+00:00
1688,Joseph Adams,Full-Time,2024-03-26T05:05:26.995143+00:00
1689,Amelia Baker,Contractor,2024-08-29T20:58:30.049697+00:00
1690,David Clark,Full-Time,2024-10-19T02:49:40.242031+00:00
1691,Elizabeth Khan,Full-Time,2024-02-22T15:59:35.804801+00:00
1692,Chloe Green,Part-Time,2025-01-13T02:54:29.499184+00:00
1693,Jacob Brown,Full-Time,2024-09-06T08:52:30.097859+00:00
1694,Sophia White,Part-Time,2024-09-28T00:32:17.000643+00:00
1695,Chloe Young,Full-Time,2024-05-17T09:45:19.072467+00:00
1696,Henry Nelson,Full-Time,2024-11-15T10:38:29.921637+00:00
1697,Alexander Baker,Full-Time,2024-01-11T16:10:29.485336+00:00
1698,Jacob Martinez,Full-Time,2024-08-12T18:01:07.671534+00:00
1699,Mason Hernandez,Full-Time,2023-03-06T10:31:40.216847+00:00
1699,Mason Hernandez,Contractor,2025-03-13T19:43:23.089547+00:00
1700,Victoria Davis,Part-Time,2025-01-05T21:30:52.134595+00:00
1701,Daniel Green,Part-Time,2024-12-11T07:17:49.197435+00:00
1702,Abigail Nelson,Part-Time,2025-03-09T05:52:09.006534+00:00
1703,Ava Hall,Full-Time,2024-02-14T05:11:40.715432+00:00
1704,Joseph Davis,Full-Time,2024-03-21T04:32:20.869241+00:00
1705,Sophia Chen,Part-Time,2025-04-28T18:53:22.006404+00:00
1706,Sophia Allen,Full-Time,2024-10-12T15:41:50.098402+00:00
1707,Maria King,Part-Time,2024-07-02T03:55:27.073172+00:00
1708,Elijah Lee,Part-Time,2025-04-03T20:33:37.363183+00:00
1709,James Garcia,Full-Time,2024-02-28T11:11:23.783790+00:00
1710,Mason Nguyen,Full-Time,2024-09-06T12:07:46.370442+00:00
1711,Emily King,Part-Time,2025-01-30T01:24:29.959717+00:00
1712,Isabella Rodriguez,Part-Time,2025-03-24T04:56:28.159815+00:00
1713,Liam Khan,Contractor,2024-08-12T14:31:20.675835+00:00
1714,Victoria Nguyen,Contractor,2025-02-04T23:42:15.456491+00:00
1715,Liam Brown,Full-Time,2024-03-26T16:40:26.489237+00:00
1716,Sofia Thompson,Full-Time,2023-06-28T02:23:44.126244+00:00
1716,Sofia Thompson,Contractor,2024-03-21T13:23:05.003027+00:00
1717,Jacob Baker,Part-Time,2024-09-12T16:11:23.989992+00:00
1718,Liam Rodriguez,Full-Time,2024-06-20T15:41:16.265936+00:00
1719,Oliver Nguyen,Part-Time,2024-08-13T06:18:12.134844+00:00
1720,Henry Smith,Full-Time,2025-02-19T02:11:45.224626+00:00
1721,Emily Hall,Full-Time,2024-02-13T17:23:57.498893+00:00
1722,Abigail Green,Full-Time,2024-12-07T03:25:17.682642+00:00
1723,Amelia Green,Part-Time,2024-03-11T18:59:10.403793+00:00
1724,Chloe Green,Contractor,2025-04-05T16:58:46.021676+00:00
1725,Abigail Patel,Full-Time,2025-01-30T02:06:34.969292+00:00
1726,Carlos Wilson,Full-Time,2024-07-25T01:07:31.762364+00:00
1727,Elijah Adams,Full-Time,2025-01-24T11:10:35.921306+00:00
1728,Amelia Khan,Contractor,2025-05-17T18:20:22.505996+00:00
1729,Jacob Green,Full-Time,2024-12-15T06:52:46.322962+00:00
1730,Mia Young,Contractor,2024-01-05T01:17:32.276035+00:00
1731,Isabella Rodriguez,Part-Time,2024-08-16T21:28:46.532134+00:00
1732,Ava Baker,Full-Time,2025-03-31T09:03:11.972868+00:00
1733,Elizabeth Martinez,Part-Time,2024-02-13T05:40:00.218918+00:00
1734,Emily Lopez,Part-Time,2025-01-14T15:31:22.659916+00:00
1735,Oliver Hall,Full-Time,2024-09-19T11:42:02.964162+00:00
1736,Mia Hernandez,Part-Time,2024-03-23T02:15:23.806439+00:00
1737,Maria Lewis,Full-Time,2025-02-01T03:25:50.431130+00:00
1738,Chloe Nguyen,Part-Time,2025-03-07T17:34:31.171978+00:00
1739,Ethan King,Full-Time,2025-01-23T02:45:57.667458+00:00
1740,Sofia Baker,Full-Time,2025-01-13T00:12:15.344987+00:00
1741,Victoria Hernandez,Contractor,2025-02-17T03:55:53.992879+00:00
1742,Mason King,Full-Time,2024-12-08T03:08:53.765343+00:00
1743,Oliver Lopez,Full-Time,2024-05-07T00:51:41.670229+00:00
1744,Michael Martinez,Part-Time,2024-07-04T07:55:33.110372+00:00
1745,Liam Rodriguez,Part-Time,2025-02-28T23:43:26.736835+00:00
1746,Emma Wilson,Full-Time,2025-03-31T19:19:35.266135+00:00
1747,Joseph Thompson,Full-Time,2024-07-08T10:45:01.408402+00:00
1748,Elizabeth Scott,Part-Time,2024-10-26T17:56:53.197810+00:00
1749,Chloe Baker,Full-Time,2025-05-01T05:33:36.922131+00:00
1750,Henry Kim,Full-Time,2024-03-06T05:09:01.496169+00:00
1751,Victoria Davis,Contractor,2024-09-20T06:20:22.896675+00:00
1752,Sofia Thompson,Full-Time,2024-01-17T17:27:43.850182+00:00
1753,Elijah Wright,Contractor,2024-03-01T22:14:51.785974+00:00
1754,Henry Nguyen,Full-Time,2024-10-20T07:34:03.563393+00:00
1755,James Rodriguez,Full-Time,2024-06-05T10:13:53.689824+00:00
1756,Abigail Allen,Full-Time,2024-01-15T08:27:44.977955+00:00
1757,Amelia Rodriguez,Part-Time,2024-08-04T08:40:18.455788+00:00
1758,Mia Hall,Full-Time,2025-02-24T05:04:04.268418+00:00
1759,Sophia Smith,Full-Time,2024-06-27T20:33:56.853000+00:00
1760,James Green,Full-Time,2024-06-07T21:02:58.326282+00:00
1761,David Hernandez,Part-Time,2024-08-31T19:00:05.674961+00:00
1762,Oliver Davis,Full-Time,2024-08-24T11:02:45.809489+00:00
1763,David Baker,Full-Time,2025-01-08T09:27:48.563928+00:00
1764,Emma Green,Full-Time,2025-04-06T19:48:33.376919+00:00
1765,Emily Brown,Full-Time,2023-09-12T20:54:00.300427+00:00
1765,Emily Brown,Contractor,2025-04-01T14:12:41.215838+00:00
1766,Isabella Wilson,Part-Time,2024-12-28T19:09:09.378885+00:00
1767,Mia Nguyen,Full-Time,2024-02-13T16:23:30.519250+00:00
1768,Aisha Martinez,Part-Time,2024-09-14T20:29:20.111748+00:00
1769,Maria Nguyen,Full-Time,2024-09-29T20:15:12.175003+00:00
1770,Maria Walker,Part-Time,2024-05-05T19:58:11.212798+00:00
1771,David Wilson,Part-Time,2024-11-07T07:35:47.608740+00:00
1772,Elizabeth Brown,Full-Time,2025-04-24T01:32:46.402917+00:00
1773,Emily Adams,Full-Time,2024-01-13T08:11:20.572986+00:00
1774,Michael Lopez,Full-Time,2024-02-28T19:30:16.604782+00:00
1775,Liam Kim,Full-Time,2024-04-03T17:01:11.351330+00:00
1776,Emma Rodriguez,Full-Time,2024-07-27T22:23:14.852410+00:00
1777,Elijah Khan,Full-Time,2024-06-15T20:58:44.585137+00:00
1778,Maria Khan,Full-Time,2024-02-20T15:44:19.633086+00:00
1779,Amelia Green,Part-Time,2024-05-12T07:41:13.122006+00:00
1780,Sofia Khan,Full-Time,2025-01-20T20:16:14.139216+00:00
1781,Harper Carter,Full-Time,2024-09-15T18:26:04.032252+00:00
1782,Sofia Walker,Full-Time,2024-08-26T10:54:26.428740+00:00
1783,Henry Garcia,Full-Time,2024-07-28T01:03:48.741579+00:00
1784,Mason Patel,Full-Time,2025-05-09T06:18:01.283667+00:00
1785,Liam Clark,Part-Time,2024-11-30T05:53:41.283770+00:00
1786,Oliver Allen,Full-Time,2024-08-16T18:56:00.714369+00:00
1787,Ava Rodriguez,Full-Time,2025-05-20T11:07:15.257258+00:00
1788,Harper Adams,Contractor,2024-10-11T19:02:04.128820+00:00
1789,James Smith,Part-Time,2025-05-08T01:14:27.660800+00:00
1790,Jacob Kim,Contractor,2023-08-08T02:34:09.638712+00:00
1790,Jacob Kim,Full-Time,2025-04-23T21:20:09.308839+00:00
1791,Joseph Walker,Full-Time,2025-03-06T15:46:22.182995+00:00
1792,Daniel King,Part-Time,2024-04-19T03:25:44.064165+00:00
1793,Jacob Brown,Contractor,2023-04-14T19:34:04.450996+00:00
1793,Jacob Brown,Full-Time,2024-09-30T23:42:26.256763+00:00
1794,Carlos Allen,Full-Time,2024-12-24T07:03:41.981820+00:00
1795,Oliver Walker,Part-Time,2024-04-18T03:59:14.533870+00:00
1796,Michael Hernandez,Full-Time,2025-05-17T13:19:55.068182+00:00
1797,David Walker,Full-Time,2025-05-19T06:57:58.368259+00:00
1798,Emily Thompson,Full-Time,2024-11-03T13:12:44.177977+00:00
1799,Maria Davis,Part-Time,2023-04-05T03:34:44.393969+00:00
1799,Maria Davis,Full-Time,2024-01-02T01:12:32.349956+00:00
1800,Joseph Smith,Contractor,2024-12-11T02:21:40.491587+00:00
1801,Henry Carter,Part-Time,2024-10-03T01:28:28.048701+00:00
1802,Carlos Patel,Part-Time,2025-02-22T15:17:19.860165+00:00
1803,David Nguyen,Full-Time,2025-02-20T22:57:45.781240+00:00
1804,Alexander Lopez,Part-Time,2023-07-03T06:15:00.201302+00:00
1804,Alexander Lopez,Full-Time,2025-01-28T23:11:43.712826+00:00
1805,John Nguyen,Full-Time,2025-04-25T07:05:00.679067+00:00
1806,David Smith,Full-Time,2024-01-11T03:33:06.900875+00:00
1807,Isabella King,Full-Time,2025-02-22T18:02:58.220363+00:00
1808,Mia White,Full-Time,2024-09-10T07:46:20.512548+00:00
1809,Abigail Brown,Full-Time,2025-04-09T00:17:50.818204+00:00
1810,Ava Smith,Full-Time,2025-02-25T05:40:19.814419+00:00
1811,Elizabeth Nguyen,Part-Time,2024-10-18T22:47:12.023478+00:00
1812,Sophia Kim,Full-Time,2024-12-04T11:55:50.309952+00:00
1813,Charlotte Garcia,Full-Time,2025-01-17T16:25:29.909730+00:00
1814,Oliver Lewis,Contractor,2025-03-14T20:39:24.995278+00:00
1815,Isabella Martinez,Part-Time,2024-01-12T20:37:21.795576+00:00
1816,Ethan Gonzalez,Full-Time,2024-08-07T02:38:00.367852+00:00
1817,Aisha Young,Full-Time,2025-05-25T11:45:03.383485+00:00
1818,Isabella Nguyen,Full-Time,2024-08-27T08:36:56.845470+00:00
1819,Abigail Brown,Part-Time,2024-04-25T04:38:15.047867+00:00
1820,Isabella Green,Full-Time,2024-06-11T05:34:15.851399+00:00
1821,Elizabeth Martinez,Contractor,2023-03-25T07:41:19.983005+00:00
1821,Elizabeth Martinez,Full-Time,2025-03-27T11:46:20.014164+00:00
1822,Maria White,Contractor,2024-08-05T10:04:30.009402+00:00
1823,Carlos Clark,Full-Time,2024-06-17T21:24:49.275812+00:00
1824,Carlos Chen,Full-Time,2024-08-09T14:09:19.412370+00:00
1825,Maria Hernandez,Part-Time,2024-05-06T18:57:16.940568+00:00
1826,Joseph Clark,Contractor,2025-03-03T01:57:20.212177+00:00
1827,Emily Clark,Contractor,2025-02-01T23:01:38.987749+00:00
1828,David Chen,Contractor,2023-10-01T04:09:44.458468+00:00
1828,David Chen,Full-Time,2024-10-23T23:50:28.267860+00:00
1829,Emma Khan,Contractor,2024-07-12T14:29:19.960228+00:00
1830,Carlos Davis,Full-Time,2025-02-15T14:59:23.878823+00:00
1831,Aisha Allen,Full-Time,2024-08-09T12:48:05.910398+00:00
1832,Liam Khan,Full-Time,2024-05-31T07:00:54.990443+00:00
1833,Daniel Scott,Full-Time,2025-01-20T18:10:22.296459+00:00
1834,Mason Smith,Full-Time,2024-08-26T03:20:32.476063+00:00
1835,Chloe Chen,Full-Time,2025-04-25T23:32:40.923104+00:00
1836,Maria Gonzalez,Full-Time,2024-10-28T13:09:28.961169+00:00
1837,Liam Chen,Full-Time,2024-12-31T22:08:31.707105+00:00
1838,Lucas Davis,Contractor,2023-11-15T19:44:13.209472+00:00
1838,Lucas Davis,Full-Time,2024-05-11T11:23:40.165074+00:00
1839,Henry Nelson,Part-Time,2024-08-16T02:12:52.376876+00:00
1840,Harper Davis,Part-Time,2024-02-01T00:46:02.796199+00:00
1841,Mia Adams,Full-Time,2024-11-30T07:47:30.173660+00:00
1842,Alexander Allen,Full-Time,2024-10-04T14:33:40.721230+00:00
1843,Amelia Rodriguez,Full-Time,2024-11-05T12:11:33.637860+00:00
1844,Jacob Wright,Contractor,2024-09-22T13:41:00.315771+00:00
1845,Amelia Khan,Full-Time,2025-02-24T05:47:26.870756+00:00
1846,Aisha Adams,Full-Time,2025-05-15T22:48:02.254466+00:00
1847,Lucas Garcia,Full-Time,2024-12-08T14:41:38.512060+00:00
1848,Victoria Hernandez,Part-Time,2024-10-17T09:47:06.520047+00:00
1849,Emily Allen,Contractor,2023-05-05T13:01:30.854562+00:00
1849,Emily Allen,Full-Time,2024-03-24T05:59:28.303233+00:00
1850,Victoria Brown,Full-Time,2025-04-16T22:28:07.055545+00:00
1851,Mason White,Full-Time,2024-04-19T08:09:40.699936+00:00
1852,Joseph Hernandez,Part-Time,2024-07-11T20:13:34.052578+00:00
1853,Elizabeth Lee,Part-Time,2024-01-04T10:48:10.739045+00:00
1854,John Garcia,Full-Time,2024-10-11T13:21:46.996739+00:00
1855,Amelia Hall,Full-Time,2024-11-19T20:59:28.740758+00:00
1856,Abigail Brown,Contractor,2024-04-12T03:36:02.789466+00:00
1857,Jacob Lee,Full-Time,2024-05-14T09:43:47.538362+00:00
1858,Charlotte Hernandez,Part-Time,2024-05-06T04:18:43.099446+00:00
1859,Lucas Patel,Full-Time,2024-05-14T07:08:28.740482+00:00
1860,Liam Patel,Part-Time,2024-03-11T09:44:32.626912+00:00
1861,Sofia Hernandez,Contractor,2024-06-05T12:03:04.026381+00:00
1862,Harper Wright,Part-Time,2024-12-05T01:06:29.166153+00:00
1863,Chloe Garcia,Full-Time,2025-03-28T20:05:13.493001+00:00
1864,Oliver Martinez,Full-Time,2024-07-13T00:20:36.088216+00:00
1865,Abigail Young,Full-Time,2025-05-16T04:35:48.206740+00:00
1866,Harper Brown,Part-Time,2024-10-28T07:09:22.107545+00:00
1867,Jacob Rodriguez,Full-Time,2024-01-28T07:43:28.203808+00:00
1868,Isabella Davis,Part-Time,2025-05-11T18:44:51.338375+00:00
1869,Sophia Thompson,Part-Time,2025-02-06T12:47:53.611741+00:00
1870,Carlos Kim,Full-Time,2025-01-20T10:06:16.427875+00:00
1871,Abigail Carter,Full-Time,2024-04-01T19:49:47.086763+00:00
1872,Abigail Nelson,Part-Time,2024-09-10T19:52:45.897585+00:00
1873,Isabella Scott,Full-Time,2025-02-09T14:10:07.010454+00:00
1874,James Thompson,Full-Time,2024-04-14T03:20:31.616038+00:00
1875,Harper Scott,Full-Time,2024-08-06T00:52:52.987759+00:00
1876,Daniel Kim,Contractor,2024-07-10T22:00:35.129797+00:00
1877,Emma Davis,Part-Time,2024-05-31T08:37:52.251197+00:00
1878,Alexander White,Full-Time,2024-08-26T16:11:46.692418+00:00
1879,Emily Adams,Full-Time,2024-08-09T21:00:34.993682+00:00
1880,Abigail Carter,Full-Time,2024-07-15T03:45:03.054938+00:00
1881,Charlotte Baker,Full-Time,2024-11-27T01:36:32.204788+00:00
1882,Alexander Wilson,Full-Time,2024-09-14T09:43:46.889030+00:00
1883,Emma Walker,Contractor,2024-02-20T11:36:46.651105+00:00
1884,Carlos Wright,Full-Time,2024-04-12T18:10:29.353878+00:00
1885,Lucas Hernandez,Full-Time,2025-01-17T07:02:31.556000+00:00
1886,Isabella Martinez,Part-Time,2025-05-26T23:19:23.251342+00:00
1887,Ethan Smith,Part-Time,2024-05-24T14:04:44.282942+00:00
1888,Alexander Scott,Part-Time,2023-08-17T01:53:27.954420+00:00
1888,Alexander Scott,Contractor,2025-02-25T14:45:23.486398+00:00
1889,John Nelson,Full-Time,2025-05-22T11:56:57.133304+00:00
1890,Amelia Scott,Full-Time,2025-01-06T01:42:41.323769+00:00
1891,Ava Nelson,Full-Time,2024-10-28T03:11:19.702581+00:00
1892,Victoria Gonzalez,Full-Time,2024-02-14T01:18:12.750797+00:00
1893,Lucas Adams,Part-Time,2024-12-24T01:03:10.459118+00:00
1894,Ava Baker,Full-Time,2024-10-13T11:35:49.973630+00:00
1895,Abigail Davis,Full-Time,2024-03-06T20:11:29.505875+00:00
1896,John Carter,Part-Time,2025-03-03T23:53:16.186743+00:00
1897,Emily White,Full-Time,2024-12-17T19:06:41.997748+00:00
1898,Elizabeth Allen,Part-Time,2023-04-08T05:41:12.089289+00:00
1898,Elizabeth Allen,Full-Time,2024-01-12T22:07:44.090717+00:00
1899,James Davis,Full-Time,2025-05-03T16:52:24.466530+00:00
1900,Emily Scott,Contractor,2024-04-14T18:10:02.148851+00:00
1901,Elizabeth Garcia,Full-Time,2024-04-06T14:49:32.899035+00:00
1902,Liam Hernandez,Full-Time,2024-08-19T15:18:10.584989+00:00
1903,Mia Wilson,Full-Time,2024-12-12T05:11:26.672099+00:00
1904,Charlotte Brown,Part-Time,2024-11-05T12:36:59.365091+00:00
1905,Maria Lee,Full-Time,2025-04-12T12:29:00.454541+00:00
1906,Daniel Hall,Full-Time,2024-05-29T08:05:28.566115+00:00
1907,Carlos Gonzalez,Full-Time,2024-09-23T00:09:43.367372+00:00
1908,Elijah Young,Part-Time,2024-07-29T18:31:24.660153+00:00
1909,Elijah Nguyen,Full-Time,2024-08-02T15:30:12.081319+00:00
1910,Carlos Lopez,Contractor,2025-03-20T02:29:31.809505+00:00
1911,Oliver Thompson,Full-Time,2025-02-23T13:56:12.560731+00:00
1912,Joseph Kim,Full-Time,2025-04-26T18:52:01.862892+00:00
1913,Lucas Gonzalez,Full-Time,2024-01-04T19:38:31.263001+00:00
1914,Amelia Baker,Part-Time,2023-10-14T13:39:02.516751+00:00
1914,Amelia Baker,Full-Time,2024-07-23T19:24:17.611054+00:00
1915,Harper Hernandez,Contractor,2025-03-27T01:11:43.395921+00:00
1916,Victoria Gonzalez,Full-Time,2025-01-13T05:31:23.636900+00:00
1917,Jacob Gonzalez,Full-Time,2025-03-08T06:34:37.930117+00:00
1918,Mia Scott,Full-Time,2025-02-19T12:31:56.728430+00:00
1919,Charlotte Green,Full-Time,2025-04-06T16:21:51.858708+00:00
1920,Chloe Gonzalez,Full-Time,2024-12-04T02:35:36.311528+00:00
1921,Liam Scott,Full-Time,2024-01-23T09:35:48.799587+00:00
1922,Elijah Walker,Part-Time,2024-10-02T20:37:28.669242+00:00
1923,Carlos Thompson,Contractor,2024-07-29T23:39:24.069047+00:00
1924,Sofia Wright,Full-Time,2024-02-23T23:31:29.261183+00:00
1925,Michael Green,Full-Time,2024-05-09T16:03:45.371249+00:00
1926,James Gonzalez,Full-Time,2024-11-23T17:43:33.124497+00:00
1927,Victoria Lopez,Full-Time,2024-07-23T20:41:48.043106+00:00
1928,Lucas Scott,Full-Time,2024-05-08T13:27:28.027431+00:00
1929,Oliver Young,Full-Time,2024-08-26T03:47:28.206434+00:00
1930,Victoria Garcia,Full-Time,2024-12-03T01:15:44.310928+00:00
1931,David Davis,Full-Time,2024-05-23T04:47:41.678874+00:00
1932,Elijah Kim,Part-Time,2024-11-07T09:14:35.228768+00:00
1933,Charlotte Hall,Full-Time,2025-01-15T08:41:20.758277+00:00
1934,Elijah Garcia,Full-Time,2024-01-06T18:01:30.463720+00:00
1935,Isabella Rodriguez,Full-Time,2024-04-01T06:48:00.344966+00:00
1936,James Thompson,Full-Time,2024-01-25T11:58:19.735889+00:00
1937,Liam Lopez,Full-Time,2024-08-15T18:21:50.613299+00:00
1938,John Khan,Part-Time,2025-01-28T12:42:37.813842+00:00
1939,Harper Wright,Full-Time,2023-11-23T18:39:00.317575+00:00
1939,Harper Wright,Contractor,2024-04-12T14:13:25.783577+00:00
1940,Maria Green,Full-Time,2024-01-08T11:15:44.212637+00:00
1941,Lucas Garcia,Full-Time,2025-03-28T14:42:21.388036+00:00
1942,Elijah Kim,Full-Time,2024-09-19T21:54:04.460691+00:00
1943,Michael Young,Part-Time,2023-03-11T18:03:48.889724+00:00
1943,Michael Young,Full-Time,2024-04-07T05:42:33.345903+00:00
1944,Ava Scott,Contractor,2024-03-02T23:20:18.141892+00:00
1945,Ava Chen,Full-Time,2024-03-30T01:37:43.029115+00:00
1946,Elizabeth Young,Full-Time,2024-04-19T03:35:55.945242+00:00
1947,Mason Garcia,Full-Time,2024-05-22T20:22:12.964167+00:00
1948,Abigail Brown,Full-Time,2024-04-22T02:55:16.496017+00:00
1949,Mia Carter,Contractor,2024-02-22T05:31:44.106743+00:00
1950,Elijah Lewis,Contractor,2024-11-03T17:33:51.448069+00:00
1951,Daniel Davis,Full-Time,2024-11-21T22:28:18.109592+00:00
1952,Michael Nelson,Full-Time,2024-01-10T01:17:31.216407+00:00
1953,David Lopez,Full-Time,2025-01-15T13:12:46.835125+00:00
1954,John White,Full-Time,2025-01-24T08:04:55.115120+00:00
1955,Sofia Allen,Full-Time,2024-08-07T19:39:56.855321+00:00
1956,Harper Wilson,Full-Time,2024-07-11T03:08:05.690447+00:00
1957,Jacob Martinez,Full-Time,2024-04-14T20:23:31.862919+00:00
1958,James Clark,Contractor,2024-11-02T19:30:06.199847+00:00
1959,David Hernandez,Full-Time,2024-06-11T21:32:09.583205+00:00
1960,James Green,Full-Time,2024-05-27T23:27:33.285977+00:00
1961,Maria White,Part-Time,2024-06-18T22:35:58.546642+00:00
1962,Harper Thompson,Full-Time,2025-04-10T02:27:14.020251+00:00
1963,Harper White,Full-Time,2024-07-14T16:51:16.754139+00:00
1964,Michael Lee,Full-Time,2024-01-04T02:23:50.017257+00:00
1965,Sophia Garcia,Contractor,2024-01-27T17:32:22.866960+00:00
1966,Amelia Thompson,Part-Time,2023-10-28T11:44:27.655629+00:00
1966,Amelia Thompson,Full-Time,2024-03-30T02:17:48.310989+00:00
1967,Ava Clark,Full-Time,2024-08-06T15:51:52.625189+00:00
1968,Victoria Allen,Full-Time,2024-04-11T08:03:59.235221+00:00
1969,Chloe Lee,Full-Time,2024-06-04T11:46:33.268595+00:00
1970,David Martinez,Full-Time,2025-02-04T19:13:45.299089+00:00
1971,Emma Wright,Full-Time,2024-03-27T01:32:07.660366+00:00
1972,David Adams,Full-Time,2025-01-12T00:26:05.362726+00:00
1973,Amelia Nelson,Full-Time,2024-07-14T16:02:04.434921+00:00
1974,Emma Allen,Full-Time,2024-03-19T09:15:27.735294+00:00
1975,Charlotte Lewis,Full-Time,2024-06-05T21:35:30.298611+00:00
1976,Jacob Lopez,Full-Time,2024-09-03T16:09:19.598218+00:00
1977,Emily Davis,Part-Time,2024-04-10T09:39:08.282816+00:00
1978,Lucas Smith,Full-Time,2024-09-13T20:36:57.759856+00:00
1979,Abigail Carter,Full-Time,2024-08-01T07:34:40.382702+00:00
1980,Elizabeth Wright,Full-Time,2024-06-06T21:46:00.777048+00:00
1981,Carlos Green,Part-Time,2025-05-24T03:19:15.747846+00:00
1982,Sofia Lopez,Contractor,2024-03-24T07:00:20.385844+00:00
1983,Chloe Lewis,Part-Time,2025-01-20T13:25:15.639611+00:00
1984,Alexander Carter,Full-Time,2024-07-07T21:02:19.751425+00:00
1985,Aisha Lopez,Contractor,2025-01-12T09:29:51.717728+00:00
1986,Harper Nelson,Full-Time,2025-02-21T03:12:44.507078+00:00
1987,Maria Rodriguez,Part-Time,2023-02-25T16:09:52.903039+00:00
1987,Maria Rodriguez,Full-Time,2024-08-21T15:45:22.040940+00:00
1988,Amelia Lewis,Full-Time,2024-10-23T16:32:39.120609+00:00
1989,Elijah Smith,Full-Time,2024-02-17T08:28:08.727535+00:00
1990,Daniel Scott,Part-Time,2025-05-14T17:40:49.837796+00:00
1991,Emma Martinez,Part-Time,2024-03-26T01:37:12.914111+00:00
1992,Chloe Lewis,Full-Time,2024-09-13T19:57:49.217047+00:00
1993,Daniel Allen,Part-Time,2025-01-21T00:18:54.890223+00:00
1994,Emma Chen,Full-Time,2025-02-02T10:37:15.623232+00:00
1995,Alexander Rodriguez,Full-Time,2024-04-17T11:40:43.072764+00:00
1996,Elizabeth Allen,Full-Time,2024-03-27T09:19:28.897982+00:00
1997,Sophia Smith,Full-Time,2025-01-31T22:19:53.867032+00:00
1998,Henry Green,Full-Time,2025-01-11T01:12:57.630379+00:00
1999,Elijah Lee,Full-Time,2024-12-27T04:13:44.704972+00:00
2000,Lucas Carter,Full-Time,2025-05-01T13:43:35.510557+00:00
2001,David Thompson,Full-Time,2024-01-31T06:11:13.861053+00:00
2002,Charlotte Martinez,Full-Time,2025-04-07T20:47:19.438695+00:00
2003,Henry Baker,Full-Time,2024-11-16T07:52:37.068812+00:00
2004,Elijah Wilson,Full-Time,2024-07-12T18:35:37.520146+00:00
2005,Isabella Garcia,Full-Time,2024-10-27T10:28:42.521566+00:00
2006,Joseph Carter,Full-Time,2024-02-21T17:09:43.765547+00:00
2007,Aisha Walker,Part-Time,2024-01-04T16:58:28.623561+00:00
2008,James Chen,Full-Time,2025-02-10T04:28:33.020291+00:00
2009,Daniel Walker,Contractor,2024-08-30T18:25:46.972608+00:00
2010,Emily Adams,Full-Time,2024-12-15T19:03:37.111075+00:00
2011,Emily Young,Part-Time,2025-04-27T17:28:54.362677+00:00
2012,Elizabeth Lopez,Full-Time,2025-05-15T07:57:21.267070+00:00
2013,Emily Chen,Full-Time,2025-03-22T14:06:25.487873+00:00
2014,Elizabeth Davis,Full-Time,2024-03-04T01:04:39.251089+00:00
2015,Isabella Clark,Full-Time,2024-11-13T05:08:45.873693+00:00
2016,Joseph Green,Full-Time,2024-01-02T14:31:32.152276+00:00
2017,Michael Patel,Full-Time,2025-03-24T01:43:31.666792+00:00
2018,Michael Baker,Full-Time,2024-09-05T13:36:32.423885+00:00
2019,Emma King,Contractor,2023-09-03T11:02:17.819263+00:00
2019,Emma King,Full-Time,2025-04-22T20:25:28.113899+00:00
2020,Joseph Chen,Part-Time,2024-05-30T18:02:27.334050+00:00
2021,Lucas Rodriguez,Part-Time,2025-03-25T12:11:35.124538+00:00
2022,James Davis,Full-Time,2024-02-14T16:15:02.656626+00:00
2023,Victoria Kim,Part-Time,2025-05-04T22:35:26.314766+00:00
2024,Joseph Clark,Full-Time,2024-03-28T10:22:16.512620+00:00
2025,Emma Chen,Full-Time,2025-01-02T04:30:02.165502+00:00
2026,Elijah Young,Contractor,2025-01-28T02:47:39.260231+00:00
2027,Mason Lewis,Full-Time,2025-05-03T02:54:56.754442+00:00
2028,Sofia Davis,Contractor,2024-11-21T00:14:43.163112+00:00
2029,Sophia Wilson,Part-Time,2024-06-19T17:26:50.492903+00:00
2030,Mason Garcia,Full-Time,2024-07-12T09:45:03.923481+00:00
2031,Daniel Adams,Part-Time,2024-04-24T16:21:28.400548+00:00
2032,Sofia Hall,Full-Time,2024-02-15T17:29:04.641915+00:00
2033,Lucas Nguyen,Full-Time,2024-03-06T08:45:49.848592+00:00
2034,Michael Lopez,Full-Time,2024-01-01T20:39:56.112868+00:00
2035,Aisha Martinez,Part-Time,2025-05-17T15:54:25.276424+00:00
2036,Michael Wright,Part-Time,2025-04-24T02:29:11.882654+00:00
2037,Oliver White,Full-Time,2024-01-05T17:07:44.695594+00:00
2038,Victoria Young,Full-Time,2025-04-28T16:51:38.000295+00:00
2039,Mason Carter,Full-Time,2024-03-16T15:06:03.628075+00:00
2040,Jacob Rodriguez,Part-Time,2025-03-11T14:27:26.676819+00:00
2041,James Young,Full-Time,2025-05-23T01:00:21.235318+00:00
2042,Sofia Walker,Contractor,2024-12-28T10:42:07.782943+00:00
2043,Joseph Thompson,Full-Time,2024-12-27T05:22:39.173892+00:00
2044,Daniel Khan,Contractor,2024-06-19T21:40:32.371976+00:00
2045,Ava White,Part-Time,2024-01-27T23:11:46.815664+00:00
2046,Charlotte Carter,Part-Time,2024-06-02T10:32:27.893781+00:00
2047,Elijah Patel,Full-Time,2024-06-22T02:11:37.456555+00:00
2048,Joseph King,Part-Time,2024-07-19T14:46:07.757865+00:00
2049,Jacob Hall,Full-Time,2024-04-10T01:58:29.564282+00:00
2050,Elizabeth Chen,Full-Time,2025-01-20T21:54:17.644724+00:00
2051,Aisha Allen,Full-Time,2024-03-24T23:24:22.642746+00:00
2052,Oliver Baker,Full-Time,2024-05-29T07:47:46.613421+00:00
2053,Amelia Thompson,Full-Time,2025-01-18T22:05:08.006883+00:00
2054,John Wright,Part-Time,2024-10-22T07:47:52.719218+00:00
2055,Amelia Lopez,Contractor,2024-08-07T02:35:29.133582+00:00
2056,Elijah Khan,Full-Time,2025-05-14T17:50:33.549706+00:00
2057,Charlotte Khan,Full-Time,2024-09-21T10:02:16.523688+00:00
2058,Emily Adams,Contractor,2024-11-17T15:17:09.577304+00:00
2059,Elizabeth Clark,Full-Time,2024-05-03T13:24:43.000539+00:00
2060,Sophia Allen,Full-Time,2025-05-04T16:29:08.298481+00:00
2061,Daniel Wilson,Part-Time,2025-03-19T16:35:49.055429+00:00
2062,Daniel Walker,Full-Time,2024-08-16T08:17:46.592498+00:00
2063,John Nguyen,Contractor,2023-09-10T14:20:38.276994+00:00
2063,John Nguyen,Full-Time,2024-03-03T14:41:55.838651+00:00
2064,Mason Patel,Full-Time,2025-05-21T12:14:42.073677+00:00
2065,Joseph Walker,Full-Time,2024-02-18T12:08:22.083455+00:00
2066,Charlotte Lopez,Full-Time,2024-11-26T16:16:26.192146+00:00
2067,Chloe Allen,Part-Time,2023-03-11T23:49:25.524345+00:00
2067,Chloe Allen,Full-Time,2024-02-21T00:19:14.636806+00:00
2068,Carlos Lee,Full-Time,2024-12-25T11:32:03.807204+00:00
2069,Elizabeth Carter,Full-Time,2025-03-05T10:54:58.264551+00:00
2070,Sofia Thompson,Contractor,2025-04-05T11:16:46.185343+00:00
2071,Charlotte Lee,Full-Time,2024-08-17T10:19:52.307565+00:00
2072,Michael Nguyen,Full-Time,2024-10-22T00:23:51.490314+00:00
2073,Elijah Wilson,Full-Time,2025-03-12T19:03:13.344993+00:00
2074,James Wilson,Contractor,2024-09-16T15:41:52.806597+00:00
2075,Abigail Kim,Full-Time,2025-04-29T21:39:11.173333+00:00
2076,John Clark,Full-Time,2025-04-30T09:47:39.663229+00:00
2077,Jacob Baker,Contractor,2023-01-18T03:53:39.621204+00:00
2077,Jacob Baker,Full-Time,2024-09-08T14:19:55.424243+00:00
2078,Michael King,Full-Time,2024-09-18T22:23:18.034060+00:00
2079,Liam Brown,Full-Time,2024-04-06T11:33:46.050573+00:00
2080,Mia Thompson,Contractor,2024-11-04T21:36:06.094201+00:00
2081,Ava King,Full-Time,2025-01-09T00:44:00.333454+00:00
2082,Chloe Garcia,Contractor,2023-07-14T03:51:36.575159+00:00
2082,Chloe Garcia,Full-Time,2024-05-13T17:25:25.437190+00:00
2083,Elijah Scott,Full-Time,2025-04-29T15:38:41.401301+00:00
2084,Chloe Rodriguez,Full-Time,2024-02-06T04:42:38.385566+00:00
2085,Isabella Martinez,Part-Time,2024-10-16T03:33:44.033249+00:00
2086,Elijah Green,Part-Time,2024-06-11T07:01:42.598224+00:00
2087,Chloe Lopez,Full-Time,2024-11-05T15:36:44.713990+00:00
2088,Carlos Walker,Full-Time,2024-02-26T10:11:54.639969+00:00
2089,Henry Garcia,Full-Time,2024-02-15T15:26:59.408236+00:00
2090,Emily Walker,Full-Time,2025-02-13T10:10:29.185392+00:00
2091,Isabella Smith,Full-Time,2025-05-17T11:25:19.016063+00:00
2092,Mason Lopez,Contractor,2025-02-05T13:00:58.726549+00:00
2093,Sofia Lee,Contractor,2023-01-20T11:15:51.130592+00:00
2093,Sofia Lee,Full-Time,2025-03-25T03:18:10.119863+00:00
2094,Sophia Chen,Full-Time,2024-12-25T08:00:30.801748+00:00
2095,Jacob Walker,Full-Time,2025-04-04T22:34:22.207778+00:00
2096,Elijah Young,Contractor,2024-07-18T20:18:13.426549+00:00
2097,Alexander Scott,Full-Time,2024-03-06T10:40:08.273441+00:00
2098,John Rodriguez,Full-Time,2024-03-14T04:33:17.259731+00:00
2099,Isabella Khan,Contractor,2024-11-23T21:45:00.894089+00:00
2100,Abigail Clark,Full-Time,2024-08-02T13:25:01.324384+00:00
2101,Victoria Lee,Full-Time,2024-06-30T14:27:55.572934+00:00
2102,Victoria Hall,Part-Time,2023-07-27T22:05:30.711668+00:00
2102,Victoria Hall,Full-Time,2024-08-07T10:38:37.314476+00:00
2103,Mason Allen,Full-Time,2024-02-14T14:26:00.282426+00:00
2104,Mia Green,Part-Time,2025-03-09T14:39:50.126694+00:00
2105,Emma Garcia,Part-Time,2025-04-29T17:12:06.732967+00:00
2106,Elijah Khan,Full-Time,2024-05-26T15:23:45.028865+00:00
2107,Sophia Smith,Contractor,2024-08-05T12:05:10.948267+00:00
2108,Oliver Nelson,Full-Time,2024-12-17T11:13:13.405334+00:00
2109,Sofia Scott,Full-Time,2024-04-07T13:32:43.643472+00:00
2110,John Adams,Part-Time,2025-01-19T13:54:42.594262+00:00
2111,Harper Brown,Full-Time,2025-05-09T20:44:18.919581+00:00
2112,Mason Lee,Part-Time,2023-12-30T11:35:09.699495+00:00
2112,Mason Lee,Full-Time,2025-03-06T14:48:10.112653+00:00
2113,Alexander Khan,Full-Time,2024-07-13T11:24:53.126187+00:00
2114,Abigail Nguyen,Full-Time,2024-12-14T08:37:32.829921+00:00
2115,Sofia Hall,Full-Time,2024-05-30T14:07:35.493905+00:00
2116,Ava Smith,Part-Time,2024-10-18T19:34:55.278336+00:00
2117,Ava Allen,Contractor,2025-05-07T00:52:09.822393+00:00
2118,James Gonzalez,Part-Time,2025-03-11T04:54:25.625834+00:00
2119,Aisha King,Full-Time,2024-08-24T03:52:36.921953+00:00
2120,Mia King,Full-Time,2024-06-28T09:46:24.815099+00:00
2121,Charlotte Scott,Full-Time,2024-02-21T23:40:14.637209+00:00
2122,Sophia Martinez,Full-Time,2024-09-20T20:17:26.151167+00:00
2123,Amelia Green,Full-Time,2024-09-07T01:01:06.416352+00:00
2124,Amelia Lewis,Full-Time,2024-07-21T19:39:28.317832+00:00
2125,Mia Wright,Full-Time,2024-04-03T11:01:31.010262+00:00
2126,Isabella Chen,Contractor,2024-12-02T16:06:53.946341+00:00
2127,David Kim,Full-Time,2025-01-18T06:11:07.709512+00:00
2128,John King,Part-Time,2024-12-29T19:54:34.854563+00:00
2129,Sofia Martinez,Full-Time,2024-03-09T13:52:20.076515+00:00
2130,Henry Hernandez,Contractor,2024-03-23T05:46:03.048282+00:00
2131,Lucas Nelson,Contractor,2025-05-19T05:49:05.476641+00:00
2132,Sofia Green,Full-Time,2024-09-11T05:25:41.669138+00:00
2133,Oliver Young,Part-Time,2025-02-04T07:30:54.934224+00:00
2134,Elizabeth Lopez,Full-Time,2025-05-06T06:56:19.879695+00:00
2135,Maria Davis,Full-Time,2024-09-13T12:00:41.283704+00:00
2136,Harper Khan,Full-Time,2024-06-24T12:26:23.889968+00:00
2137,John Adams,Full-Time,2024-05-24T18:44:02.865267+00:00
2138,Emma Adams,Contractor,2023-12-21T10:16:07.153576+00:00
2138,Emma Adams,Full-Time,2024-03-19T05:31:38.515029+00:00
2139,Charlotte Clark,Full-Time,2024-02-29T00:07:34.064288+00:00
2140,Ethan Clark,Full-Time,2024-08-08T03:48:16.974855+00:00
2141,Joseph Chen,Part-Time,2024-09-14T16:44:07.850236+00:00
2142,Charlotte Martinez,Contractor,2024-10-30T06:48:27.366490+00:00
2143,Amelia White,Full-Time,2024-07-24T20:35:53.763423+00:00
2144,Isabella Martinez,Contractor,2024-08-06T16:38:32.111846+00:00
2145,Lucas Wilson,Part-Time,2024-07-14T02:54:06.538674+00:00
2146,Mia White,Full-Time,2024-08-06T13:50:45.423992+00:00
2147,Aisha Adams,Full-Time,2024-06-05T02:25:06.084475+00:00
2148,Isabella Wright,Full-Time,2024-06-29T01:48:49.729084+00:00
2149,Henry Clark,Full-Time,2024-01-25T09:30:51.571523+00:00
2150,James Smith,Full-Time,2025-01-17T01:25:11.707378+00:00
2151,Ava Hall,Full-Time,2025-04-11T01:13:48.272031+00:00
2152,Liam Adams,Full-Time,2025-05-01T11:48:59.843149+00:00
2153,Abigail Hernandez,Full-Time,2024-02-19T16:52:31.671877+00:00
2154,John Davis,Full-Time,2025-01-15T06:47:18.126821+00:00
2155,Abigail Wright,Full-Time,2024-05-21T13:27:31.699857+00:00
2156,Daniel Wilson,Part-Time,2024-03-07T22:32:10.713892+00:00
2157,Sofia Brown,Full-Time,2025-04-12T22:43:16.146485+00:00
2158,Lucas Martinez,Part-Time,2025-04-19T18:45:49.945479+00:00
2159,Carlos Hernandez,Full-Time,2024-08-31T06:19:55.846380+00:00
2160,Lucas Rodriguez,Full-Time,2024-04-08T08:17:35.627910+00:00
2161,Ethan King,Part-Time,2024-08-18T01:42:47.137820+00:00
2162,Sofia Adams,Full-Time,2024-08-02T22:46:45.232731+00:00
2163,Maria Kim,Full-Time,2024-12-23T09:50:49.472300+00:00
2164,Oliver Hall,Full-Time,2024-10-17T10:44:37.493168+00:00
2165,Lucas Scott,Full-Time,2024-09-30T03:46:07.779277+00:00
2166,Carlos Kim,Full-Time,2024-09-18T06:14:06.931359+00:00
2167,Daniel Scott,Full-Time,2024-04-16T03:39:20.267174+00:00
2168,John Kim,Full-Time,2024-10-30T18:05:32.062681+00:00
2169,John Gonzalez,Full-Time,2025-01-04T15:46:14.497194+00:00
2170,Ethan Allen,Part-Time,2024-06-01T00:49:46.964179+00:00
2171,Isabella Nguyen,Full-Time,2024-01-24T09:34:50.445934+00:00
2172,Harper Hall,Full-Time,2024-03-16T23:53:35.637905+00:00
2173,Isabella Davis,Full-Time,2025-02-09T14:07:46.815581+00:00
2174,Harper Thompson,Full-Time,2024-01-01T17:14:10.772509+00:00
2175,Alexander Wright,Full-Time,2025-04-30T12:25:09.878048+00:00
2176,Ethan Davis,Full-Time,2024-11-09T16:34:00.482321+00:00
2177,Michael Khan,Full-Time,2024-01-06T08:08:44.356205+00:00
2178,Alexander White,Part-Time,2024-05-23T11:32:27.166585+00:00
2179,Ethan Patel,Full-Time,2025-05-17T02:31:21.042371+00:00
2180,Liam Lopez,Contractor,2024-05-12T00:26:01.386388+00:00
2181,Ava Baker,Full-Time,2024-05-17T21:23:08.169085+00:00
2182,Elizabeth Rodriguez,Full-Time,2025-01-09T09:26:39.017734+00:00
2183,Chloe Wright,Full-Time,2024-09-02T17:31:58.061869+00:00
2184,Sophia Lee,Full-Time,2025-02-22T09:38:32.725745+00:00
2185,Charlotte Martinez,Full-Time,2025-04-28T22:35:14.955426+00:00
2186,Charlotte Hall,Full-Time,2024-03-24T13:51:15.852672+00:00
2187,Charlotte Scott,Full-Time,2024-04-06T08:47:05.233174+00:00
2188,Amelia Garcia,Full-Time,2024-08-21T10:15:26.838216+00:00
2189,Elizabeth Chen,Part-Time,2024-03-11T10:19:49.538989+00:00
2190,John Chen,Full-Time,2024-01-11T15:03:15.665290+00:00
2191,John Brown,Full-Time,2025-01-30T01:41:17.570340+00:00
2192,Isabella Rodriguez,Part-Time,2023-01-28T17:09:22.781701+00:00
2192,Isabella Rodriguez,Contractor,2024-11-03T14:43:58.686155+00:00
2193,John Chen,Full-Time,2025-02-23T18:21:35.970822+00:00
2194,Emma Martinez,Full-Time,2025-01-24T17:04:42.992841+00:00
2195,David Kim,Full-Time,2024-09-02T16:19:12.063874+00:00
2196,Harper Khan,Full-Time,2024-05-17T04:55:34.168561+00:00
2197,Sofia Patel,Part-Time,2024-02-22T17:51:43.625079+00:00
2198,Jacob Chen,Full-Time,2025-03-05T02:47:00.360401+00:00
2199,Amelia Smith,Contractor,2024-01-13T07:29:55.356314+00:00
2200,Chloe Lopez,Full-Time,2024-12-02T04:50:56.127503+00:00
2201,Mason Lopez,Full-Time,2025-01-01T17:14:52.675052+00:00
2202,Sofia Carter,Contractor,2023-06-05T20:35:52.100884+00:00
2202,Sofia Carter,Full-Time,2024-02-26T11:59:24.610406+00:00
2203,Liam Hall,Full-Time,2024-11-11T20:27:30.986038+00:00
2204,Sofia Wright,Contractor,2025-04-16T21:29:01.694680+00:00
2205,James Rodriguez,Full-Time,2024-09-29T03:16:39.531267+00:00
2206,Charlotte Adams,Full-Time,2024-12-08T07:28:11.697237+00:00
2207,Mia Hall,Full-Time,2024-02-23T07:29:40.536864+00:00
2208,Sophia Wright,Contractor,2025-02-19T21:34:38.768388+00:00
2209,Carlos Smith,Full-Time,2023-02-10T13:13:20.546440+00:00
2209,Carlos Smith,Part-Time,2025-05-16T17:44:40.093666+00:00
2210,Amelia Young,Full-Time,2024-08-17T03:42:49.231399+00:00
2211,Joseph Garcia,Full-Time,2024-08-07T06:48:11.900640+00:00
2212,Isabella Rodriguez,Full-Time,2025-05-25T07:37:44.245593+00:00
2213,Charlotte Lopez,Contractor,2023-10-06T03:40:40.617354+00:00
2213,Charlotte Lopez,Full-Time,2024-09-10T12:40:12.494290+00:00
2214,Joseph Green,Full-Time,2024-11-22T13:52:14.608455+00:00
2215,Oliver Clark,Contractor,2023-09-11T12:26:35.246483+00:00
2215,Oliver Clark,Full-Time,2024-10-08T19:27:53.928031+00:00
2216,Sophia White,Full-Time,2024-10-25T00:49:40.785927+00:00
2217,Henry White,Part-Time,2024-04-30T15:41:49.435631+00:00
2218,John Thompson,Contractor,2024-01-09T19:12:29.053802+00:00
2219,Joseph Davis,Contractor,2024-01-31T13:31:00.567624+00:00
2220,Alexander Wright,Part-Time,2025-03-20T15:42:11.247068+00:00
2221,Oliver Hall,Full-Time,2025-03-04T11:37:36.341868+00:00
2222,Henry Clark,Full-Time,2024-04-25T05:07:03.163099+00:00
2223,Oliver Nguyen,Contractor,2024-12-27T03:11:26.463803+00:00
2224,Daniel Patel,Full-Time,2024-08-05T21:00:50.499778+00:00
2225,Aisha Chen,Full-Time,2024-02-07T20:15:35.568417+00:00
2226,Elijah Patel,Full-Time,2024-03-13T11:24:30.561555+00:00
2227,Harper Garcia,Full-Time,2025-03-02T08:06:32.860644+00:00
2228,Henry Rodriguez,Part-Time,2024-08-28T23:44:36.407147+00:00
2229,Oliver Allen,Full-Time,2025-01-05T16:07:37.063042+00:00
2230,David Smith,Full-Time,2024-03-20T23:17:05.570370+00:00
2231,James Lee,Full-Time,2024-01-06T13:48:05.756717+00:00
2232,Chloe Gonzalez,Full-Time,2025-03-01T13:01:42.442606+00:00
2233,Mia White,Full-Time,2024-03-21T10:31:46.002047+00:00
2234,Emma Lopez,Contractor,2024-03-05T04:38:30.765914+00:00
2235,Ava Scott,Full-Time,2024-04-22T07:10:32.722965+00:00
2236,Charlotte Garcia,Contractor,2023-07-13T01:09:45.086481+00:00
2236,Charlotte Garcia,Part-Time,2024-08-28T07:23:06.756723+00:00
2237,Michael Scott,Part-Time,2024-03-25T13:19:03.052155+00:00
2238,Abigail Adams,Full-Time,2024-02-25T14:37:53.976089+00:00
2239,Carlos Wright,Part-Time,2023-03-04T22:21:34.768596+00:00
2239,Carlos Wright,Full-Time,2025-03-10T07:27:12.198277+00:00
2240,Maria Clark,Full-Time,2024-10-04T19:47:03.009292+00:00
2241,Carlos Thompson,Full-Time,2025-01-23T02:17:31.105787+00:00
2242,Mia Martinez,Full-Time,2024-11-23T11:50:41.597351+00:00
2243,James Clark,Full-Time,2025-05-16T00:40:35.983390+00:00
2244,James Nelson,Full-Time,2024-06-10T09:06:45.207421+00:00
2245,Mia Smith,Contractor,2025-01-20T14:40:37.712921+00:00
2246,Elizabeth Martinez,Full-Time,2024-07-19T09:34:32.790706+00:00
2247,Alexander Davis,Part-Time,2024-02-19T22:56:25.943820+00:00
2248,Henry Chen,Full-Time,2025-02-01T14:32:27.610360+00:00
2249,Maria Lopez,Full-Time,2025-03-21T16:49:03.609868+00:00
2250,James Hall,Full-Time,2024-12-16T01:23:18.463380+00:00
2251,Emma Wilson,Contractor,2024-04-28T19:05:26.928254+00:00
2252,Ava Rodriguez,Part-Time,2024-03-23T14:48:39.563456+00:00
2253,Emily Baker,Part-Time,2024-06-22T22:01:22.683836+00:00
2254,Abigail Adams,Full-Time,2024-12-31T15:31:53.988187+00:00
2255,Daniel Clark,Full-Time,2024-11-09T03:05:15.403529+00:00
2256,Carlos Rodriguez,Full-Time,2025-05-25T03:06:30.787487+00:00
2257,Liam Smith,Full-Time,2025-03-22T13:04:20.985243+00:00
2258,Emma Carter,Full-Time,2024-06-09T22:30:16.691965+00:00
2259,Jacob Kim,Full-Time,2024-10-22T18:00:40.020954+00:00
2260,Alexander Wilson,Full-Time,2024-12-30T13:35:05.109433+00:00
2261,Victoria Lewis,Contractor,2025-05-16T23:05:31.425553+00:00
2262,David Davis,Contractor,2025-05-13T11:19:55.582712+00:00
2263,Sophia Brown,Full-Time,2024-05-27T00:55:40.209398+00:00
2264,Henry Davis,Full-Time,2024-09-19T21:38:40.380350+00:00
2265,Michael Wright,Full-Time,2024-07-30T23:14:50.737076+00:00
2266,David Lewis,Part-Time,2025-05-23T12:14:50.036871+00:00
2267,James Khan,Part-Time,2024-05-05T14:11:03.338379+00:00
2268,John Rodriguez,Part-Time,2024-05-29T02:36:47.914078+00:00
2269,Elijah Scott,Part-Time,2024-04-24T10:12:26.942527+00:00
2270,Victoria Wilson,Full-Time,2024-08-28T08:01:58.260266+00:00
2271,Victoria Chen,Full-Time,2025-01-10T09:39:08.114293+00:00
2272,Elizabeth Adams,Full-Time,2024-06-17T15:12:30.544357+00:00
2273,Michael Hernandez,Contractor,2024-09-06T11:15:51.262217+00:00
2274,Joseph Nguyen,Full-Time,2024-01-20T15:19:55.762012+00:00
2275,Amelia Nelson,Full-Time,2024-04-19T12:14:39.753349+00:00
2276,James Lopez,Full-Time,2025-02-18T18:39:55.653034+00:00
2277,Chloe Nelson,Full-Time,2024-04-18T11:54:01.557716+00:00
2278,Maria Adams,Full-Time,2024-11-22T02:34:55.022183+00:00
2279,Emma Rodriguez,Full-Time,2024-07-26T19:12:11.256598+00:00
2280,Mia Baker,Contractor,2023-05-09T20:54:57.618668+00:00
2280,Mia Baker,Part-Time,2024-09-26T05:03:57.723221+00:00
2281,Ethan Lee,Part-Time,2024-02-17T10:08:12.456652+00:00
2282,Chloe Hernandez,Contractor,2024-06-01T07:29:38.914236+00:00
2283,Lucas King,Contractor,2024-09-04T01:46:12.503069+00:00
2284,Elijah Adams,Full-Time,2024-12-21T11:00:08.961951+00:00
2285,Daniel Smith,Full-Time,2025-04-03T12:12:38.213278+00:00
2286,Lucas Garcia,Part-Time,2024-10-23T18:21:39.616058+00:00
2287,Amelia Young,Full-Time,2025-02-26T10:58:44.587027+00:00
2288,Michael Smith,Full-Time,2024-08-23T07:00:37.569841+00:00
2289,Amelia Carter,Part-Time,2024-02-28T06:43:40.289665+00:00
2290,Henry Lewis,Full-Time,2024-01-02T21:16:11.585777+00:00
2291,David Davis,Full-Time,2024-11-23T18:20:19.175576+00:00
2292,Liam Brown,Full-Time,2025-05-17T05:50:30.649811+00:00
2293,Henry Kim,Full-Time,2024-04-20T21:04:56.116885+00:00
2294,Ava Martinez,Contractor,2024-10-22T22:00:36.418799+00:00
2295,John Wright,Part-Time,2024-01-09T07:20:48.842030+00:00
2296,Mia Nguyen,Full-Time,2024-11-28T21:24:02.055030+00:00
2297,Victoria Green,Full-Time,2024-06-29T16:25:28.380542+00:00
2298,Chloe Hernandez,Full-Time,2024-03-31T04:37:10.442003+00:00
2299,Chloe Wright,Full-Time,2024-11-01T04:18:28.679151+00:00
2300,Chloe Lopez,Full-Time,2024-12-04T09:03:51.154635+00:00
2301,Chloe Hall,Part-Time,2025-04-26T03:26:37.253276+00:00
2302,Liam Wilson,Part-Time,2024-02-23T06:08:01.792106+00:00
2303,Maria Green,Full-Time,2025-01-19T17:18:23.682427+00:00
2304,Liam Baker,Full-Time,2025-02-17T09:52:45.772081+00:00
2305,Jacob Green,Full-Time,2025-02-02T12:56:58.819501+00:00
2306,Daniel Nguyen,Full-Time,2024-08-28T21:23:53.063485+00:00
2307,Sofia King,Contractor,2025-04-13T21:31:44.292873+00:00
2308,Henry Scott,Part-Time,2023-05-01T11:49:34.886892+00:00
2308,Henry Scott,Full-Time,2024-07-11T04:36:52.121372+00:00
2309,Mason Hall,Full-Time,2024-12-03T21:41:27.004938+00:00
2310,Mia Green,Full-Time,2024-01-03T03:11:16.245487+00:00
2311,Henry Brown,Full-Time,2024-03-19T16:21:26.241230+00:00
2312,Abigail Young,Full-Time,2025-05-07T01:11:06.793212+00:00
2313,Chloe Clark,Full-Time,2024-07-19T18:27:13.610667+00:00
2314,Elizabeth Khan,Part-Time,2024-10-23T10:32:01.383774+00:00
2315,Oliver Lopez,Contractor,2024-03-30T02:48:25.337777+00:00
2316,Michael Kim,Full-Time,2024-02-21T02:00:12.238325+00:00
2317,Oliver Nguyen,Full-Time,2025-02-06T08:04:16.649703+00:00
2318,Ethan Kim,Contractor,2024-04-14T12:43:29.438650+00:00
2319,Emma Patel,Full-Time,2024-11-18T14:56:40.134032+00:00
2320,Amelia Patel,Full-Time,2024-10-05T21:41:44.355768+00:00
2321,Emma Lopez,Full-Time,2025-01-11T15:05:26.680165+00:00
2322,Victoria King,Full-Time,2024-11-30T17:51:35.006965+00:00
2323,Mason Allen,Full-Time,2025-03-07T03:42:14.529686+00:00
2324,Daniel Lewis,Full-Time,2024-05-21T01:22:00.928648+00:00
2325,Amelia Patel,Full-Time,2024-10-24T05:00:48.732995+00:00
2326,Liam Nguyen,Full-Time,2024-11-01T16:39:08.528225+00:00
2327,Liam Rodriguez,Full-Time,2025-04-03T22:22:26.965024+00:00
2328,Emma Garcia,Full-Time,2024-07-04T09:31:25.600378+00:00
2329,Ava Scott,Contractor,2023-04-27T22:09:23.648301+00:00
2329,Ava Scott,Full-Time,2025-02-12T01:28:30.755995+00:00
2330,Henry Garcia,Full-Time,2024-11-16T23:24:21.969447+00:00
2331,Ava Green,Full-Time,2024-06-09T20:51:27.831553+00:00
2332,David Kim,Full-Time,2024-01-06T04:50:50.173909+00:00
2333,Charlotte Brown,Full-Time,2024-06-24T20:40:56.223328+00:00
2334,Alexander Nelson,Contractor,2024-11-03T19:06:43.882750+00:00
2335,John Kim,Full-Time,2024-05-10T13:24:59.691727+00:00
2336,Sofia Martinez,Full-Time,2024-10-01T22:40:04.202440+00:00
2337,Amelia Thompson,Part-Time,2024-02-28T21:16:31.737106+00:00
2338,Ava Patel,Full-Time,2024-04-22T17:41:55.695638+00:00
2339,Oliver Walker,Contractor,2023-04-11T04:17:51.849462+00:00
2339,Oliver Walker,Full-Time,2024-04-12T05:00:45.003395+00:00
2340,Emma King,Full-Time,2023-09-02T12:24:01.331745+00:00
2340,Emma King,Part-Time,2024-11-30T10:29:41.344691+00:00
2341,Victoria Carter,Full-Time,2025-04-30T11:24:28.621769+00:00
2342,Lucas Lewis,Contractor,2023-05-04T17:30:45.502918+00:00
2342,Lucas Lewis,Full-Time,2024-12-18T11:03:05.065566+00:00
2343,Isabella Scott,Full-Time,2025-02-10T21:18:09.336397+00:00
2344,Mia Kim,Part-Time,2025-05-04T06:43:07.190420+00:00
2345,Sophia Adams,Part-Time,2024-08-05T09:03:14.060129+00:00
2346,Isabella Young,Full-Time,2024-11-07T13:01:26.559285+00:00
2347,Chloe Martinez,Full-Time,2024-07-10T20:12:05.447815+00:00
2348,Carlos Baker,Full-Time,2024-01-18T07:39:11.714411+00:00
2349,Ethan Green,Full-Time,2025-02-28T02:09:47.470313+00:00
2350,Alexander Scott,Full-Time,2024-04-02T06:58:51.431604+00:00
2351,Michael Adams,Part-Time,2024-07-02T12:33:01.765697+00:00
2352,Carlos Thompson,Full-Time,2024-07-09T19:37:27.368907+00:00
2353,Michael Nguyen,Full-Time,2024-12-19T02:15:22.325587+00:00
2354,Emily Thompson,Full-Time,2025-02-11T22:59:15.911111+00:00
2355,Mason Garcia,Full-Time,2024-11-04T17:23:06.465498+00:00
2356,Ava Chen,Full-Time,2025-01-02T10:39:44.475996+00:00
2357,Carlos Green,Full-Time,2024-08-11T06:15:03.354922+00:00
2358,Michael Martinez,Full-Time,2025-02-15T19:09:09.235117+00:00
2359,Sophia Brown,Contractor,2024-08-04T02:16:22.705923+00:00
2360,Sofia Baker,Full-Time,2024-06-16T16:28:55.350354+00:00
2361,Daniel Clark,Full-Time,2024-05-26T05:22:28.154737+00:00
2362,John Gonzalez,Full-Time,2025-03-07T18:18:24.980848+00:00
2363,Elizabeth Brown,Part-Time,2025-04-15T22:50:25.994792+00:00
2364,James Hernandez,Full-Time,2024-02-05T15:07:08.614890+00:00
2365,Liam Green,Part-Time,2024-05-20T21:46:50.524425+00:00
2366,Alexander Scott,Full-Time,2025-02-01T09:02:26.198625+00:00
2367,Sophia Khan,Full-Time,2024-12-23T06:46:40.192593+00:00
2368,Victoria Carter,Part-Time,2025-05-11T03:34:54.920086+00:00
2369,Sofia Wright,Contractor,2024-02-22T16:58:45.617210+00:00
2370,Mason Khan,Part-Time,2024-03-12T04:05:53.595572+00:00
2371,Michael Adams,Full-Time,2024-02-15T03:39:42.686132+00:00
2372,Abigail Smith,Contractor,2025-03-21T06:59:56.795250+00:00
2373,Ethan Brown,Full-Time,2025-04-30T21:14:51.094487+00:00
2374,Carlos Lewis,Full-Time,2024-11-10T08:11:08.856522+00:00
2375,Daniel Walker,Full-Time,2025-04-19T10:51:24.154562+00:00
2376,Victoria Nguyen,Full-Time,2025-03-18T03:38:59.997076+00:00
2377,Henry Baker,Full-Time,2024-09-24T15:57:16.880914+00:00
2378,Harper Nelson,Full-Time,2025-05-15T20:48:52.063598+00:00
2379,Michael Nelson,Full-Time,2024-05-15T08:03:13.526785+00:00
2380,Jacob Wilson,Full-Time,2025-03-04T15:11:39.462251+00:00
2381,Harper Thompson,Full-Time,2024-02-08T13:10:40.379665+00:00
2382,Sophia Khan,Full-Time,2024-12-09T23:10:59.232609+00:00
2383,Victoria Lopez,Full-Time,2024-02-23T15:01:53.210668+00:00
2384,Ava Young,Part-Time,2024-06-08T23:11:40.886192+00:00
2385,Victoria Rodriguez,Part-Time,2024-02-24T04:53:30.372199+00:00
2386,Oliver White,Contractor,2024-07-16T19:12:31.028958+00:00
2387,David Martinez,Part-Time,2024-04-06T10:04:59.358910+00:00
2388,Isabella Adams,Part-Time,2023-01-16T22:33:25.073298+00:00
2388,Isabella Adams,Full-Time,2024-06-06T13:35:28.151826+00:00
2389,Liam Rodriguez,Full-Time,2024-02-24T23:31:07.545875+00:00
2390,Sofia Clark,Full-Time,2024-08-24T09:56:45.788935+00:00
2391,Isabella Patel,Full-Time,2024-09-29T08:15:40.169538+00:00
2392,Alexander Lewis,Full-Time,2024-10-09T07:20:45.974360+00:00
2393,Alexander Adams,Full-Time,2024-07-22T14:58:39.183298+00:00
2394,Chloe Hernandez,Full-Time,2024-05-19T20:06:50.857578+00:00
2395,Liam Khan,Contractor,2023-04-04T22:39:41.426618+00:00
2395,Liam Khan,Full-Time,2025-01-10T12:24:13.741026+00:00
2396,Chloe Martinez,Full-Time,2024-07-25T13:56:42.629082+00:00
2397,Isabella Carter,Full-Time,2024-02-26T00:16:49.124559+00:00
2398,Aisha Clark,Contractor,2024-04-22T15:27:57.820932+00:00
2399,Aisha Brown,Full-Time,2024-05-02T11:42:03.374034+00:00
2400,Liam Walker,Full-Time,2024-11-14T04:09:27.942213+00:00
2401,Elizabeth Scott,Full-Time,2024-04-22T19:15:52.997555+00:00
2402,Isabella Carter,Full-Time,2025-02-07T01:52:43.840478+00:00
2403,Alexander Hall,Part-Time,2024-05-27T17:35:34.513187+00:00
2404,John Chen,Full-Time,2025-04-10T16:37:02.672802+00:00
2405,Joseph Allen,Part-Time,2024-12-18T21:52:01.384743+00:00
2406,Elijah Young,Full-Time,2024-03-26T11:44:19.776805+00:00
2407,Emily Gonzalez,Full-Time,2024-01-07T12:47:28.323588+00:00
2408,Joseph Adams,Part-Time,2023-10-06T00:38:04.646647+00:00
2408,Joseph Adams,Full-Time,2024-04-01T01:33:55.155821+00:00
2409,Ethan Garcia,Full-Time,2025-01-25T00:19:49.373640+00:00
2410,John King,Contractor,2024-10-26T03:51:06.700576+00:00
2411,Sophia Clark,Full-Time,2024-01-24T04:12:47.913293+00:00
2412,Maria Hall,Part-Time,2024-09-26T11:06:51.108901+00:00
2413,Elijah Rodriguez,Part-Time,2024-02-21T07:06:25.970260+00:00
2414,Emily Baker,Full-Time,2024-06-28T22:48:58.448229+00:00
2415,Ethan Carter,Full-Time,2024-08-23T08:08:21.780768+00:00
2416,Alexander Allen,Part-Time,2025-04-02T06:34:37.882206+00:00
2417,Joseph Nguyen,Full-Time,2024-09-23T09:43:52.249701+00:00
2418,Maria Rodriguez,Part-Time,2023-03-25T11:29:25.263250+00:00
2418,Maria Rodriguez,Contractor,2025-03-15T06:20:28.081364+00:00
2419,Amelia King,Full-Time,2024-05-05T08:39:23.092640+00:00
2420,Chloe Wright,Full-Time,2024-02-15T19:08:28.611915+00:00
2421,Daniel Chen,Full-Time,2023-03-26T16:25:14.947051+00:00
2421,Daniel Chen,Contractor,2025-03-25T23:23:50.531885+00:00
2422,David Lee,Full-Time,2024-12-14T08:39:54.202610+00:00
2423,Emily Scott,Full-Time,2025-04-29T22:07:16.135915+00:00
2424,Isabella Allen,Full-Time,2024-10-24T07:00:40.445223+00:00
2425,Emily Nguyen,Full-Time,2024-08-21T10:18:02.595368+00:00
2426,Alexander Hall,Full-Time,2024-01-05T06:37:08.501097+00:00
2427,Amelia Gonzalez,Full-Time,2024-09-25T09:28:05.219845+00:00
2428,Jacob Kim,Full-Time,2024-05-27T21:03:23.581691+00:00
2429,Jacob Smith,Full-Time,2024-04-21T11:42:32.829458+00:00
2430,Sofia Khan,Full-Time,2024-01-03T14:40:16.050038+00:00
2431,Alexander Smith,Full-Time,2024-03-11T15:35:37.226412+00:00
2432,Jacob Rodriguez,Contractor,2024-12-31T20:52:57.667213+00:00
2433,Amelia Martinez,Full-Time,2025-04-16T01:36:54.422155+00:00
2434,Jacob White,Full-Time,2025-04-23T14:17:34.117966+00:00
2435,Harper Lopez,Full-Time,2025-05-11T00:33:24.144968+00:00
2436,Liam Lewis,Contractor,2024-11-02T06:44:29.825411+00:00
2437,Charlotte Adams,Full-Time,2024-06-14T10:22:21.202986+00:00
2438,Oliver Martinez,Contractor,2023-09-19T23:25:31.594806+00:00
2438,Oliver Martinez,Full-Time,2024-08-01T13:38:13.503723+00:00
2439,Lucas Allen,Full-Time,2024-06-01T12:46:40.831124+00:00
2440,Victoria Lee,Contractor,2023-10-07T13:17:42.262117+00:00
2440,Victoria Lee,Full-Time,2025-03-25T08:20:42.903321+00:00
2441,Chloe Chen,Full-Time,2024-08-14T16:41:21.089746+00:00
2442,Michael King,Full-Time,2024-08-07T09:27:46.199832+00:00
2443,Henry Green,Full-Time,2025-04-13T03:25:03.667866+00:00
2444,Maria Green,Full-Time,2024-03-13T02:53:23.267557+00:00
2445,Mia Clark,Full-Time,2024-07-10T09:44:40.217073+00:00
2446,Jacob Khan,Part-Time,2024-07-20T10:25:17.677077+00:00
2447,Elizabeth Smith,Full-Time,2025-01-26T10:00:02.935085+00:00
2448,Victoria Khan,Full-Time,2024-05-18T14:23:33.680407+00:00
2449,Liam Hernandez,Full-Time,2025-02-25T15:43:36.931815+00:00
2450,Joseph Hernandez,Part-Time,2024-03-03T07:12:08.243263+00:00
2451,Aisha Thompson,Full-Time,2024-10-15T07:57:01.443525+00:00
2452,Sophia Davis,Full-Time,2024-12-12T14:58:53.520795+00:00
2453,Amelia Allen,Full-Time,2025-01-03T22:04:36.556846+00:00
2454,John Carter,Full-Time,2024-04-12T23:01:00.660740+00:00
2455,Carlos Smith,Full-Time,2025-03-27T09:19:02.154394+00:00
2456,Liam Clark,Full-Time,2024-08-31T00:42:59.288781+00:00
2457,David Scott,Full-Time,2024-03-03T11:44:31.687585+00:00
2458,Elizabeth Nelson,Contractor,2025-02-24T19:10:33.695173+00:00
2459,Ethan Baker,Part-Time,2024-11-12T14:27:20.432081+00:00
2460,Chloe Rodriguez,Full-Time,2024-04-04T19:21:15.428593+00:00
2461,Harper Kim,Full-Time,2024-12-24T21:49:41.141068+00:00
2462,Lucas Nelson,Full-Time,2024-05-28T11:41:47.408024+00:00
2463,Liam Carter,Full-Time,2024-05-21T04:01:57.948326+00:00
2464,Daniel Chen,Full-Time,2025-02-21T07:43:59.759478+00:00
2465,Amelia Patel,Full-Time,2024-03-02T14:59:50.773055+00:00
2466,Daniel Smith,Full-Time,2024-01-18T11:38:11.673765+00:00
2467,David Brown,Contractor,2024-06-30T23:23:50.140059+00:00
2468,Oliver Gonzalez,Part-Time,2024-08-23T03:12:26.529398+00:00
2469,John Kim,Full-Time,2025-03-15T01:05:48.509312+00:00
2470,Ava King,Full-Time,2023-05-02T07:46:09.122322+00:00
2470,Ava King,Contractor,2024-09-26T08:29:06.577514+00:00
2471,Carlos Lee,Full-Time,2024-06-29T12:11:11.532543+00:00
2472,Emily Gonzalez,Part-Time,2025-02-07T13:48:42.584192+00:00
2473,Isabella Allen,Contractor,2024-02-04T23:48:10.322893+00:00
2474,Joseph Lopez,Contractor,2024-11-06T19:07:27.182427+00:00
2475,Charlotte Lewis,Full-Time,2024-06-15T06:01:52.498336+00:00
2476,Alexander Scott,Full-Time,2024-01-16T03:28:22.603900+00:00
2477,Elijah White,Full-Time,2024-02-24T11:47:09.599968+00:00
2478,Joseph Young,Part-Time,2025-05-18T10:06:54.774380+00:00
2479,Harper Chen,Part-Time,2024-03-30T06:15:46.334548+00:00
2480,Daniel Green,Contractor,2024-02-01T18:26:27.077391+00:00
2481,Ethan Nguyen,Full-Time,2025-01-19T17:11:56.424501+00:00
2482,David Wright,Full-Time,2025-03-07T06:26:39.195744+00:00
2483,Charlotte Young,Full-Time,2024-08-18T14:21:45.273665+00:00
2484,Oliver Martinez,Full-Time,2024-09-08T22:27:37.336164+00:00
2485,Jacob White,Full-Time,2024-03-24T03:38:48.962736+00:00
2486,Lucas Wilson,Full-Time,2024-11-18T17:40:19.361797+00:00
2487,Liam Thompson,Full-Time,2024-03-13T02:36:23.928346+00:00
2488,John Wright,Part-Time,2024-10-18T12:50:54.203121+00:00
2489,Carlos Hernandez,Full-Time,2025-01-09T11:28:41.693437+00:00
2490,Sophia Martinez,Part-Time,2024-10-19T14:23:46.657885+00:00
2491,Joseph King,Full-Time,2025-04-06T13:47:34.401434+00:00
2492,Oliver Garcia,Full-Time,2024-11-16T20:47:42.960472+00:00
2493,Carlos Wilson,Full-Time,2024-09-22T08:20:36.333555+00:00
2494,Liam Nguyen,Full-Time,2024-01-27T09:48:34.403063+00:00
2495,Emily Patel,Full-Time,2025-04-27T12:52:58.409132+00:00
2496,Ethan Lopez,Part-Time,2024-02-04T20:38:06.352448+00:00
2497,Elijah Hall,Full-Time,2024-10-22T03:46:53.488236+00:00
2498,Mia Scott,Full-Time,2024-10-07T01:37:59.558905+00:00
2499,Sofia Nelson,Contractor,2025-05-20T06:30:23.549117+00:00
2500,Maria Brown,Full-Time,2024-05-13T19:58:05.396201+00:00
2501,Emily Khan,Contractor,2023-11-26T22:33:52.051874+00:00
2501,Emily Khan,Full-Time,2024-10-07T15:44:21.926579+00:00
2502,Emily Khan,Full-Time,2024-02-07T09:41:28.806492+00:00
2503,James King,Contractor,2025-05-02T07:15:52.638372+00:00
2504,Emma Nelson,Contractor,2024-05-18T18:29:58.202320+00:00
2505,James Chen,Full-Time,2024-09-17T09:37:25.376226+00:00
2506,Alexander Adams,Full-Time,2025-02-04T22:20:35.199500+00:00
2507,Mason Patel,Contractor,2024-01-14T12:28:05.611208+00:00
2508,Lucas Lopez,Full-Time,2025-01-13T13:18:53.982793+00:00
2509,Joseph Khan,Full-Time,2024-07-12T12:25:43.700827+00:00
2510,Oliver Adams,Part-Time,2024-10-08T21:59:49.576942+00:00
2511,Sofia Baker,Full-Time,2024-11-11T19:55:19.994356+00:00
2512,Abigail King,Full-Time,2024-08-11T22:29:37.351622+00:00
2513,Aisha Clark,Full-Time,2024-10-28T23:03:30.019855+00:00
2514,Mason Green,Part-Time,2025-03-31T17:11:04.866208+00:00
2515,James Smith,Part-Time,2024-05-08T05:02:40.555449+00:00
2516,Aisha Garcia,Full-Time,2024-08-12T23:30:00.101266+00:00
2517,Jacob Brown,Full-Time,2024-11-05T00:56:45.453665+00:00
2518,Harper Hall,Full-Time,2024-07-23T01:56:35.627200+00:00
2519,Sofia Garcia,Full-Time,2025-04-26T09:12:47.498160+00:00
2520,Ava Carter,Contractor,2023-06-28T08:53:45.580325+00:00
2520,Ava Carter,Part-Time,2025-02-21T06:53:11.681176+00:00
2521,Mason Baker,Part-Time,2025-04-27T22:50:56.661210+00:00
2522,Jacob Clark,Full-Time,2024-05-17T05:53:38.361080+00:00
2523,Liam Khan,Full-Time,2024-07-29T18:11:11.155593+00:00
2524,Sophia Walker,Full-Time,2025-04-12T21:08:59.659176+00:00
2525,Mason Allen,Part-Time,2024-04-18T02:59:44.547882+00:00
2526,Abigail Rodriguez,Full-Time,2024-04-30T14:36:56.753429+00:00
2527,David Gonzalez,Contractor,2024-01-11T22:07:05.430068+00:00
2528,James Walker,Full-Time,2024-07-16T01:58:58.885189+00:00
2529,Emma Khan,Full-Time,2024-11-08T19:12:50.391557+00:00
2530,Sophia Patel,Part-Time,2024-07-16T07:58:26.157091+00:00
2531,James White,Full-Time,2024-04-04T14:39:45.803595+00:00
2532,Chloe Khan,Full-Time,2024-01-17T01:26:26.507416+00:00
2533,Alexander Patel,Contractor,2025-01-22T01:08:02.561285+00:00
2534,Emily Lewis,Part-Time,2024-10-30T03:52:57.402576+00:00
2535,Maria Hernandez,Part-Time,2024-11-14T20:17:01.595916+00:00
2536,Chloe Khan,Part-Time,2024-10-10T20:09:27.817276+00:00
2537,Jacob Gonzalez,Full-Time,2025-01-03T23:02:20.568055+00:00
2538,Ethan Kim,Contractor,2024-08-27T17:47:50.666928+00:00
2539,Harper Davis,Contractor,2024-05-23T23:58:48.035596+00:00
2540,Isabella Wilson,Contractor,2025-01-30T16:43:41.828065+00:00
2541,Jacob Hernandez,Full-Time,2024-01-20T19:19:10.708507+00:00
2542,Isabella Wright,Full-Time,2024-05-08T12:19:10.049290+00:00
2543,John Nguyen,Full-Time,2024-12-04T23:28:47.899862+00:00
2544,Ethan Lee,Full-Time,2024-01-09T20:35:14.801650+00:00
2545,John Gonzalez,Full-Time,2024-07-03T00:36:20.148849+00:00
2546,Ava Green,Full-Time,2025-04-26T14:55:38.584919+00:00
2547,Isabella Young,Contractor,2024-08-13T22:41:28.762461+00:00
2548,Ethan Walker,Full-Time,2024-09-10T21:33:53.825067+00:00
2549,Mason Lee,Full-Time,2024-11-13T00:11:30.608858+00:00
2550,Aisha White,Full-Time,2024-01-20T18:02:02.012308+00:00
2551,David Young,Full-Time,2025-01-03T00:06:28.666853+00:00
2552,Aisha Lewis,Contractor,2024-01-09T06:26:49.044751+00:00
2553,Alexander Brown,Full-Time,2024-06-28T09:52:17.246633+00:00
2554,Carlos Baker,Full-Time,2024-02-09T17:34:01.814170+00:00
2555,Ava Young,Full-Time,2025-03-01T08:20:42.884186+00:00
2556,Henry Garcia,Full-Time,2025-03-25T07:30:13.819099+00:00
2557,Amelia Patel,Full-Time,2025-02-08T07:52:51.075614+00:00
2558,Emily Green,Part-Time,2024-07-11T05:29:54.809686+00:00
2559,Jacob Patel,Full-Time,2024-01-23T21:14:43.526871+00:00
2560,Amelia Patel,Full-Time,2024-04-18T11:44:14.712846+00:00
2561,Michael King,Contractor,2024-07-13T08:16:27.467585+00:00
2562,James Rodriguez,Full-Time,2025-05-26T21:10:13.168460+00:00
2563,Emma Garcia,Contractor,2025-05-24T01:26:12.189824+00:00
2564,Henry Nguyen,Contractor,2023-04-24T01:32:37.295498+00:00
2564,Henry Nguyen,Part-Time,2024-09-27T17:44:12.419852+00:00
2565,Aisha Nelson,Full-Time,2024-09-23T22:22:36.504191+00:00
2566,Michael Walker,Full-Time,2024-10-22T02:24:03.159777+00:00
2567,Harper Hernandez,Full-Time,2025-01-28T19:13:32.579370+00:00
2568,Abigail White,Full-Time,2025-01-18T19:41:38.743884+00:00
2569,Sofia Clark,Full-Time,2025-05-06T06:04:34.948454+00:00
2570,Henry Wright,Full-Time,2024-10-14T12:20:53.423349+00:00
2571,Carlos Wright,Full-Time,2024-11-06T11:27:04.323358+00:00
2572,David Green,Contractor,2023-03-17T09:35:18.470479+00:00
2572,David Green,Full-Time,2025-02-28T16:08:00.375785+00:00
2573,Oliver Clark,Part-Time,2024-07-28T02:35:09.311367+00:00
2574,Oliver Lewis,Part-Time,2024-06-24T05:25:55.327608+00:00
2575,Sofia Wilson,Full-Time,2024-09-16T01:52:45.656423+00:00
2576,Amelia Carter,Full-Time,2025-01-31T08:48:17.789930+00:00
2577,Charlotte Gonzalez,Full-Time,2024-03-02T23:09:08.159465+00:00
2578,Ethan Nelson,Part-Time,2024-03-05T20:12:41.682364+00:00
2579,James Adams,Full-Time,2024-03-26T15:18:41.648850+00:00
2580,Carlos Davis,Full-Time,2024-09-28T12:51:38.894640+00:00
2581,Daniel Adams,Full-Time,2024-07-25T09:19:59.317268+00:00
2582,Harper Hall,Full-Time,2025-04-05T09:06:46.301931+00:00
2583,Emily Chen,Contractor,2024-01-24T04:57:59.545320+00:00
2584,Alexander Baker,Full-Time,2023-06-22T17:03:52.333768+00:00
2584,Alexander Baker,Contractor,2024-11-19T14:48:12.790140+00:00
2585,Chloe Hall,Part-Time,2024-12-25T03:47:59.210649+00:00
2586,Charlotte Wilson,Full-Time,2024-01-04T23:50:00.494416+00:00
2587,Abigail Gonzalez,Full-Time,2024-08-12T23:53:01.136794+00:00
2588,Isabella Chen,Full-Time,2024-09-10T01:25:44.984360+00:00
2589,Aisha Adams,Full-Time,2024-07-16T00:38:31.536804+00:00
2590,Charlotte Rodriguez,Full-Time,2025-04-29T19:29:18.016474+00:00
2591,Ava Adams,Full-Time,2024-10-22T01:05:48.752978+00:00
2592,Michael Chen,Full-Time,2024-03-25T22:46:31.145421+00:00
2593,Jacob Walker,Full-Time,2024-04-24T17:22:26.274423+00:00
2594,Elijah Hall,Contractor,2024-05-13T02:05:24.123667+00:00
2595,Liam White,Full-Time,2024-03-13T08:01:49.715804+00:00
2596,Ava Kim,Full-Time,2025-04-08T00:05:18.656337+00:00
2597,Lucas Smith,Full-Time,2025-02-25T21:22:00.264960+00:00
2598,Abigail Thompson,Full-Time,2025-05-01T06:17:44.761882+00:00
2599,Chloe Baker,Full-Time,2025-03-02T07:44:15.295831+00:00
2600,Jacob Nguyen,Part-Time,2025-04-16T12:59:21.656226+00:00
2601,Sofia Baker,Part-Time,2024-09-10T00:57:44.399924+00:00
2602,Emma Davis,Contractor,2025-01-10T07:52:28.702917+00:00
2603,Sofia King,Part-Time,2025-01-16T19:32:42.053902+00:00
2604,Mason Garcia,Full-Time,2024-09-17T02:55:29.445380+00:00
2605,Isabella Gonzalez,Full-Time,2024-09-20T02:08:12.191648+00:00
2606,Carlos Young,Part-Time,2024-01-20T16:14:58.060863+00:00
2607,Liam Young,Full-Time,2024-10-13T08:11:33.232687+00:00
2608,James Smith,Full-Time,2024-10-27T19:03:34.598176+00:00
2609,Mason Martinez,Full-Time,2024-03-18T16:26:39.861429+00:00
2610,Charlotte Carter,Full-Time,2024-04-11T20:49:49.384371+00:00
2611,Emma Thompson,Full-Time,2024-02-04T12:07:14.606518+00:00
2612,Ava Lee,Full-Time,2024-12-18T22:25:48.696729+00:00
2613,Daniel Clark,Full-Time,2024-09-05T09:52:38.895359+00:00
2614,Charlotte Allen,Part-Time,2025-03-24T21:28:51.841328+00:00
2615,Sophia Carter,Part-Time,2024-07-20T04:53:24.748409+00:00
2616,Alexander Nelson,Full-Time,2024-04-22T07:28:21.596603+00:00
2617,Jacob Green,Part-Time,2023-10-16T02:13:23.788210+00:00
2617,Jacob Green,Contractor,2024-06-15T22:17:18.360946+00:00
2618,Chloe Nguyen,Full-Time,2025-05-05T14:09:24.377503+00:00
2619,Sofia King,Full-Time,2024-12-27T13:43:44.682515+00:00
2620,Joseph Carter,Full-Time,2024-12-18T13:04:35.100113+00:00
2621,Maria Hall,Full-Time,2024-04-20T08:23:13.950552+00:00
2622,Henry Khan,Full-Time,2024-06-14T19:08:24.418504+00:00
2623,Michael Green,Full-Time,2024-08-14T17:18:26.775223+00:00
2624,Elizabeth Lewis,Contractor,2024-05-17T15:31:18.411096+00:00
2625,Mason Hernandez,Full-Time,2024-01-24T09:46:42.685432+00:00
2626,David Green,Full-Time,2025-03-25T04:39:27.953746+00:00
2627,Ava Nguyen,Contractor,2024-11-10T14:59:54.583857+00:00
2628,Emily Davis,Full-Time,2024-01-11T05:15:14.448197+00:00
2629,Maria Lopez,Full-Time,2024-12-27T12:38:31.812672+00:00
2630,Alexander Garcia,Full-Time,2024-09-23T01:36:23.291081+00:00
2631,Abigail Martinez,Contractor,2025-03-05T23:17:28.078417+00:00
2632,Elizabeth White,Full-Time,2024-03-23T19:12:29.612724+00:00
2633,Abigail Hernandez,Full-Time,2024-10-10T15:56:05.298472+00:00
2634,Harper Smith,Full-Time,2024-01-11T06:35:21.593885+00:00
2635,Liam Scott,Part-Time,2024-01-22T16:36:53.951656+00:00
2636,Jacob Allen,Full-Time,2024-11-19T23:42:40.888354+00:00
2637,Harper Brown,Full-Time,2024-03-04T10:17:25.911355+00:00
2638,Daniel Scott,Full-Time,2025-01-14T21:21:10.323398+00:00
2639,Isabella Wilson,Full-Time,2024-09-15T19:31:22.695150+00:00
2640,Henry Patel,Full-Time,2025-03-01T22:03:24.124619+00:00
2641,Amelia Chen,Part-Time,2025-02-10T14:44:15.056034+00:00
2642,Lucas Allen,Part-Time,2024-08-06T02:28:48.504435+00:00
2643,Maria Allen,Full-Time,2024-04-13T23:13:56.375085+00:00
2644,Ethan Nelson,Full-Time,2024-08-08T08:25:46.656394+00:00
2645,Mason Green,Full-Time,2024-09-04T22:59:57.405280+00:00
2646,Harper Lopez,Full-Time,2024-09-11T23:29:36.854620+00:00
2647,Elizabeth Wright,Part-Time,2025-01-01T13:53:36.127542+00:00
2648,David White,Full-Time,2024-01-13T18:28:07.385313+00:00
2649,Mason Baker,Full-Time,2024-10-15T21:32:34.915739+00:00
2650,Mia Hernandez,Full-Time,2024-11-19T03:29:56.629382+00:00
2651,Emma Chen,Full-Time,2024-04-16T12:58:42.790569+00:00
2652,Sophia Clark,Full-Time,2024-07-25T20:08:15.852208+00:00
2653,Joseph White,Full-Time,2024-09-10T02:57:33.250951+00:00
2654,Henry Allen,Part-Time,2025-03-04T00:11:23.908752+00:00
2655,James Young,Part-Time,2023-06-18T15:54:17.197598+00:00
2655,James Young,Full-Time,2024-11-03T03:33:53.538792+00:00
2656,John Walker,Full-Time,2025-01-22T08:01:37.193502+00:00
2657,Sophia Carter,Full-Time,2024-11-30T11:31:48.671694+00:00
2658,Michael Gonzalez,Part-Time,2024-09-20T21:40:33.225098+00:00
2659,Emma Chen,Full-Time,2024-02-09T18:14:04.969693+00:00
2660,Oliver Smith,Full-Time,2025-01-18T19:12:27.234239+00:00
2661,Elijah Martinez,Full-Time,2025-05-13T14:13:59.399442+00:00
2662,James Adams,Full-Time,2024-11-17T05:20:32.614743+00:00
2663,Sophia Davis,Part-Time,2024-10-07T15:42:40.083002+00:00
2664,Elizabeth Smith,Full-Time,2024-08-11T09:37:20.653349+00:00
2665,Jacob Walker,Full-Time,2024-11-11T13:07:01.916201+00:00
2666,Abigail Kim,Full-Time,2024-09-25T10:16:09.386870+00:00
2667,Ava Wright,Full-Time,2024-05-08T21:15:32.529526+00:00
2668,Victoria Thompson,Contractor,2025-04-20T14:12:14.249197+00:00
2669,Oliver Kim,Full-Time,2025-03-01T11:40:17.368617+00:00
2670,John Young,Full-Time,2024-03-18T03:05:52.192731+00:00
2671,Carlos Smith,Full-Time,2024-04-06T06:38:51.164004+00:00
2672,Liam Gonzalez,Full-Time,2024-02-01T08:21:32.760765+00:00
2673,Victoria Kim,Full-Time,2024-11-22T10:39:41.461403+00:00
2674,Mason King,Full-Time,2025-04-21T00:03:08.603169+00:00
2675,Isabella Hall,Part-Time,2025-03-21T07:57:46.682811+00:00
2676,Mia Wright,Full-Time,2024-07-25T21:02:24.134595+00:00
2677,Ethan Martinez,Full-Time,2024-03-19T04:37:02.060927+00:00
2678,Ava Walker,Full-Time,2024-10-16T03:46:44.522139+00:00
2679,Oliver Lopez,Full-Time,2025-01-31T00:36:05.548049+00:00
2680,Isabella Nelson,Full-Time,2024-01-02T08:52:57.767000+00:00
2681,Mason Thompson,Full-Time,2025-02-16T02:53:32.402637+00:00
2682,Amelia Rodriguez,Full-Time,2025-03-24T16:14:55.221887+00:00
2683,Michael Garcia,Part-Time,2024-01-27T18:33:11.783696+00:00
2684,David Adams,Full-Time,2024-06-16T19:07:27.302907+00:00
2685,Sofia Clark,Full-Time,2024-07-12T13:26:06.719283+00:00
2686,Daniel Nelson,Full-Time,2025-03-06T05:27:06.230479+00:00
2687,Michael Wilson,Part-Time,2025-03-08T01:03:29.923237+00:00
2688,Elijah Walker,Part-Time,2025-03-06T20:33:16.518570+00:00
2689,David Carter,Full-Time,2024-05-08T12:38:11.964937+00:00
2690,Sofia Adams,Full-Time,2024-04-01T07:41:19.584631+00:00
2691,Abigail Gonzalez,Part-Time,2024-06-26T11:50:52.992686+00:00
2692,Chloe Thompson,Full-Time,2025-03-25T12:56:31.292117+00:00
2693,Lucas Lopez,Full-Time,2025-04-23T17:27:55.375900+00:00
2694,John Martinez,Full-Time,2024-09-26T20:08:38.209419+00:00
2695,John Allen,Full-Time,2025-04-12T08:44:01.630773+00:00
2696,Ethan Smith,Full-Time,2024-01-18T04:47:56.724329+00:00
2697,Isabella Nelson,Full-Time,2025-05-25T19:31:27.802085+00:00
2698,Ethan Walker,Full-Time,2025-05-13T04:41:03.226516+00:00
2699,Maria Nelson,Contractor,2024-11-20T08:08:23.634835+00:00
2700,Sophia Lee,Full-Time,2025-03-24T20:13:20.163369+00:00
2701,Liam Brown,Contractor,2023-11-20T15:38:52.008366+00:00
2701,Liam Brown,Full-Time,2024-11-10T10:16:37.555434+00:00
2702,Amelia Lee,Part-Time,2024-03-08T12:51:09.756990+00:00
2703,Henry Nguyen,Full-Time,2024-11-23T00:37:51.791682+00:00
2704,Aisha Young,Full-Time,2024-10-06T02:45:21.148261+00:00
2705,Lucas Patel,Contractor,2023-10-31T07:57:10.326861+00:00
2705,Lucas Patel,Full-Time,2024-12-10T17:33:08.054057+00:00
2706,Michael Kim,Full-Time,2023-03-24T15:40:36.381580+00:00
2706,Michael Kim,Contractor,2024-10-28T01:15:58.646257+00:00
2707,Abigail Smith,Part-Time,2023-12-29T01:33:34.583278+00:00
2707,Abigail Smith,Contractor,2024-07-25T19:52:01.266848+00:00
2708,Aisha Garcia,Full-Time,2025-01-25T13:02:25.100609+00:00
2709,Amelia Walker,Full-Time,2024-08-15T11:07:36.832873+00:00
2710,Isabella Martinez,Part-Time,2023-02-03T14:20:03.018976+00:00
2710,Isabella Martinez,Full-Time,2024-07-28T22:42:16.633772+00:00
2711,John Allen,Full-Time,2024-06-28T21:37:51.542465+00:00
2712,Emily Gonzalez,Full-Time,2024-12-23T04:44:57.771299+00:00
2713,Victoria Wilson,Full-Time,2024-02-16T10:59:45.188385+00:00
2714,Emma Lee,Full-Time,2024-11-17T11:00:22.610231+00:00
2715,Maria Kim,Part-Time,2024-04-21T14:10:41.843776+00:00
2716,Abigail Gonzalez,Full-Time,2025-01-06T13:17:43.944048+00:00
2717,Harper Allen,Part-Time,2024-11-25T12:12:42.207144+00:00
2718,Lucas Davis,Full-Time,2024-07-13T14:04:13.234735+00:00
2719,Jacob Lee,Full-Time,2024-10-16T20:46:19.041184+00:00
2720,Henry White,Part-Time,2024-05-19T22:42:23.428047+00:00
2721,Lucas Lee,Contractor,2024-05-13T01:10:03.198668+00:00
2722,David Lewis,Full-Time,2024-07-01T04:38:42.015512+00:00
2723,Abigail King,Part-Time,2024-09-25T07:42:07.722583+00:00
2724,Elijah Brown,Contractor,2024-10-27T05:15:55.397393+00:00
2725,Amelia Thompson,Contractor,2024-08-10T13:36:10.924382+00:00
2726,Jacob Thompson,Part-Time,2023-09-11T16:54:44.749502+00:00
2726,Jacob Thompson,Full-Time,2025-05-11T20:03:16.149579+00:00
2727,Isabella Wilson,Full-Time,2024-04-18T02:24:32.748912+00:00
2728,Ava Gonzalez,Full-Time,2025-04-17T22:40:16.909242+00:00
2729,Charlotte Nelson,Full-Time,2024-10-28T00:56:13.966616+00:00
2730,Abigail Lopez,Full-Time,2025-04-07T08:29:47.532898+00:00
2731,Michael Chen,Contractor,2023-09-17T23:23:51.927490+00:00
2731,Michael Chen,Full-Time,2025-03-21T23:10:47.636034+00:00
2732,John Kim,Full-Time,2024-06-20T16:58:48.106957+00:00
2733,Liam Lee,Contractor,2024-06-06T02:51:55.991192+00:00
2734,Victoria Lee,Part-Time,2024-08-13T05:04:30.914782+00:00
2735,Victoria Adams,Part-Time,2024-08-30T22:37:09.756119+00:00
2736,Harper Lewis,Part-Time,2024-11-04T06:47:48.966507+00:00
2737,Joseph Scott,Part-Time,2023-11-03T16:36:20.253142+00:00
2737,Joseph Scott,Full-Time,2025-05-13T00:04:01.037403+00:00
2738,Mason Chen,Full-Time,2025-02-01T02:22:47.924355+00:00
2739,Elizabeth Patel,Full-Time,2024-03-26T08:31:43.825844+00:00
2740,Mia Martinez,Contractor,2024-10-18T09:04:17.894203+00:00
2741,Oliver Davis,Full-Time,2025-02-08T12:52:00.128840+00:00
2742,Aisha Wilson,Full-Time,2025-01-27T20:48:50.957446+00:00
2743,Alexander Gonzalez,Full-Time,2024-08-24T06:45:21.854918+00:00
2744,Amelia Martinez,Full-Time,2023-09-18T03:55:22.729295+00:00
2744,Amelia Martinez,Part-Time,2024-06-03T13:23:17.130336+00:00
2745,Emma Lee,Full-Time,2024-04-14T07:18:00.859390+00:00
2746,Emma Clark,Full-Time,2024-10-11T21:26:50.722836+00:00
2747,Abigail Smith,Full-Time,2024-06-25T20:05:32.857153+00:00
2748,Joseph Scott,Full-Time,2025-04-13T06:48:01.662772+00:00
2749,Daniel Gonzalez,Part-Time,2025-01-26T10:44:51.380493+00:00
2750,Liam Lopez,Full-Time,2025-01-26T10:36:04.994224+00:00
2751,Oliver Scott,Part-Time,2025-04-05T16:26:17.255381+00:00
2752,Chloe Scott,Full-Time,2024-06-26T22:37:43.614144+00:00
2753,Maria White,Part-Time,2024-04-01T09:30:22.747646+00:00
2754,Harper Wright,Full-Time,2024-09-14T05:55:31.544773+00:00
2755,John Scott,Contractor,2024-11-27T04:20:50.388354+00:00
2756,Oliver Carter,Full-Time,2024-04-18T08:41:33.432931+00:00
2757,Chloe Wilson,Full-Time,2024-12-01T12:36:04.461099+00:00
2758,Chloe Rodriguez,Full-Time,2024-07-17T10:28:21.466422+00:00
2759,Joseph Brown,Full-Time,2025-05-04T22:10:12.625133+00:00
2760,Charlotte Kim,Full-Time,2024-09-22T09:35:44.198846+00:00
2761,Liam Gonzalez,Part-Time,2024-06-26T15:29:02.116611+00:00
2762,Liam Scott,Part-Time,2024-01-07T06:30:28.477893+00:00
2763,Michael Davis,Full-Time,2024-07-15T23:41:18.219770+00:00
2764,Victoria Smith,Full-Time,2025-05-07T10:32:52.775766+00:00
2765,Elizabeth Adams,Part-Time,2024-06-04T09:58:33.471518+00:00
2766,Ethan Nguyen,Full-Time,2025-02-15T15:22:31.013818+00:00
2767,David Wright,Part-Time,2024-12-31T06:25:58.965682+00:00
2768,Abigail Nguyen,Part-Time,2025-05-18T02:48:11.741388+00:00
2769,Daniel Wilson,Full-Time,2024-06-21T22:34:06.138872+00:00
2770,Ethan Martinez,Full-Time,2024-11-11T05:58:17.988257+00:00
2771,Victoria Adams,Full-Time,2024-05-24T12:27:43.988039+00:00
2772,Sofia Carter,Full-Time,2024-01-26T16:30:18.245979+00:00
2773,Abigail Lewis,Full-Time,2024-12-12T06:33:15.179150+00:00
2774,Maria Walker,Full-Time,2024-07-02T01:58:21.268070+00:00
2775,Maria Baker,Full-Time,2024-11-22T06:13:08.406761+00:00
2776,Sofia King,Part-Time,2024-09-29T12:58:41.534835+00:00
2777,Elizabeth Clark,Full-Time,2024-10-01T10:44:16.028841+00:00
2778,Oliver Rodriguez,Full-Time,2024-08-09T03:42:35.743266+00:00
2779,Isabella King,Contractor,2024-12-19T10:52:08.486309+00:00
2780,Harper Gonzalez,Full-Time,2024-06-16T12:57:26.383395+00:00
2781,James Rodriguez,Full-Time,2025-01-06T07:33:04.286555+00:00
2782,Liam Lopez,Full-Time,2025-01-07T03:06:48.062743+00:00
2783,Emily Allen,Full-Time,2024-01-12T11:35:07.247272+00:00
2784,Ethan Wilson,Part-Time,2024-08-10T08:27:18.750611+00:00
2785,Sofia Martinez,Full-Time,2025-05-25T09:26:07.593375+00:00
2786,Harper Khan,Full-Time,2024-08-30T14:34:16.839367+00:00
2787,Chloe Walker,Part-Time,2025-02-03T06:32:24.320829+00:00
2788,Isabella Brown,Full-Time,2025-04-11T16:47:52.071424+00:00
2789,Jacob Walker,Full-Time,2024-04-16T06:15:45.450742+00:00
2790,Henry Davis,Full-Time,2024-08-25T05:34:34.919125+00:00
2791,Michael Chen,Full-Time,2024-01-10T06:30:49.795782+00:00
2792,Michael White,Full-Time,2024-05-27T15:46:44.802842+00:00
2793,Victoria Green,Full-Time,2024-06-17T15:35:41.315454+00:00
2794,Daniel Nelson,Contractor,2024-01-07T10:43:39.612651+00:00
2795,Emily Young,Full-Time,2024-08-15T23:14:39.402477+00:00
2796,Victoria Carter,Full-Time,2024-12-23T22:23:40.868822+00:00
2797,Daniel Lewis,Full-Time,2024-12-04T22:31:11.520498+00:00
2798,Emma Carter,Full-Time,2024-06-26T03:19:25.164230+00:00
2799,Ava Wright,Full-Time,2025-01-20T04:33:28.007091+00:00
2800,David Gonzalez,Full-Time,2024-11-16T13:18:34.318632+00:00
2801,Elijah King,Full-Time,2024-08-01T02:19:06.789317+00:00
2802,Maria Hall,Full-Time,2024-09-08T18:11:55.196897+00:00
2803,Harper Lopez,Contractor,2024-03-08T13:27:29.726429+00:00
2804,Sofia Chen,Contractor,2023-04-06T09:58:28.748399+00:00
2804,Sofia Chen,Full-Time,2024-04-18T09:35:21.363807+00:00
2805,Sofia Hall,Full-Time,2024-03-22T15:03:17.579073+00:00
2806,Elizabeth Green,Full-Time,2024-04-21T16:58:12.099791+00:00
2807,Isabella Young,Full-Time,2023-10-15T14:27:30.946947+00:00
2807,Isabella Young,Part-Time,2024-11-19T07:57:14.135537+00:00
2808,Michael Scott,Full-Time,2024-07-26T05:37:44.419459+00:00
2809,Victoria Hall,Part-Time,2024-08-18T13:42:04.877194+00:00
2810,Charlotte Scott,Full-Time,2024-09-30T06:10:48.615896+00:00
2811,Emily Gonzalez,Full-Time,2024-12-16T13:25:37.473601+00:00
2812,Liam Lopez,Full-Time,2024-08-02T11:38:45.593097+00:00
2813,Henry Green,Full-Time,2024-01-15T21:33:09.912511+00:00
2814,Mason Davis,Full-Time,2024-09-15T05:23:01.574175+00:00
2815,Emma Green,Contractor,2024-06-15T17:39:00.219963+00:00
2816,Harper Kim,Full-Time,2024-08-30T02:11:58.392184+00:00
2817,Emma Wright,Full-Time,2024-11-04T11:43:47.787364+00:00
2818,Daniel Martinez,Part-Time,2024-03-23T18:54:05.822562+00:00
2819,Abigail Clark,Full-Time,2025-04-25T18:04:42.977125+00:00
2820,Lucas Young,Full-Time,2024-02-03T05:58:31.731624+00:00
2821,Maria Thompson,Full-Time,2024-08-23T13:34:59.898890+00:00
2822,David Clark,Full-Time,2023-08-02T11:38:45.593340+00:00
2822,David Clark,Part-Time,2025-05-14T01:10:43.314551+00:00
2823,Sofia Hernandez,Part-Time,2025-04-11T06:06:49.099340+00:00
2824,Harper Gonzalez,Part-Time,2024-02-05T19:53:52.970723+00:00
2825,James Green,Part-Time,2025-05-25T17:01:16.974389+00:00
2826,Daniel Garcia,Part-Time,2025-05-06T05:39:40.106489+00:00
2827,Sofia Patel,Full-Time,2025-02-28T15:18:18.663575+00:00
2828,Aisha Hall,Part-Time,2025-02-28T22:07:29.580190+00:00
2829,James Wright,Full-Time,2025-04-20T18:01:28.069644+00:00
2830,David Adams,Part-Time,2024-02-23T03:48:23.454710+00:00
2831,Ethan Nguyen,Part-Time,2024-07-06T23:54:39.600572+00:00
2832,Emily Rodriguez,Contractor,2025-02-12T02:50:59.127983+00:00
2833,Ava Lewis,Full-Time,2024-11-25T08:44:31.040002+00:00
2834,Carlos Gonzalez,Part-Time,2024-09-09T04:17:42.607119+00:00
2835,Harper Lewis,Full-Time,2024-12-19T13:21:28.656882+00:00
2836,Emily Baker,Full-Time,2024-10-18T12:03:44.672274+00:00
2837,James Davis,Full-Time,2024-05-27T23:09:19.643323+00:00
2838,Mason Wright,Full-Time,2025-01-01T04:20:38.872902+00:00
2839,Mia Kim,Full-Time,2024-06-05T07:58:32.415461+00:00
2840,David Hall,Full-Time,2025-02-17T01:36:20.903878+00:00
2841,Oliver Rodriguez,Full-Time,2025-03-16T17:49:32.058676+00:00
2842,Ethan White,Full-Time,2024-04-18T13:58:59.086731+00:00
2843,Mia Rodriguez,Full-Time,2024-05-13T01:59:36.511669+00:00
2844,Elizabeth Nelson,Full-Time,2024-03-28T10:05:22.107452+00:00
2845,Alexander Rodriguez,Full-Time,2024-09-14T01:29:06.750791+00:00
2846,Abigail Lopez,Part-Time,2024-09-05T22:20:45.932833+00:00
2847,Elijah Nelson,Full-Time,2025-04-05T05:30:32.268610+00:00
2848,John Garcia,Full-Time,2024-06-07T16:12:12.958609+00:00
2849,Mason Rodriguez,Full-Time,2025-02-03T02:54:46.073949+00:00
2850,Sofia Martinez,Full-Time,2024-08-23T15:10:08.093330+00:00
2851,John White,Part-Time,2024-07-05T12:09:17.278334+00:00
2852,James Scott,Full-Time,2025-05-03T09:22:19.396503+00:00
2853,Carlos Walker,Full-Time,2024-10-01T07:53:22.854951+00:00
2854,Emma Khan,Full-Time,2024-09-25T06:32:44.071075+00:00
2855,Harper Lewis,Part-Time,2024-04-03T17:12:48.617774+00:00
2856,Harper White,Full-Time,2024-08-21T23:05:06.789794+00:00
2857,James Walker,Full-Time,2024-02-16T20:48:51.924100+00:00
2858,Lucas Garcia,Contractor,2024-03-08T23:56:33.159889+00:00
2859,Mia Khan,Full-Time,2024-05-05T03:23:47.832418+00:00
2860,Joseph Gonzalez,Full-Time,2025-03-28T06:45:37.442478+00:00
2861,Aisha Young,Part-Time,2024-02-07T11:26:51.257307+00:00
2862,Joseph Nguyen,Full-Time,2024-09-01T04:57:10.193380+00:00
2863,Liam Thompson,Full-Time,2024-06-02T21:07:09.631991+00:00
2864,John Adams,Part-Time,2024-02-27T05:04:56.205150+00:00
2865,David Martinez,Full-Time,2024-11-21T17:17:22.505890+00:00
2866,Victoria Smith,Full-Time,2024-07-27T21:03:47.244791+00:00
2867,Isabella Carter,Full-Time,2024-06-17T14:12:29.823702+00:00
2868,Joseph Hall,Contractor,2024-06-02T17:08:02.533608+00:00
2869,Harper Hernandez,Full-Time,2024-10-14T22:17:10.597661+00:00
2870,Mia Baker,Full-Time,2025-01-23T03:24:35.013777+00:00
2871,Charlotte Carter,Full-Time,2025-04-03T07:08:13.118877+00:00
2872,Joseph Carter,Full-Time,2024-02-03T15:10:05.714746+00:00
2873,Chloe Allen,Full-Time,2025-03-18T05:18:43.266452+00:00
2874,Emily Lee,Full-Time,2024-02-25T18:27:30.547535+00:00
2875,Mason Thompson,Part-Time,2023-10-26T13:11:30.646769+00:00
2875,Mason Thompson,Full-Time,2024-06-05T15:53:08.075031+00:00
2876,Joseph Chen,Full-Time,2025-04-20T20:00:50.537981+00:00
2877,Ava Rodriguez,Full-Time,2024-04-08T10:43:22.309331+00:00
2878,Elizabeth Kim,Part-Time,2024-11-08T23:50:13.925470+00:00
2879,Elijah Young,Contractor,2025-05-18T07:58:23.061563+00:00
2880,Henry Walker,Full-Time,2024-05-14T20:16:33.089900+00:00
2881,Mia Wright,Full-Time,2024-06-20T04:47:14.249584+00:00
2882,Alexander Young,Full-Time,2024-08-06T04:16:04.443376+00:00
2883,Elizabeth Green,Full-Time,2025-04-27T05:07:25.309756+00:00
2884,Aisha Green,Full-Time,2025-02-17T03:43:29.116105+00:00
2885,Victoria Walker,Full-Time,2024-12-27T07:49:14.362508+00:00
2886,Ava Lewis,Full-Time,2024-07-10T14:13:35.395283+00:00
2887,Michael Adams,Part-Time,2024-06-16T01:50:07.274909+00:00
2888,Lucas Thompson,Full-Time,2024-08-13T18:32:59.930736+00:00
2889,Isabella Chen,Full-Time,2024-03-23T07:03:56.731536+00:00
2890,Joseph Nelson,Contractor,2025-04-30T15:52:13.377555+00:00
2891,Daniel Carter,Full-Time,2025-05-21T07:04:20.213696+00:00
2892,Daniel Khan,Full-Time,2024-11-24T03:06:29.298263+00:00
2893,Isabella Wright,Full-Time,2024-05-25T19:30:19.345996+00:00
2894,Joseph Davis,Part-Time,2024-02-07T22:56:58.626983+00:00
2895,Henry Rodriguez,Part-Time,2024-10-29T13:43:12.007815+00:00
2896,Lucas Wilson,Full-Time,2024-06-17T04:23:31.550568+00:00
2897,Ethan Hall,Full-Time,2024-03-13T01:26:12.089323+00:00
2898,Carlos Young,Contractor,2024-07-04T07:27:32.370348+00:00
2899,David Thompson,Full-Time,2024-08-28T06:02:04.645343+00:00
2900,Victoria Wright,Full-Time,2024-12-13T15:27:29.854884+00:00
2901,Ethan Lewis,Full-Time,2025-04-23T11:10:17.480910+00:00
2902,Oliver Nguyen,Full-Time,2024-08-07T05:17:54.232847+00:00
2903,Sophia Khan,Part-Time,2024-01-31T22:14:44.274118+00:00
2904,Abigail Patel,Full-Time,2025-05-25T18:29:51.939077+00:00
2905,Michael Carter,Full-Time,2024-06-20T05:09:41.902306+00:00
2906,Carlos Garcia,Full-Time,2025-05-14T18:41:21.963703+00:00
2907,Sofia Kim,Part-Time,2025-03-10T03:38:14.982241+00:00
2908,Emma Gonzalez,Full-Time,2025-05-24T09:11:49.278583+00:00
2909,Carlos Adams,Part-Time,2024-08-26T21:53:06.437602+00:00
2910,Amelia Hernandez,Full-Time,2024-11-28T08:12:15.834060+00:00
2911,Emily Gonzalez,Full-Time,2024-12-21T07:07:15.184127+00:00
2912,Chloe Patel,Full-Time,2024-05-30T17:26:07.263818+00:00
2913,Daniel Patel,Full-Time,2024-06-14T09:11:44.181658+00:00
2914,Amelia Lewis,Part-Time,2024-10-26T18:50:35.675050+00:00
2915,Michael Gonzalez,Part-Time,2023-11-14T18:53:38.755323+00:00
2915,Michael Gonzalez,Full-Time,2024-04-12T18:28:55.450155+00:00
2916,Alexander Rodriguez,Full-Time,2024-03-17T01:40:12.679679+00:00
2917,Mia Lee,Full-Time,2024-09-30T15:29:32.201877+00:00
2918,James Davis,Full-Time,2025-05-04T17:46:52.483392+00:00
2919,Michael Young,Contractor,2024-12-03T15:21:09.497757+00:00
2920,Lucas Allen,Full-Time,2025-05-23T09:14:11.965325+00:00
2921,Mason Thompson,Part-Time,2024-01-15T00:04:25.562151+00:00
2922,David Nguyen,Part-Time,2024-07-11T10:24:10.270442+00:00
2923,David Thompson,Full-Time,2024-08-17T05:09:14.795821+00:00
2924,Elizabeth Martinez,Full-Time,2024-07-14T04:46:34.261696+00:00
2925,Sofia Wilson,Contractor,2024-09-16T22:31:53.099215+00:00
2926,Sofia Kim,Part-Time,2024-03-02T17:51:06.115035+00:00
2927,Sophia King,Part-Time,2024-06-11T13:25:17.045806+00:00
2928,Lucas Thompson,Contractor,2025-02-14T07:01:45.899864+00:00
2929,Abigail Nelson,Full-Time,2024-02-27T10:50:59.715385+00:00
2930,Victoria Patel,Full-Time,2025-02-16T03:36:16.271739+00:00
2931,Elizabeth Chen,Full-Time,2025-04-30T03:50:58.996738+00:00
2932,Carlos Adams,Contractor,2024-11-30T11:26:47.850359+00:00
2933,Mason Wilson,Full-Time,2025-02-19T14:48:21.415599+00:00
2934,Joseph Patel,Contractor,2024-05-20T22:18:17.945502+00:00
2935,Michael Brown,Full-Time,2024-05-07T17:39:53.549886+00:00
2936,John Davis,Full-Time,2024-03-12T22:23:35.244136+00:00
2937,Joseph Brown,Full-Time,2025-02-15T14:54:21.308224+00:00
2938,Jacob Wright,Full-Time,2025-02-26T07:51:45.633981+00:00
2939,Henry Lee,Full-Time,2024-09-23T00:59:57.394094+00:00
2940,Amelia Lee,Full-Time,2025-04-19T12:02:22.837362+00:00
2941,Elijah Patel,Full-Time,2024-06-06T00:16:12.111774+00:00
2942,Abigail Lewis,Full-Time,2024-01-15T14:37:24.122626+00:00
2943,Maria Hernandez,Full-Time,2024-08-29T08:49:28.636251+00:00
2944,Amelia Green,Full-Time,2024-07-12T10:04:36.203905+00:00
2945,Elijah Kim,Full-Time,2024-06-27T20:46:50.864233+00:00
2946,Mason Wilson,Full-Time,2024-02-04T00:36:08.372655+00:00
2947,Joseph Gonzalez,Contractor,2025-03-15T04:48:03.353285+00:00
2948,David Davis,Part-Time,2025-02-19T05:38:31.493423+00:00
2949,John Allen,Full-Time,2025-04-06T11:14:49.872952+00:00
2950,Ethan Davis,Full-Time,2024-10-04T00:18:31.535017+00:00
2951,Liam Nelson,Full-Time,2025-03-02T08:22:19.652934+00:00
2952,Lucas Davis,Full-Time,2024-03-07T14:11:28.763291+00:00
2953,Amelia White,Full-Time,2025-01-16T06:05:47.930120+00:00
2954,Elizabeth Hall,Part-Time,2024-02-23T23:34:10.991552+00:00
2955,Mason Lewis,Full-Time,2024-12-04T06:09:19.980527+00:00
2956,Emily Gonzalez,Full-Time,2024-09-23T17:13:01.881419+00:00
2957,Isabella Davis,Full-Time,2024-07-11T06:10:36.619647+00:00
2958,Amelia Brown,Part-Time,2025-02-14T06:47:07.108074+00:00
2959,Aisha Martinez,Contractor,2024-01-08T08:19:44.929992+00:00
2960,James Clark,Full-Time,2024-06-14T11:01:07.106515+00:00
2961,Joseph Nelson,Part-Time,2024-04-06T07:33:23.920538+00:00
2962,Elizabeth Baker,Contractor,2024-08-20T11:43:10.335460+00:00
2963,Ethan Baker,Full-Time,2024-05-23T06:48:20.007124+00:00
2964,Emily Hernandez,Contractor,2024-04-05T13:57:51.932648+00:00
2965,Emily Carter,Part-Time,2024-08-22T02:09:45.626165+00:00
2966,Liam Hernandez,Part-Time,2024-05-14T20:22:24.653636+00:00
2967,Abigail Adams,Full-Time,2025-05-09T22:02:44.541543+00:00
2968,Oliver Chen,Full-Time,2024-08-22T15:55:13.782439+00:00
2969,Sofia Nguyen,Full-Time,2024-05-31T16:49:25.636834+00:00
2970,Alexander Allen,Full-Time,2024-10-10T20:12:41.861270+00:00
2971,Emma Lee,Full-Time,2025-04-27T20:39:59.585075+00:00
2972,Lucas Rodriguez,Part-Time,2024-04-23T19:30:16.242627+00:00
2973,Maria Martinez,Part-Time,2024-06-30T13:39:58.157686+00:00
2974,Amelia Khan,Part-Time,2024-07-05T01:01:21.081296+00:00
2975,Mason Kim,Full-Time,2024-02-21T08:53:59.849095+00:00
2976,Elijah White,Part-Time,2025-01-20T07:35:40.852130+00:00
2977,Amelia Adams,Part-Time,2024-05-22T19:55:26.509583+00:00
2978,Elizabeth Hall,Full-Time,2024-09-24T15:46:05.993054+00:00
2979,Henry Nelson,Full-Time,2024-03-10T19:54:28.563608+00:00
2980,Mia Smith,Full-Time,2024-12-29T09:05:42.415590+00:00
2981,Mia Thompson,Contractor,2024-11-10T12:41:59.255192+00:00
2982,Carlos Khan,Part-Time,2024-03-12T23:24:49.901296+00:00
2983,Joseph Kim,Part-Time,2025-02-17T23:38:22.771017+00:00
2984,Harper Scott,Part-Time,2024-11-27T10:35:38.036196+00:00
2985,Elizabeth Martinez,Full-Time,2024-06-28T18:12:54.289058+00:00
2986,Mason Walker,Full-Time,2024-07-24T22:32:08.985076+00:00
2987,Amelia Thompson,Full-Time,2024-12-10T20:35:42.373026+00:00
2988,Michael Smith,Full-Time,2024-09-24T01:52:36.853554+00:00
2989,Liam Nelson,Full-Time,2024-08-12T20:00:16.920209+00:00
2990,Sofia Gonzalez,Full-Time,2025-03-27T13:21:12.054506+00:00
2991,Emily Walker,Contractor,2024-01-22T00:26:33.846731+00:00
2992,Ethan Nguyen,Full-Time,2024-08-06T11:48:39.557322+00:00
2993,Elijah Carter,Part-Time,2024-04-25T05:41:11.756169+00:00
2994,Liam Wilson,Full-Time,2023-02-13T02:28:01.869292+00:00
2994,Liam Wilson,Contractor,2024-11-05T12:01:38.760659+00:00
2995,Abigail Clark,Part-Time,2024-12-07T02:22:45.981263+00:00
2996,Chloe Green,Full-Time,2024-02-23T23:06:01.719809+00:00
2997,Isabella Walker,Contractor,2024-11-24T10:56:52.434956+00:00
2998,Emily Green,Full-Time,2024-05-08T21:22:42.662381+00:00
2999,Alexander Wilson,Full-Time,2024-12-31T19:37:59.732485+00:00
3000,Sophia Clark,Full-Time,2024-04-23T13:43:50.619982+00:00
3001,Chloe Walker,Full-Time,2025-02-04T14:42:38.767665+00:00
3002,Sophia Lopez,Full-Time,2025-03-22T12:17:03.491467+00:00
3003,Daniel Brown,Full-Time,2024-10-29T20:18:12.389059+00:00
3004,Liam Chen,Full-Time,2025-01-26T22:44:44.387017+00:00
3005,Abigail Green,Part-Time,2025-01-03T11:34:27.043410+00:00
3006,James King,Full-Time,2024-08-13T20:17:50.878942+00:00
3007,Victoria Brown,Contractor,2025-02-21T03:38:03.067611+00:00
3008,Chloe Patel,Full-Time,2024-04-02T17:14:32.751151+00:00
3009,Emily Chen,Full-Time,2024-07-30T10:18:57.147428+00:00
3010,Maria Gonzalez,Part-Time,2024-05-10T01:16:01.718459+00:00
3011,Alexander King,Contractor,2024-05-07T14:00:27.830544+00:00
3012,David Khan,Full-Time,2024-12-24T15:22:25.393062+00:00
3013,Ethan Kim,Full-Time,2025-01-30T10:11:57.229106+00:00
3014,Michael Scott,Part-Time,2025-02-04T15:16:50.835530+00:00
3015,Charlotte Carter,Part-Time,2024-06-20T05:17:36.024405+00:00
3016,Mason Young,Part-Time,2024-02-21T23:10:58.944921+00:00
3017,Emma Scott,Full-Time,2024-09-12T01:26:11.172628+00:00
3018,Charlotte Lopez,Full-Time,2025-03-15T02:46:35.365552+00:00
3019,Sophia King,Part-Time,2023-03-20T01:27:03.244270+00:00
3019,Sophia King,Full-Time,2024-08-12T13:48:47.341806+00:00
3020,Abigail Kim,Contractor,2024-06-14T13:49:06.166816+00:00
3021,Sofia Martinez,Part-Time,2023-05-15T03:10:45.026609+00:00
3021,Sofia Martinez,Full-Time,2025-04-11T05:31:08.309623+00:00
3022,Jacob Lee,Full-Time,2024-12-22T20:40:17.399425+00:00
3023,Lucas Wilson,Full-Time,2024-11-02T18:11:56.528475+00:00
3024,Elizabeth Lewis,Full-Time,2024-06-23T12:05:54.794030+00:00
3025,Alexander Scott,Full-Time,2024-07-16T15:04:36.690777+00:00
3026,Jacob Wilson,Full-Time,2024-04-25T08:02:37.081331+00:00
3027,James Clark,Full-Time,2024-12-08T10:31:21.311001+00:00
3028,Isabella Patel,Full-Time,2025-03-03T10:56:56.193093+00:00
3029,Mason Clark,Part-Time,2024-08-13T21:39:42.705641+00:00
3030,Ava Rodriguez,Full-Time,2024-05-05T00:11:26.294139+00:00
3031,Maria Nelson,Part-Time,2024-07-31T15:38:31.749211+00:00
3032,Lucas Green,Full-Time,2024-09-23T00:39:03.370270+00:00
3033,Elizabeth Lopez,Part-Time,2024-12-28T13:27:21.138183+00:00
3034,Abigail Lewis,Full-Time,2024-07-05T23:54:10.370017+00:00
3035,Harper Young,Full-Time,2024-02-09T12:31:19.205740+00:00
3036,Oliver Young,Part-Time,2025-05-20T22:46:52.744198+00:00
3037,Harper Davis,Full-Time,2025-04-15T16:00:25.329476+00:00
3038,Joseph Young,Full-Time,2025-02-27T21:19:43.410293+00:00
3039,Mason King,Part-Time,2024-11-26T20:49:15.300341+00:00
3040,Mason Gonzalez,Full-Time,2025-03-05T04:23:03.477161+00:00
3041,Victoria Baker,Full-Time,2024-08-11T18:18:01.762900+00:00
3042,Elijah Patel,Full-Time,2024-10-13T18:21:33.346333+00:00
3043,Aisha King,Full-Time,2024-12-28T08:04:35.696881+00:00
3044,Carlos King,Full-Time,2025-01-03T18:42:45.335277+00:00
3045,Ethan Patel,Part-Time,2024-09-08T18:51:01.652122+00:00
3046,Oliver Scott,Full-Time,2024-08-19T22:23:58.336262+00:00
3047,Mia Hernandez,Full-Time,2025-02-13T14:06:07.359878+00:00
3048,Henry Rodriguez,Part-Time,2025-05-17T19:57:30.127291+00:00
3049,Michael Smith,Contractor,2024-01-28T04:10:40.740668+00:00
3050,Alexander Nguyen,Part-Time,2024-02-06T10:19:00.935479+00:00
3051,Carlos Green,Part-Time,2025-01-10T19:14:01.039578+00:00
3052,Harper Lee,Part-Time,2024-01-16T03:03:02.802080+00:00
3053,Sophia Nguyen,Full-Time,2024-02-18T07:18:55.810401+00:00
3054,Elizabeth Lopez,Part-Time,2024-07-14T14:27:04.362041+00:00
3055,Joseph Davis,Part-Time,2024-04-03T20:58:04.551616+00:00
3056,Mia King,Full-Time,2024-08-08T18:36:11.800707+00:00
3057,Ethan Carter,Full-Time,2024-05-13T15:20:40.369491+00:00
3058,Lucas White,Full-Time,2024-11-28T00:38:15.215864+00:00
3059,Emma Hernandez,Full-Time,2024-02-18T05:40:16.894605+00:00
3060,Ethan Patel,Part-Time,2024-02-01T05:48:42.292324+00:00
3061,Aisha Wright,Full-Time,2024-01-01T21:17:10.358572+00:00
3062,John Smith,Full-Time,2024-06-06T02:43:15.498467+00:00
3063,Abigail Garcia,Contractor,2024-04-06T16:35:29.618499+00:00
3064,Sophia Lee,Full-Time,2025-05-15T13:44:02.676330+00:00
3065,Liam Rodriguez,Full-Time,2024-10-21T10:54:12.470747+00:00
3066,David Lee,Full-Time,2025-02-21T18:25:06.487034+00:00
3067,David Patel,Full-Time,2025-04-24T19:19:40.699901+00:00
3068,Sofia Allen,Contractor,2024-02-25T06:55:29.483169+00:00
3069,Charlotte Kim,Contractor,2024-09-12T07:04:46.994707+00:00
3070,Amelia Hernandez,Contractor,2025-04-21T09:00:10.307281+00:00
3071,Daniel Baker,Contractor,2024-12-09T01:05:49.006745+00:00
3072,Carlos Hernandez,Contractor,2023-07-31T11:54:39.019675+00:00
3072,Carlos Hernandez,Full-Time,2024-03-13T12:41:15.061265+00:00
3073,Sophia Martinez,Part-Time,2024-01-22T08:03:39.076922+00:00
3074,Aisha Nelson,Part-Time,2025-04-11T15:49:59.493145+00:00
3075,Liam Wilson,Full-Time,2024-06-13T10:38:57.552530+00:00
3076,Elizabeth Martinez,Contractor,2023-04-25T13:38:06.275173+00:00
3076,Elizabeth Martinez,Full-Time,2024-03-10T11:58:35.157507+00:00
3077,Lucas Hall,Contractor,2024-08-06T16:50:31.157997+00:00
3078,Chloe Lopez,Full-Time,2024-01-13T05:26:45.806998+00:00
3079,Liam Young,Full-Time,2024-11-08T18:10:25.544438+00:00
3080,Mia Carter,Contractor,2025-01-30T09:21:37.382997+00:00
3081,Aisha Brown,Full-Time,2024-02-15T18:04:35.297997+00:00
3082,Charlotte Young,Part-Time,2024-10-01T02:12:17.019332+00:00
3083,Aisha Allen,Full-Time,2024-06-29T10:56:17.485632+00:00
3084,Aisha Adams,Part-Time,2024-09-25T19:17:47.066635+00:00
3085,Charlotte Wright,Full-Time,2024-01-23T22:36:04.914002+00:00
3086,Ava Chen,Full-Time,2024-04-05T06:24:17.263971+00:00
3087,Mason Young,Full-Time,2024-04-14T10:49:28.452693+00:00
3088,Ava Smith,Full-Time,2024-07-14T16:53:21.148026+00:00
3089,Sofia Hall,Full-Time,2024-05-03T07:38:58.144494+00:00
3090,Emily Lee,Contractor,2025-02-28T00:45:25.435810+00:00
3091,Abigail Scott,Full-Time,2024-03-13T16:14:02.009886+00:00
3092,Harper Lewis,Part-Time,2024-08-04T22:00:48.495869+00:00
3093,Mia Thompson,Contractor,2024-12-01T03:52:38.111146+00:00
3094,Isabella Green,Full-Time,2024-08-01T08:24:19.050991+00:00
3095,Henry Lopez,Full-Time,2025-04-07T06:02:43.082736+00:00
3096,Sophia Lewis,Full-Time,2024-11-17T09:55:29.066161+00:00
3097,Elizabeth Brown,Full-Time,2024-08-18T09:39:59.213939+00:00
3098,Mason Garcia,Full-Time,2024-02-29T03:18:27.652670+00:00
3099,Sophia Garcia,Full-Time,2024-06-16T22:41:05.604668+00:00
3100,Ethan Scott,Full-Time,2024-05-26T22:38:11.266571+00:00
3101,Ethan Chen,Part-Time,2024-07-21T14:05:08.427517+00:00
3102,Lucas Wilson,Full-Time,2024-09-12T10:58:20.458935+00:00
3103,Oliver Brown,Full-Time,2024-02-26T02:14:31.311619+00:00
3104,Mason Brown,Part-Time,2024-04-04T15:17:49.838907+00:00
3105,Carlos Clark,Contractor,2023-03-25T06:51:46.445877+00:00
3105,Carlos Clark,Full-Time,2024-07-09T06:32:39.130150+00:00
3106,Amelia Baker,Full-Time,2024-01-22T01:25:51.876176+00:00
3107,Lucas Thompson,Part-Time,2024-01-23T10:44:50.037286+00:00
3108,John Rodriguez,Full-Time,2025-05-02T13:30:07.476064+00:00
3109,Charlotte King,Full-Time,2025-04-07T12:02:28.950432+00:00
3110,Aisha Scott,Full-Time,2025-04-30T17:15:49.376483+00:00
3111,Carlos White,Full-Time,2024-04-09T16:42:10.424723+00:00
3112,David Patel,Part-Time,2024-02-05T14:14:31.375042+00:00
3113,Harper Hall,Full-Time,2024-03-14T13:05:26.870303+00:00
3114,Michael Khan,Full-Time,2024-02-03T09:53:49.717371+00:00
3115,Maria Kim,Part-Time,2024-06-14T00:13:54.728766+00:00
3116,James Rodriguez,Contractor,2024-12-17T01:18:21.838504+00:00
3117,John Lopez,Full-Time,2024-01-30T23:14:12.414456+00:00
3118,Daniel Nguyen,Part-Time,2025-01-25T23:54:50.369854+00:00
3119,James Garcia,Full-Time,2025-02-26T17:04:06.142832+00:00
3120,Joseph Lopez,Full-Time,2024-11-12T00:47:47.088797+00:00
3121,David Clark,Full-Time,2024-11-10T06:26:09.142016+00:00
3122,Alexander Gonzalez,Contractor,2023-05-24T20:22:00.923919+00:00
3122,Alexander Gonzalez,Full-Time,2025-04-05T23:16:37.116068+00:00
3123,Victoria Wright,Full-Time,2024-05-27T03:51:48.752450+00:00
3124,Charlotte Lopez,Contractor,2025-03-28T10:24:51.761554+00:00
3125,Abigail Patel,Full-Time,2024-06-02T19:50:51.133259+00:00
3126,James Gonzalez,Full-Time,2025-03-27T08:09:34.085076+00:00
3127,Mason Scott,Full-Time,2024-11-17T09:28:00.758252+00:00
3128,Ava Scott,Full-Time,2024-08-02T07:02:16.470116+00:00
3129,David Baker,Contractor,2024-08-25T18:49:23.541524+00:00
3130,Emily Young,Full-Time,2024-03-09T06:54:28.521918+00:00
3131,Ava Clark,Full-Time,2024-04-07T23:09:43.236855+00:00
3132,Lucas Wright,Part-Time,2023-07-07T03:57:05.384387+00:00
3132,Lucas Wright,Contractor,2024-10-08T05:30:22.735969+00:00
3133,Henry Wright,Full-Time,2024-04-19T12:46:49.662344+00:00
3134,Amelia Nelson,Full-Time,2024-11-30T14:20:50.546505+00:00
3135,Mia Green,Full-Time,2024-04-21T09:53:50.073959+00:00
3136,Elijah Lopez,Contractor,2024-08-09T12:07:20.568603+00:00
3137,David Patel,Full-Time,2024-07-17T00:04:15.255150+00:00
3138,Charlotte Walker,Contractor,2024-12-15T03:55:06.998280+00:00
3139,Amelia Scott,Full-Time,2025-02-14T19:54:09.786851+00:00
3140,Amelia Green,Full-Time,2024-05-06T01:02:22.904856+00:00
3141,Oliver Carter,Full-Time,2025-04-23T15:20:41.701812+00:00
3142,James Chen,Part-Time,2024-02-13T23:45:16.990836+00:00
3143,John Khan,Full-Time,2024-02-16T03:25:37.659393+00:00
3144,Alexander Martinez,Part-Time,2025-05-06T10:21:41.259289+00:00
3145,Mia Garcia,Full-Time,2025-04-11T10:37:54.805617+00:00
3146,David Nelson,Full-Time,2024-03-30T21:17:02.267728+00:00
3147,Mia Chen,Part-Time,2024-03-22T23:36:37.187810+00:00
3148,Amelia Kim,Full-Time,2024-09-30T01:44:28.970027+00:00
3149,Henry Kim,Full-Time,2024-11-18T12:20:19.750142+00:00
3150,Isabella Clark,Contractor,2024-12-06T13:33:22.448625+00:00
3151,Amelia Baker,Full-Time,2024-01-21T04:49:34.306445+00:00
3152,Daniel Nelson,Full-Time,2024-03-28T10:40:42.139211+00:00
3153,Maria Wright,Contractor,2024-10-27T01:10:49.827612+00:00
3154,Charlotte Baker,Part-Time,2025-05-12T18:17:35.001175+00:00
3155,Alexander Hernandez,Contractor,2025-03-30T18:28:24.832946+00:00
3156,Carlos Lee,Full-Time,2024-06-02T22:53:13.598874+00:00
3157,Elizabeth Rodriguez,Full-Time,2025-04-24T16:04:32.021978+00:00
3158,Lucas Young,Full-Time,2025-02-10T16:43:49.234345+00:00
3159,Emma King,Full-Time,2025-02-14T01:11:56.910357+00:00
3160,Maria Green,Contractor,2024-07-06T08:32:20.854185+00:00
3161,Ethan Martinez,Full-Time,2025-05-18T18:49:55.466983+00:00
3162,Maria Carter,Full-Time,2024-03-26T14:39:00.685282+00:00
3163,Harper Allen,Full-Time,2025-05-26T00:38:49.939551+00:00
3164,Emily Brown,Full-Time,2025-05-25T11:37:49.903338+00:00
3165,Victoria Wilson,Full-Time,2024-01-17T02:16:27.534443+00:00
3166,John Patel,Full-Time,2024-04-12T09:59:49.879720+00:00
3167,Joseph Lopez,Full-Time,2024-12-22T16:23:21.632536+00:00
3168,Isabella Lopez,Full-Time,2025-02-16T00:20:02.154465+00:00
3169,Chloe Green,Part-Time,2024-03-08T21:22:18.172560+00:00
3170,Alexander Lewis,Full-Time,2024-09-07T18:28:48.449273+00:00
3171,Isabella Wilson,Contractor,2025-04-16T07:58:17.492390+00:00
3172,Emma Young,Part-Time,2025-04-04T13:19:31.052609+00:00
3173,Maria Davis,Part-Time,2024-02-24T21:59:41.209713+00:00
3174,Carlos Lee,Full-Time,2024-03-20T00:07:24.403875+00:00
3175,Harper Wilson,Part-Time,2024-01-05T22:45:08.074707+00:00
3176,John Hernandez,Part-Time,2024-11-12T18:10:32.706997+00:00
3177,Amelia Gonzalez,Full-Time,2024-06-18T18:02:55.144999+00:00
3178,Liam Nguyen,Full-Time,2024-03-12T03:51:30.065946+00:00
3179,Emma Lee,Full-Time,2025-05-03T01:32:14.398617+00:00
3180,John Adams,Part-Time,2024-04-29T13:37:42.948102+00:00
3181,Aisha Wilson,Full-Time,2024-11-16T20:33:42.566624+00:00
3182,Lucas Nelson,Part-Time,2024-12-29T07:49:17.925601+00:00
3183,Sophia Lee,Full-Time,2025-01-10T07:01:30.412247+00:00
3184,Aisha Baker,Full-Time,2024-01-04T05:43:49.719566+00:00
3185,Charlotte Martinez,Full-Time,2025-03-26T12:06:39.226027+00:00
3186,Lucas Nguyen,Part-Time,2024-02-08T21:00:01.449388+00:00
3187,Charlotte Young,Part-Time,2024-04-26T19:38:01.671303+00:00
3188,Elizabeth Hall,Full-Time,2024-09-16T21:55:46.676919+00:00
3189,Jacob Thompson,Full-Time,2025-02-26T22:51:25.345584+00:00
3190,Harper Smith,Full-Time,2025-05-11T15:43:40.412197+00:00
3191,Ethan Hall,Part-Time,2024-02-03T04:00:42.806947+00:00
3192,Carlos Carter,Full-Time,2025-01-10T23:38:21.783577+00:00
3193,Chloe Wilson,Full-Time,2025-04-06T00:03:06.454745+00:00
3194,David Smith,Contractor,2024-12-12T00:27:28.117402+00:00
3195,Michael Wright,Full-Time,2024-11-06T15:00:01.538460+00:00
3196,Carlos Lewis,Full-Time,2023-11-08T23:04:41.105417+00:00
3196,Carlos Lewis,Part-Time,2024-06-12T16:18:56.587950+00:00
3197,Alexander Nelson,Full-Time,2024-06-03T00:38:35.618826+00:00
3198,Sophia Young,Full-Time,2025-01-17T04:03:45.693265+00:00
3199,Mason Kim,Full-Time,2024-06-30T00:50:34.107666+00:00
3200,Victoria Gonzalez,Full-Time,2025-02-12T11:27:01.287575+00:00
3201,Elizabeth Gonzalez,Part-Time,2024-08-26T05:36:05.025022+00:00
3202,Amelia Rodriguez,Part-Time,2024-07-16T19:03:57.662550+00:00
3203,Maria Davis,Part-Time,2024-07-14T16:30:10.463028+00:00
3204,Amelia Scott,Full-Time,2024-08-10T20:06:07.789634+00:00
3205,Charlotte Rodriguez,Full-Time,2024-04-04T08:17:42.824025+00:00
3206,Liam Patel,Full-Time,2024-03-17T21:34:00.033009+00:00
3207,Emily Martinez,Full-Time,2024-07-20T05:09:32.848102+00:00
3208,Mia Walker,Full-Time,2024-09-06T14:12:57.978566+00:00
3209,Sophia Adams,Full-Time,2025-03-12T20:51:47.997028+00:00
3210,Sophia Khan,Full-Time,2024-02-24T09:12:49.047254+00:00
3211,Michael Nelson,Full-Time,2024-03-13T13:52:28.612525+00:00
3212,Sophia Thompson,Full-Time,2024-01-07T15:39:25.246711+00:00
3213,Mia Kim,Full-Time,2024-06-08T08:15:14.414999+00:00
3214,Chloe Nguyen,Full-Time,2024-09-28T16:53:14.287099+00:00
3215,Emily Wright,Part-Time,2025-03-19T06:46:07.932672+00:00
3216,Abigail Nelson,Full-Time,2024-08-17T08:25:36.846637+00:00
3217,Henry Clark,Full-Time,2024-06-16T08:10:55.188188+00:00
3218,Mason Young,Full-Time,2025-04-07T15:27:13.747828+00:00
3219,Joseph Walker,Full-Time,2024-10-23T02:43:48.534083+00:00
3220,Emily Martinez,Contractor,2025-05-10T06:54:52.771261+00:00
3221,Mason Clark,Part-Time,2024-05-07T18:54:27.657123+00:00
3222,Joseph Patel,Full-Time,2025-03-27T19:31:30.538094+00:00
3223,Daniel Rodriguez,Full-Time,2024-02-11T17:03:36.050540+00:00
3224,Sophia Gonzalez,Full-Time,2025-04-02T00:53:27.505200+00:00
3225,Isabella Garcia,Full-Time,2025-02-02T19:45:28.008551+00:00
3226,Isabella Rodriguez,Full-Time,2025-02-02T23:46:19.976142+00:00
3227,Joseph Clark,Full-Time,2024-01-02T13:35:28.835946+00:00
3228,Alexander Nelson,Full-Time,2025-02-06T00:43:14.663810+00:00
3229,Michael Carter,Contractor,2024-11-06T05:56:27.077937+00:00
3230,Lucas Martinez,Contractor,2024-11-02T13:29:36.434588+00:00
3231,Sofia Hall,Part-Time,2025-01-12T07:24:46.709976+00:00
3232,Lucas Hall,Full-Time,2024-07-11T21:25:18.058630+00:00
3233,John Allen,Full-Time,2024-03-14T21:39:42.491620+00:00
3234,Maria Patel,Full-Time,2025-01-26T02:20:38.849381+00:00
3235,Emma Wright,Full-Time,2025-04-11T17:32:20.956992+00:00
3236,Amelia Baker,Full-Time,2024-10-11T20:24:53.386300+00:00
3237,David Young,Full-Time,2024-05-20T07:58:22.491767+00:00
3238,Isabella Martinez,Part-Time,2024-08-20T13:26:30.689903+00:00
3239,Elijah Davis,Full-Time,2024-01-09T16:45:53.864273+00:00
3240,Aisha Young,Full-Time,2024-07-08T04:56:11.027790+00:00
3241,Michael Lopez,Full-Time,2024-11-18T14:53:52.264493+00:00
3242,Michael Scott,Full-Time,2024-11-10T12:15:58.651267+00:00
3243,James Hall,Full-Time,2025-01-23T01:55:18.500655+00:00
3244,James Khan,Part-Time,2025-01-01T02:37:57.652490+00:00
3245,Sophia Garcia,Contractor,2024-03-12T18:35:22.589979+00:00
3246,Liam Kim,Contractor,2024-04-30T13:29:14.680189+00:00
3247,Abigail King,Full-Time,2024-07-30T16:26:44.524418+00:00
3248,Carlos Carter,Full-Time,2024-02-01T21:11:46.934913+00:00
3249,Henry Scott,Full-Time,2024-10-08T04:10:35.987240+00:00
3250,Emma Thompson,Full-Time,2024-02-29T02:56:51.024834+00:00
3251,Ethan White,Full-Time,2024-11-26T18:16:03.482296+00:00
3252,Maria Khan,Full-Time,2024-12-23T17:00:25.278656+00:00
3253,Joseph Brown,Full-Time,2025-01-24T02:59:36.839463+00:00
3254,Amelia Davis,Full-Time,2024-06-14T16:09:48.710847+00:00
3255,Elizabeth Patel,Full-Time,2024-05-28T14:02:25.148178+00:00
3256,Maria Green,Full-Time,2024-01-21T14:04:50.932558+00:00
3257,James Thompson,Full-Time,2024-09-09T02:55:03.573634+00:00
3258,Alexander Wilson,Full-Time,2024-07-07T20:16:17.946191+00:00
3259,Elijah Scott,Full-Time,2024-10-02T02:03:48.783698+00:00
3260,Jacob Walker,Full-Time,2024-09-19T01:56:59.741774+00:00
3261,Elijah Martinez,Part-Time,2024-05-11T11:17:51.101283+00:00
3262,Lucas Young,Part-Time,2024-07-20T10:05:26.192107+00:00
3263,Jacob Baker,Full-Time,2024-11-05T12:39:54.216874+00:00
3264,Elizabeth Thompson,Full-Time,2024-01-22T08:55:08.421626+00:00
3265,Liam Thompson,Full-Time,2024-10-19T12:23:17.814613+00:00
3266,Mia Thompson,Part-Time,2025-02-23T13:29:45.324001+00:00
3267,Abigail Gonzalez,Full-Time,2024-11-17T04:45:37.093379+00:00
3268,Ethan Thompson,Full-Time,2024-06-07T23:30:29.063778+00:00
3269,Ava Lee,Part-Time,2024-04-15T20:36:51.972472+00:00
3270,Daniel Young,Full-Time,2024-07-19T10:58:05.034983+00:00
3271,Elijah Carter,Full-Time,2024-11-02T03:04:02.971689+00:00
3272,Harper Garcia,Full-Time,2025-03-29T16:53:05.725182+00:00
3273,Maria Khan,Part-Time,2025-04-30T16:50:34.589276+00:00
3274,John Allen,Contractor,2023-09-06T09:31:11.649910+00:00
3274,John Allen,Full-Time,2025-01-08T20:20:53.499553+00:00
3275,Elijah Chen,Full-Time,2024-04-20T10:52:47.967334+00:00
3276,Lucas Adams,Part-Time,2024-07-10T06:10:18.262936+00:00
3277,Isabella Green,Full-Time,2024-06-01T14:26:59.075070+00:00
3278,James Nguyen,Full-Time,2024-05-14T18:40:41.737006+00:00
3279,Ava Nguyen,Contractor,2025-01-16T19:20:08.513428+00:00
3280,Maria Nelson,Full-Time,2024-02-27T18:10:05.796540+00:00
3281,Harper Gonzalez,Part-Time,2024-10-24T10:12:52.259362+00:00
3282,Isabella Walker,Full-Time,2024-10-15T22:29:44.844081+00:00
3283,Carlos Rodriguez,Full-Time,2024-07-22T22:29:57.733956+00:00
3284,Daniel Patel,Full-Time,2024-08-09T20:47:11.014122+00:00
3285,Victoria Green,Full-Time,2024-01-07T19:22:07.362292+00:00
3286,James Garcia,Contractor,2025-03-25T13:56:21.024496+00:00
3287,Jacob Nelson,Full-Time,2024-05-17T02:48:21.611045+00:00
3288,Isabella Martinez,Full-Time,2024-08-17T19:38:31.679035+00:00
3289,John Brown,Part-Time,2025-03-04T13:21:08.036611+00:00
3290,Chloe Carter,Part-Time,2025-01-02T02:05:22.246551+00:00
3291,Aisha Hall,Contractor,2023-09-06T12:38:39.339865+00:00
3291,Aisha Hall,Full-Time,2024-11-02T19:10:48.856245+00:00
3292,Victoria Nelson,Full-Time,2024-07-10T11:40:08.362682+00:00
3293,Abigail Rodriguez,Full-Time,2024-11-23T23:14:10.470694+00:00
3294,Henry Lee,Full-Time,2024-07-09T21:25:02.220824+00:00
3295,Alexander Hall,Full-Time,2024-12-11T01:45:52.513104+00:00
3296,Sophia Green,Full-Time,2024-08-09T11:13:47.695164+00:00
3297,Ethan Davis,Full-Time,2024-07-02T23:55:44.070347+00:00
3298,Victoria Baker,Part-Time,2025-03-18T02:28:52.006439+00:00
3299,Elijah Brown,Full-Time,2025-04-16T02:05:36.187026+00:00
3300,Amelia Hernandez,Full-Time,2025-03-02T19:44:42.636503+00:00
3301,Elijah Davis,Contractor,2025-02-10T10:31:27.366789+00:00
3302,Elizabeth Wilson,Part-Time,2025-03-27T19:27:42.352077+00:00
3303,James Chen,Full-Time,2024-05-10T16:04:39.770323+00:00
3304,Elijah White,Full-Time,2025-02-08T02:27:39.216516+00:00
3305,Sophia Nguyen,Full-Time,2025-03-05T02:36:13.228622+00:00
3306,Abigail Scott,Contractor,2023-02-22T15:36:53.566225+00:00
3306,Abigail Scott,Full-Time,2025-02-24T07:58:17.037188+00:00
3307,Mason King,Part-Time,2024-12-18T20:12:18.712476+00:00
3308,Liam White,Full-Time,2024-08-20T17:23:20.928202+00:00
3309,Lucas Smith,Part-Time,2025-05-12T05:46:51.806368+00:00
3310,Liam Carter,Full-Time,2024-02-07T01:00:30.841221+00:00
3311,Mia Clark,Part-Time,2024-06-04T08:46:58.255598+00:00
3312,Ava Chen,Contractor,2024-04-07T23:40:22.457923+00:00
3313,Maria Patel,Full-Time,2024-04-16T05:39:36.201542+00:00
3314,Carlos Garcia,Full-Time,2025-05-02T20:52:04.197808+00:00
3315,Chloe King,Full-Time,2024-01-06T10:07:07.638733+00:00
3316,Mia Hernandez,Full-Time,2024-04-16T22:25:00.337714+00:00
3317,Chloe Nelson,Full-Time,2024-10-31T09:09:18.510900+00:00
3318,Sophia Brown,Full-Time,2024-06-29T07:37:49.945501+00:00
3319,Ethan Nelson,Part-Time,2024-07-15T20:47:41.684148+00:00
3320,Liam Adams,Full-Time,2024-11-14T04:17:34.766314+00:00
3321,Alexander Carter,Contractor,2024-07-13T22:09:26.406265+00:00
3322,Sophia Wilson,Full-Time,2024-10-05T22:27:53.090672+00:00
3323,Emma Clark,Part-Time,2025-01-02T02:34:18.212736+00:00
3324,Liam Gonzalez,Full-Time,2024-06-22T01:51:20.816277+00:00
3325,Joseph Brown,Full-Time,2024-10-10T11:55:42.361605+00:00
3326,David Thompson,Contractor,2023-09-06T07:27:19.576129+00:00
3326,David Thompson,Full-Time,2024-02-18T17:04:14.521002+00:00
3327,Oliver Patel,Contractor,2024-08-15T23:49:18.525755+00:00
3328,Charlotte Gonzalez,Full-Time,2024-10-16T20:53:42.238628+00:00
3329,Aisha Lewis,Full-Time,2024-12-24T04:26:32.292149+00:00
3330,Sophia Lee,Contractor,2024-05-30T12:12:40.411324+00:00
3331,Elijah Brown,Full-Time,2024-06-19T00:23:20.110475+00:00
3332,Sofia Rodriguez,Contractor,2024-02-09T09:48:57.064673+00:00
3333,Joseph Carter,Contractor,2023-01-17T00:34:08.908103+00:00
3333,Joseph Carter,Full-Time,2024-07-17T16:28:58.403363+00:00
3334,Charlotte Lopez,Full-Time,2024-04-03T17:07:44.648905+00:00
3335,Emily Carter,Full-Time,2024-08-16T02:43:58.402138+00:00
3336,Sofia Chen,Full-Time,2024-03-08T17:10:18.361489+00:00
3337,Maria Baker,Full-Time,2025-02-11T11:52:53.335999+00:00
3338,Chloe Patel,Part-Time,2025-04-05T12:21:09.778299+00:00
3339,Abigail Chen,Full-Time,2024-01-18T04:54:20.994579+00:00
3340,Chloe Adams,Part-Time,2023-10-04T19:39:58.844929+00:00
3340,Chloe Adams,Full-Time,2024-02-14T18:08:06.962431+00:00
3341,Alexander Nelson,Full-Time,2025-04-16T14:06:25.353685+00:00
3342,Oliver Nguyen,Full-Time,2024-02-14T07:28:48.453014+00:00
3343,Charlotte Martinez,Full-Time,2025-05-26T05:09:34.826825+00:00
3344,Abigail Lewis,Full-Time,2025-05-13T01:17:40.177189+00:00
3345,Charlotte Green,Full-Time,2024-01-21T09:28:22.650282+00:00
3346,Lucas Rodriguez,Full-Time,2025-01-18T00:39:29.243625+00:00
3347,Elizabeth Smith,Full-Time,2024-09-18T17:32:00.613117+00:00
3348,John Nguyen,Full-Time,2024-05-16T09:36:25.643119+00:00
3349,John Allen,Part-Time,2024-03-11T07:30:17.219729+00:00
3350,Harper Nelson,Part-Time,2024-04-06T18:52:05.694670+00:00
3351,Joseph Nelson,Full-Time,2024-02-20T19:28:00.607013+00:00
3352,Daniel Garcia,Full-Time,2024-03-06T03:04:37.680135+00:00
3353,Amelia Garcia,Full-Time,2025-05-22T19:14:29.786428+00:00
3354,Carlos Kim,Full-Time,2025-01-21T12:01:48.206618+00:00
3355,Abigail White,Part-Time,2024-07-27T11:29:30.164574+00:00
3356,Chloe Brown,Part-Time,2025-02-04T11:08:28.246064+00:00
3357,Maria Martinez,Full-Time,2025-04-22T11:45:47.272345+00:00
3358,Elizabeth Baker,Contractor,2023-07-18T17:06:48.955985+00:00
3358,Elizabeth Baker,Full-Time,2025-03-20T17:42:32.281704+00:00
3359,Oliver Nelson,Full-Time,2025-02-09T12:14:13.257507+00:00
3360,Henry Kim,Full-Time,2024-09-24T09:44:04.323490+00:00
3361,Sophia Garcia,Part-Time,2023-02-09T10:31:36.593481+00:00
3361,Sophia Garcia,Full-Time,2024-01-16T20:36:47.924563+00:00
3362,Carlos Wilson,Part-Time,2025-02-02T15:00:54.586821+00:00
3363,James Wright,Full-Time,2024-05-24T01:37:18.445446+00:00
3364,Emily Allen,Part-Time,2024-11-06T12:24:09.868166+00:00
3365,Mia Nelson,Full-Time,2024-07-17T01:35:15.069580+00:00
3366,Oliver Nelson,Full-Time,2024-12-20T16:48:47.580416+00:00
3367,Emily Garcia,Full-Time,2024-05-17T14:13:17.498347+00:00
3368,Isabella Hall,Full-Time,2024-04-26T21:11:36.682503+00:00
3369,Michael Clark,Full-Time,2024-06-27T18:53:40.956538+00:00
3370,Mia Martinez,Contractor,2023-04-10T14:10:13.523524+00:00
3370,Mia Martinez,Part-Time,2024-09-22T13:34:29.018594+00:00
3371,Henry Walker,Full-Time,2024-08-05T10:25:04.657598+00:00
3372,Lucas Davis,Part-Time,2024-12-19T02:44:44.875995+00:00
3373,Lucas Wright,Part-Time,2024-10-10T15:20:38.788370+00:00
3374,Ava Gonzalez,Full-Time,2024-03-29T23:05:34.746420+00:00
3375,Jacob Clark,Full-Time,2025-02-09T05:48:11.376015+00:00
3376,Emily Lee,Part-Time,2025-02-19T07:31:05.054043+00:00
3377,Abigail Clark,Full-Time,2025-01-02T20:12:51.586705+00:00
3378,Victoria Hernandez,Full-Time,2024-11-06T20:52:19.259123+00:00
3379,Ethan Nguyen,Contractor,2025-02-21T03:03:57.847031+00:00
3380,Elizabeth Smith,Full-Time,2025-02-20T13:14:07.667015+00:00
3381,Ethan Carter,Full-Time,2025-05-23T07:23:29.079074+00:00
3382,Isabella Green,Full-Time,2024-01-27T03:49:34.713488+00:00
3383,Chloe Carter,Full-Time,2024-09-01T09:02:41.001593+00:00
3384,Daniel Young,Full-Time,2024-04-02T21:45:41.080320+00:00
3385,Abigail Khan,Full-Time,2024-02-06T01:17:13.622042+00:00
3386,Liam Walker,Full-Time,2024-02-19T04:36:19.383601+00:00
3387,Chloe Thompson,Full-Time,2024-12-04T17:34:33.817909+00:00
3388,Aisha Smith,Full-Time,2025-05-16T02:48:28.978391+00:00
3389,Isabella Hall,Full-Time,2024-04-28T05:46:20.426628+00:00
3390,Isabella King,Part-Time,2024-03-18T19:45:57.796954+00:00
3391,Michael White,Full-Time,2025-05-10T18:18:47.761358+00:00
3392,Daniel Thompson,Full-Time,2024-01-09T22:43:41.962724+00:00
3393,Elijah Wilson,Full-Time,2024-11-11T01:11:47.432236+00:00
3394,Isabella Carter,Full-Time,2024-05-06T07:07:39.508977+00:00
3395,Henry White,Part-Time,2023-08-09T20:29:06.822775+00:00
3395,Henry White,Full-Time,2024-11-08T17:29:02.114265+00:00
3396,Charlotte White,Full-Time,2024-01-02T15:00:31.906157+00:00
3397,Mia Adams,Full-Time,2024-11-03T15:42:27.033517+00:00
3398,Daniel Baker,Full-Time,2024-02-21T11:42:49.488852+00:00
3399,Emma Green,Part-Time,2024-08-15T00:23:57.372303+00:00
3400,Daniel Lopez,Full-Time,2025-01-27T11:22:02.886554+00:00
3401,Ava Carter,Full-Time,2025-03-24T22:48:22.802325+00:00
3402,Emily Young,Full-Time,2024-09-17T09:04:13.866463+00:00
3403,Daniel Baker,Full-Time,2024-07-10T07:53:47.337186+00:00
3404,Carlos Lopez,Part-Time,2023-08-12T12:36:18.013988+00:00
3404,Carlos Lopez,Full-Time,2024-07-26T06:07:32.539253+00:00
3405,Ava Young,Full-Time,2024-05-20T15:14:00.410725+00:00
3406,Jacob White,Full-Time,2025-03-26T06:37:07.457619+00:00
3407,Maria Clark,Full-Time,2024-02-03T04:31:27.620689+00:00
3408,Maria Lopez,Full-Time,2024-07-03T10:25:02.229377+00:00
3409,Maria Carter,Full-Time,2024-08-16T10:52:22.372064+00:00
3410,Chloe Wilson,Full-Time,2024-06-27T15:24:30.183939+00:00
3411,Isabella Wright,Contractor,2024-05-13T07:23:06.357978+00:00
3412,Elijah Kim,Full-Time,2024-10-27T08:36:33.487502+00:00
3413,Lucas Brown,Contractor,2024-07-06T00:36:30.575517+00:00
3414,Mason Wilson,Part-Time,2024-03-22T10:34:30.729983+00:00
3415,Aisha Lewis,Full-Time,2025-04-23T02:54:29.786954+00:00
3416,David Rodriguez,Full-Time,2025-03-16T09:51:18.410734+00:00
3417,Isabella Lee,Full-Time,2024-06-08T20:23:55.848379+00:00
3418,Carlos White,Part-Time,2024-11-14T13:04:13.882939+00:00
3419,Charlotte Hall,Full-Time,2025-04-28T06:06:08.248502+00:00
3420,Elijah Clark,Full-Time,2025-05-08T04:02:39.719688+00:00
3421,Carlos Garcia,Part-Time,2024-05-18T00:28:16.768600+00:00
3422,Charlotte Nguyen,Part-Time,2024-10-10T21:56:12.160069+00:00
3423,Abigail Lee,Full-Time,2025-04-23T04:37:55.513708+00:00
3424,Harper Smith,Full-Time,2024-03-29T03:08:04.060710+00:00
3425,Isabella Patel,Full-Time,2025-04-04T01:14:51.821085+00:00
3426,Elizabeth Davis,Part-Time,2023-04-18T01:21:55.009768+00:00
3426,Elizabeth Davis,Full-Time,2024-08-28T15:09:05.545852+00:00
3427,Oliver Clark,Part-Time,2025-03-03T23:39:15.746435+00:00
3428,Isabella Gonzalez,Full-Time,2024-03-30T20:23:07.108257+00:00
3429,Sofia Clark,Full-Time,2024-11-06T21:12:15.920734+00:00
3430,James Garcia,Contractor,2024-03-10T17:15:11.365889+00:00
3431,Jacob Gonzalez,Full-Time,2024-09-08T08:20:40.742836+00:00
3432,Elizabeth Scott,Part-Time,2024-08-27T09:01:41.069215+00:00
3433,Alexander Scott,Part-Time,2024-09-25T12:58:03.951082+00:00
3434,Henry Kim,Full-Time,2024-09-13T08:38:06.413730+00:00
3435,James Thompson,Full-Time,2025-05-25T06:55:33.744961+00:00
3436,Mia Nguyen,Full-Time,2024-07-30T13:37:44.054942+00:00
3437,Daniel Allen,Full-Time,2024-06-10T08:40:48.946703+00:00
3438,Lucas Patel,Full-Time,2025-02-01T14:41:13.833685+00:00
3439,Amelia Baker,Part-Time,2025-02-09T12:56:06.747535+00:00
3440,Oliver Allen,Full-Time,2024-03-14T00:11:10.756789+00:00
3441,Mason Baker,Full-Time,2024-07-23T19:25:58.286557+00:00
3442,Victoria Wright,Part-Time,2024-08-25T16:08:27.765063+00:00
3443,Henry Khan,Full-Time,2024-03-15T15:51:26.500857+00:00
3444,Liam Hall,Full-Time,2024-06-28T20:02:04.272059+00:00
3445,Daniel Adams,Part-Time,2023-09-20T22:43:32.015439+00:00
3445,Daniel Adams,Full-Time,2024-05-30T19:07:30.611543+00:00
3446,Joseph Brown,Contractor,2025-03-21T14:33:38.541413+00:00
3447,Joseph Garcia,Full-Time,2024-04-09T06:07:01.792091+00:00
3448,Elijah Smith,Contractor,2024-03-15T20:48:04.719129+00:00
3449,Isabella Khan,Full-Time,2024-04-22T04:33:28.926188+00:00
3450,Abigail Patel,Part-Time,2023-01-13T02:02:11.129161+00:00
3450,Abigail Patel,Full-Time,2024-06-20T08:42:42.986521+00:00
3451,Victoria King,Full-Time,2024-05-26T04:01:23.929818+00:00
3452,Aisha Nguyen,Contractor,2023-12-17T06:47:39.391377+00:00
3452,Aisha Nguyen,Part-Time,2025-01-24T02:33:33.928118+00:00
3453,Chloe Brown,Full-Time,2024-10-08T02:50:59.127491+00:00
3454,Carlos Rodriguez,Contractor,2024-07-12T21:00:44.856642+00:00
3455,David Walker,Full-Time,2025-01-25T23:04:59.208822+00:00
3456,Lucas Wilson,Full-Time,2024-05-21T11:09:17.944532+00:00
3457,Mason Brown,Full-Time,2024-01-07T05:09:23.738650+00:00
3458,Oliver Martinez,Full-Time,2024-04-09T08:23:39.545746+00:00
3459,Amelia Adams,Contractor,2023-04-24T10:16:31.852548+00:00
3459,Amelia Adams,Full-Time,2024-05-10T21:22:50.591698+00:00
3460,Ava Smith,Contractor,2024-03-24T19:40:31.475849+00:00
3461,James Lewis,Part-Time,2025-02-07T17:41:37.053919+00:00
3462,Mason Gonzalez,Contractor,2024-03-25T22:54:56.338813+00:00
3463,Sophia Nguyen,Full-Time,2024-08-23T18:40:21.114462+00:00
3464,Emily Wright,Part-Time,2025-05-05T06:11:22.811470+00:00
3465,Ethan Hernandez,Full-Time,2024-06-16T12:16:30.487133+00:00
3466,Amelia Walker,Part-Time,2025-02-03T06:22:54.242203+00:00
3467,Harper White,Part-Time,2024-08-10T13:50:55.995429+00:00
3468,Isabella Hernandez,Contractor,2024-06-03T04:36:17.659056+00:00
3469,Elizabeth Khan,Contractor,2024-06-03T01:49:00.309572+00:00
3470,Ethan Chen,Part-Time,2024-10-11T17:20:00.202094+00:00
3471,Mason Clark,Full-Time,2024-03-19T14:54:56.335143+00:00
3472,Liam Wright,Full-Time,2024-07-24T02:57:42.852063+00:00
3473,Emily Allen,Full-Time,2024-03-24T08:01:43.292274+00:00
3474,Joseph Garcia,Full-Time,2023-07-19T00:00:34.015306+00:00
3474,Joseph Garcia,Part-Time,2025-04-20T02:26:41.654429+00:00
3475,Aisha Adams,Full-Time,2024-08-09T16:50:55.844824+00:00
3476,Henry Nelson,Contractor,2024-06-20T05:34:17.155815+00:00
3477,Abigail Nguyen,Full-Time,2024-09-06T14:02:01.564138+00:00
3478,Sophia Scott,Full-Time,2024-07-26T22:16:17.354464+00:00
3479,Harper Hall,Full-Time,2025-02-16T17:22:02.451519+00:00
3480,Emily Kim,Full-Time,2024-10-31T10:30:27.585333+00:00
3481,Emma Chen,Contractor,2023-04-30T06:23:02.299515+00:00
3481,Emma Chen,Full-Time,2025-02-12T10:44:39.113511+00:00
3482,John Rodriguez,Full-Time,2024-09-09T17:29:16.847299+00:00
3483,Emma Rodriguez,Contractor,2024-01-02T01:41:54.100640+00:00
3484,Charlotte Brown,Full-Time,2025-05-19T15:19:39.000650+00:00
3485,Abigail King,Full-Time,2024-02-14T21:32:54.880290+00:00
3486,Elijah Allen,Full-Time,2024-01-20T23:27:25.028900+00:00
3487,Emma Brown,Full-Time,2025-02-25T09:26:36.470934+00:00
3488,Lucas Kim,Contractor,2023-06-25T03:45:58.766636+00:00
3488,Lucas Kim,Part-Time,2025-02-26T19:26:19.075449+00:00
3489,Sophia Chen,Full-Time,2024-05-29T12:04:00.874634+00:00
3490,Carlos Hall,Full-Time,2024-08-25T04:17:16.130453+00:00
3491,Ethan Kim,Full-Time,2024-12-25T01:41:41.466412+00:00
3492,Liam Carter,Full-Time,2024-12-19T11:21:44.372322+00:00
3493,James Scott,Part-Time,2024-12-07T03:35:08.112980+00:00
3494,Joseph Baker,Full-Time,2024-09-18T01:16:47.357786+00:00
3495,Jacob Scott,Full-Time,2025-04-22T08:16:48.918255+00:00
3496,Mia Young,Full-Time,2024-08-24T15:21:45.408357+00:00
3497,Amelia Brown,Full-Time,2024-10-28T11:33:15.382800+00:00
3498,Sofia Rodriguez,Full-Time,2024-08-18T07:06:19.421872+00:00
3499,Amelia Garcia,Full-Time,2024-06-19T16:32:59.096548+00:00
3500,Michael Clark,Part-Time,2024-08-11T07:50:32.937843+00:00
3501,Sofia Allen,Contractor,2024-04-17T14:42:40.913582+00:00
3502,Joseph Brown,Full-Time,2024-07-19T11:27:32.970035+00:00
3503,Alexander Garcia,Full-Time,2025-03-07T11:53:09.914032+00:00
3504,Ethan Lopez,Full-Time,2024-09-12T06:39:34.614215+00:00
3505,Elizabeth Young,Full-Time,2025-02-22T11:53:52.992506+00:00
3506,Chloe Young,Contractor,2025-01-20T12:38:30.253991+00:00
3507,Charlotte Smith,Part-Time,2024-03-25T05:22:24.131037+00:00
3508,Ethan Green,Full-Time,2025-03-25T03:24:50.588114+00:00
3509,Emily Rodriguez,Full-Time,2024-03-12T23:52:41.575426+00:00
3510,Sophia Walker,Contractor,2025-01-04T18:17:50.667202+00:00
3511,Henry Brown,Part-Time,2024-11-19T23:29:43.382569+00:00
3512,Emily Wright,Full-Time,2024-02-23T15:48:04.908062+00:00
3513,Lucas Thompson,Full-Time,2024-12-15T00:32:22.215590+00:00
3514,Isabella Scott,Part-Time,2025-05-24T17:35:08.610412+00:00
3515,Lucas Adams,Part-Time,2025-01-10T03:24:34.296920+00:00
3516,James Gonzalez,Contractor,2024-10-30T04:05:09.639578+00:00
3517,Jacob Gonzalez,Full-Time,2024-06-19T15:02:15.965589+00:00
3518,Henry Garcia,Full-Time,2025-03-26T12:49:17.834560+00:00
3519,Victoria White,Contractor,2025-03-04T06:05:03.542673+00:00
3520,Mason Baker,Full-Time,2025-04-02T08:18:37.689910+00:00
3521,James White,Full-Time,2024-10-24T07:35:18.847516+00:00
3522,Elizabeth Lewis,Full-Time,2024-04-27T14:10:01.361861+00:00
3523,Mason Baker,Full-Time,2024-01-02T03:42:25.541837+00:00
3524,Aisha Garcia,Part-Time,2024-05-20T08:59:25.798994+00:00
3525,Henry Patel,Full-Time,2025-05-03T16:22:38.477004+00:00
3526,Mia Khan,Full-Time,2024-10-24T15:07:47.666412+00:00
3527,Jacob Nguyen,Part-Time,2025-04-19T20:20:46.108281+00:00
3528,Daniel Hernandez,Full-Time,2024-12-02T13:56:03.753003+00:00
3529,John Adams,Full-Time,2024-11-27T19:55:50.803250+00:00
3530,Joseph Patel,Full-Time,2025-04-22T15:28:52.753875+00:00
3531,Ethan Kim,Full-Time,2024-12-10T15:20:07.434296+00:00
3532,Henry Kim,Contractor,2024-04-14T16:47:49.377461+00:00
3533,Elijah Wright,Full-Time,2025-04-22T23:36:03.556787+00:00
3534,Mia Garcia,Full-Time,2024-03-20T19:21:39.107098+00:00
3535,Sofia Smith,Contractor,2024-02-03T20:22:25.485384+00:00
3536,Isabella Lee,Full-Time,2024-08-19T12:18:07.554529+00:00
3537,Sofia Gonzalez,Full-Time,2024-09-03T21:02:59.737626+00:00
3538,Isabella Wilson,Full-Time,2024-02-17T05:04:28.668216+00:00
3539,Charlotte Lopez,Part-Time,2024-10-06T17:47:18.395604+00:00
3540,Ethan Patel,Contractor,2024-11-14T05:39:01.207323+00:00
3541,Emma Garcia,Full-Time,2024-06-24T11:56:59.363043+00:00
3542,Lucas Nelson,Contractor,2025-01-23T12:03:15.791814+00:00
3543,Alexander Patel,Full-Time,2024-07-18T16:47:35.920010+00:00
3544,Chloe Chen,Part-Time,2025-02-02T00:24:54.170746+00:00
3545,Elizabeth Thompson,Full-Time,2024-11-14T14:40:35.145184+00:00
3546,Joseph Garcia,Contractor,2025-01-17T00:08:46.713103+00:00
3547,Sophia Gonzalez,Full-Time,2024-11-25T14:47:49.650942+00:00
3548,Lucas Brown,Full-Time,2024-04-06T11:38:50.810608+00:00
3549,Alexander Patel,Contractor,2025-04-24T02:25:25.202394+00:00
3550,Emily Green,Part-Time,2024-01-04T19:34:27.213290+00:00
3551,Michael Gonzalez,Full-Time,2025-03-08T11:17:29.751100+00:00
3552,Sofia Davis,Full-Time,2024-10-10T23:44:21.657726+00:00
3553,Emily Nguyen,Full-Time,2024-01-17T15:53:41.822665+00:00
3554,Michael Clark,Full-Time,2025-02-25T18:29:24.932598+00:00
3555,Jacob Brown,Part-Time,2024-01-29T04:05:20.159453+00:00
3556,Mia Davis,Full-Time,2025-02-22T10:48:59.556064+00:00
3557,Amelia Walker,Full-Time,2024-07-30T08:54:40.670193+00:00
3558,Carlos Wright,Full-Time,2024-06-07T04:50:15.873617+00:00
3559,Mia Green,Full-Time,2025-05-18T09:11:51.287253+00:00
3560,Michael Lee,Part-Time,2025-03-22T01:20:38.914811+00:00
3561,Liam Wright,Full-Time,2025-05-14T23:45:23.308740+00:00
3562,Emily Young,Part-Time,2024-04-03T16:24:16.580707+00:00
3563,Ava Wilson,Full-Time,2024-05-21T20:27:05.108467+00:00
3564,Emma Allen,Contractor,2024-12-03T12:03:40.416196+00:00
3565,Liam Scott,Part-Time,2024-01-21T21:33:33.261581+00:00
3566,Henry Wilson,Full-Time,2024-05-18T00:31:16.720736+00:00
3567,Aisha Davis,Full-Time,2025-05-01T19:53:19.886918+00:00
3568,John Chen,Part-Time,2024-01-22T19:33:57.338619+00:00
3569,Abigail Scott,Full-Time,2024-05-15T13:50:35.027519+00:00
3570,Harper Wilson,Full-Time,2024-04-04T23:18:38.900232+00:00
3571,Liam Patel,Full-Time,2025-01-08T20:21:12.369116+00:00
3572,Oliver Kim,Part-Time,2025-02-25T18:37:35.143925+00:00
3573,Harper Green,Full-Time,2024-09-25T06:52:10.993381+00:00
3574,Isabella Martinez,Full-Time,2024-05-02T01:10:07.934340+00:00
3575,Chloe Thompson,Full-Time,2024-07-18T06:29:14.310010+00:00
3576,Jacob King,Full-Time,2025-05-14T12:27:32.510089+00:00
3577,Henry Hall,Full-Time,2024-11-12T04:55:48.889575+00:00
3578,Sofia Green,Full-Time,2024-11-06T11:54:39.212077+00:00
3579,John Nguyen,Full-Time,2024-04-08T01:37:21.811388+00:00
3580,Ethan Davis,Full-Time,2025-02-21T19:27:43.165331+00:00
3581,Sofia Clark,Full-Time,2024-01-21T15:01:07.250766+00:00
3582,Harper Brown,Part-Time,2024-12-16T22:14:50.253168+00:00
3583,Oliver Thompson,Full-Time,2024-02-27T18:29:53.147550+00:00
3584,John Thompson,Part-Time,2025-03-01T18:35:57.672248+00:00
3585,John Green,Full-Time,2024-04-15T20:22:38.631573+00:00
3586,Amelia Rodriguez,Part-Time,2025-02-07T00:16:34.303180+00:00
3587,Abigail Young,Contractor,2024-07-13T06:51:27.944198+00:00
3588,Isabella Baker,Full-Time,2025-03-16T00:41:41.021578+00:00
3589,Amelia Thompson,Full-Time,2024-04-06T10:39:52.313688+00:00
3590,Harper Carter,Full-Time,2024-05-20T12:13:31.453679+00:00
3591,Aisha Lewis,Full-Time,2024-08-25T19:37:40.282751+00:00
3592,Aisha Khan,Part-Time,2024-09-25T22:57:35.750130+00:00
3593,Ava Green,Full-Time,2024-05-27T08:07:43.459010+00:00
3594,Jacob Walker,Full-Time,2025-01-29T12:35:14.909189+00:00
3595,Joseph Garcia,Full-Time,2024-06-27T10:38:33.913955+00:00
3596,Mason Baker,Full-Time,2025-03-19T03:41:39.212445+00:00
3597,Joseph Lopez,Full-Time,2024-09-03T10:04:21.859013+00:00
3598,David Davis,Full-Time,2024-04-30T06:11:27.423991+00:00
3599,Sophia Lopez,Full-Time,2025-05-01T14:07:15.330492+00:00
3600,Amelia Nguyen,Full-Time,2024-07-09T05:42:33.041640+00:00
3601,Ethan Chen,Full-Time,2024-12-03T16:54:48.523621+00:00
3602,Mia Scott,Full-Time,2024-10-17T22:49:22.946189+00:00
3603,Liam Clark,Part-Time,2024-05-09T07:50:24.093063+00:00
3604,Harper Lee,Full-Time,2025-05-16T10:23:09.211985+00:00
3605,John Rodriguez,Contractor,2024-06-16T22:39:41.923852+00:00
3606,Henry Hernandez,Contractor,2023-11-12T08:51:22.408718+00:00
3606,Henry Hernandez,Full-Time,2024-04-09T05:22:35.115373+00:00
3607,Liam Allen,Part-Time,2024-08-05T22:44:12.906964+00:00
3608,Isabella Martinez,Full-Time,2024-12-09T15:01:27.474496+00:00
3609,Alexander Chen,Full-Time,2024-11-16T10:18:42.817553+00:00
3610,Harper Young,Full-Time,2024-06-21T10:39:13.886083+00:00
3611,Joseph Clark,Full-Time,2024-09-09T23:40:10.406451+00:00
3612,Chloe Patel,Full-Time,2024-02-22T22:30:18.073965+00:00
3613,Oliver White,Full-Time,2024-01-23T12:12:37.803104+00:00
3614,Victoria Green,Full-Time,2025-01-13T21:49:56.518365+00:00
3615,Liam Baker,Part-Time,2024-04-23T05:39:15.583724+00:00
3616,Ava Thompson,Full-Time,2024-01-19T18:48:52.323222+00:00
3617,John Green,Full-Time,2024-05-23T20:25:07.986318+00:00
3618,David Thompson,Full-Time,2025-04-18T18:57:32.067010+00:00
3619,Sofia Wilson,Full-Time,2023-10-09T03:41:06.918019+00:00
3619,Sofia Wilson,Part-Time,2025-02-09T20:01:03.368329+00:00
3620,Harper Brown,Full-Time,2024-05-22T03:25:38.787113+00:00
3621,Elijah Smith,Contractor,2024-09-08T03:19:58.147373+00:00
3622,Ava Green,Part-Time,2024-02-21T08:21:06.177862+00:00
3623,Mason Walker,Full-Time,2024-12-23T05:49:09.372278+00:00
3624,Alexander Baker,Full-Time,2024-03-25T06:47:31.547470+00:00
3625,Liam Patel,Part-Time,2023-06-04T18:07:23.383075+00:00
3625,Liam Patel,Full-Time,2024-04-08T18:36:33.944581+00:00
3626,Elijah White,Part-Time,2025-01-10T17:48:14.674534+00:00
3627,Lucas Thompson,Full-Time,2024-05-31T08:02:22.580278+00:00
3628,Aisha Baker,Full-Time,2024-03-10T00:08:57.014608+00:00
3629,Sofia Thompson,Full-Time,2025-01-23T03:07:42.826233+00:00
3630,Mia Adams,Full-Time,2024-02-02T10:57:19.431154+00:00
3631,Elijah Nelson,Full-Time,2024-03-28T21:58:15.083444+00:00
3632,James Lee,Full-Time,2025-04-03T01:23:22.481588+00:00
3633,Liam Wilson,Part-Time,2024-04-18T15:29:56.688582+00:00
3634,Amelia Green,Full-Time,2024-04-27T14:36:49.486803+00:00
3635,Elijah Walker,Part-Time,2025-01-01T03:20:56.586200+00:00
3636,Emily Baker,Full-Time,2025-05-26T13:44:37.770405+00:00
3637,Ava Baker,Full-Time,2024-11-09T10:00:03.862953+00:00
3638,David Walker,Full-Time,2024-11-07T00:32:07.844290+00:00
3639,Maria Martinez,Full-Time,2024-07-11T15:28:39.698947+00:00
3640,Victoria Wilson,Part-Time,2024-02-29T04:09:31.109885+00:00
3641,Oliver Khan,Full-Time,2024-12-25T05:43:08.489225+00:00
3642,Sofia Nelson,Full-Time,2024-11-29T06:33:20.878710+00:00
3643,Oliver Khan,Full-Time,2024-10-03T12:28:49.405086+00:00
3644,Mason Davis,Full-Time,2024-01-27T00:56:04.604284+00:00
3645,Carlos Clark,Full-Time,2024-02-12T20:53:15.974971+00:00
3646,Emma Lewis,Full-Time,2024-10-08T14:08:53.801132+00:00
3647,Charlotte Brown,Full-Time,2025-03-12T04:12:59.743594+00:00
3648,Ava Davis,Part-Time,2024-04-23T02:53:32.237853+00:00
3649,Emma Rodriguez,Full-Time,2024-02-06T15:30:38.036652+00:00
3650,Emma Young,Part-Time,2023-10-26T06:42:30.895852+00:00
3650,Emma Young,Full-Time,2024-12-15T12:38:42.023372+00:00
3651,Emily Patel,Full-Time,2024-01-06T21:57:09.448091+00:00
3652,Maria Patel,Part-Time,2025-01-05T22:41:03.708695+00:00
3653,Emma Young,Full-Time,2025-01-15T17:56:32.217093+00:00
3654,Emma Wilson,Full-Time,2024-09-03T15:21:42.708321+00:00
3655,Liam Baker,Part-Time,2024-10-03T12:33:13.846802+00:00
3656,Abigail Khan,Part-Time,2025-01-18T23:11:02.809198+00:00
3657,Maria Rodriguez,Contractor,2024-06-09T11:44:08.330215+00:00
3658,Sofia Hall,Part-Time,2024-05-13T19:01:10.767429+00:00
3659,Emma Rodriguez,Full-Time,2024-10-22T16:27:08.089946+00:00
3660,Joseph Hall,Full-Time,2025-04-11T23:02:32.255258+00:00
3661,Carlos Rodriguez,Full-Time,2025-01-26T12:52:16.410585+00:00
3662,James Young,Full-Time,2024-01-21T17:11:51.049853+00:00
3663,Chloe Gonzalez,Contractor,2023-06-12T09:15:49.881217+00:00
3663,Chloe Gonzalez,Full-Time,2024-11-03T09:29:37.737490+00:00
3664,John Lewis,Part-Time,2024-07-12T20:39:08.364651+00:00
3665,Emily Wilson,Full-Time,2024-09-21T15:38:46.880553+00:00
3666,Amelia Scott,Full-Time,2024-03-04T01:39:57.490361+00:00
3667,Henry Rodriguez,Part-Time,2024-09-19T11:50:08.961007+00:00
3668,Michael Wright,Full-Time,2024-07-06T20:47:07.518071+00:00
3669,Elijah Lopez,Part-Time,2024-10-10T10:54:48.306346+00:00
3670,James Nelson,Full-Time,2024-04-16T15:52:05.272170+00:00
3671,Henry Gonzalez,Full-Time,2025-02-07T11:40:26.113857+00:00
3672,Maria Lee,Full-Time,2024-02-01T03:28:59.737664+00:00
3673,Aisha Nguyen,Part-Time,2024-05-09T16:39:35.068812+00:00
3674,Sofia Smith,Full-Time,2025-01-11T04:12:17.574022+00:00
3675,Charlotte Nelson,Full-Time,2025-04-22T13:14:17.387045+00:00
3676,Lucas Lopez,Contractor,2023-09-13T00:25:40.096907+00:00
3676,Lucas Lopez,Part-Time,2024-04-06T06:45:55.622811+00:00
3677,Carlos Scott,Full-Time,2024-03-20T10:38:52.135194+00:00
3678,Carlos Rodriguez,Full-Time,2024-11-13T14:02:51.076504+00:00
3679,Jacob Kim,Full-Time,2024-11-26T23:31:51.619667+00:00
3680,Mia Green,Full-Time,2024-01-11T14:58:25.764028+00:00
3681,Henry Davis,Full-Time,2025-01-07T01:00:49.929753+00:00
3682,Chloe Thompson,Full-Time,2025-05-07T21:02:42.760262+00:00
3683,Ethan Wilson,Full-Time,2024-01-21T22:04:09.528719+00:00
3684,Daniel Hall,Contractor,2024-11-20T00:39:25.800410+00:00
3685,Elijah King,Contractor,2024-07-10T16:33:46.686795+00:00
3686,Jacob Brown,Full-Time,2025-02-08T13:58:11.276454+00:00
3687,Abigail Hernandez,Full-Time,2024-04-05T21:47:37.711145+00:00
3688,Lucas Patel,Full-Time,2024-08-29T00:34:19.946527+00:00
3689,Mia Green,Part-Time,2025-03-18T18:17:32.917936+00:00
3690,Maria White,Full-Time,2023-11-07T23:03:42.964915+00:00
3690,Maria White,Part-Time,2024-07-07T23:23:36.697007+00:00
3691,Charlotte Walker,Full-Time,2025-05-13T21:07:33.487219+00:00
3692,Victoria Khan,Full-Time,2024-06-23T09:12:21.375184+00:00
3693,Jacob Khan,Contractor,2024-05-29T11:25:27.794310+00:00
3694,Ava Thompson,Full-Time,2025-01-27T11:15:05.983910+00:00
3695,Alexander Martinez,Full-Time,2023-01-18T21:23:22.129924+00:00
3695,Alexander Martinez,Part-Time,2024-05-12T05:00:46.222740+00:00
3696,Michael Nguyen,Full-Time,2024-04-23T19:46:19.544131+00:00
3697,Amelia Chen,Full-Time,2024-12-30T21:35:37.415709+00:00
3698,Victoria Gonzalez,Part-Time,2025-02-07T22:08:14.577991+00:00
3699,Aisha Martinez,Full-Time,2024-02-16T21:32:48.802124+00:00
3700,Lucas Carter,Full-Time,2024-07-26T18:17:32.553140+00:00
3701,Michael White,Full-Time,2024-07-27T14:38:13.145705+00:00
3702,James Garcia,Contractor,2025-04-16T00:01:17.165075+00:00
3703,Sophia Young,Contractor,2024-02-18T21:25:46.378808+00:00
3704,Henry Smith,Part-Time,2023-09-12T09:25:19.933815+00:00
3704,Henry Smith,Full-Time,2024-04-04T19:36:44.397768+00:00
3705,Maria Patel,Full-Time,2024-06-20T15:27:12.175537+00:00
3706,Henry Nguyen,Full-Time,2025-03-05T16:29:28.544359+00:00
3707,John Clark,Full-Time,2024-06-20T06:23:07.164651+00:00
3708,Sophia Lewis,Part-Time,2025-02-26T05:16:47.518534+00:00
3709,Sofia Green,Contractor,2025-03-28T14:38:49.221041+00:00
3710,Ava Scott,Full-Time,2025-02-10T08:07:12.651510+00:00
3711,Oliver Khan,Full-Time,2024-11-05T16:38:54.974127+00:00
3712,Sofia Hall,Full-Time,2024-05-29T22:06:06.647796+00:00
3713,Mason Scott,Full-Time,2024-06-24T22:24:14.325868+00:00
3714,Maria Davis,Part-Time,2024-07-27T22:25:09.613892+00:00
3715,Elijah Kim,Contractor,2024-11-07T04:04:09.560328+00:00
3716,Amelia Garcia,Full-Time,2024-05-21T02:02:31.531046+00:00
3717,Emily Green,Full-Time,2024-05-10T21:22:26.135706+00:00
3718,James Hall,Full-Time,2024-10-02T00:31:30.568490+00:00
3719,James Wright,Full-Time,2025-02-03T02:57:47.062841+00:00
3720,Emily Clark,Contractor,2023-10-31T23:18:59.646563+00:00
3720,Emily Clark,Full-Time,2024-07-21T21:21:12.703397+00:00
3721,Chloe Brown,Full-Time,2024-02-19T05:46:17.045556+00:00
3722,Oliver Adams,Part-Time,2024-01-10T05:13:56.178421+00:00
3723,James Martinez,Part-Time,2024-01-29T09:55:49.295141+00:00
3724,Ava Wright,Full-Time,2025-03-29T18:27:05.654661+00:00
3725,Emma Patel,Full-Time,2024-12-17T08:35:18.494771+00:00
3726,Carlos Young,Contractor,2024-04-19T04:39:05.917472+00:00
3727,Charlotte Thompson,Full-Time,2024-06-23T16:38:50.027798+00:00
3728,Aisha Adams,Full-Time,2024-04-04T02:04:07.632131+00:00
3729,Liam Carter,Full-Time,2024-09-05T22:38:46.052913+00:00
3730,Amelia Thompson,Contractor,2025-03-02T12:05:33.402220+00:00
3731,Jacob Brown,Full-Time,2024-06-04T22:55:27.417075+00:00
3732,John Baker,Contractor,2023-05-27T08:26:15.465820+00:00
3732,John Baker,Part-Time,2024-06-24T18:12:19.687221+00:00
3733,Harper Nelson,Part-Time,2025-04-13T05:27:40.608579+00:00
3734,Oliver Green,Full-Time,2024-04-29T21:53:55.299582+00:00
3735,Abigail Nguyen,Full-Time,2024-12-08T04:25:15.619389+00:00
3736,David Patel,Part-Time,2023-05-26T19:42:50.671828+00:00
3736,David Patel,Full-Time,2024-01-25T08:42:44.777159+00:00
3737,Abigail Garcia,Part-Time,2024-05-26T14:19:53.335287+00:00
3738,Charlotte Patel,Part-Time,2024-08-20T10:39:53.762439+00:00
3739,Ethan Kim,Full-Time,2024-11-02T16:44:01.308499+00:00
3740,Henry Lopez,Part-Time,2024-12-02T22:10:01.257315+00:00
3741,Victoria Wilson,Part-Time,2024-05-31T14:46:51.671612+00:00
3742,Abigail Lopez,Full-Time,2024-10-18T18:35:16.489073+00:00
3743,Amelia Hernandez,Full-Time,2024-05-31T00:44:42.591549+00:00
3744,Mia Martinez,Contractor,2025-04-01T20:19:28.227980+00:00
3745,Liam Lee,Part-Time,2025-02-18T00:44:13.633619+00:00
3746,Mason Hall,Part-Time,2025-02-02T05:25:16.389755+00:00
3747,Chloe Scott,Full-Time,2025-05-07T19:15:08.397644+00:00
3748,Aisha Green,Full-Time,2024-01-12T18:41:30.378208+00:00
3749,Joseph Rodriguez,Full-Time,2024-03-01T09:19:39.330097+00:00
3750,Henry Patel,Full-Time,2024-03-30T05:14:12.678996+00:00
3751,Ava Allen,Full-Time,2025-05-25T06:38:46.980655+00:00
3752,Mason White,Full-Time,2024-12-05T21:14:00.242978+00:00
3753,Abigail Clark,Part-Time,2024-09-23T20:48:26.438081+00:00
3754,Maria Hall,Part-Time,2025-04-05T06:57:06.500874+00:00
3755,Henry Nguyen,Contractor,2025-04-07T20:29:01.023551+00:00
3756,Chloe Hernandez,Full-Time,2025-02-16T18:03:13.485024+00:00
3757,Amelia Scott,Full-Time,2024-07-03T00:35:15.444300+00:00
3758,Amelia Adams,Full-Time,2024-02-17T23:08:23.689448+00:00
3759,Daniel Lopez,Full-Time,2024-11-19T08:54:14.684053+00:00
3760,Ava Smith,Full-Time,2025-02-18T21:13:59.572522+00:00
3761,Liam Rodriguez,Part-Time,2025-02-18T02:38:46.028474+00:00
3762,Michael Hernandez,Contractor,2025-01-19T23:11:34.562309+00:00
3763,Ethan Martinez,Part-Time,2024-07-23T12:25:51.912901+00:00
3764,Amelia Clark,Full-Time,2025-01-31T14:57:33.858068+00:00
3765,Isabella Brown,Part-Time,2025-03-03T02:06:32.001037+00:00
3766,Elijah Nelson,Part-Time,2024-01-01T12:02:36.037836+00:00
3767,Chloe Scott,Contractor,2024-07-18T16:53:33.982347+00:00
3768,Aisha Nguyen,Part-Time,2025-01-26T13:10:57.916234+00:00
3769,Lucas Garcia,Full-Time,2024-04-09T04:18:52.538558+00:00
3770,Emily Patel,Full-Time,2024-02-03T23:19:50.101165+00:00
3771,Aisha Walker,Full-Time,2024-11-19T02:51:40.393393+00:00
3772,Carlos Young,Full-Time,2024-07-28T04:43:24.116747+00:00
3773,Charlotte Martinez,Part-Time,2025-05-02T01:18:17.041782+00:00
3774,Henry Rodriguez,Full-Time,2024-07-07T23:15:40.823514+00:00
3775,Isabella Walker,Full-Time,2024-09-11T01:44:57.863279+00:00
3776,David Hall,Full-Time,2024-01-30T20:20:12.377429+00:00
3777,David Davis,Part-Time,2025-01-26T09:38:30.396949+00:00
3778,Henry Davis,Full-Time,2024-06-25T18:06:19.971375+00:00
3779,Emma Carter,Part-Time,2025-02-27T17:47:10.407221+00:00
3780,Daniel Khan,Contractor,2024-10-17T01:28:04.485024+00:00
3781,Carlos Lewis,Full-Time,2025-04-25T11:06:17.898018+00:00
3782,Ethan Garcia,Contractor,2024-04-11T19:11:02.539724+00:00
3783,Victoria White,Full-Time,2024-03-09T01:22:47.071832+00:00
3784,Michael King,Part-Time,2024-03-28T20:24:41.055915+00:00
3785,Alexander Scott,Full-Time,2024-10-06T10:10:00.603013+00:00
3786,Emma Gonzalez,Full-Time,2025-03-11T19:36:14.495819+00:00
3787,Elijah Chen,Full-Time,2024-03-24T19:34:09.112140+00:00
3788,Daniel Nguyen,Full-Time,2024-08-04T10:25:38.528446+00:00
3789,Michael Davis,Full-Time,2024-10-07T03:44:26.304056+00:00
3790,Alexander Lopez,Full-Time,2024-04-21T23:08:23.289418+00:00
3791,Carlos Hall,Full-Time,2024-10-30T23:32:14.844023+00:00
3792,Elijah Young,Full-Time,2025-03-19T07:04:48.833744+00:00
3793,Jacob Brown,Contractor,2024-02-18T11:41:02.353825+00:00
3794,Isabella Hall,Contractor,2024-05-01T07:52:49.602705+00:00
3795,Ava Lewis,Part-Time,2024-07-23T08:36:11.242392+00:00
3796,Liam Rodriguez,Contractor,2025-01-15T02:09:48.404185+00:00
3797,Sophia Kim,Contractor,2024-02-08T13:35:54.514554+00:00
3798,Elijah Wilson,Contractor,2023-12-12T01:37:23.400768+00:00
3798,Elijah Wilson,Part-Time,2025-04-03T18:12:21.032544+00:00
3799,Charlotte Chen,Full-Time,2024-05-13T22:38:35.112532+00:00
3800,Henry Kim,Full-Time,2024-06-23T11:46:24.843093+00:00
3801,Sophia Baker,Contractor,2023-09-16T03:03:19.887223+00:00
3801,Sophia Baker,Full-Time,2024-08-06T13:09:51.916467+00:00
3802,Mason Clark,Contractor,2023-06-11T15:33:20.635318+00:00
3802,Mason Clark,Part-Time,2025-03-11T01:30:45.341359+00:00
3803,Charlotte Young,Full-Time,2024-06-22T15:15:29.918709+00:00
3804,David Patel,Full-Time,2024-12-26T13:06:41.371309+00:00
3805,Chloe Scott,Full-Time,2025-05-25T03:53:10.382724+00:00
3806,Victoria Nelson,Part-Time,2024-07-25T13:32:30.487790+00:00
3807,Sophia Clark,Contractor,2024-09-22T21:01:51.758690+00:00
3808,Amelia Smith,Full-Time,2024-01-02T03:43:12.086973+00:00
3809,Amelia Wilson,Full-Time,2024-03-28T16:36:59.615874+00:00
3810,Mason King,Full-Time,2024-03-22T16:16:53.567872+00:00
3811,Elizabeth Wright,Full-Time,2024-06-20T21:08:53.326929+00:00
3812,David Chen,Full-Time,2024-07-26T17:33:21.083140+00:00
3813,Amelia Garcia,Part-Time,2023-05-18T22:47:41.478032+00:00
3813,Amelia Garcia,Full-Time,2025-01-30T01:21:02.262400+00:00
3814,Charlotte Garcia,Contractor,2024-03-12T04:13:01.981914+00:00
3815,Elizabeth Gonzalez,Part-Time,2025-05-04T20:37:14.193354+00:00
3816,Isabella Clark,Full-Time,2024-11-08T09:31:51.978347+00:00
3817,Jacob Patel,Contractor,2024-03-06T02:04:25.266407+00:00
3818,James Hernandez,Part-Time,2025-05-03T01:38:11.880945+00:00
3819,Mason Adams,Contractor,2024-11-02T21:19:12.660459+00:00
3820,Ethan Hall,Contractor,2023-05-04T05:28:42.536050+00:00
3820,Ethan Hall,Full-Time,2024-06-01T22:39:57.803053+00:00
3821,Emily Garcia,Full-Time,2024-05-25T11:15:49.588400+00:00
3822,David Gonzalez,Contractor,2025-01-20T08:27:32.708097+00:00
3823,James Baker,Full-Time,2025-04-18T19:58:15.514987+00:00
3824,Harper Scott,Full-Time,2024-09-02T00:13:43.824969+00:00
3825,Charlotte Patel,Contractor,2024-08-19T21:06:10.803395+00:00
3826,Daniel Garcia,Contractor,2024-02-02T13:34:45.064352+00:00
3827,Victoria Carter,Contractor,2023-04-03T11:50:25.270371+00:00
3827,Victoria Carter,Full-Time,2024-09-09T15:18:18.440060+00:00
3828,Amelia Adams,Full-Time,2025-01-03T14:39:40.757527+00:00
3829,Amelia Davis,Full-Time,2024-10-22T21:36:51.210297+00:00
3830,Sophia Brown,Part-Time,2024-09-29T23:42:57.217224+00:00
3831,John Scott,Full-Time,2024-12-16T00:57:15.851637+00:00
3832,Harper Wright,Full-Time,2024-05-18T03:57:24.014948+00:00
3833,Maria Wright,Part-Time,2024-07-19T03:34:52.903504+00:00
3834,Emily Gonzalez,Full-Time,2024-01-16T17:10:03.115031+00:00
3835,Sofia Kim,Full-Time,2024-10-04T22:16:24.250486+00:00
3836,Emily Wright,Contractor,2023-10-21T17:53:44.665058+00:00
3836,Emily Wright,Full-Time,2024-04-03T15:37:47.876340+00:00
3837,Elizabeth Gonzalez,Full-Time,2024-04-10T14:28:20.731445+00:00
3838,Alexander Hall,Full-Time,2024-05-06T12:26:40.107332+00:00
3839,Oliver Walker,Part-Time,2025-03-01T22:45:23.914006+00:00
3840,Mason Martinez,Full-Time,2025-04-07T11:29:17.734326+00:00
3841,Liam Hernandez,Full-Time,2024-05-13T18:05:17.219177+00:00
3842,Michael Lee,Full-Time,2024-06-22T08:04:34.774247+00:00
3843,Joseph Lee,Contractor,2024-06-25T03:20:00.599625+00:00
3844,Elijah Kim,Full-Time,2024-10-29T05:17:51.256497+00:00
3845,Mason Hernandez,Full-Time,2025-02-05T00:04:33.257753+00:00
3846,Abigail Chen,Full-Time,2025-05-23T14:28:38.099931+00:00
3847,Liam Scott,Full-Time,2024-01-14T03:55:00.966001+00:00
3848,Sophia Lewis,Contractor,2025-05-02T03:11:34.704009+00:00
3849,Michael Patel,Full-Time,2025-01-22T19:43:22.940228+00:00
3850,Jacob Lewis,Full-Time,2024-04-09T14:29:32.116160+00:00
3851,Sofia Garcia,Contractor,2024-02-28T01:40:48.567037+00:00
3852,Joseph Nelson,Full-Time,2024-04-12T03:54:28.518374+00:00
3853,Emily Clark,Full-Time,2024-01-20T08:02:45.487869+00:00
3854,Abigail Thompson,Full-Time,2024-02-15T06:00:27.793598+00:00
3855,Jacob Gonzalez,Full-Time,2025-02-28T13:24:11.138899+00:00
3856,Lucas Chen,Full-Time,2024-03-30T00:15:03.367018+00:00
3857,Ava Green,Full-Time,2025-03-09T22:25:05.054857+00:00
3858,Liam Clark,Part-Time,2024-08-17T11:29:17.890724+00:00
3859,Michael Brown,Full-Time,2024-11-14T10:55:48.283266+00:00
3860,Amelia Chen,Full-Time,2025-01-29T21:16:38.853261+00:00
3861,Emma Brown,Part-Time,2024-03-31T23:13:20.489135+00:00
3862,Daniel Nguyen,Full-Time,2024-09-25T16:03:10.543651+00:00
3863,Aisha Davis,Part-Time,2024-01-04T10:49:01.234686+00:00
3864,Abigail Davis,Full-Time,2024-09-20T19:31:01.498915+00:00
3865,Alexander Scott,Full-Time,2024-03-11T04:53:39.635990+00:00
3866,Emily Adams,Contractor,2023-03-07T03:06:39.597490+00:00
3866,Emily Adams,Full-Time,2025-05-05T04:40:59.176756+00:00
3867,Henry Baker,Full-Time,2024-05-23T09:40:22.330346+00:00
3868,Elijah Davis,Full-Time,2024-06-22T08:06:29.295218+00:00
3869,Emily Walker,Full-Time,2024-06-23T04:22:11.030327+00:00
3870,Chloe Wright,Part-Time,2024-06-11T18:56:00.574035+00:00
3871,Jacob Lee,Full-Time,2024-06-05T05:31:03.305791+00:00
3872,Sofia Wilson,Part-Time,2024-08-07T14:51:24.435548+00:00
3873,Emily Patel,Full-Time,2025-03-12T13:40:25.559728+00:00
3874,James Brown,Full-Time,2024-06-06T09:49:47.063159+00:00
3875,Mason White,Full-Time,2024-05-01T06:49:06.382743+00:00
3876,Sofia Young,Part-Time,2024-02-05T12:30:52.536887+00:00
3877,John Young,Full-Time,2024-01-18T08:00:50.048739+00:00
3878,Ava Adams,Full-Time,2024-04-03T10:37:08.123601+00:00
3879,Liam Hall,Contractor,2023-05-06T20:12:11.523909+00:00
3879,Liam Hall,Full-Time,2025-03-12T15:00:56.055805+00:00
3880,Daniel Lopez,Full-Time,2025-05-25T11:40:35.005916+00:00
3881,Sophia Rodriguez,Full-Time,2025-03-12T05:24:40.326705+00:00
3882,Mason Adams,Full-Time,2024-11-22T22:42:22.856671+00:00
3883,David Hall,Full-Time,2024-03-17T19:09:50.712436+00:00
3884,John Davis,Full-Time,2024-09-21T08:32:46.375836+00:00
3885,Elijah Wright,Full-Time,2025-05-02T04:44:42.952400+00:00
3886,Carlos Thompson,Part-Time,2024-03-29T16:25:24.979150+00:00
3887,Liam Davis,Full-Time,2024-02-02T06:37:00.140226+00:00
3888,Lucas Rodriguez,Part-Time,2024-11-26T23:03:38.953851+00:00
3889,Mia Wilson,Full-Time,2025-01-13T17:54:21.179171+00:00
3890,Emma Clark,Full-Time,2024-09-08T03:11:24.086996+00:00
3891,Ava Gonzalez,Full-Time,2024-09-30T04:18:05.212761+00:00
3892,Joseph Scott,Full-Time,2024-02-14T16:16:31.279366+00:00
3893,Victoria Lee,Part-Time,2025-04-06T14:58:24.108407+00:00
3894,Joseph Gonzalez,Full-Time,2025-01-18T02:55:44.595745+00:00
3895,Abigail Walker,Full-Time,2024-07-13T09:08:06.156214+00:00
3896,James Young,Full-Time,2024-02-16T06:57:42.284729+00:00
3897,Victoria Lopez,Part-Time,2024-10-11T02:22:57.749284+00:00
3898,Liam Scott,Full-Time,2025-03-21T19:30:06.353094+00:00
3899,David Nguyen,Full-Time,2024-03-31T01:21:33.149711+00:00
3900,Victoria Thompson,Full-Time,2025-02-07T20:08:59.603111+00:00
3901,Ava Lee,Contractor,2025-04-20T01:59:05.249042+00:00
3902,Michael Lee,Part-Time,2023-02-28T04:04:33.847854+00:00
3902,Michael Lee,Full-Time,2024-10-22T19:41:27.783846+00:00
3903,Ava Green,Part-Time,2025-05-05T02:10:13.344844+00:00
3904,Chloe Young,Full-Time,2024-10-27T04:41:45.535122+00:00
3905,Mia Clark,Full-Time,2024-03-14T19:21:49.790662+00:00
3906,Elijah Young,Full-Time,2024-12-26T08:48:49.391920+00:00
3907,Harper Thompson,Full-Time,2025-04-27T01:32:19.419745+00:00
3908,Isabella Green,Full-Time,2025-01-06T19:33:57.621842+00:00
3909,Victoria Carter,Full-Time,2025-02-18T15:04:24.377179+00:00
3910,Jacob Clark,Contractor,2024-10-19T22:41:24.893255+00:00
3911,Ethan Lewis,Full-Time,2025-05-03T22:17:20.723838+00:00
3912,Sophia Nguyen,Full-Time,2024-08-17T05:19:50.219726+00:00
3913,David Smith,Full-Time,2024-03-30T10:21:28.526640+00:00
3914,Carlos Kim,Part-Time,2023-09-20T05:01:14.454946+00:00
3914,Carlos Kim,Full-Time,2024-05-06T10:46:36.802014+00:00
3915,Victoria Carter,Full-Time,2023-11-12T07:59:09.263242+00:00
3915,Victoria Carter,Part-Time,2024-04-19T21:41:18.016437+00:00
3916,Michael Davis,Full-Time,2024-10-13T09:56:25.597213+00:00
3917,Harper Davis,Full-Time,2025-02-20T17:17:35.793893+00:00
3918,Liam Davis,Part-Time,2024-07-22T17:29:07.183709+00:00
3919,Aisha Martinez,Full-Time,2025-03-29T04:04:10.788567+00:00
3920,Ethan Carter,Full-Time,2025-04-27T01:55:02.748751+00:00
3921,Victoria Baker,Full-Time,2024-04-18T00:43:53.580999+00:00
3922,Abigail King,Full-Time,2024-11-23T00:00:10.294178+00:00
3923,Elizabeth Khan,Part-Time,2025-04-18T06:24:13.827921+00:00
3924,James Martinez,Full-Time,2025-05-16T17:00:39.596687+00:00
3925,Harper Lopez,Full-Time,2025-02-21T22:15:02.243471+00:00
3926,Michael Nguyen,Full-Time,2024-06-26T22:52:42.624482+00:00
3927,Elijah Thompson,Part-Time,2024-10-19T16:11:40.250069+00:00
3928,Emma Patel,Part-Time,2024-11-25T19:31:42.507010+00:00
3929,Elijah King,Full-Time,2024-02-17T10:33:10.530824+00:00
3930,Lucas Nelson,Full-Time,2025-03-21T05:03:17.389779+00:00
3931,Lucas Khan,Full-Time,2024-04-10T17:14:49.891298+00:00
3932,John Green,Contractor,2024-02-12T09:33:35.718662+00:00
3933,Sophia Wilson,Full-Time,2024-02-29T01:58:29.024070+00:00
3934,Elizabeth Khan,Full-Time,2025-01-10T09:22:22.237172+00:00
3935,Sofia Thompson,Full-Time,2025-03-20T15:11:26.531989+00:00
3936,Victoria Green,Full-Time,2024-12-04T16:10:14.828803+00:00
3937,Aisha Nguyen,Full-Time,2025-01-17T17:00:41.293878+00:00
3938,Emma Nguyen,Full-Time,2024-07-25T13:59:48.196528+00:00
3939,Oliver Lee,Full-Time,2024-11-12T18:45:28.914567+00:00
3940,James Baker,Full-Time,2024-06-24T22:15:50.991665+00:00
3941,David Clark,Full-Time,2024-11-15T14:03:21.812257+00:00
3942,Ava Brown,Full-Time,2024-04-08T17:22:39.323573+00:00
3943,Daniel Hernandez,Part-Time,2023-01-04T07:59:15.625258+00:00
3943,Daniel Hernandez,Full-Time,2024-01-07T21:05:32.808979+00:00
3944,Charlotte Gonzalez,Full-Time,2024-12-07T05:15:01.736254+00:00
3945,Mia Chen,Full-Time,2025-02-06T16:55:56.846395+00:00
3946,Charlotte Chen,Full-Time,2024-01-12T15:35:54.835988+00:00
3947,Elizabeth Davis,Contractor,2025-03-17T02:23:50.610993+00:00
3948,Michael Davis,Full-Time,2024-05-27T02:00:35.966494+00:00
3949,Oliver Patel,Part-Time,2024-10-30T09:19:54.260008+00:00
3950,Abigail King,Part-Time,2025-03-06T17:43:20.343556+00:00
3951,Carlos Smith,Full-Time,2023-05-23T00:17:37.454317+00:00
3951,Carlos Smith,Part-Time,2024-04-20T02:22:43.924188+00:00
3952,Alexander Davis,Part-Time,2024-10-26T07:32:44.379545+00:00
3953,Maria Chen,Full-Time,2024-08-20T18:22:37.531558+00:00
3954,Amelia Walker,Full-Time,2025-04-24T17:47:55.977486+00:00
3955,Michael Wright,Full-Time,2025-01-26T04:47:17.098231+00:00
3956,Oliver Thompson,Part-Time,2024-05-13T01:12:23.958733+00:00
3957,Carlos Rodriguez,Full-Time,2025-05-22T22:06:40.316385+00:00
3958,Aisha Adams,Full-Time,2024-11-11T02:39:36.699668+00:00
3959,Joseph White,Full-Time,2024-05-22T13:53:01.292971+00:00
3960,Elijah Khan,Full-Time,2025-01-05T03:41:34.109041+00:00
3961,Emma Adams,Part-Time,2023-05-11T05:16:43.594639+00:00
3961,Emma Adams,Full-Time,2024-10-30T02:05:08.062744+00:00
3962,Henry White,Full-Time,2025-03-17T04:27:15.198227+00:00
3963,Liam Hernandez,Full-Time,2025-05-03T20:16:58.214775+00:00
3964,Elijah Smith,Full-Time,2024-12-30T09:36:14.984938+00:00
3965,Jacob Brown,Full-Time,2024-03-04T23:14:27.363942+00:00
3966,Abigail Scott,Contractor,2024-10-16T13:14:27.722933+00:00
3967,David Wright,Full-Time,2025-02-07T15:34:07.603385+00:00
3968,Carlos Wright,Full-Time,2024-12-13T08:04:01.220912+00:00
3969,Alexander Wright,Full-Time,2025-03-08T17:14:14.525925+00:00
3970,Harper Lewis,Full-Time,2024-02-24T14:18:17.694174+00:00
3971,Ethan Gonzalez,Full-Time,2024-02-26T17:13:03.241276+00:00
3972,Aisha Nguyen,Part-Time,2024-09-20T18:37:16.964837+00:00
3973,James Thompson,Full-Time,2025-04-12T13:59:33.382564+00:00
3974,Henry White,Full-Time,2024-07-23T12:02:06.867419+00:00
3975,Emma Carter,Full-Time,2024-09-21T20:26:17.875456+00:00
3976,John Chen,Full-Time,2023-03-13T07:14:27.457956+00:00
3976,John Chen,Part-Time,2024-12-09T19:26:03.626715+00:00
3977,David Chen,Full-Time,2024-01-16T15:17:42.121622+00:00
3978,Liam Hernandez,Part-Time,2024-08-25T18:03:43.501384+00:00
3979,Lucas Brown,Full-Time,2024-02-22T03:43:02.169993+00:00
3980,Aisha Gonzalez,Part-Time,2024-06-19T09:17:56.243377+00:00
3981,Aisha Hall,Full-Time,2024-09-29T05:54:22.248523+00:00
3982,Isabella Carter,Full-Time,2025-02-14T22:14:24.205288+00:00
3983,Charlotte Nguyen,Part-Time,2024-01-13T17:12:58.580866+00:00
3984,Chloe Lee,Contractor,2023-05-12T18:41:12.849562+00:00
3984,Chloe Lee,Full-Time,2025-03-16T20:59:19.220291+00:00
3985,Alexander Baker,Full-Time,2024-08-08T07:49:05.815764+00:00
3986,Ethan Carter,Full-Time,2024-03-02T19:33:04.887623+00:00
3987,John Hernandez,Contractor,2023-12-02T01:33:42.458330+00:00
3987,John Hernandez,Full-Time,2024-12-10T05:58:37.515812+00:00
3988,Lucas Scott,Full-Time,2025-02-19T11:04:14.809651+00:00
3989,David Lewis,Part-Time,2025-04-01T09:12:16.720802+00:00
3990,Chloe Rodriguez,Full-Time,2024-10-27T04:19:55.825040+00:00
3991,Harper Davis,Full-Time,2024-08-31T16:14:30.328591+00:00
3992,James Khan,Contractor,2024-07-25T17:32:35.459200+00:00
3993,Chloe Chen,Full-Time,2024-06-18T11:02:40.107859+00:00
3994,Maria Garcia,Part-Time,2024-01-26T22:42:39.061681+00:00
3995,Sophia Gonzalez,Full-Time,2024-05-09T10:31:20.197939+00:00
3996,Maria Lewis,Full-Time,2024-10-06T00:13:32.807902+00:00
3997,Carlos Walker,Full-Time,2024-06-10T14:51:30.099333+00:00
3998,Carlos Young,Contractor,2023-08-08T17:29:25.591378+00:00
3998,Carlos Young,Part-Time,2024-01-22T16:45:35.092788+00:00
3999,James Allen,Full-Time,2024-11-02T17:45:18.827737+00:00
4000,Sophia Scott,Part-Time,2024-09-28T11:21:41.910813+00:00
