employee_id,company_id,first_name,last_name,country_code,contract_type,updated_at
1,1,Michael,Davis,IN,full-time,2024-03-09 00:00:00
1,1,Sophia,Carter,UK,contractor,2024-06-07 00:00:00
1,1,Emma,Brown,UK,contractor,2024-09-05 00:00:00
2,1,Emma,Martinez,AU,full-time,2024-08-04 00:00:00
2,1,Noah,Davis,BR,contractor,2024-11-02 00:00:00
3,1,James,Johnson,AU,full-time,2024-03-12 00:00:00
3,1,James,Anderson,BR,full-time,2024-06-10 00:00:00
4,2,George,Evans,BR,contractor,2024-07-15 00:00:00
4,2,Olivia,Lewis,BR,contractor,2024-10-13 00:00:00
4,2,Amelia,Taylor,US,full-time,2025-01-11 00:00:00
4,2,Charlotte,Harris,US,contractor,2025-04-11 00:00:00
5,3,Sophia,Johnson,AU,contractor,2024-10-02 00:00:00
5,3,Noah,Brown,US,full-time,2024-12-31 00:00:00
5,3,James,Brown,IN,full-time,2025-03-31 00:00:00
6,4,Olivia,Harris,US,full-time,2024-08-13 00:00:00
6,4,Ethan,White,BR,contractor,2024-11-11 00:00:00
6,4,Ethan,White,BR,full-time,2025-02-09 00:00:00
6,4,Olivia,King,AU,contractor,2025-05-10 00:00:00
7,4,Chloe,Harris,UK,full-time,2024-12-29 00:00:00
7,4,Olivia,King,US,contractor,2025-03-29 00:00:00
7,4,William,Wilson,AU,full-time,2025-06-27 00:00:00
7,4,Ethan,Taylor,IN,contractor,2025-09-25 00:00:00
8,4,William,Taylor,US,full-time,2024-10-20 00:00:00
8,4,Isabella,White,IN,full-time,2025-01-18 00:00:00
8,4,Chloe,King,UK,full-time,2025-04-18 00:00:00
9,5,Ava,Johnson,BR,full-time,2024-06-13 00:00:00
9,5,Noah,Martinez,IN,contractor,2024-09-11 00:00:00
10,5,Michael,Martinez,US,contractor,2024-07-11 00:00:00
10,5,Noah,Martinez,IN,contractor,2024-10-09 00:00:00
10,5,Emma,Johnson,IN,full-time,2025-01-07 00:00:00
11,5,Emma,Martinez,IN,full-time,2024-02-17 00:00:00
11,5,Noah,Johnson,UK,contractor,2024-05-17 00:00:00
11,5,Sophia,Johnson,IN,contractor,2024-08-15 00:00:00
11,5,James,Carter,AU,full-time,2024-11-13 00:00:00
12,6,Olivia,Walker,US,full-time,2024-09-05 00:00:00
12,6,Olivia,Lewis,US,full-time,2024-12-04 00:00:00
12,6,Charlotte,Lewis,BR,full-time,2025-03-04 00:00:00
13,6,Olivia,Taylor,IN,full-time,2024-08-07 00:00:00
13,6,Oliver,Walker,IN,contractor,2024-11-05 00:00:00
14,6,Olivia,Evans,UK,full-time,2024-02-12 00:00:00
14,6,Amelia,Evans,IN,full-time,2024-05-12 00:00:00
14,6,Amelia,Evans,US,full-time,2024-08-10 00:00:00
15,7,Michael,Davis,AU,full-time,2024-04-19 00:00:00
15,7,Noah,Martinez,BR,full-time,2024-07-18 00:00:00
15,7,Michael,Martinez,IN,full-time,2024-10-16 00:00:00
16,8,Isabella,White,UK,contractor,2024-12-21 00:00:00
16,8,Thomas,Taylor,US,full-time,2025-03-21 00:00:00
17,8,Ethan,King,BR,full-time,2024-06-09 00:00:00
17,8,Chloe,Taylor,UK,full-time,2024-09-07 00:00:00
17,8,William,Brown,US,full-time,2024-12-06 00:00:00
18,9,Isabela,Ferreira,UK,contractor,2024-06-28 00:00:00
18,9,Mateus,Ferreira,BR,full-time,2024-09-26 00:00:00
18,9,Gabriel,Oliveira,UK,full-time,2024-12-25 00:00:00
18,9,Mateus,Ferreira,BR,contractor,2025-03-25 00:00:00
19,9,Isabela,Santos,IN,full-time,2024-08-07 00:00:00
19,9,Isabela,Almeida,AU,contractor,2024-11-05 00:00:00
19,9,Julia,Oliveira,IN,full-time,2025-02-03 00:00:00
20,10,Sophia,Martinez,BR,contractor,2024-11-06 00:00:00
20,10,Ava,Anderson,UK,contractor,2025-02-04 00:00:00
20,10,Emma,Anderson,UK,contractor,2025-05-05 00:00:00
20,10,Ava,Brown,US,full-time,2025-08-03 00:00:00
21,10,Sophia,Johnson,AU,contractor,2024-07-03 00:00:00
21,10,James,Brown,UK,contractor,2024-10-01 00:00:00
21,10,Michael,Anderson,AU,full-time,2024-12-30 00:00:00
22,10,Sophia,Anderson,US,contractor,2024-01-08 00:00:00
22,10,Noah,Carter,AU,contractor,2024-04-07 00:00:00
22,10,Emma,Martinez,BR,full-time,2024-07-06 00:00:00
23,11,Rahul,Gupta,IN,full-time,2024-10-01 00:00:00
23,11,Arjun,Singh,AU,full-time,2024-12-30 00:00:00
23,11,Ananya,Verma,IN,contractor,2025-03-30 00:00:00
23,11,Rahul,Kumar,US,contractor,2025-06-28 00:00:00
24,11,Aarav,Gupta,US,full-time,2024-12-23 00:00:00
24,11,Vikram,Patel,US,contractor,2025-03-23 00:00:00
24,11,Rahul,Verma,US,contractor,2025-06-21 00:00:00
25,11,Aarav,Kumar,UK,full-time,2024-12-07 00:00:00
25,11,Vikram,Kumar,UK,full-time,2025-03-07 00:00:00
25,11,Ananya,Patel,IN,contractor,2025-06-05 00:00:00
25,11,Ananya,Sharma,UK,contractor,2025-09-03 00:00:00
26,12,Oliver,Lewis,IN,full-time,2024-03-01 00:00:00
26,12,Oliver,Evans,AU,full-time,2024-05-30 00:00:00
27,12,George,Harris,US,contractor,2024-09-11 00:00:00
27,12,George,Taylor,IN,full-time,2024-12-10 00:00:00
27,12,Oliver,Walker,AU,full-time,2025-03-10 00:00:00
28,12,George,Walker,US,full-time,2024-04-26 00:00:00
28,12,Charlotte,Walker,BR,contractor,2024-07-25 00:00:00
28,12,Amelia,Taylor,UK,full-time,2024-10-23 00:00:00
28,12,George,Evans,BR,full-time,2025-01-21 00:00:00
29,13,Ava,Carter,IN,full-time,2024-05-07 00:00:00
29,13,Noah,Carter,US,full-time,2024-08-05 00:00:00
29,13,Sophia,Davis,AU,full-time,2024-11-03 00:00:00
30,13,Emma,Carter,IN,contractor,2024-07-24 00:00:00
30,13,Michael,Brown,BR,full-time,2024-10-22 00:00:00
31,14,Rahul,Sharma,AU,full-time,2024-04-12 00:00:00
31,14,Priya,Sharma,AU,contractor,2024-07-11 00:00:00
31,14,Ananya,Kumar,AU,full-time,2024-10-09 00:00:00
32,14,Priya,Singh,UK,contractor,2024-03-18 00:00:00
32,14,Aarav,Kumar,US,contractor,2024-06-16 00:00:00
33,15,Aarav,Kumar,IN,full-time,2024-12-02 00:00:00
33,15,Ananya,Verma,UK,contractor,2025-03-02 00:00:00
33,15,Priya,Singh,UK,contractor,2025-05-31 00:00:00
34,16,William,Harris,IN,contractor,2024-01-23 00:00:00
34,16,Chloe,White,AU,full-time,2024-04-22 00:00:00
35,17,Emma,Anderson,AU,full-time,2024-03-09 00:00:00
35,17,Emma,Martinez,UK,full-time,2024-06-07 00:00:00
35,17,James,Carter,IN,contractor,2024-09-05 00:00:00
35,17,Ava,Martinez,IN,contractor,2024-12-04 00:00:00
36,17,Sophia,Anderson,UK,full-time,2024-08-19 00:00:00
36,17,Noah,Anderson,UK,full-time,2024-11-17 00:00:00
36,17,Sophia,Johnson,BR,contractor,2025-02-15 00:00:00
37,17,Noah,Carter,UK,contractor,2024-07-27 00:00:00
37,17,James,Johnson,IN,full-time,2024-10-25 00:00:00
38,18,Ethan,Taylor,AU,full-time,2024-03-21 00:00:00
38,18,Olivia,Wilson,UK,full-time,2024-06-19 00:00:00
38,18,Chloe,King,IN,contractor,2024-09-17 00:00:00
38,18,William,White,IN,contractor,2024-12-16 00:00:00
39,19,Amelia,Clark,AU,full-time,2024-01-16 00:00:00
39,19,Henry,Lewis,US,full-time,2024-04-15 00:00:00
39,19,Henry,Walker,US,full-time,2024-07-14 00:00:00
40,20,Oliver,Evans,US,contractor,2024-04-11 00:00:00
40,20,Henry,Walker,US,full-time,2024-07-10 00:00:00
40,20,Olivia,Lewis,UK,full-time,2024-10-08 00:00:00
41,21,Amelia,Walker,UK,contractor,2024-03-03 00:00:00
41,21,Olivia,Lewis,BR,full-time,2024-06-01 00:00:00
42,21,Amelia,Taylor,IN,full-time,2024-07-14 00:00:00
42,21,Charlotte,Harris,IN,contractor,2024-10-12 00:00:00
42,21,Charlotte,Walker,AU,full-time,2025-01-10 00:00:00
42,21,Olivia,Harris,BR,contractor,2025-04-10 00:00:00
43,22,Vikram,Sharma,BR,full-time,2024-09-02 00:00:00
43,22,Priya,Gupta,AU,full-time,2024-12-01 00:00:00
44,22,Vikram,Patel,IN,contractor,2024-11-18 00:00:00
44,22,Rahul,Patel,IN,contractor,2025-02-16 00:00:00
44,22,Priya,Sharma,UK,full-time,2025-05-17 00:00:00
44,22,Arjun,Verma,UK,full-time,2025-08-15 00:00:00
45,22,Priya,Verma,IN,full-time,2024-05-23 00:00:00
45,22,Ananya,Singh,UK,full-time,2024-08-21 00:00:00
46,23,Henry,Taylor,AU,contractor,2024-09-30 00:00:00
46,23,Oliver,Taylor,UK,full-time,2024-12-29 00:00:00
46,23,George,Harris,IN,full-time,2025-03-29 00:00:00
46,23,Olivia,Evans,IN,full-time,2025-06-27 00:00:00
47,23,Amelia,Clark,IN,full-time,2024-10-15 00:00:00
47,23,Amelia,Walker,US,full-time,2025-01-13 00:00:00
48,24,Henry,Clark,BR,full-time,2024-11-04 00:00:00
48,24,Oliver,Clark,UK,full-time,2025-02-02 00:00:00
49,25,Thomas,White,UK,full-time,2024-03-31 00:00:00
49,25,Thomas,Brown,IN,full-time,2024-06-29 00:00:00
49,25,Ethan,Taylor,BR,full-time,2024-09-27 00:00:00
50,25,Ethan,King,UK,contractor,2024-06-21 00:00:00
50,25,Chloe,Harris,IN,full-time,2024-09-19 00:00:00
50,25,Chloe,Brown,AU,contractor,2024-12-18 00:00:00
51,26,Charlotte,Lewis,IN,contractor,2024-12-06 00:00:00
51,26,Charlotte,Taylor,US,contractor,2025-03-06 00:00:00
51,26,George,Walker,UK,contractor,2025-06-04 00:00:00
51,26,George,Taylor,AU,full-time,2025-09-02 00:00:00
52,27,Julia,Oliveira,UK,contractor,2024-03-13 00:00:00
52,27,Lucas,Santos,US,contractor,2024-06-11 00:00:00
52,27,Sofia,Oliveira,IN,full-time,2024-09-09 00:00:00
53,27,Gabriel,Silva,IN,full-time,2024-05-07 00:00:00
53,27,Julia,Oliveira,US,contractor,2024-08-05 00:00:00
53,27,Sofia,Ferreira,BR,full-time,2024-11-03 00:00:00
53,27,Sofia,Cruz,BR,contractor,2025-02-01 00:00:00
54,28,Amelia,Clark,UK,full-time,2024-07-11 00:00:00
54,28,Amelia,Walker,US,contractor,2024-10-09 00:00:00
55,28,Oliver,Walker,US,contractor,2024-01-11 00:00:00
55,28,Charlotte,Lewis,UK,full-time,2024-04-10 00:00:00
55,28,George,Walker,IN,contractor,2024-07-09 00:00:00
56,28,Amelia,Evans,UK,contractor,2024-12-26 00:00:00
56,28,Charlotte,Walker,US,contractor,2025-03-26 00:00:00
57,29,Olivia,Clark,AU,contractor,2024-04-07 00:00:00
57,29,Olivia,Harris,IN,full-time,2024-07-06 00:00:00
57,29,Henry,Walker,BR,contractor,2024-10-04 00:00:00
58,30,Gabriel,Cruz,US,contractor,2024-01-28 00:00:00
58,30,Julia,Ferreira,AU,contractor,2024-04-27 00:00:00
58,30,Isabela,Oliveira,US,full-time,2024-07-26 00:00:00
59,31,Henry,Lewis,US,contractor,2024-11-22 00:00:00
59,31,Amelia,Lewis,BR,contractor,2025-02-20 00:00:00
59,31,Henry,Evans,AU,contractor,2025-05-21 00:00:00
60,32,Oliver,Taylor,BR,full-time,2024-07-08 00:00:00
60,32,Oliver,Lewis,BR,contractor,2024-10-06 00:00:00
60,32,Charlotte,Harris,AU,full-time,2025-01-04 00:00:00
61,33,Gabriel,Oliveira,IN,contractor,2024-12-22 00:00:00
61,33,Mateus,Santos,AU,full-time,2025-03-22 00:00:00
61,33,Sofia,Almeida,BR,contractor,2025-06-20 00:00:00
61,33,Mateus,Santos,BR,contractor,2025-09-18 00:00:00
62,34,Henry,Clark,AU,full-time,2024-07-21 00:00:00
62,34,Henry,Lewis,UK,full-time,2024-10-19 00:00:00
62,34,Charlotte,Taylor,UK,full-time,2025-01-17 00:00:00
62,34,Amelia,Walker,BR,full-time,2025-04-17 00:00:00
63,35,Ethan,Wilson,US,full-time,2024-03-16 00:00:00
63,35,Isabella,Brown,BR,contractor,2024-06-14 00:00:00
63,35,Ethan,Brown,BR,full-time,2024-09-12 00:00:00
63,35,Chloe,Brown,AU,contractor,2024-12-11 00:00:00
64,35,Olivia,King,AU,full-time,2024-02-27 00:00:00
64,35,Thomas,Brown,US,contractor,2024-05-27 00:00:00
64,35,William,Wilson,BR,contractor,2024-08-25 00:00:00
65,35,Isabella,Brown,AU,contractor,2024-07-15 00:00:00
65,35,Thomas,King,IN,contractor,2024-10-13 00:00:00
65,35,Olivia,Brown,AU,contractor,2025-01-11 00:00:00
65,35,Thomas,Harris,IN,full-time,2025-04-11 00:00:00
66,36,Lucas,Oliveira,IN,contractor,2024-08-31 00:00:00
66,36,Lucas,Silva,BR,full-time,2024-11-29 00:00:00
66,36,Isabela,Santos,IN,contractor,2025-02-27 00:00:00
67,37,Priya,Verma,US,full-time,2024-05-17 00:00:00
67,37,Priya,Gupta,BR,contractor,2024-08-15 00:00:00
67,37,Rahul,Sharma,US,full-time,2024-11-13 00:00:00
67,37,Vikram,Sharma,AU,contractor,2025-02-11 00:00:00
68,37,Rahul,Singh,UK,full-time,2024-03-10 00:00:00
68,37,Ananya,Singh,UK,full-time,2024-06-08 00:00:00
68,37,Priya,Singh,IN,full-time,2024-09-06 00:00:00
68,37,Arjun,Sharma,BR,contractor,2024-12-05 00:00:00
69,38,Thomas,King,IN,contractor,2024-03-04 00:00:00
69,38,William,Harris,UK,contractor,2024-06-02 00:00:00
69,38,William,Brown,IN,contractor,2024-08-31 00:00:00
69,38,Olivia,Wilson,US,contractor,2024-11-29 00:00:00
70,38,Thomas,King,AU,full-time,2024-01-15 00:00:00
70,38,Olivia,Taylor,UK,full-time,2024-04-14 00:00:00
70,38,Ethan,Taylor,BR,full-time,2024-07-13 00:00:00
71,38,Isabella,King,UK,full-time,2024-12-15 00:00:00
71,38,Olivia,Wilson,AU,contractor,2025-03-15 00:00:00
72,39,James,Johnson,BR,contractor,2024-12-29 00:00:00
72,39,Emma,Carter,UK,contractor,2025-03-29 00:00:00
72,39,James,Martinez,AU,contractor,2025-06-27 00:00:00
72,39,Noah,Anderson,US,contractor,2025-09-25 00:00:00
73,39,Noah,Brown,IN,contractor,2024-10-14 00:00:00
73,39,Ava,Anderson,BR,full-time,2025-01-12 00:00:00
73,39,James,Carter,IN,contractor,2025-04-12 00:00:00
73,39,James,Martinez,IN,full-time,2025-07-11 00:00:00
74,39,Sophia,Anderson,AU,contractor,2024-03-17 00:00:00
74,39,Ava,Carter,UK,full-time,2024-06-15 00:00:00
74,39,Ava,Johnson,IN,contractor,2024-09-13 00:00:00
74,39,Emma,Johnson,BR,full-time,2024-12-12 00:00:00
75,40,Charlotte,Harris,UK,contractor,2024-12-28 00:00:00
75,40,Olivia,Harris,AU,contractor,2025-03-28 00:00:00
75,40,Charlotte,Evans,AU,full-time,2025-06-26 00:00:00
75,40,Oliver,Walker,BR,full-time,2025-09-24 00:00:00
76,40,George,Taylor,IN,full-time,2024-05-12 00:00:00
76,40,Charlotte,Harris,UK,contractor,2024-08-10 00:00:00
76,40,Amelia,Harris,IN,contractor,2024-11-08 00:00:00
76,40,George,Harris,BR,full-time,2025-02-06 00:00:00
77,40,Olivia,Clark,AU,full-time,2024-08-28 00:00:00
77,40,Amelia,Taylor,AU,full-time,2024-11-26 00:00:00
78,41,James,Johnson,US,full-time,2024-07-14 00:00:00
78,41,Sophia,Davis,IN,contractor,2024-10-12 00:00:00
78,41,Noah,Johnson,UK,contractor,2025-01-10 00:00:00
78,41,Ava,Davis,US,contractor,2025-04-10 00:00:00
79,41,Sophia,Carter,US,full-time,2024-06-19 00:00:00
79,41,Emma,Carter,UK,full-time,2024-09-17 00:00:00
79,41,Noah,Davis,BR,full-time,2024-12-16 00:00:00
79,41,Sophia,Brown,BR,contractor,2025-03-16 00:00:00
80,41,Emma,Johnson,US,full-time,2024-07-25 00:00:00
80,41,Noah,Davis,IN,full-time,2024-10-23 00:00:00
80,41,James,Brown,UK,full-time,2025-01-21 00:00:00
81,42,Chloe,King,UK,contractor,2024-01-03 00:00:00
81,42,Ethan,King,US,contractor,2024-04-02 00:00:00
81,42,William,Brown,IN,full-time,2024-07-01 00:00:00
81,42,Thomas,White,IN,contractor,2024-09-29 00:00:00
82,42,William,Brown,AU,contractor,2024-08-21 00:00:00
82,42,Isabella,Taylor,UK,contractor,2024-11-19 00:00:00
82,42,Isabella,Wilson,UK,full-time,2025-02-17 00:00:00
82,42,Isabella,White,UK,full-time,2025-05-18 00:00:00
83,42,Chloe,White,AU,full-time,2024-03-08 00:00:00
83,42,Thomas,Wilson,US,contractor,2024-06-06 00:00:00
84,43,Rahul,Singh,AU,full-time,2024-05-10 00:00:00
84,43,Aarav,Singh,US,full-time,2024-08-08 00:00:00
84,43,Aarav,Singh,BR,contractor,2024-11-06 00:00:00
84,43,Priya,Singh,AU,contractor,2025-02-04 00:00:00
85,43,Ananya,Gupta,US,contractor,2024-08-30 00:00:00
85,43,Priya,Kumar,US,contractor,2024-11-28 00:00:00
85,43,Rahul,Verma,UK,contractor,2025-02-26 00:00:00
85,43,Vikram,Verma,AU,full-time,2025-05-27 00:00:00
86,43,Vikram,Patel,UK,full-time,2024-05-24 00:00:00
86,43,Arjun,Verma,UK,contractor,2024-08-22 00:00:00
87,44,Sophia,Anderson,AU,contractor,2024-07-28 00:00:00
87,44,Sophia,Martinez,BR,contractor,2024-10-26 00:00:00
87,44,Sophia,Anderson,US,full-time,2025-01-24 00:00:00
88,44,Ava,Johnson,UK,full-time,2024-02-26 00:00:00
88,44,Noah,Anderson,US,contractor,2024-05-26 00:00:00
88,44,Ava,Davis,BR,contractor,2024-08-24 00:00:00
88,44,James,Johnson,US,full-time,2024-11-22 00:00:00
89,44,James,Carter,IN,contractor,2024-03-30 00:00:00
89,44,Ava,Anderson,US,full-time,2024-06-28 00:00:00
90,45,Aarav,Gupta,IN,contractor,2024-03-11 00:00:00
90,45,Priya,Verma,IN,full-time,2024-06-09 00:00:00
90,45,Arjun,Sharma,UK,full-time,2024-09-07 00:00:00
90,45,Priya,Patel,BR,contractor,2024-12-06 00:00:00
91,46,Sofia,Ferreira,UK,full-time,2024-12-19 00:00:00
91,46,Isabela,Ferreira,US,full-time,2025-03-19 00:00:00
91,46,Gabriel,Cruz,AU,contractor,2025-06-17 00:00:00
92,46,Sofia,Santos,AU,contractor,2024-10-18 00:00:00
92,46,Lucas,Almeida,US,full-time,2025-01-16 00:00:00
92,46,Sofia,Cruz,US,contractor,2025-04-16 00:00:00
92,46,Sofia,Oliveira,US,contractor,2025-07-15 00:00:00
93,47,Ava,Martinez,AU,full-time,2024-06-09 00:00:00
93,47,Ava,Carter,AU,full-time,2024-09-07 00:00:00
94,47,Ava,Davis,BR,contractor,2024-08-09 00:00:00
94,47,Ava,Martinez,BR,full-time,2024-11-07 00:00:00
94,47,Noah,Brown,US,full-time,2025-02-05 00:00:00
94,47,Ava,Davis,AU,contractor,2025-05-06 00:00:00
95,47,Michael,Johnson,IN,full-time,2024-09-10 00:00:00
95,47,James,Carter,US,full-time,2024-12-09 00:00:00
96,48,Amelia,Taylor,US,contractor,2024-11-25 00:00:00
96,48,Amelia,Clark,BR,full-time,2025-02-23 00:00:00
96,48,Amelia,Lewis,IN,full-time,2025-05-24 00:00:00
97,48,Olivia,Walker,US,contractor,2024-09-11 00:00:00
97,48,Amelia,Walker,AU,full-time,2024-12-10 00:00:00
97,48,Henry,Clark,AU,contractor,2025-03-10 00:00:00
97,48,George,Clark,UK,contractor,2025-06-08 00:00:00
98,48,Henry,Taylor,BR,contractor,2024-06-23 00:00:00
98,48,George,Clark,AU,contractor,2024-09-21 00:00:00
98,48,Olivia,Evans,IN,contractor,2024-12-20 00:00:00
99,49,Ananya,Singh,IN,contractor,2024-02-19 00:00:00
99,49,Aarav,Sharma,AU,contractor,2024-05-19 00:00:00
99,49,Aarav,Singh,US,full-time,2024-08-17 00:00:00
99,49,Priya,Gupta,BR,full-time,2024-11-15 00:00:00
100,50,Charlotte,Walker,BR,full-time,2024-11-08 00:00:00
100,50,Amelia,Taylor,IN,full-time,2025-02-06 00:00:00
101,50,Olivia,Evans,AU,full-time,2024-07-31 00:00:00
101,50,Amelia,Lewis,AU,full-time,2024-10-29 00:00:00
102,51,Olivia,Walker,AU,contractor,2024-01-03 00:00:00
102,51,George,Lewis,AU,full-time,2024-04-02 00:00:00
102,51,Olivia,Clark,UK,full-time,2024-07-01 00:00:00
102,51,Henry,Lewis,AU,contractor,2024-09-29 00:00:00
103,51,Amelia,Clark,UK,contractor,2024-09-15 00:00:00
103,51,Amelia,Harris,IN,contractor,2024-12-14 00:00:00
103,51,Charlotte,Taylor,BR,contractor,2025-03-14 00:00:00
104,52,Ava,Martinez,AU,full-time,2024-10-07 00:00:00
104,52,Sophia,Davis,AU,contractor,2025-01-05 00:00:00
104,52,Ava,Carter,UK,full-time,2025-04-05 00:00:00
105,52,Ava,Martinez,IN,full-time,2024-09-14 00:00:00
105,52,James,Brown,BR,contractor,2024-12-13 00:00:00
105,52,Ava,Martinez,AU,contractor,2025-03-13 00:00:00
105,52,Emma,Anderson,AU,full-time,2025-06-11 00:00:00
106,52,Sophia,Anderson,US,full-time,2024-01-13 00:00:00
106,52,James,Davis,IN,contractor,2024-04-12 00:00:00
106,52,Sophia,Anderson,IN,full-time,2024-07-11 00:00:00
107,53,Sofia,Oliveira,AU,full-time,2024-01-17 00:00:00
107,53,Julia,Ferreira,AU,contractor,2024-04-16 00:00:00
107,53,Isabela,Almeida,IN,full-time,2024-07-15 00:00:00
108,53,Sofia,Ferreira,IN,full-time,2024-07-14 00:00:00
108,53,Gabriel,Ferreira,IN,full-time,2024-10-12 00:00:00
108,53,Mateus,Cruz,UK,contractor,2025-01-10 00:00:00
109,53,Julia,Almeida,UK,full-time,2024-10-28 00:00:00
109,53,Lucas,Cruz,UK,full-time,2025-01-26 00:00:00
109,53,Isabela,Santos,AU,full-time,2025-04-26 00:00:00
109,53,Sofia,Oliveira,BR,contractor,2025-07-25 00:00:00
110,54,Ananya,Verma,IN,full-time,2024-05-15 00:00:00
110,54,Arjun,Patel,UK,full-time,2024-08-13 00:00:00
111,54,Rahul,Singh,AU,contractor,2024-03-19 00:00:00
111,54,Priya,Verma,AU,contractor,2024-06-17 00:00:00
111,54,Vikram,Kumar,IN,full-time,2024-09-15 00:00:00
112,54,Vikram,Verma,UK,contractor,2024-04-04 00:00:00
112,54,Rahul,Verma,BR,full-time,2024-07-03 00:00:00
112,54,Arjun,Gupta,UK,contractor,2024-10-01 00:00:00
112,54,Arjun,Sharma,IN,full-time,2024-12-30 00:00:00
113,55,Noah,Martinez,US,full-time,2024-09-28 00:00:00
113,55,Ava,Carter,BR,full-time,2024-12-27 00:00:00
113,55,Ava,Brown,AU,full-time,2025-03-27 00:00:00
114,55,James,Johnson,US,contractor,2024-01-21 00:00:00
114,55,James,Brown,IN,full-time,2024-04-20 00:00:00
114,55,Noah,Carter,AU,contractor,2024-07-19 00:00:00
114,55,Emma,Anderson,IN,full-time,2024-10-17 00:00:00
115,55,Michael,Anderson,UK,full-time,2024-06-13 00:00:00
115,55,Ava,Anderson,UK,full-time,2024-09-11 00:00:00
115,55,Ava,Johnson,US,full-time,2024-12-10 00:00:00
115,55,Noah,Martinez,BR,full-time,2025-03-10 00:00:00
116,56,Michael,Johnson,IN,full-time,2024-12-17 00:00:00
116,56,Michael,Anderson,US,full-time,2025-03-17 00:00:00
117,56,Michael,Brown,UK,contractor,2024-05-08 00:00:00
117,56,Emma,Johnson,BR,contractor,2024-08-06 00:00:00
117,56,Emma,Carter,US,contractor,2024-11-04 00:00:00
117,56,Ava,Anderson,AU,full-time,2025-02-02 00:00:00
118,56,Noah,Anderson,AU,full-time,2024-11-24 00:00:00
118,56,Ava,Anderson,IN,full-time,2025-02-22 00:00:00
118,56,James,Martinez,IN,full-time,2025-05-23 00:00:00
118,56,James,Johnson,BR,contractor,2025-08-21 00:00:00
119,57,Sophia,Brown,UK,full-time,2024-01-16 00:00:00
119,57,Ava,Johnson,AU,contractor,2024-04-15 00:00:00
119,57,Ava,Davis,IN,contractor,2024-07-14 00:00:00
120,57,Noah,Davis,US,full-time,2024-01-06 00:00:00
120,57,Michael,Brown,AU,contractor,2024-04-05 00:00:00
120,57,Noah,Brown,US,contractor,2024-07-04 00:00:00
120,57,Sophia,Martinez,IN,full-time,2024-10-02 00:00:00
121,57,Noah,Davis,UK,full-time,2024-07-30 00:00:00
121,57,Sophia,Brown,IN,full-time,2024-10-28 00:00:00
121,57,Michael,Davis,AU,full-time,2025-01-26 00:00:00
121,57,Noah,Johnson,AU,full-time,2025-04-26 00:00:00
122,58,Oliver,Walker,UK,contractor,2024-12-09 00:00:00
122,58,Oliver,Harris,UK,full-time,2025-03-09 00:00:00
123,58,George,Walker,UK,contractor,2024-02-21 00:00:00
123,58,Amelia,Lewis,IN,contractor,2024-05-21 00:00:00
123,58,Olivia,Clark,UK,contractor,2024-08-19 00:00:00
124,59,Henry,Harris,UK,full-time,2024-08-07 00:00:00
124,59,Olivia,Evans,BR,contractor,2024-11-05 00:00:00
125,59,Olivia,Evans,IN,contractor,2024-07-03 00:00:00
125,59,Amelia,Lewis,IN,contractor,2024-10-01 00:00:00
126,60,Olivia,Taylor,AU,full-time,2024-10-09 00:00:00
126,60,Ethan,King,AU,full-time,2025-01-07 00:00:00
127,60,Chloe,White,US,full-time,2024-05-14 00:00:00
127,60,William,Taylor,US,contractor,2024-08-12 00:00:00
127,60,William,King,US,contractor,2024-11-10 00:00:00
127,60,William,Brown,BR,full-time,2025-02-08 00:00:00
128,61,William,Taylor,IN,full-time,2024-07-19 00:00:00
128,61,Isabella,Brown,AU,full-time,2024-10-17 00:00:00
129,61,William,White,UK,full-time,2024-07-22 00:00:00
129,61,William,King,BR,full-time,2024-10-20 00:00:00
129,61,Olivia,Brown,AU,full-time,2025-01-18 00:00:00
130,62,Gabriel,Santos,BR,full-time,2024-09-04 00:00:00
130,62,Gabriel,Silva,IN,full-time,2024-12-03 00:00:00
130,62,Gabriel,Ferreira,UK,contractor,2025-03-03 00:00:00
131,62,Sofia,Oliveira,US,contractor,2024-07-17 00:00:00
131,62,Gabriel,Ferreira,AU,contractor,2024-10-15 00:00:00
131,62,Julia,Silva,AU,full-time,2025-01-13 00:00:00
132,62,Sofia,Silva,AU,full-time,2024-07-11 00:00:00
132,62,Mateus,Silva,BR,full-time,2024-10-09 00:00:00
132,62,Mateus,Cruz,IN,contractor,2025-01-07 00:00:00
132,62,Sofia,Cruz,AU,full-time,2025-04-07 00:00:00
133,63,Olivia,King,US,contractor,2024-03-12 00:00:00
133,63,Olivia,King,UK,full-time,2024-06-10 00:00:00
133,63,Ethan,Brown,US,full-time,2024-09-08 00:00:00
134,63,Chloe,White,BR,contractor,2024-07-31 00:00:00
134,63,Isabella,King,AU,full-time,2024-10-29 00:00:00
134,63,Chloe,Harris,US,full-time,2025-01-27 00:00:00
135,63,William,Brown,UK,full-time,2024-01-23 00:00:00
135,63,Chloe,Brown,US,full-time,2024-04-22 00:00:00
136,64,Charlotte,Clark,BR,full-time,2024-03-26 00:00:00
136,64,Olivia,Evans,IN,full-time,2024-06-24 00:00:00
136,64,Charlotte,Lewis,AU,contractor,2024-09-22 00:00:00
137,65,Priya,Verma,UK,full-time,2024-03-28 00:00:00
137,65,Rahul,Kumar,AU,contractor,2024-06-26 00:00:00
138,65,Aarav,Sharma,BR,full-time,2024-03-26 00:00:00
138,65,Ananya,Patel,BR,full-time,2024-06-24 00:00:00
138,65,Vikram,Singh,UK,contractor,2024-09-22 00:00:00
138,65,Ananya,Verma,US,full-time,2024-12-21 00:00:00
139,66,Thomas,Brown,AU,full-time,2024-11-10 00:00:00
139,66,Thomas,Harris,UK,full-time,2025-02-08 00:00:00
139,66,Chloe,Taylor,BR,contractor,2025-05-09 00:00:00
139,66,Ethan,White,AU,contractor,2025-08-07 00:00:00
140,66,Isabella,Wilson,AU,full-time,2024-04-27 00:00:00
140,66,Isabella,King,IN,contractor,2024-07-26 00:00:00
140,66,Olivia,White,IN,contractor,2024-10-24 00:00:00
141,67,Olivia,Evans,US,full-time,2024-04-06 00:00:00
141,67,George,Walker,BR,full-time,2024-07-05 00:00:00
142,67,Amelia,Harris,US,full-time,2024-12-18 00:00:00
142,67,Amelia,Evans,AU,contractor,2025-03-18 00:00:00
142,67,Oliver,Clark,BR,contractor,2025-06-16 00:00:00
143,68,Emma,Davis,BR,contractor,2024-05-21 00:00:00
143,68,Sophia,Carter,AU,contractor,2024-08-19 00:00:00
143,68,James,Carter,AU,contractor,2024-11-17 00:00:00
143,68,Ava,Johnson,UK,full-time,2025-02-15 00:00:00
144,68,Ava,Davis,US,full-time,2024-04-27 00:00:00
144,68,Noah,Johnson,IN,full-time,2024-07-26 00:00:00
144,68,Sophia,Johnson,US,full-time,2024-10-24 00:00:00
145,68,Noah,Johnson,US,full-time,2024-03-15 00:00:00
145,68,James,Davis,IN,full-time,2024-06-13 00:00:00
145,68,Noah,Anderson,BR,contractor,2024-09-11 00:00:00
146,69,James,Martinez,AU,full-time,2024-12-01 00:00:00
146,69,Sophia,Martinez,BR,contractor,2025-03-01 00:00:00
146,69,Michael,Davis,AU,contractor,2025-05-30 00:00:00
146,69,Sophia,Anderson,AU,full-time,2025-08-28 00:00:00
147,69,Ava,Anderson,IN,full-time,2024-11-10 00:00:00
147,69,Ava,Anderson,UK,full-time,2025-02-08 00:00:00
148,69,James,Martinez,BR,contractor,2024-05-21 00:00:00
148,69,Noah,Davis,AU,full-time,2024-08-19 00:00:00
148,69,Ava,Martinez,US,full-time,2024-11-17 00:00:00
149,70,William,Brown,IN,contractor,2024-05-25 00:00:00
149,70,Ethan,King,AU,full-time,2024-08-23 00:00:00
149,70,Isabella,Harris,AU,full-time,2024-11-21 00:00:00
149,70,Ethan,King,BR,full-time,2025-02-19 00:00:00
150,70,William,Wilson,IN,full-time,2024-10-13 00:00:00
150,70,William,Wilson,AU,contractor,2025-01-11 00:00:00
151,70,Isabella,Brown,BR,full-time,2024-12-21 00:00:00
151,70,Ethan,Harris,BR,full-time,2025-03-21 00:00:00
151,70,Isabella,White,IN,full-time,2025-06-19 00:00:00
152,71,Julia,Ferreira,UK,contractor,2024-11-20 00:00:00
152,71,Sofia,Silva,AU,full-time,2025-02-18 00:00:00
153,71,Isabela,Silva,US,contractor,2024-12-24 00:00:00
153,71,Julia,Ferreira,IN,full-time,2025-03-24 00:00:00
153,71,Mateus,Santos,BR,contractor,2025-06-22 00:00:00
154,72,Oliver,Taylor,UK,contractor,2024-04-21 00:00:00
154,72,Olivia,Taylor,UK,full-time,2024-07-20 00:00:00
154,72,Oliver,Taylor,UK,full-time,2024-10-18 00:00:00
154,72,Charlotte,Clark,IN,full-time,2025-01-16 00:00:00
155,72,Henry,Evans,BR,full-time,2024-02-24 00:00:00
155,72,George,Walker,BR,contractor,2024-05-24 00:00:00
156,73,Mateus,Silva,BR,full-time,2024-06-10 00:00:00
156,73,Mateus,Silva,BR,full-time,2024-09-08 00:00:00
156,73,Mateus,Santos,US,contractor,2024-12-07 00:00:00
157,73,Gabriel,Almeida,IN,contractor,2024-09-01 00:00:00
157,73,Julia,Santos,BR,full-time,2024-11-30 00:00:00
157,73,Julia,Almeida,BR,contractor,2025-02-28 00:00:00
157,73,Julia,Oliveira,US,full-time,2025-05-29 00:00:00
158,73,Gabriel,Silva,IN,contractor,2024-07-13 00:00:00
158,73,Isabela,Almeida,IN,full-time,2024-10-11 00:00:00
158,73,Lucas,Cruz,AU,contractor,2025-01-09 00:00:00
158,73,Lucas,Santos,BR,contractor,2025-04-09 00:00:00
159,74,Lucas,Silva,BR,contractor,2024-08-02 00:00:00
159,74,Sofia,Santos,AU,full-time,2024-10-31 00:00:00
159,74,Mateus,Ferreira,UK,full-time,2025-01-29 00:00:00
159,74,Julia,Silva,UK,contractor,2025-04-29 00:00:00
160,75,Ava,Davis,BR,full-time,2024-04-10 00:00:00
160,75,Sophia,Johnson,BR,full-time,2024-07-09 00:00:00
161,75,Noah,Martinez,IN,contractor,2024-11-18 00:00:00
161,75,James,Carter,AU,full-time,2025-02-16 00:00:00
161,75,Emma,Anderson,UK,full-time,2025-05-17 00:00:00
161,75,Sophia,Carter,BR,full-time,2025-08-15 00:00:00
162,76,Lucas,Silva,AU,contractor,2024-06-20 00:00:00
162,76,Lucas,Oliveira,BR,full-time,2024-09-18 00:00:00
162,76,Lucas,Ferreira,AU,full-time,2024-12-17 00:00:00
163,76,Julia,Ferreira,AU,full-time,2024-10-22 00:00:00
163,76,Lucas,Silva,IN,contractor,2025-01-20 00:00:00
163,76,Julia,Cruz,US,contractor,2025-04-20 00:00:00
163,76,Mateus,Silva,BR,full-time,2025-07-19 00:00:00
164,77,Emma,Martinez,AU,contractor,2024-11-23 00:00:00
164,77,Michael,Anderson,UK,contractor,2025-02-21 00:00:00
164,77,Sophia,Carter,IN,contractor,2025-05-22 00:00:00
165,78,Julia,Cruz,IN,contractor,2024-05-16 00:00:00
165,78,Lucas,Ferreira,AU,contractor,2024-08-14 00:00:00
165,78,Sofia,Santos,UK,full-time,2024-11-12 00:00:00
165,78,Isabela,Ferreira,UK,contractor,2025-02-10 00:00:00
166,78,Gabriel,Santos,UK,contractor,2024-12-24 00:00:00
166,78,Gabriel,Oliveira,US,contractor,2025-03-24 00:00:00
166,78,Mateus,Oliveira,US,contractor,2025-06-22 00:00:00
166,78,Mateus,Oliveira,US,contractor,2025-09-20 00:00:00
167,78,Gabriel,Ferreira,BR,contractor,2024-11-12 00:00:00
167,78,Isabela,Santos,IN,contractor,2025-02-10 00:00:00
168,79,George,Taylor,US,full-time,2024-03-05 00:00:00
168,79,Olivia,Harris,IN,contractor,2024-06-03 00:00:00
169,79,Oliver,Clark,BR,full-time,2024-08-27 00:00:00
169,79,Olivia,Clark,UK,contractor,2024-11-25 00:00:00
169,79,Olivia,Evans,AU,contractor,2025-02-23 00:00:00
169,79,George,Evans,AU,contractor,2025-05-24 00:00:00
170,79,George,Taylor,US,contractor,2024-06-26 00:00:00
170,79,Oliver,Harris,BR,contractor,2024-09-24 00:00:00
170,79,Charlotte,Harris,US,full-time,2024-12-23 00:00:00
171,80,Ethan,Harris,AU,full-time,2024-03-10 00:00:00
171,80,Chloe,Harris,BR,contractor,2024-06-08 00:00:00
171,80,Thomas,Harris,IN,full-time,2024-09-06 00:00:00
172,80,Ethan,King,BR,contractor,2024-01-04 00:00:00
172,80,Isabella,King,UK,contractor,2024-04-03 00:00:00
172,80,Isabella,King,IN,full-time,2024-07-02 00:00:00
172,80,Isabella,Taylor,UK,contractor,2024-09-30 00:00:00
173,80,Chloe,Brown,IN,contractor,2024-05-25 00:00:00
173,80,Olivia,White,UK,full-time,2024-08-23 00:00:00
173,80,Ethan,White,BR,contractor,2024-11-21 00:00:00
173,80,Ethan,Taylor,AU,contractor,2025-02-19 00:00:00
174,81,Isabela,Oliveira,AU,full-time,2024-06-13 00:00:00
174,81,Isabela,Oliveira,IN,contractor,2024-09-11 00:00:00
175,82,Gabriel,Santos,US,full-time,2024-08-12 00:00:00
175,82,Gabriel,Cruz,UK,contractor,2024-11-10 00:00:00
175,82,Sofia,Silva,BR,contractor,2025-02-08 00:00:00
175,82,Sofia,Ferreira,US,contractor,2025-05-09 00:00:00
176,83,Lucas,Cruz,US,contractor,2024-03-15 00:00:00
176,83,Isabela,Santos,IN,contractor,2024-06-13 00:00:00
177,84,Sophia,Johnson,BR,full-time,2024-03-03 00:00:00
177,84,Ava,Anderson,UK,contractor,2024-06-01 00:00:00
177,84,Ava,Anderson,AU,full-time,2024-08-30 00:00:00
177,84,Emma,Johnson,IN,contractor,2024-11-28 00:00:00
178,85,Michael,Martinez,AU,full-time,2024-11-18 00:00:00
178,85,James,Johnson,IN,full-time,2025-02-16 00:00:00
178,85,James,Anderson,UK,full-time,2025-05-17 00:00:00
178,85,Sophia,Martinez,BR,contractor,2025-08-15 00:00:00
179,86,Mateus,Oliveira,BR,full-time,2024-03-26 00:00:00
179,86,Gabriel,Oliveira,AU,contractor,2024-06-24 00:00:00
179,86,Julia,Almeida,UK,contractor,2024-09-22 00:00:00
180,87,Amelia,Walker,AU,contractor,2024-05-07 00:00:00
180,87,Olivia,Walker,US,contractor,2024-08-05 00:00:00
181,88,George,Walker,UK,contractor,2024-03-19 00:00:00
181,88,Charlotte,Harris,AU,contractor,2024-06-17 00:00:00
181,88,Amelia,Evans,UK,full-time,2024-09-15 00:00:00
181,88,Olivia,Lewis,IN,full-time,2024-12-14 00:00:00
182,88,Amelia,Evans,BR,contractor,2024-05-08 00:00:00
182,88,George,Evans,BR,full-time,2024-08-06 00:00:00
183,88,George,Harris,IN,contractor,2024-10-17 00:00:00
183,88,Oliver,Clark,AU,full-time,2025-01-15 00:00:00
184,89,Sofia,Silva,IN,contractor,2024-09-28 00:00:00
184,89,Sofia,Oliveira,AU,contractor,2024-12-27 00:00:00
185,90,Rahul,Sharma,AU,full-time,2024-04-04 00:00:00
185,90,Arjun,Kumar,US,contractor,2024-07-03 00:00:00
186,90,Aarav,Patel,AU,full-time,2024-04-07 00:00:00
186,90,Rahul,Sharma,IN,contractor,2024-07-06 00:00:00
186,90,Aarav,Sharma,US,full-time,2024-10-04 00:00:00
186,90,Rahul,Kumar,US,full-time,2025-01-02 00:00:00
187,90,Vikram,Gupta,US,contractor,2024-03-07 00:00:00
187,90,Ananya,Singh,US,contractor,2024-06-05 00:00:00
188,91,Mateus,Ferreira,AU,contractor,2024-09-07 00:00:00
188,91,Gabriel,Silva,UK,full-time,2024-12-06 00:00:00
188,91,Gabriel,Santos,BR,full-time,2025-03-06 00:00:00
188,91,Sofia,Ferreira,US,contractor,2025-06-04 00:00:00
189,91,Sofia,Silva,US,contractor,2024-10-12 00:00:00
189,91,Mateus,Oliveira,US,contractor,2025-01-10 00:00:00
189,91,Gabriel,Santos,AU,full-time,2025-04-10 00:00:00
189,91,Gabriel,Ferreira,UK,contractor,2025-07-09 00:00:00
190,91,Mateus,Ferreira,UK,full-time,2024-04-07 00:00:00
190,91,Mateus,Ferreira,AU,contractor,2024-07-06 00:00:00
191,92,Rahul,Sharma,BR,contractor,2024-02-24 00:00:00
191,92,Vikram,Gupta,UK,contractor,2024-05-24 00:00:00
191,92,Rahul,Sharma,UK,contractor,2024-08-22 00:00:00
191,92,Arjun,Sharma,AU,contractor,2024-11-20 00:00:00
192,92,Aarav,Patel,IN,full-time,2024-07-09 00:00:00
192,92,Rahul,Verma,UK,contractor,2024-10-07 00:00:00
192,92,Rahul,Kumar,IN,contractor,2025-01-05 00:00:00
193,92,Priya,Singh,US,contractor,2024-08-19 00:00:00
193,92,Rahul,Singh,AU,full-time,2024-11-17 00:00:00
193,92,Arjun,Singh,IN,full-time,2025-02-15 00:00:00
194,93,Chloe,Wilson,AU,full-time,2024-06-10 00:00:00
194,93,Thomas,White,BR,contractor,2024-09-08 00:00:00
195,94,Arjun,Verma,UK,full-time,2024-03-11 00:00:00
195,94,Arjun,Sharma,US,contractor,2024-06-09 00:00:00
195,94,Rahul,Gupta,US,contractor,2024-09-07 00:00:00
196,95,Chloe,Taylor,AU,full-time,2024-03-29 00:00:00
196,95,William,Taylor,IN,full-time,2024-06-27 00:00:00
196,95,Chloe,Brown,BR,full-time,2024-09-25 00:00:00
197,95,Ethan,Harris,BR,full-time,2024-01-29 00:00:00
197,95,Olivia,Taylor,AU,full-time,2024-04-28 00:00:00
197,95,Chloe,Taylor,BR,full-time,2024-07-27 00:00:00
198,96,Ethan,Brown,AU,full-time,2024-09-25 00:00:00
198,96,Ethan,Brown,UK,full-time,2024-12-24 00:00:00
199,96,Chloe,Harris,BR,full-time,2024-01-26 00:00:00
199,96,Olivia,Harris,IN,contractor,2024-04-25 00:00:00
199,96,Olivia,King,IN,full-time,2024-07-24 00:00:00
199,96,Isabella,Brown,US,contractor,2024-10-22 00:00:00
200,97,William,Harris,UK,full-time,2024-02-13 00:00:00
200,97,Isabella,Brown,UK,contractor,2024-05-13 00:00:00
200,97,Isabella,Taylor,AU,full-time,2024-08-11 00:00:00
201,97,Chloe,Brown,UK,full-time,2024-10-14 00:00:00
201,97,Thomas,Wilson,BR,contractor,2025-01-12 00:00:00
201,97,Chloe,Brown,US,full-time,2025-04-12 00:00:00
201,97,Chloe,Harris,BR,contractor,2025-07-11 00:00:00
202,98,James,Brown,US,contractor,2024-04-07 00:00:00
202,98,Sophia,Carter,AU,contractor,2024-07-06 00:00:00
202,98,Noah,Davis,BR,full-time,2024-10-04 00:00:00
203,98,Ava,Carter,UK,full-time,2024-04-29 00:00:00
203,98,Michael,Martinez,US,full-time,2024-07-28 00:00:00
204,99,Henry,Harris,US,contractor,2024-03-16 00:00:00
204,99,Amelia,Lewis,US,contractor,2024-06-14 00:00:00
204,99,Charlotte,Evans,AU,full-time,2024-09-12 00:00:00
205,99,George,Harris,AU,contractor,2024-04-14 00:00:00
205,99,George,Evans,UK,full-time,2024-07-13 00:00:00
205,99,Amelia,Clark,AU,full-time,2024-10-11 00:00:00
205,99,Oliver,Taylor,US,contractor,2025-01-09 00:00:00
206,99,George,Harris,US,contractor,2024-04-12 00:00:00
206,99,Olivia,Walker,US,contractor,2024-07-11 00:00:00
206,99,Olivia,Harris,IN,full-time,2024-10-09 00:00:00
206,99,Henry,Harris,BR,full-time,2025-01-07 00:00:00
207,100,Thomas,Wilson,BR,full-time,2024-09-17 00:00:00
207,100,Olivia,King,AU,contractor,2024-12-16 00:00:00
207,100,William,Taylor,US,full-time,2025-03-16 00:00:00
207,100,Olivia,Brown,IN,contractor,2025-06-14 00:00:00
208,100,Chloe,King,US,contractor,2024-09-07 00:00:00
208,100,Chloe,Wilson,IN,contractor,2024-12-06 00:00:00
208,100,Olivia,Brown,IN,full-time,2025-03-06 00:00:00
209,101,Thomas,Brown,IN,full-time,2024-05-11 00:00:00
209,101,Olivia,Wilson,BR,full-time,2024-08-09 00:00:00
209,101,Thomas,Taylor,BR,full-time,2024-11-07 00:00:00
210,101,William,King,BR,contractor,2024-08-01 00:00:00
210,101,William,Wilson,BR,full-time,2024-10-30 00:00:00
211,101,Olivia,Brown,AU,full-time,2024-04-15 00:00:00
211,101,Olivia,Wilson,AU,full-time,2024-07-14 00:00:00
211,101,Isabella,King,AU,full-time,2024-10-12 00:00:00
211,101,Ethan,White,AU,full-time,2025-01-10 00:00:00
212,102,Ava,Anderson,IN,contractor,2024-06-11 00:00:00
212,102,Emma,Carter,BR,contractor,2024-09-09 00:00:00
213,103,Olivia,King,US,contractor,2024-04-06 00:00:00
213,103,William,Brown,AU,full-time,2024-07-05 00:00:00
214,104,Aarav,Singh,IN,full-time,2024-04-28 00:00:00
214,104,Aarav,Patel,UK,contractor,2024-07-27 00:00:00
215,104,Arjun,Gupta,BR,contractor,2024-12-30 00:00:00
215,104,Priya,Gupta,UK,full-time,2025-03-30 00:00:00
215,104,Ananya,Singh,BR,full-time,2025-06-28 00:00:00
215,104,Arjun,Patel,UK,full-time,2025-09-26 00:00:00
216,104,Ananya,Patel,AU,contractor,2024-04-14 00:00:00
216,104,Aarav,Sharma,BR,full-time,2024-07-13 00:00:00
217,105,George,Evans,BR,contractor,2024-07-26 00:00:00
217,105,Amelia,Clark,AU,full-time,2024-10-24 00:00:00
218,105,Amelia,Lewis,US,full-time,2024-09-23 00:00:00
218,105,George,Clark,BR,full-time,2024-12-22 00:00:00
219,106,Olivia,Walker,UK,contractor,2024-07-17 00:00:00
219,106,Amelia,Lewis,IN,contractor,2024-10-15 00:00:00
219,106,Amelia,Taylor,BR,contractor,2025-01-13 00:00:00
219,106,George,Walker,AU,full-time,2025-04-13 00:00:00
220,106,Amelia,Walker,AU,full-time,2024-08-25 00:00:00
220,106,Charlotte,Clark,AU,full-time,2024-11-23 00:00:00
220,106,Amelia,Lewis,IN,contractor,2025-02-21 00:00:00
220,106,Henry,Taylor,BR,full-time,2025-05-22 00:00:00
221,106,Oliver,Harris,UK,full-time,2024-08-20 00:00:00
221,106,Henry,Walker,BR,contractor,2024-11-18 00:00:00
222,107,Priya,Kumar,AU,full-time,2024-09-25 00:00:00
222,107,Priya,Verma,BR,full-time,2024-12-24 00:00:00
222,107,Ananya,Sharma,AU,full-time,2025-03-24 00:00:00
222,107,Ananya,Gupta,UK,full-time,2025-06-22 00:00:00
223,108,Julia,Cruz,IN,full-time,2024-06-06 00:00:00
223,108,Gabriel,Santos,UK,full-time,2024-09-04 00:00:00
223,108,Mateus,Silva,US,contractor,2024-12-03 00:00:00
224,108,Mateus,Oliveira,AU,contractor,2024-09-11 00:00:00
224,108,Isabela,Santos,AU,contractor,2024-12-10 00:00:00
224,108,Sofia,Cruz,BR,full-time,2025-03-10 00:00:00
225,109,Sophia,Brown,IN,full-time,2024-11-03 00:00:00
225,109,Michael,Davis,UK,full-time,2025-02-01 00:00:00
226,109,Michael,Davis,US,contractor,2024-11-30 00:00:00
226,109,James,Anderson,US,full-time,2025-02-28 00:00:00
226,109,Emma,Davis,UK,contractor,2025-05-29 00:00:00
227,109,Ava,Martinez,AU,full-time,2024-11-08 00:00:00
227,109,Emma,Martinez,AU,contractor,2025-02-06 00:00:00
227,109,Michael,Anderson,IN,contractor,2025-05-07 00:00:00
227,109,James,Johnson,US,contractor,2025-08-05 00:00:00
228,110,Amelia,Taylor,US,contractor,2024-02-03 00:00:00
228,110,Oliver,Clark,BR,full-time,2024-05-03 00:00:00
228,110,Olivia,Taylor,AU,full-time,2024-08-01 00:00:00
229,110,Olivia,Evans,AU,full-time,2024-02-25 00:00:00
229,110,Amelia,Evans,AU,contractor,2024-05-25 00:00:00
229,110,Amelia,Clark,IN,contractor,2024-08-23 00:00:00
229,110,George,Clark,AU,contractor,2024-11-21 00:00:00
230,110,George,Lewis,AU,contractor,2024-03-07 00:00:00
230,110,Amelia,Taylor,AU,full-time,2024-06-05 00:00:00
230,110,Olivia,Harris,UK,full-time,2024-09-03 00:00:00
230,110,Henry,Walker,BR,full-time,2024-12-02 00:00:00
231,111,Amelia,Lewis,US,contractor,2024-04-16 00:00:00
231,111,Oliver,Clark,UK,full-time,2024-07-15 00:00:00
231,111,Olivia,Taylor,IN,contractor,2024-10-13 00:00:00
231,111,Henry,Harris,IN,contractor,2025-01-11 00:00:00
232,111,Olivia,Harris,IN,contractor,2024-01-04 00:00:00
232,111,Olivia,Clark,AU,full-time,2024-04-03 00:00:00
233,111,Oliver,Harris,BR,contractor,2024-03-30 00:00:00
233,111,Henry,Evans,UK,contractor,2024-06-28 00:00:00
234,112,George,Harris,BR,contractor,2024-11-17 00:00:00
234,112,Olivia,Walker,AU,contractor,2025-02-15 00:00:00
234,112,George,Evans,IN,full-time,2025-05-16 00:00:00
235,113,Oliver,Harris,US,full-time,2024-10-22 00:00:00
235,113,Oliver,Walker,IN,contractor,2025-01-20 00:00:00
235,113,Olivia,Clark,UK,contractor,2025-04-20 00:00:00
235,113,Charlotte,Clark,US,contractor,2025-07-19 00:00:00
236,114,Vikram,Sharma,BR,full-time,2024-06-10 00:00:00
236,114,Priya,Gupta,IN,contractor,2024-09-08 00:00:00
236,114,Arjun,Gupta,AU,contractor,2024-12-07 00:00:00
236,114,Ananya,Singh,IN,full-time,2025-03-07 00:00:00
237,114,Priya,Verma,US,contractor,2024-04-13 00:00:00
237,114,Rahul,Gupta,UK,contractor,2024-07-12 00:00:00
238,114,Rahul,Sharma,IN,full-time,2024-09-04 00:00:00
238,114,Vikram,Verma,UK,full-time,2024-12-03 00:00:00
238,114,Aarav,Singh,BR,contractor,2025-03-03 00:00:00
238,114,Aarav,Verma,US,full-time,2025-06-01 00:00:00
239,115,Noah,Anderson,IN,contractor,2024-01-23 00:00:00
239,115,Michael,Anderson,AU,contractor,2024-04-22 00:00:00
239,115,Michael,Brown,IN,full-time,2024-07-21 00:00:00
239,115,James,Davis,UK,contractor,2024-10-19 00:00:00
240,115,James,Johnson,US,contractor,2024-05-21 00:00:00
240,115,Sophia,Davis,IN,full-time,2024-08-19 00:00:00
240,115,Michael,Brown,AU,full-time,2024-11-17 00:00:00
240,115,Sophia,Brown,IN,contractor,2025-02-15 00:00:00
241,116,James,Brown,UK,full-time,2024-03-13 00:00:00
241,116,Michael,Carter,AU,contractor,2024-06-11 00:00:00
241,116,Noah,Johnson,US,full-time,2024-09-09 00:00:00
241,116,Michael,Johnson,US,full-time,2024-12-08 00:00:00
242,116,Michael,Johnson,BR,full-time,2024-07-15 00:00:00
242,116,Ava,Brown,AU,contractor,2024-10-13 00:00:00
243,117,James,Davis,AU,full-time,2024-07-01 00:00:00
243,117,Emma,Brown,UK,full-time,2024-09-29 00:00:00
243,117,Ava,Johnson,US,contractor,2024-12-28 00:00:00
244,117,Ava,Martinez,BR,contractor,2024-06-07 00:00:00
244,117,Sophia,Davis,UK,contractor,2024-09-05 00:00:00
244,117,James,Johnson,UK,contractor,2024-12-04 00:00:00
244,117,James,Johnson,BR,full-time,2025-03-04 00:00:00
245,117,Michael,Carter,BR,contractor,2024-02-03 00:00:00
245,117,Sophia,Carter,IN,full-time,2024-05-03 00:00:00
245,117,Noah,Anderson,BR,full-time,2024-08-01 00:00:00
246,118,Henry,Harris,AU,contractor,2024-10-11 00:00:00
246,118,Amelia,Clark,BR,full-time,2025-01-09 00:00:00
246,118,George,Taylor,AU,full-time,2025-04-09 00:00:00
246,118,Amelia,Lewis,US,contractor,2025-07-08 00:00:00
247,118,George,Lewis,BR,contractor,2024-04-16 00:00:00
247,118,George,Evans,UK,full-time,2024-07-15 00:00:00
247,118,Olivia,Evans,US,contractor,2024-10-13 00:00:00
247,118,Henry,Clark,AU,contractor,2025-01-11 00:00:00
248,119,Isabella,King,IN,contractor,2024-10-11 00:00:00
248,119,Thomas,Brown,US,contractor,2025-01-09 00:00:00
249,119,Chloe,Taylor,US,full-time,2024-06-16 00:00:00
249,119,Olivia,King,AU,full-time,2024-09-14 00:00:00
249,119,Olivia,Taylor,UK,contractor,2024-12-13 00:00:00
250,120,George,Clark,BR,full-time,2024-05-29 00:00:00
250,120,Charlotte,Evans,IN,contractor,2024-08-27 00:00:00
250,120,George,Evans,IN,contractor,2024-11-25 00:00:00
251,120,George,Walker,AU,contractor,2024-06-25 00:00:00
251,120,Charlotte,Harris,US,contractor,2024-09-23 00:00:00
252,120,Henry,Evans,AU,contractor,2024-10-08 00:00:00
252,120,Henry,Harris,US,full-time,2025-01-06 00:00:00
253,121,Sofia,Ferreira,IN,contractor,2024-12-25 00:00:00
253,121,Sofia,Cruz,BR,full-time,2025-03-25 00:00:00
253,121,Julia,Santos,BR,full-time,2025-06-23 00:00:00
253,121,Isabela,Almeida,BR,contractor,2025-09-21 00:00:00
254,121,Lucas,Ferreira,UK,full-time,2024-08-01 00:00:00
254,121,Gabriel,Oliveira,US,full-time,2024-10-30 00:00:00
255,122,Emma,Davis,US,full-time,2024-09-06 00:00:00
255,122,Ava,Johnson,BR,contractor,2024-12-05 00:00:00
255,122,Noah,Davis,BR,contractor,2025-03-05 00:00:00
255,122,Noah,Johnson,BR,contractor,2025-06-03 00:00:00
256,122,Emma,Brown,US,contractor,2024-04-25 00:00:00
256,122,Ava,Davis,AU,contractor,2024-07-24 00:00:00
257,122,Noah,Carter,US,full-time,2024-07-29 00:00:00
257,122,Noah,Johnson,IN,full-time,2024-10-27 00:00:00
257,122,Noah,Johnson,US,full-time,2025-01-25 00:00:00
257,122,Ava,Martinez,AU,contractor,2025-04-25 00:00:00
258,123,Noah,Brown,US,full-time,2024-09-21 00:00:00
258,123,Emma,Martinez,US,contractor,2024-12-20 00:00:00
259,123,James,Brown,US,contractor,2024-11-09 00:00:00
259,123,Emma,Brown,BR,contractor,2025-02-07 00:00:00
260,124,Oliver,Taylor,US,contractor,2024-06-29 00:00:00
260,124,Olivia,Clark,IN,full-time,2024-09-27 00:00:00
260,124,Olivia,Lewis,AU,full-time,2024-12-26 00:00:00
261,124,Olivia,Harris,AU,full-time,2024-10-20 00:00:00
261,124,Oliver,Lewis,US,full-time,2025-01-18 00:00:00
262,125,Lucas,Santos,AU,contractor,2024-02-09 00:00:00
262,125,Lucas,Silva,US,full-time,2024-05-09 00:00:00
262,125,Mateus,Santos,AU,full-time,2024-08-07 00:00:00
263,125,Lucas,Santos,IN,full-time,2024-12-03 00:00:00
263,125,Sofia,Santos,AU,full-time,2025-03-03 00:00:00
263,125,Lucas,Oliveira,UK,full-time,2025-06-01 00:00:00
264,125,Sofia,Santos,BR,full-time,2024-09-10 00:00:00
264,125,Isabela,Almeida,IN,full-time,2024-12-09 00:00:00
264,125,Julia,Silva,US,full-time,2025-03-09 00:00:00
265,126,Isabella,Wilson,BR,full-time,2024-08-25 00:00:00
265,126,Isabella,Taylor,BR,contractor,2024-11-23 00:00:00
265,126,Ethan,King,AU,contractor,2025-02-21 00:00:00
266,127,Emma,Martinez,IN,full-time,2024-05-27 00:00:00
266,127,Michael,Brown,IN,contractor,2024-08-25 00:00:00
266,127,Noah,Martinez,IN,contractor,2024-11-23 00:00:00
267,128,James,Martinez,AU,contractor,2024-05-16 00:00:00
267,128,Emma,Martinez,UK,full-time,2024-08-14 00:00:00
268,128,Ava,Martinez,UK,contractor,2024-09-23 00:00:00
268,128,Noah,Anderson,US,full-time,2024-12-22 00:00:00
268,128,Michael,Johnson,US,full-time,2025-03-22 00:00:00
269,129,Olivia,Taylor,IN,contractor,2024-08-16 00:00:00
269,129,Olivia,White,US,full-time,2024-11-14 00:00:00
269,129,Thomas,Brown,UK,full-time,2025-02-12 00:00:00
270,129,Thomas,Brown,UK,contractor,2024-12-28 00:00:00
270,129,Chloe,Taylor,AU,full-time,2025-03-28 00:00:00
271,129,Olivia,Wilson,IN,contractor,2024-02-26 00:00:00
271,129,Chloe,White,BR,contractor,2024-05-26 00:00:00
271,129,Isabella,Taylor,IN,contractor,2024-08-24 00:00:00
271,129,Olivia,White,IN,full-time,2024-11-22 00:00:00
272,130,Henry,Harris,IN,full-time,2024-07-17 00:00:00
272,130,Amelia,Walker,BR,full-time,2024-10-15 00:00:00
272,130,George,Lewis,UK,contractor,2025-01-13 00:00:00
273,130,George,Lewis,UK,full-time,2024-02-25 00:00:00
273,130,Amelia,Evans,IN,full-time,2024-05-25 00:00:00
274,131,Rahul,Kumar,IN,contractor,2024-02-07 00:00:00
274,131,Vikram,Patel,UK,full-time,2024-05-07 00:00:00
275,132,Oliver,Taylor,IN,contractor,2024-12-06 00:00:00
275,132,George,Walker,AU,contractor,2025-03-06 00:00:00
275,132,Amelia,Lewis,BR,full-time,2025-06-04 00:00:00
276,133,Priya,Kumar,BR,full-time,2024-04-25 00:00:00
276,133,Rahul,Verma,IN,contractor,2024-07-24 00:00:00
277,133,Priya,Singh,US,contractor,2024-12-15 00:00:00
277,133,Rahul,Sharma,US,contractor,2025-03-15 00:00:00
277,133,Arjun,Kumar,UK,full-time,2025-06-13 00:00:00
278,133,Priya,Kumar,UK,contractor,2024-10-10 00:00:00
278,133,Aarav,Patel,US,contractor,2025-01-08 00:00:00
279,134,Isabella,Taylor,UK,full-time,2024-02-13 00:00:00
279,134,Thomas,King,US,full-time,2024-05-13 00:00:00
279,134,Isabella,Harris,US,contractor,2024-08-11 00:00:00
279,134,Isabella,Brown,BR,full-time,2024-11-09 00:00:00
280,134,Thomas,Wilson,US,contractor,2024-01-19 00:00:00
280,134,Thomas,King,AU,contractor,2024-04-18 00:00:00
280,134,Chloe,Brown,UK,full-time,2024-07-17 00:00:00
281,135,Charlotte,Lewis,US,contractor,2024-01-19 00:00:00
281,135,George,Walker,UK,full-time,2024-04-18 00:00:00
281,135,Henry,Taylor,US,contractor,2024-07-17 00:00:00
281,135,Henry,Lewis,AU,full-time,2024-10-15 00:00:00
282,136,Michael,Johnson,AU,full-time,2024-02-02 00:00:00
282,136,Michael,Davis,BR,contractor,2024-05-02 00:00:00
283,136,James,Anderson,AU,full-time,2024-12-13 00:00:00
283,136,James,Davis,US,full-time,2025-03-13 00:00:00
283,136,James,Anderson,US,contractor,2025-06-11 00:00:00
284,136,Sophia,Martinez,IN,full-time,2024-03-13 00:00:00
284,136,Emma,Davis,AU,full-time,2024-06-11 00:00:00
284,136,Sophia,Anderson,AU,contractor,2024-09-09 00:00:00
285,137,Gabriel,Oliveira,US,full-time,2024-01-09 00:00:00
285,137,Gabriel,Ferreira,AU,contractor,2024-04-08 00:00:00
285,137,Sofia,Ferreira,BR,full-time,2024-07-07 00:00:00
286,138,Oliver,Clark,BR,contractor,2024-03-14 00:00:00
286,138,Charlotte,Taylor,AU,full-time,2024-06-12 00:00:00
286,138,George,Taylor,BR,full-time,2024-09-10 00:00:00
286,138,Olivia,Harris,IN,contractor,2024-12-09 00:00:00
287,139,Sophia,Anderson,AU,full-time,2024-10-12 00:00:00
287,139,Noah,Carter,AU,full-time,2025-01-10 00:00:00
288,140,Charlotte,Harris,US,full-time,2024-11-16 00:00:00
288,140,Henry,Taylor,BR,contractor,2025-02-14 00:00:00
288,140,Charlotte,Taylor,US,full-time,2025-05-15 00:00:00
288,140,Olivia,Harris,IN,full-time,2025-08-13 00:00:00
289,140,Oliver,Clark,BR,full-time,2024-08-10 00:00:00
289,140,Henry,Evans,US,full-time,2024-11-08 00:00:00
289,140,Charlotte,Walker,BR,full-time,2025-02-06 00:00:00
290,141,Priya,Verma,AU,contractor,2024-04-30 00:00:00
290,141,Priya,Gupta,IN,full-time,2024-07-29 00:00:00
290,141,Vikram,Sharma,UK,full-time,2024-10-27 00:00:00
290,141,Ananya,Kumar,BR,full-time,2025-01-25 00:00:00
291,142,Emma,Brown,BR,full-time,2024-04-22 00:00:00
291,142,Emma,Davis,UK,contractor,2024-07-21 00:00:00
292,142,James,Davis,BR,full-time,2024-04-01 00:00:00
292,142,Ava,Carter,IN,full-time,2024-06-30 00:00:00
292,142,James,Davis,US,full-time,2024-09-28 00:00:00
293,143,Priya,Patel,BR,full-time,2024-03-10 00:00:00
293,143,Arjun,Gupta,IN,full-time,2024-06-08 00:00:00
294,143,Ananya,Verma,AU,full-time,2024-11-22 00:00:00
294,143,Vikram,Patel,AU,contractor,2025-02-20 00:00:00
294,143,Ananya,Verma,BR,contractor,2025-05-21 00:00:00
294,143,Arjun,Singh,BR,full-time,2025-08-19 00:00:00
295,144,Rahul,Gupta,AU,full-time,2024-06-16 00:00:00
295,144,Rahul,Singh,BR,full-time,2024-09-14 00:00:00
295,144,Vikram,Patel,AU,full-time,2024-12-13 00:00:00
296,145,Sofia,Ferreira,US,contractor,2024-09-28 00:00:00
296,145,Sofia,Santos,US,full-time,2024-12-27 00:00:00
296,145,Julia,Ferreira,BR,full-time,2025-03-27 00:00:00
297,145,Lucas,Santos,US,full-time,2024-03-08 00:00:00
297,145,Sofia,Ferreira,IN,full-time,2024-06-06 00:00:00
297,145,Julia,Cruz,AU,full-time,2024-09-04 00:00:00
298,146,Ava,Johnson,UK,contractor,2024-08-25 00:00:00
298,146,Ava,Johnson,US,full-time,2024-11-23 00:00:00
299,146,James,Brown,US,contractor,2024-07-16 00:00:00
299,146,Emma,Carter,AU,full-time,2024-10-14 00:00:00
299,146,Ava,Anderson,AU,contractor,2025-01-12 00:00:00
299,146,Ava,Anderson,AU,contractor,2025-04-12 00:00:00
300,147,Oliver,Lewis,AU,full-time,2024-02-26 00:00:00
300,147,Oliver,Harris,UK,full-time,2024-05-26 00:00:00
300,147,George,Evans,UK,full-time,2024-08-24 00:00:00
301,148,Michael,Martinez,BR,full-time,2024-05-02 00:00:00
301,148,Ava,Davis,IN,contractor,2024-07-31 00:00:00
301,148,James,Brown,BR,contractor,2024-10-29 00:00:00
301,148,Michael,Anderson,IN,contractor,2025-01-27 00:00:00
302,148,Noah,Brown,US,contractor,2024-08-19 00:00:00
302,148,Ava,Brown,AU,contractor,2024-11-17 00:00:00
302,148,Emma,Brown,IN,full-time,2025-02-15 00:00:00
303,149,Gabriel,Cruz,UK,contractor,2024-08-22 00:00:00
303,149,Gabriel,Oliveira,UK,contractor,2024-11-20 00:00:00
304,150,Sofia,Santos,UK,full-time,2024-12-22 00:00:00
304,150,Lucas,Cruz,AU,full-time,2025-03-22 00:00:00
305,151,Emma,Martinez,US,contractor,2024-06-26 00:00:00
305,151,Sophia,Anderson,US,full-time,2024-09-24 00:00:00
305,151,Noah,Martinez,IN,contractor,2024-12-23 00:00:00
306,151,Ava,Martinez,IN,contractor,2024-10-23 00:00:00
306,151,Noah,Martinez,AU,contractor,2025-01-21 00:00:00
306,151,Emma,Carter,AU,full-time,2025-04-21 00:00:00
307,152,Charlotte,Lewis,IN,contractor,2024-03-28 00:00:00
307,152,Henry,Taylor,IN,contractor,2024-06-26 00:00:00
307,152,Amelia,Taylor,AU,full-time,2024-09-24 00:00:00
308,152,Oliver,Taylor,UK,full-time,2024-12-30 00:00:00
308,152,Charlotte,Taylor,US,full-time,2025-03-30 00:00:00
308,152,Oliver,Clark,UK,contractor,2025-06-28 00:00:00
308,152,Oliver,Harris,UK,full-time,2025-09-26 00:00:00
309,153,Julia,Silva,IN,full-time,2024-12-28 00:00:00
309,153,Lucas,Cruz,AU,full-time,2025-03-28 00:00:00
310,153,Gabriel,Oliveira,BR,contractor,2024-09-30 00:00:00
310,153,Isabela,Cruz,IN,full-time,2024-12-29 00:00:00
310,153,Gabriel,Ferreira,AU,contractor,2025-03-29 00:00:00
311,153,Lucas,Cruz,IN,full-time,2024-11-27 00:00:00
311,153,Mateus,Ferreira,BR,contractor,2025-02-25 00:00:00
311,153,Julia,Oliveira,BR,full-time,2025-05-26 00:00:00
311,153,Isabela,Ferreira,AU,full-time,2025-08-24 00:00:00
312,154,William,King,BR,contractor,2024-01-13 00:00:00
312,154,Thomas,Wilson,US,full-time,2024-04-12 00:00:00
312,154,William,Brown,UK,contractor,2024-07-11 00:00:00
313,154,Thomas,Brown,BR,full-time,2024-04-10 00:00:00
313,154,William,Harris,UK,contractor,2024-07-09 00:00:00
314,155,Mateus,Oliveira,IN,contractor,2024-11-04 00:00:00
314,155,Isabela,Ferreira,BR,contractor,2025-02-02 00:00:00
314,155,Sofia,Silva,US,contractor,2025-05-03 00:00:00
314,155,Lucas,Silva,IN,contractor,2025-08-01 00:00:00
315,155,Isabela,Ferreira,BR,contractor,2024-10-14 00:00:00
315,155,Sofia,Silva,UK,contractor,2025-01-12 00:00:00
316,156,William,Brown,US,full-time,2024-07-31 00:00:00
316,156,Olivia,Wilson,BR,contractor,2024-10-29 00:00:00
317,156,Isabella,White,US,contractor,2024-02-03 00:00:00
317,156,Chloe,Wilson,BR,full-time,2024-05-03 00:00:00
317,156,William,Harris,AU,full-time,2024-08-01 00:00:00
317,156,Olivia,King,BR,contractor,2024-10-30 00:00:00
318,156,Thomas,Wilson,AU,contractor,2024-10-10 00:00:00
318,156,Isabella,Brown,BR,full-time,2025-01-08 00:00:00
318,156,Thomas,White,UK,contractor,2025-04-08 00:00:00
319,157,Priya,Singh,IN,contractor,2024-11-23 00:00:00
319,157,Ananya,Patel,UK,full-time,2025-02-21 00:00:00
319,157,Vikram,Sharma,BR,full-time,2025-05-22 00:00:00
319,157,Rahul,Kumar,IN,contractor,2025-08-20 00:00:00
320,157,Arjun,Kumar,BR,full-time,2024-10-16 00:00:00
320,157,Arjun,Verma,AU,full-time,2025-01-14 00:00:00
320,157,Arjun,Gupta,AU,full-time,2025-04-14 00:00:00
321,158,Julia,Santos,IN,full-time,2024-06-12 00:00:00
321,158,Gabriel,Silva,IN,contractor,2024-09-10 00:00:00
321,158,Julia,Silva,US,contractor,2024-12-09 00:00:00
322,159,Vikram,Verma,UK,full-time,2024-09-28 00:00:00
322,159,Vikram,Verma,UK,contractor,2024-12-27 00:00:00
322,159,Arjun,Kumar,IN,contractor,2025-03-27 00:00:00
322,159,Aarav,Kumar,IN,full-time,2025-06-25 00:00:00
323,159,Arjun,Gupta,US,full-time,2024-09-30 00:00:00
323,159,Rahul,Sharma,IN,contractor,2024-12-29 00:00:00
323,159,Priya,Sharma,UK,full-time,2025-03-29 00:00:00
323,159,Ananya,Gupta,AU,full-time,2025-06-27 00:00:00
324,160,Olivia,Clark,AU,full-time,2024-10-13 00:00:00
324,160,Amelia,Lewis,US,full-time,2025-01-11 00:00:00
324,160,Charlotte,Walker,BR,contractor,2025-04-11 00:00:00
324,160,Oliver,Evans,IN,full-time,2025-07-10 00:00:00
325,161,Oliver,Taylor,IN,full-time,2024-11-01 00:00:00
325,161,Olivia,Walker,UK,full-time,2025-01-30 00:00:00
325,161,Olivia,Taylor,UK,contractor,2025-04-30 00:00:00
325,161,Charlotte,Taylor,UK,full-time,2025-07-29 00:00:00
326,161,Henry,Walker,US,contractor,2024-08-05 00:00:00
326,161,Amelia,Walker,UK,full-time,2024-11-03 00:00:00
326,161,Henry,Evans,AU,full-time,2025-02-01 00:00:00
326,161,Amelia,Walker,IN,full-time,2025-05-02 00:00:00
327,162,Vikram,Singh,US,full-time,2024-06-03 00:00:00
327,162,Rahul,Gupta,UK,contractor,2024-09-01 00:00:00
327,162,Vikram,Singh,UK,contractor,2024-11-30 00:00:00
327,162,Rahul,Sharma,IN,full-time,2025-02-28 00:00:00
328,163,Noah,Brown,US,full-time,2024-11-09 00:00:00
328,163,Noah,Anderson,AU,full-time,2025-02-07 00:00:00
329,163,Sophia,Brown,US,full-time,2024-04-08 00:00:00
329,163,Sophia,Brown,BR,contractor,2024-07-07 00:00:00
329,163,Ava,Brown,UK,contractor,2024-10-05 00:00:00
330,163,Sophia,Carter,BR,contractor,2024-12-10 00:00:00
330,163,Sophia,Brown,UK,contractor,2025-03-10 00:00:00
331,164,Amelia,Walker,AU,full-time,2024-06-09 00:00:00
331,164,Amelia,Harris,IN,full-time,2024-09-07 00:00:00
332,165,Thomas,Harris,IN,contractor,2024-06-16 00:00:00
332,165,William,Taylor,IN,contractor,2024-09-14 00:00:00
332,165,Olivia,Brown,BR,contractor,2024-12-13 00:00:00
333,166,Sofia,Ferreira,IN,full-time,2024-04-06 00:00:00
333,166,Gabriel,Ferreira,BR,full-time,2024-07-05 00:00:00
334,166,Mateus,Ferreira,US,full-time,2024-07-21 00:00:00
334,166,Isabela,Cruz,BR,full-time,2024-10-19 00:00:00
334,166,Julia,Santos,US,contractor,2025-01-17 00:00:00
335,167,William,Harris,US,full-time,2024-06-22 00:00:00
335,167,Isabella,Taylor,BR,contractor,2024-09-20 00:00:00
336,168,James,Martinez,BR,contractor,2024-10-24 00:00:00
336,168,Emma,Martinez,AU,contractor,2025-01-22 00:00:00
336,168,Emma,Brown,IN,full-time,2025-04-22 00:00:00
336,168,Emma,Anderson,US,contractor,2025-07-21 00:00:00
337,168,Sophia,Martinez,UK,full-time,2024-09-07 00:00:00
337,168,Michael,Martinez,US,full-time,2024-12-06 00:00:00
337,168,Emma,Martinez,US,full-time,2025-03-06 00:00:00
338,168,Ava,Carter,UK,contractor,2024-07-14 00:00:00
338,168,Noah,Brown,US,full-time,2024-10-12 00:00:00
338,168,Ava,Brown,BR,contractor,2025-01-10 00:00:00
338,168,Sophia,Carter,BR,contractor,2025-04-10 00:00:00
339,169,Ethan,Brown,AU,full-time,2024-05-13 00:00:00
339,169,Thomas,Harris,US,contractor,2024-08-11 00:00:00
339,169,Isabella,Wilson,BR,contractor,2024-11-09 00:00:00
339,169,Isabella,White,US,full-time,2025-02-07 00:00:00
340,169,Ethan,Taylor,UK,contractor,2024-10-12 00:00:00
340,169,Isabella,King,IN,contractor,2025-01-10 00:00:00
340,169,Isabella,White,AU,contractor,2025-04-10 00:00:00
340,169,Chloe,Brown,AU,contractor,2025-07-09 00:00:00
341,169,Olivia,Brown,US,contractor,2024-08-31 00:00:00
341,169,Ethan,Harris,AU,contractor,2024-11-29 00:00:00
341,169,William,Taylor,IN,contractor,2025-02-27 00:00:00
341,169,Ethan,White,US,full-time,2025-05-28 00:00:00
342,170,Olivia,Clark,US,contractor,2024-07-06 00:00:00
342,170,Amelia,Walker,BR,contractor,2024-10-04 00:00:00
342,170,Oliver,Lewis,IN,full-time,2025-01-02 00:00:00
343,171,Charlotte,Evans,IN,full-time,2024-05-05 00:00:00
343,171,Olivia,Walker,IN,full-time,2024-08-03 00:00:00
344,171,Henry,Clark,IN,full-time,2024-06-21 00:00:00
344,171,Amelia,Evans,BR,contractor,2024-09-19 00:00:00
345,171,Olivia,Lewis,AU,full-time,2024-05-16 00:00:00
345,171,Oliver,Lewis,AU,contractor,2024-08-14 00:00:00
346,172,Emma,Anderson,UK,contractor,2024-10-20 00:00:00
346,172,Emma,Brown,IN,full-time,2025-01-18 00:00:00
347,172,James,Johnson,UK,contractor,2024-11-10 00:00:00
347,172,Ava,Anderson,AU,full-time,2025-02-08 00:00:00
347,172,James,Carter,US,contractor,2025-05-09 00:00:00
348,173,William,Taylor,US,full-time,2024-07-24 00:00:00
348,173,William,Wilson,IN,full-time,2024-10-22 00:00:00
349,173,Isabella,Harris,UK,contractor,2024-10-17 00:00:00
349,173,Thomas,Taylor,IN,contractor,2025-01-15 00:00:00
349,173,Isabella,Taylor,AU,contractor,2025-04-15 00:00:00
349,173,Olivia,Harris,BR,contractor,2025-07-14 00:00:00
350,173,Isabella,Taylor,AU,full-time,2024-11-15 00:00:00
350,173,Thomas,Taylor,AU,full-time,2025-02-13 00:00:00
350,173,William,Harris,UK,contractor,2025-05-14 00:00:00
350,173,Ethan,Taylor,AU,contractor,2025-08-12 00:00:00
351,174,Mateus,Santos,IN,contractor,2024-11-16 00:00:00
351,174,Isabela,Santos,UK,contractor,2025-02-14 00:00:00
352,174,Lucas,Oliveira,UK,contractor,2024-08-10 00:00:00
352,174,Lucas,Silva,UK,contractor,2024-11-08 00:00:00
352,174,Julia,Almeida,UK,contractor,2025-02-06 00:00:00
353,174,Isabela,Santos,US,full-time,2024-05-02 00:00:00
353,174,Lucas,Cruz,BR,contractor,2024-07-31 00:00:00
354,175,Isabela,Santos,IN,full-time,2024-11-27 00:00:00
354,175,Gabriel,Silva,IN,full-time,2025-02-25 00:00:00
355,175,Julia,Cruz,US,full-time,2024-11-25 00:00:00
355,175,Gabriel,Silva,AU,contractor,2025-02-23 00:00:00
356,176,Olivia,Evans,US,contractor,2024-07-27 00:00:00
356,176,Olivia,Taylor,UK,full-time,2024-10-25 00:00:00
356,176,George,Evans,AU,full-time,2025-01-23 00:00:00
357,177,Noah,Carter,BR,full-time,2024-12-06 00:00:00
357,177,Sophia,Brown,US,contractor,2025-03-06 00:00:00
357,177,James,Brown,BR,full-time,2025-06-04 00:00:00
357,177,Emma,Davis,UK,full-time,2025-09-02 00:00:00
358,177,James,Johnson,BR,contractor,2024-03-30 00:00:00
358,177,Noah,Anderson,BR,contractor,2024-06-28 00:00:00
359,177,James,Brown,BR,contractor,2024-12-24 00:00:00
359,177,Ava,Davis,IN,full-time,2025-03-24 00:00:00
360,178,Oliver,Harris,US,full-time,2024-08-31 00:00:00
360,178,Olivia,Evans,US,full-time,2024-11-29 00:00:00
360,178,Oliver,Clark,BR,contractor,2025-02-27 00:00:00
360,178,Olivia,Evans,IN,full-time,2025-05-28 00:00:00
361,178,Amelia,Lewis,US,contractor,2024-09-30 00:00:00
361,178,Oliver,Harris,US,full-time,2024-12-29 00:00:00
362,179,Emma,Martinez,IN,contractor,2024-04-17 00:00:00
362,179,Michael,Carter,US,contractor,2024-07-16 00:00:00
363,179,Emma,Carter,BR,full-time,2024-08-29 00:00:00
363,179,Sophia,Martinez,IN,full-time,2024-11-27 00:00:00
363,179,James,Johnson,AU,contractor,2025-02-25 00:00:00
363,179,Emma,Martinez,US,full-time,2025-05-26 00:00:00
364,180,Ava,Johnson,UK,full-time,2024-11-24 00:00:00
364,180,Emma,Davis,IN,contractor,2025-02-22 00:00:00
365,180,Michael,Davis,UK,full-time,2024-10-21 00:00:00
365,180,Noah,Martinez,BR,contractor,2025-01-19 00:00:00
366,180,Ava,Davis,IN,full-time,2024-08-19 00:00:00
366,180,Ava,Brown,IN,contractor,2024-11-17 00:00:00
366,180,Sophia,Anderson,BR,contractor,2025-02-15 00:00:00
367,181,Mateus,Santos,US,full-time,2024-07-20 00:00:00
367,181,Mateus,Ferreira,AU,full-time,2024-10-18 00:00:00
367,181,Gabriel,Cruz,UK,contractor,2025-01-16 00:00:00
368,182,Isabella,Brown,BR,contractor,2024-03-27 00:00:00
368,182,Olivia,White,IN,full-time,2024-06-25 00:00:00
369,182,Thomas,Taylor,AU,contractor,2024-10-17 00:00:00
369,182,Isabella,Taylor,BR,full-time,2025-01-15 00:00:00
370,182,Olivia,King,IN,contractor,2024-04-24 00:00:00
370,182,Chloe,Harris,BR,full-time,2024-07-23 00:00:00
370,182,Isabella,King,AU,full-time,2024-10-21 00:00:00
370,182,Ethan,Taylor,UK,contractor,2025-01-19 00:00:00
371,183,Thomas,Wilson,IN,full-time,2024-07-28 00:00:00
371,183,William,Harris,UK,contractor,2024-10-26 00:00:00
372,184,Isabella,White,US,contractor,2024-12-16 00:00:00
372,184,Olivia,Wilson,BR,full-time,2025-03-16 00:00:00
372,184,Chloe,Harris,BR,contractor,2025-06-14 00:00:00
372,184,Thomas,White,AU,full-time,2025-09-12 00:00:00
373,184,Olivia,Harris,IN,full-time,2024-01-27 00:00:00
373,184,Thomas,Wilson,AU,contractor,2024-04-26 00:00:00
373,184,Ethan,Harris,IN,full-time,2024-07-25 00:00:00
374,184,William,King,IN,full-time,2024-10-13 00:00:00
374,184,William,Harris,IN,contractor,2025-01-11 00:00:00
375,185,Julia,Almeida,BR,full-time,2024-02-15 00:00:00
375,185,Lucas,Oliveira,IN,full-time,2024-05-15 00:00:00
375,185,Isabela,Cruz,IN,contractor,2024-08-13 00:00:00
376,186,George,Harris,AU,contractor,2024-05-24 00:00:00
376,186,Amelia,Taylor,IN,contractor,2024-08-22 00:00:00
376,186,Charlotte,Clark,BR,full-time,2024-11-20 00:00:00
377,186,Henry,Taylor,UK,full-time,2024-04-06 00:00:00
377,186,Amelia,Harris,UK,contractor,2024-07-05 00:00:00
378,187,Gabriel,Cruz,IN,contractor,2024-02-29 00:00:00
378,187,Sofia,Cruz,US,full-time,2024-05-29 00:00:00
378,187,Gabriel,Silva,US,full-time,2024-08-27 00:00:00
379,187,Isabela,Ferreira,AU,contractor,2024-05-25 00:00:00
379,187,Mateus,Ferreira,AU,full-time,2024-08-23 00:00:00
380,188,Mateus,Santos,BR,full-time,2024-01-03 00:00:00
380,188,Isabela,Cruz,US,contractor,2024-04-02 00:00:00
380,188,Gabriel,Silva,US,contractor,2024-07-01 00:00:00
380,188,Lucas,Almeida,US,contractor,2024-09-29 00:00:00
381,188,Gabriel,Cruz,BR,contractor,2024-03-19 00:00:00
381,188,Julia,Silva,AU,full-time,2024-06-17 00:00:00
382,188,Julia,Almeida,BR,contractor,2024-06-17 00:00:00
382,188,Julia,Ferreira,AU,full-time,2024-09-15 00:00:00
383,189,Oliver,Harris,US,full-time,2024-01-25 00:00:00
383,189,George,Clark,BR,full-time,2024-04-24 00:00:00
383,189,Amelia,Harris,UK,full-time,2024-07-23 00:00:00
383,189,Amelia,Walker,US,full-time,2024-10-21 00:00:00
384,190,Arjun,Kumar,UK,full-time,2024-07-17 00:00:00
384,190,Arjun,Patel,BR,contractor,2024-10-15 00:00:00
384,190,Aarav,Verma,UK,contractor,2025-01-13 00:00:00
385,191,George,Taylor,BR,contractor,2024-02-19 00:00:00
385,191,Amelia,Lewis,IN,contractor,2024-05-19 00:00:00
385,191,Henry,Lewis,IN,full-time,2024-08-17 00:00:00
386,191,Amelia,Walker,US,contractor,2024-08-10 00:00:00
386,191,Amelia,Evans,UK,full-time,2024-11-08 00:00:00
386,191,Amelia,Clark,AU,full-time,2025-02-06 00:00:00
386,191,Oliver,Lewis,BR,full-time,2025-05-07 00:00:00
387,191,Charlotte,Taylor,IN,full-time,2024-09-01 00:00:00
387,191,George,Lewis,IN,full-time,2024-11-30 00:00:00
387,191,George,Walker,US,full-time,2025-02-28 00:00:00
388,192,Gabriel,Cruz,AU,contractor,2024-08-05 00:00:00
388,192,Lucas,Silva,AU,full-time,2024-11-03 00:00:00
388,192,Mateus,Oliveira,US,contractor,2025-02-01 00:00:00
389,192,Sofia,Oliveira,US,contractor,2024-04-01 00:00:00
389,192,Julia,Silva,IN,contractor,2024-06-30 00:00:00
390,192,Mateus,Silva,IN,full-time,2024-12-09 00:00:00
390,192,Isabela,Santos,US,contractor,2025-03-09 00:00:00
390,192,Julia,Oliveira,BR,full-time,2025-06-07 00:00:00
391,193,Michael,Davis,BR,contractor,2024-07-21 00:00:00
391,193,Ava,Johnson,AU,contractor,2024-10-19 00:00:00
392,194,Arjun,Kumar,BR,contractor,2024-11-12 00:00:00
392,194,Vikram,Gupta,UK,full-time,2025-02-10 00:00:00
392,194,Ananya,Singh,US,full-time,2025-05-11 00:00:00
392,194,Vikram,Gupta,BR,full-time,2025-08-09 00:00:00
393,194,Priya,Kumar,AU,full-time,2024-11-28 00:00:00
393,194,Vikram,Sharma,BR,full-time,2025-02-26 00:00:00
394,195,Gabriel,Santos,UK,contractor,2024-08-04 00:00:00
394,195,Sofia,Cruz,US,contractor,2024-11-02 00:00:00
395,195,Isabela,Silva,AU,contractor,2024-10-26 00:00:00
395,195,Gabriel,Silva,US,full-time,2025-01-24 00:00:00
396,196,Sofia,Cruz,AU,contractor,2024-12-31 00:00:00
396,196,Gabriel,Cruz,BR,contractor,2025-03-31 00:00:00
396,196,Mateus,Almeida,AU,contractor,2025-06-29 00:00:00
397,196,Gabriel,Almeida,US,contractor,2024-04-28 00:00:00
397,196,Mateus,Silva,AU,full-time,2024-07-27 00:00:00
397,196,Lucas,Ferreira,BR,contractor,2024-10-25 00:00:00
397,196,Gabriel,Cruz,AU,contractor,2025-01-23 00:00:00
398,196,Sofia,Oliveira,UK,contractor,2024-08-17 00:00:00
398,196,Julia,Santos,BR,contractor,2024-11-15 00:00:00
398,196,Sofia,Santos,AU,full-time,2025-02-13 00:00:00
398,196,Mateus,Ferreira,IN,contractor,2025-05-14 00:00:00
399,197,Ava,Johnson,BR,contractor,2024-05-30 00:00:00
399,197,Emma,Davis,AU,full-time,2024-08-28 00:00:00
399,197,James,Martinez,US,contractor,2024-11-26 00:00:00
399,197,Sophia,Davis,UK,full-time,2025-02-24 00:00:00
400,198,Sofia,Cruz,IN,full-time,2024-09-08 00:00:00
400,198,Isabela,Almeida,US,full-time,2024-12-07 00:00:00
401,198,Lucas,Ferreira,UK,full-time,2024-07-02 00:00:00
401,198,Mateus,Oliveira,US,contractor,2024-09-30 00:00:00
401,198,Sofia,Oliveira,AU,full-time,2024-12-29 00:00:00
402,198,Isabela,Cruz,IN,contractor,2024-03-02 00:00:00
402,198,Lucas,Oliveira,AU,contractor,2024-05-31 00:00:00
402,198,Isabela,Ferreira,AU,full-time,2024-08-29 00:00:00
402,198,Julia,Oliveira,BR,contractor,2024-11-27 00:00:00
403,199,Rahul,Singh,AU,full-time,2024-02-24 00:00:00
403,199,Rahul,Singh,UK,full-time,2024-05-24 00:00:00
403,199,Ananya,Sharma,UK,contractor,2024-08-22 00:00:00
403,199,Aarav,Patel,AU,contractor,2024-11-20 00:00:00
404,200,Chloe,Wilson,IN,full-time,2024-02-20 00:00:00
404,200,Thomas,King,BR,contractor,2024-05-20 00:00:00
405,200,Isabella,Wilson,IN,full-time,2024-01-04 00:00:00
405,200,Thomas,Wilson,IN,contractor,2024-04-03 00:00:00
406,200,Chloe,King,UK,contractor,2024-07-03 00:00:00
406,200,Olivia,King,BR,contractor,2024-10-01 00:00:00
406,200,Isabella,Harris,AU,contractor,2024-12-30 00:00:00
406,200,Thomas,Harris,UK,full-time,2025-03-30 00:00:00
407,201,Henry,Harris,IN,contractor,2024-09-21 00:00:00
407,201,Charlotte,Lewis,US,contractor,2024-12-20 00:00:00
408,201,Olivia,Taylor,AU,full-time,2024-01-19 00:00:00
408,201,Olivia,Evans,AU,contractor,2024-04-18 00:00:00
408,201,Amelia,Lewis,AU,contractor,2024-07-17 00:00:00
408,201,Olivia,Evans,IN,contractor,2024-10-15 00:00:00
409,201,George,Clark,UK,contractor,2024-01-05 00:00:00
409,201,Amelia,Evans,UK,contractor,2024-04-04 00:00:00
409,201,Olivia,Harris,BR,full-time,2024-07-03 00:00:00
410,202,Rahul,Sharma,BR,full-time,2024-02-13 00:00:00
410,202,Rahul,Verma,IN,full-time,2024-05-13 00:00:00
411,202,Rahul,Sharma,AU,contractor,2024-02-17 00:00:00
411,202,Aarav,Gupta,US,full-time,2024-05-17 00:00:00
411,202,Rahul,Verma,IN,full-time,2024-08-15 00:00:00
411,202,Arjun,Kumar,BR,full-time,2024-11-13 00:00:00
412,203,James,Martinez,AU,contractor,2024-01-31 00:00:00
412,203,Michael,Anderson,US,contractor,2024-04-30 00:00:00
412,203,James,Brown,US,contractor,2024-07-29 00:00:00
413,203,Ava,Brown,AU,full-time,2024-06-22 00:00:00
413,203,James,Carter,IN,full-time,2024-09-20 00:00:00
414,203,Noah,Martinez,UK,full-time,2024-12-31 00:00:00
414,203,James,Brown,AU,full-time,2025-03-31 00:00:00
414,203,James,Johnson,US,full-time,2025-06-29 00:00:00
415,204,Gabriel,Oliveira,US,contractor,2024-08-05 00:00:00
415,204,Isabela,Cruz,UK,contractor,2024-11-03 00:00:00
415,204,Gabriel,Silva,AU,contractor,2025-02-01 00:00:00
416,204,Mateus,Cruz,IN,contractor,2024-10-28 00:00:00
416,204,Julia,Cruz,BR,contractor,2025-01-26 00:00:00
416,204,Julia,Cruz,UK,full-time,2025-04-26 00:00:00
416,204,Mateus,Santos,BR,contractor,2025-07-25 00:00:00
417,204,Mateus,Almeida,US,full-time,2024-03-07 00:00:00
417,204,Sofia,Cruz,US,full-time,2024-06-05 00:00:00
417,204,Mateus,Silva,US,contractor,2024-09-03 00:00:00
417,204,Gabriel,Oliveira,IN,contractor,2024-12-02 00:00:00
418,205,Henry,Harris,IN,contractor,2024-09-24 00:00:00
418,205,Oliver,Harris,BR,full-time,2024-12-23 00:00:00
419,206,Emma,Anderson,IN,contractor,2024-03-13 00:00:00
419,206,Sophia,Davis,BR,full-time,2024-06-11 00:00:00
419,206,Michael,Brown,IN,full-time,2024-09-09 00:00:00
419,206,Michael,Johnson,BR,contractor,2024-12-08 00:00:00
420,207,Isabella,Harris,AU,full-time,2024-08-19 00:00:00
420,207,Olivia,Brown,BR,contractor,2024-11-17 00:00:00
420,207,Chloe,Harris,UK,contractor,2025-02-15 00:00:00
421,207,Chloe,Brown,BR,contractor,2024-02-15 00:00:00
421,207,Olivia,Harris,IN,full-time,2024-05-15 00:00:00
421,207,Chloe,Harris,IN,full-time,2024-08-13 00:00:00
421,207,Olivia,Taylor,US,contractor,2024-11-11 00:00:00
422,207,Thomas,Taylor,AU,full-time,2024-10-14 00:00:00
422,207,Olivia,Brown,AU,full-time,2025-01-12 00:00:00
422,207,William,Brown,UK,contractor,2025-04-12 00:00:00
422,207,William,White,US,full-time,2025-07-11 00:00:00
423,208,Isabela,Ferreira,AU,contractor,2024-05-20 00:00:00
423,208,Gabriel,Almeida,AU,contractor,2024-08-18 00:00:00
424,209,Amelia,Walker,IN,contractor,2024-10-28 00:00:00
424,209,Charlotte,Lewis,US,contractor,2025-01-26 00:00:00
425,209,Henry,Walker,US,full-time,2024-07-14 00:00:00
425,209,Oliver,Taylor,UK,contractor,2024-10-12 00:00:00
425,209,Henry,Taylor,IN,contractor,2025-01-10 00:00:00
426,210,Mateus,Silva,UK,full-time,2024-03-27 00:00:00
426,210,Julia,Oliveira,IN,contractor,2024-06-25 00:00:00
427,210,Isabela,Cruz,IN,contractor,2024-02-20 00:00:00
427,210,Sofia,Oliveira,US,full-time,2024-05-20 00:00:00
427,210,Isabela,Almeida,AU,full-time,2024-08-18 00:00:00
428,210,Mateus,Cruz,US,contractor,2024-09-09 00:00:00
428,210,Gabriel,Silva,BR,contractor,2024-12-08 00:00:00
428,210,Gabriel,Cruz,US,contractor,2025-03-08 00:00:00
428,210,Julia,Santos,US,contractor,2025-06-06 00:00:00
429,211,Gabriel,Santos,AU,full-time,2024-10-27 00:00:00
429,211,Lucas,Almeida,BR,contractor,2025-01-25 00:00:00
429,211,Gabriel,Ferreira,AU,full-time,2025-04-25 00:00:00
429,211,Isabela,Silva,AU,full-time,2025-07-24 00:00:00
430,211,Sofia,Almeida,BR,full-time,2024-05-05 00:00:00
430,211,Gabriel,Cruz,AU,contractor,2024-08-03 00:00:00
430,211,Julia,Santos,US,full-time,2024-11-01 00:00:00
430,211,Sofia,Silva,AU,contractor,2025-01-30 00:00:00
431,211,Lucas,Ferreira,UK,contractor,2024-12-14 00:00:00
431,211,Gabriel,Santos,AU,full-time,2025-03-14 00:00:00
431,211,Lucas,Oliveira,BR,full-time,2025-06-12 00:00:00
432,212,Sofia,Santos,AU,contractor,2024-10-11 00:00:00
432,212,Julia,Silva,IN,contractor,2025-01-09 00:00:00
432,212,Lucas,Santos,IN,contractor,2025-04-09 00:00:00
433,213,Arjun,Singh,UK,full-time,2024-08-23 00:00:00
433,213,Rahul,Patel,US,full-time,2024-11-21 00:00:00
433,213,Aarav,Gupta,BR,contractor,2025-02-19 00:00:00
433,213,Priya,Verma,US,full-time,2025-05-20 00:00:00
434,214,Emma,Martinez,US,contractor,2024-01-16 00:00:00
434,214,Emma,Brown,IN,contractor,2024-04-15 00:00:00
434,214,Sophia,Martinez,US,full-time,2024-07-14 00:00:00
434,214,Emma,Carter,UK,contractor,2024-10-12 00:00:00
435,214,Ava,Anderson,IN,contractor,2024-01-05 00:00:00
435,214,Sophia,Anderson,AU,contractor,2024-04-04 00:00:00
436,214,Emma,Carter,US,contractor,2024-04-23 00:00:00
436,214,Emma,Martinez,AU,full-time,2024-07-22 00:00:00
437,215,Priya,Singh,IN,contractor,2024-04-10 00:00:00
437,215,Ananya,Verma,UK,full-time,2024-07-09 00:00:00
437,215,Vikram,Verma,UK,full-time,2024-10-07 00:00:00
437,215,Ananya,Sharma,AU,full-time,2025-01-05 00:00:00
438,216,Ava,Anderson,AU,contractor,2024-05-20 00:00:00
438,216,Ava,Brown,BR,full-time,2024-08-18 00:00:00
439,216,Ava,Martinez,US,contractor,2024-08-06 00:00:00
439,216,Emma,Johnson,IN,full-time,2024-11-04 00:00:00
439,216,Ava,Brown,BR,contractor,2025-02-02 00:00:00
439,216,James,Brown,US,full-time,2025-05-03 00:00:00
440,216,Emma,Brown,BR,contractor,2024-01-25 00:00:00
440,216,Michael,Johnson,UK,contractor,2024-04-24 00:00:00
440,216,Michael,Brown,US,full-time,2024-07-23 00:00:00
441,217,Charlotte,Taylor,UK,contractor,2024-08-04 00:00:00
441,217,Oliver,Walker,US,full-time,2024-11-02 00:00:00
442,217,Henry,Clark,IN,contractor,2024-09-02 00:00:00
442,217,Charlotte,Walker,BR,full-time,2024-12-01 00:00:00
442,217,Oliver,Walker,IN,full-time,2025-03-01 00:00:00
443,217,George,Lewis,US,contractor,2024-02-07 00:00:00
443,217,George,Walker,US,full-time,2024-05-07 00:00:00
443,217,Henry,Lewis,IN,full-time,2024-08-05 00:00:00
443,217,Charlotte,Walker,BR,full-time,2024-11-03 00:00:00
444,218,Amelia,Walker,US,full-time,2024-11-08 00:00:00
444,218,George,Walker,IN,contractor,2025-02-06 00:00:00
444,218,Amelia,Walker,AU,contractor,2025-05-07 00:00:00
444,218,Charlotte,Clark,AU,full-time,2025-08-05 00:00:00
445,218,Amelia,Lewis,AU,full-time,2024-08-20 00:00:00
445,218,Oliver,Evans,US,contractor,2024-11-18 00:00:00
445,218,George,Harris,AU,full-time,2025-02-16 00:00:00
446,219,Mateus,Ferreira,US,full-time,2024-02-22 00:00:00
446,219,Mateus,Santos,AU,contractor,2024-05-22 00:00:00
447,220,Olivia,Clark,BR,full-time,2024-08-03 00:00:00
447,220,Charlotte,Taylor,US,full-time,2024-11-01 00:00:00
447,220,Charlotte,Harris,AU,contractor,2025-01-30 00:00:00
448,220,Oliver,Harris,AU,full-time,2024-09-19 00:00:00
448,220,Charlotte,Lewis,IN,contractor,2024-12-18 00:00:00
448,220,Oliver,Harris,US,full-time,2025-03-18 00:00:00
448,220,Henry,Taylor,AU,full-time,2025-06-16 00:00:00
449,221,Ananya,Kumar,UK,full-time,2024-06-25 00:00:00
449,221,Arjun,Gupta,BR,contractor,2024-09-23 00:00:00
450,221,Arjun,Verma,AU,contractor,2024-11-03 00:00:00
450,221,Rahul,Sharma,BR,contractor,2025-02-01 00:00:00
450,221,Ananya,Singh,BR,full-time,2025-05-02 00:00:00
450,221,Priya,Gupta,US,full-time,2025-07-31 00:00:00
451,222,William,King,UK,contractor,2024-04-27 00:00:00
451,222,Chloe,Wilson,BR,full-time,2024-07-26 00:00:00
451,222,Isabella,King,US,contractor,2024-10-24 00:00:00
452,222,Ethan,White,AU,full-time,2024-01-06 00:00:00
452,222,Olivia,Wilson,BR,full-time,2024-04-05 00:00:00
453,222,Ethan,White,US,full-time,2024-11-19 00:00:00
453,222,Olivia,Wilson,UK,full-time,2025-02-17 00:00:00
453,222,Ethan,Taylor,UK,contractor,2025-05-18 00:00:00
453,222,William,King,UK,full-time,2025-08-16 00:00:00
454,223,Vikram,Singh,UK,contractor,2024-03-31 00:00:00
454,223,Aarav,Singh,IN,full-time,2024-06-29 00:00:00
454,223,Arjun,Patel,UK,contractor,2024-09-27 00:00:00
455,224,Noah,Brown,BR,full-time,2024-12-04 00:00:00
455,224,Michael,Davis,UK,full-time,2025-03-04 00:00:00
456,224,Emma,Martinez,IN,contractor,2024-04-08 00:00:00
456,224,Noah,Johnson,UK,full-time,2024-07-07 00:00:00
456,224,Noah,Brown,UK,contractor,2024-10-05 00:00:00
456,224,Sophia,Carter,UK,full-time,2025-01-03 00:00:00
457,225,Mateus,Almeida,BR,full-time,2024-05-23 00:00:00
457,225,Julia,Oliveira,BR,full-time,2024-08-21 00:00:00
458,225,Sofia,Ferreira,AU,contractor,2024-03-26 00:00:00
458,225,Sofia,Almeida,BR,full-time,2024-06-24 00:00:00
458,225,Lucas,Ferreira,IN,contractor,2024-09-22 00:00:00
458,225,Julia,Cruz,BR,contractor,2024-12-21 00:00:00
459,225,Julia,Almeida,US,full-time,2024-10-24 00:00:00
459,225,Isabela,Santos,BR,full-time,2025-01-22 00:00:00
459,225,Sofia,Santos,IN,contractor,2025-04-22 00:00:00
460,226,James,Carter,AU,full-time,2024-10-19 00:00:00
460,226,Sophia,Anderson,IN,contractor,2025-01-17 00:00:00
461,226,Sophia,Brown,US,contractor,2024-09-22 00:00:00
461,226,Noah,Brown,IN,contractor,2024-12-21 00:00:00
461,226,Emma,Johnson,BR,contractor,2025-03-21 00:00:00
462,227,James,Johnson,US,full-time,2024-09-11 00:00:00
462,227,Emma,Davis,IN,full-time,2024-12-10 00:00:00
462,227,James,Anderson,IN,full-time,2025-03-10 00:00:00
463,227,Michael,Anderson,US,contractor,2024-05-21 00:00:00
463,227,Michael,Brown,UK,contractor,2024-08-19 00:00:00
464,228,James,Carter,IN,full-time,2024-12-11 00:00:00
464,228,Ava,Brown,UK,contractor,2025-03-11 00:00:00
464,228,Michael,Carter,IN,contractor,2025-06-09 00:00:00
465,229,Aarav,Singh,BR,full-time,2024-07-26 00:00:00
465,229,Priya,Gupta,UK,full-time,2024-10-24 00:00:00
465,229,Priya,Gupta,AU,contractor,2025-01-22 00:00:00
465,229,Aarav,Patel,IN,full-time,2025-04-22 00:00:00
466,229,Priya,Kumar,BR,full-time,2024-06-09 00:00:00
466,229,Priya,Patel,AU,full-time,2024-09-07 00:00:00
467,230,Ananya,Sharma,US,contractor,2024-03-12 00:00:00
467,230,Aarav,Sharma,IN,full-time,2024-06-10 00:00:00
467,230,Priya,Patel,BR,contractor,2024-09-08 00:00:00
467,230,Arjun,Verma,US,full-time,2024-12-07 00:00:00
468,230,Arjun,Verma,AU,contractor,2024-03-12 00:00:00
468,230,Priya,Gupta,BR,full-time,2024-06-10 00:00:00
469,231,Priya,Singh,IN,contractor,2024-07-16 00:00:00
469,231,Aarav,Sharma,US,full-time,2024-10-14 00:00:00
470,231,Rahul,Gupta,US,contractor,2024-02-23 00:00:00
470,231,Vikram,Gupta,UK,full-time,2024-05-23 00:00:00
470,231,Priya,Sharma,UK,full-time,2024-08-21 00:00:00
470,231,Arjun,Kumar,AU,full-time,2024-11-19 00:00:00
471,231,Arjun,Verma,US,full-time,2024-08-20 00:00:00
471,231,Arjun,Patel,BR,full-time,2024-11-18 00:00:00
472,232,Sofia,Cruz,US,contractor,2024-03-07 00:00:00
472,232,Isabela,Santos,UK,contractor,2024-06-05 00:00:00
472,232,Sofia,Ferreira,BR,full-time,2024-09-03 00:00:00
472,232,Mateus,Almeida,IN,full-time,2024-12-02 00:00:00
473,233,Arjun,Gupta,US,full-time,2024-12-16 00:00:00
473,233,Priya,Singh,BR,full-time,2025-03-16 00:00:00
473,233,Rahul,Sharma,AU,contractor,2025-06-14 00:00:00
474,233,Rahul,Singh,US,contractor,2024-08-23 00:00:00
474,233,Aarav,Patel,IN,contractor,2024-11-21 00:00:00
474,233,Priya,Verma,UK,contractor,2025-02-19 00:00:00
475,233,Rahul,Kumar,BR,contractor,2024-05-07 00:00:00
475,233,Priya,Kumar,UK,full-time,2024-08-05 00:00:00
476,234,Isabela,Santos,IN,contractor,2024-12-23 00:00:00
476,234,Julia,Oliveira,UK,contractor,2025-03-23 00:00:00
477,234,Gabriel,Silva,US,full-time,2024-07-29 00:00:00
477,234,Mateus,Silva,BR,contractor,2024-10-27 00:00:00
477,234,Isabela,Silva,UK,full-time,2025-01-25 00:00:00
477,234,Sofia,Oliveira,US,contractor,2025-04-25 00:00:00
478,235,Priya,Gupta,BR,full-time,2024-06-24 00:00:00
478,235,Vikram,Sharma,US,full-time,2024-09-22 00:00:00
478,235,Arjun,Kumar,BR,contractor,2024-12-21 00:00:00
478,235,Priya,Singh,US,full-time,2025-03-21 00:00:00
479,235,Ananya,Patel,IN,full-time,2024-12-31 00:00:00
479,235,Ananya,Singh,AU,full-time,2025-03-31 00:00:00
479,235,Ananya,Sharma,US,contractor,2025-06-29 00:00:00
480,236,Gabriel,Ferreira,IN,full-time,2024-02-09 00:00:00
480,236,Sofia,Silva,UK,full-time,2024-05-09 00:00:00
480,236,Julia,Oliveira,AU,full-time,2024-08-07 00:00:00
480,236,Sofia,Ferreira,US,full-time,2024-11-05 00:00:00
481,237,Isabella,White,AU,full-time,2024-12-19 00:00:00
481,237,Thomas,Harris,UK,full-time,2025-03-19 00:00:00
481,237,Ethan,King,UK,full-time,2025-06-17 00:00:00
482,237,Thomas,White,IN,full-time,2024-01-09 00:00:00
482,237,Chloe,Taylor,US,full-time,2024-04-08 00:00:00
482,237,Thomas,Taylor,UK,full-time,2024-07-07 00:00:00
483,238,Henry,Harris,IN,full-time,2024-07-31 00:00:00
483,238,George,Taylor,AU,contractor,2024-10-29 00:00:00
483,238,Amelia,Walker,UK,full-time,2025-01-27 00:00:00
483,238,Henry,Harris,IN,full-time,2025-04-27 00:00:00
484,239,Lucas,Oliveira,BR,full-time,2024-07-24 00:00:00
484,239,Sofia,Santos,US,contractor,2024-10-22 00:00:00
484,239,Julia,Almeida,IN,full-time,2025-01-20 00:00:00
484,239,Gabriel,Santos,BR,contractor,2025-04-20 00:00:00
485,240,Chloe,Brown,AU,full-time,2024-09-12 00:00:00
485,240,Ethan,White,AU,contractor,2024-12-11 00:00:00
486,240,Isabella,Taylor,UK,contractor,2024-11-19 00:00:00
486,240,Olivia,Taylor,IN,contractor,2025-02-17 00:00:00
486,240,Thomas,Wilson,US,contractor,2025-05-18 00:00:00
486,240,Isabella,Brown,UK,full-time,2025-08-16 00:00:00
487,240,William,White,IN,full-time,2024-04-29 00:00:00
487,240,Chloe,Harris,UK,full-time,2024-07-28 00:00:00
488,241,Priya,Sharma,UK,full-time,2024-03-11 00:00:00
488,241,Priya,Gupta,US,full-time,2024-06-09 00:00:00
488,241,Aarav,Verma,BR,contractor,2024-09-07 00:00:00
489,242,Aarav,Singh,AU,contractor,2024-05-22 00:00:00
489,242,Aarav,Sharma,US,full-time,2024-08-20 00:00:00
489,242,Aarav,Sharma,IN,full-time,2024-11-18 00:00:00
490,243,Olivia,Taylor,UK,contractor,2024-10-03 00:00:00
490,243,George,Harris,UK,contractor,2025-01-01 00:00:00
491,244,Priya,Singh,UK,full-time,2024-01-04 00:00:00
491,244,Aarav,Gupta,UK,full-time,2024-04-03 00:00:00
492,244,Rahul,Verma,UK,full-time,2024-02-16 00:00:00
492,244,Rahul,Singh,BR,contractor,2024-05-16 00:00:00
493,244,Aarav,Gupta,UK,contractor,2024-06-08 00:00:00
493,244,Ananya,Verma,UK,contractor,2024-09-06 00:00:00
494,245,Aarav,Gupta,IN,contractor,2024-10-22 00:00:00
494,245,Vikram,Sharma,BR,contractor,2025-01-20 00:00:00
494,245,Ananya,Patel,BR,contractor,2025-04-20 00:00:00
495,245,Aarav,Patel,UK,contractor,2024-09-15 00:00:00
495,245,Vikram,Patel,BR,full-time,2024-12-14 00:00:00
495,245,Arjun,Verma,AU,full-time,2025-03-14 00:00:00
495,245,Rahul,Kumar,UK,contractor,2025-06-12 00:00:00
496,246,Isabella,Wilson,BR,contractor,2024-08-25 00:00:00
496,246,Thomas,Wilson,UK,contractor,2024-11-23 00:00:00
496,246,Olivia,King,UK,full-time,2025-02-21 00:00:00
497,246,Chloe,Taylor,IN,contractor,2024-01-07 00:00:00
497,246,Isabella,Harris,BR,contractor,2024-04-06 00:00:00
497,246,Isabella,Harris,IN,full-time,2024-07-05 00:00:00
497,246,Isabella,White,US,contractor,2024-10-03 00:00:00
498,247,Amelia,Harris,IN,contractor,2024-03-24 00:00:00
498,247,Olivia,Evans,IN,full-time,2024-06-22 00:00:00
499,247,Amelia,Evans,UK,full-time,2024-11-29 00:00:00
499,247,Amelia,Walker,IN,full-time,2025-02-27 00:00:00
499,247,Olivia,Evans,UK,contractor,2025-05-28 00:00:00
500,247,Olivia,Taylor,IN,full-time,2024-11-05 00:00:00
500,247,George,Clark,UK,full-time,2025-02-03 00:00:00
500,247,Henry,Walker,BR,contractor,2025-05-04 00:00:00
501,248,William,King,BR,full-time,2024-10-27 00:00:00
501,248,Isabella,Wilson,IN,contractor,2025-01-25 00:00:00
502,248,Chloe,Harris,US,full-time,2024-10-27 00:00:00
502,248,Chloe,Brown,IN,full-time,2025-01-25 00:00:00
502,248,Ethan,Taylor,UK,contractor,2025-04-25 00:00:00
503,248,Thomas,King,BR,full-time,2024-12-23 00:00:00
503,248,Thomas,White,BR,contractor,2025-03-23 00:00:00
503,248,Chloe,Wilson,BR,full-time,2025-06-21 00:00:00
504,249,Julia,Santos,UK,contractor,2024-07-10 00:00:00
504,249,Isabela,Almeida,US,contractor,2024-10-08 00:00:00
505,250,Sophia,Anderson,UK,full-time,2024-04-18 00:00:00
505,250,James,Johnson,BR,full-time,2024-07-17 00:00:00
506,250,Michael,Carter,US,contractor,2024-11-21 00:00:00
506,250,Michael,Carter,US,contractor,2025-02-19 00:00:00
507,250,Sophia,Johnson,BR,full-time,2024-01-16 00:00:00
507,250,Michael,Anderson,IN,full-time,2024-04-15 00:00:00
507,250,Ava,Brown,US,full-time,2024-07-14 00:00:00
507,250,Sophia,Brown,US,contractor,2024-10-12 00:00:00
508,251,Sofia,Cruz,IN,contractor,2024-09-23 00:00:00
508,251,Lucas,Silva,IN,contractor,2024-12-22 00:00:00
508,251,Isabela,Silva,BR,contractor,2025-03-22 00:00:00
509,251,Lucas,Silva,US,full-time,2024-11-08 00:00:00
509,251,Sofia,Ferreira,BR,full-time,2025-02-06 00:00:00
510,251,Gabriel,Almeida,IN,full-time,2024-01-14 00:00:00
510,251,Lucas,Cruz,AU,contractor,2024-04-13 00:00:00
510,251,Mateus,Cruz,UK,full-time,2024-07-12 00:00:00
510,251,Julia,Silva,US,contractor,2024-10-10 00:00:00
511,252,Isabella,King,AU,contractor,2024-06-15 00:00:00
511,252,Isabella,Taylor,AU,full-time,2024-09-13 00:00:00
511,252,Ethan,Harris,BR,full-time,2024-12-12 00:00:00
511,252,Chloe,Harris,IN,full-time,2025-03-12 00:00:00
512,253,William,Taylor,AU,full-time,2024-03-14 00:00:00
512,253,Olivia,Harris,US,contractor,2024-06-12 00:00:00
512,253,Chloe,Brown,BR,full-time,2024-09-10 00:00:00
512,253,Isabella,White,BR,full-time,2024-12-09 00:00:00
513,253,Olivia,Taylor,US,full-time,2024-05-04 00:00:00
513,253,Isabella,Taylor,US,full-time,2024-08-02 00:00:00
514,253,Ethan,King,IN,contractor,2024-06-16 00:00:00
514,253,Chloe,White,UK,contractor,2024-09-14 00:00:00
514,253,Thomas,Taylor,IN,full-time,2024-12-13 00:00:00
515,254,Julia,Silva,BR,contractor,2024-11-03 00:00:00
515,254,Julia,Ferreira,AU,contractor,2025-02-01 00:00:00
516,254,Lucas,Oliveira,IN,full-time,2024-04-29 00:00:00
516,254,Gabriel,Oliveira,IN,full-time,2024-07-28 00:00:00
517,254,Lucas,Santos,IN,contractor,2024-02-29 00:00:00
517,254,Mateus,Ferreira,US,contractor,2024-05-29 00:00:00
517,254,Gabriel,Almeida,AU,full-time,2024-08-27 00:00:00
517,254,Sofia,Cruz,IN,contractor,2024-11-25 00:00:00
518,255,Aarav,Verma,AU,full-time,2024-03-05 00:00:00
518,255,Vikram,Patel,US,contractor,2024-06-03 00:00:00
518,255,Arjun,Gupta,IN,full-time,2024-09-01 00:00:00
518,255,Priya,Kumar,BR,full-time,2024-11-30 00:00:00
519,255,Ananya,Kumar,US,contractor,2024-11-03 00:00:00
519,255,Arjun,Verma,US,contractor,2025-02-01 00:00:00
519,255,Aarav,Verma,BR,full-time,2025-05-02 00:00:00
520,255,Aarav,Patel,US,contractor,2024-09-10 00:00:00
520,255,Ananya,Kumar,UK,full-time,2024-12-09 00:00:00
520,255,Aarav,Kumar,US,full-time,2025-03-09 00:00:00
521,256,Aarav,Gupta,US,contractor,2024-07-19 00:00:00
521,256,Arjun,Patel,BR,contractor,2024-10-17 00:00:00
521,256,Priya,Patel,US,contractor,2025-01-15 00:00:00
522,256,Ananya,Kumar,AU,contractor,2024-05-24 00:00:00
522,256,Vikram,Gupta,IN,full-time,2024-08-22 00:00:00
522,256,Aarav,Sharma,BR,full-time,2024-11-20 00:00:00
522,256,Rahul,Gupta,BR,contractor,2025-02-18 00:00:00
523,257,Sophia,Martinez,UK,full-time,2024-03-15 00:00:00
523,257,James,Martinez,AU,full-time,2024-06-13 00:00:00
524,257,Emma,Johnson,UK,full-time,2024-12-13 00:00:00
524,257,Michael,Carter,BR,full-time,2025-03-13 00:00:00
525,258,Ava,Carter,AU,contractor,2024-03-01 00:00:00
525,258,Sophia,Martinez,BR,full-time,2024-05-30 00:00:00
525,258,Michael,Anderson,UK,contractor,2024-08-28 00:00:00
525,258,Emma,Carter,AU,full-time,2024-11-26 00:00:00
526,259,Olivia,Evans,US,contractor,2024-07-11 00:00:00
526,259,Olivia,Lewis,IN,contractor,2024-10-09 00:00:00
526,259,Oliver,Walker,US,full-time,2025-01-07 00:00:00
526,259,Henry,Walker,BR,full-time,2025-04-07 00:00:00
527,259,George,Clark,BR,contractor,2024-01-12 00:00:00
527,259,Olivia,Evans,US,full-time,2024-04-11 00:00:00
527,259,Amelia,Lewis,BR,contractor,2024-07-10 00:00:00
527,259,George,Taylor,US,contractor,2024-10-08 00:00:00
528,259,George,Taylor,BR,full-time,2024-02-02 00:00:00
528,259,Amelia,Clark,AU,contractor,2024-05-02 00:00:00
528,259,Henry,Clark,AU,full-time,2024-07-31 00:00:00
528,259,Charlotte,Evans,US,full-time,2024-10-29 00:00:00
529,260,Vikram,Verma,BR,contractor,2024-12-21 00:00:00
529,260,Vikram,Singh,UK,full-time,2025-03-21 00:00:00
530,260,Vikram,Verma,IN,full-time,2024-11-30 00:00:00
530,260,Vikram,Singh,AU,contractor,2025-02-28 00:00:00
531,260,Ananya,Patel,US,full-time,2024-07-05 00:00:00
531,260,Arjun,Singh,AU,contractor,2024-10-03 00:00:00
531,260,Aarav,Verma,BR,full-time,2025-01-01 00:00:00
531,260,Rahul,Patel,IN,contractor,2025-04-01 00:00:00
532,261,Olivia,Taylor,US,full-time,2024-10-02 00:00:00
532,261,Olivia,White,UK,full-time,2024-12-31 00:00:00
532,261,Ethan,King,UK,full-time,2025-03-31 00:00:00
532,261,William,Wilson,IN,full-time,2025-06-29 00:00:00
533,261,Thomas,Brown,IN,contractor,2024-11-14 00:00:00
533,261,Isabella,Taylor,UK,contractor,2025-02-12 00:00:00
533,261,Isabella,White,IN,contractor,2025-05-13 00:00:00
534,261,William,King,US,contractor,2024-12-21 00:00:00
534,261,Chloe,Taylor,UK,contractor,2025-03-21 00:00:00
535,262,George,Clark,UK,contractor,2024-12-02 00:00:00
535,262,Charlotte,Harris,BR,contractor,2025-03-02 00:00:00
535,262,Henry,Clark,UK,full-time,2025-05-31 00:00:00
535,262,Oliver,Walker,AU,full-time,2025-08-29 00:00:00
536,262,Amelia,Walker,IN,full-time,2024-12-16 00:00:00
536,262,Oliver,Harris,IN,full-time,2025-03-16 00:00:00
536,262,Charlotte,Harris,US,full-time,2025-06-14 00:00:00
536,262,Amelia,Taylor,BR,full-time,2025-09-12 00:00:00
537,262,George,Evans,IN,contractor,2024-03-04 00:00:00
537,262,Henry,Clark,IN,contractor,2024-06-02 00:00:00
538,263,Vikram,Singh,UK,contractor,2024-05-18 00:00:00
538,263,Priya,Gupta,IN,contractor,2024-08-16 00:00:00
538,263,Priya,Verma,UK,contractor,2024-11-14 00:00:00
538,263,Vikram,Kumar,AU,full-time,2025-02-12 00:00:00
539,263,Ananya,Patel,AU,contractor,2024-12-02 00:00:00
539,263,Vikram,Kumar,IN,full-time,2025-03-02 00:00:00
540,263,Priya,Kumar,BR,full-time,2024-12-13 00:00:00
540,263,Priya,Sharma,BR,contractor,2025-03-13 00:00:00
540,263,Arjun,Patel,AU,full-time,2025-06-11 00:00:00
540,263,Arjun,Kumar,US,contractor,2025-09-09 00:00:00
541,264,Ava,Anderson,US,full-time,2024-06-09 00:00:00
541,264,Michael,Davis,AU,full-time,2024-09-07 00:00:00
542,264,James,Brown,BR,full-time,2024-02-13 00:00:00
542,264,Emma,Martinez,AU,full-time,2024-05-13 00:00:00
542,264,Emma,Johnson,AU,full-time,2024-08-11 00:00:00
542,264,Emma,Anderson,AU,full-time,2024-11-09 00:00:00
543,265,Priya,Kumar,AU,contractor,2024-01-04 00:00:00
543,265,Ananya,Kumar,AU,full-time,2024-04-03 00:00:00
543,265,Rahul,Patel,UK,full-time,2024-07-02 00:00:00
543,265,Ananya,Singh,IN,full-time,2024-09-30 00:00:00
544,265,Vikram,Patel,BR,contractor,2024-09-20 00:00:00
544,265,Ananya,Sharma,US,contractor,2024-12-19 00:00:00
544,265,Aarav,Gupta,AU,full-time,2025-03-19 00:00:00
545,265,Priya,Sharma,IN,full-time,2024-05-28 00:00:00
545,265,Vikram,Kumar,AU,contractor,2024-08-26 00:00:00
545,265,Ananya,Sharma,AU,full-time,2024-11-24 00:00:00
546,266,Thomas,Wilson,US,contractor,2024-11-12 00:00:00
546,266,Ethan,Wilson,IN,full-time,2025-02-10 00:00:00
546,266,Thomas,Wilson,UK,contractor,2025-05-11 00:00:00
547,266,Thomas,Harris,BR,full-time,2024-06-30 00:00:00
547,266,Thomas,Brown,AU,full-time,2024-09-28 00:00:00
548,267,Gabriel,Santos,IN,full-time,2024-03-04 00:00:00
548,267,Sofia,Cruz,IN,contractor,2024-06-02 00:00:00
548,267,Lucas,Cruz,UK,contractor,2024-08-31 00:00:00
549,267,Julia,Cruz,UK,full-time,2024-02-25 00:00:00
549,267,Lucas,Ferreira,BR,full-time,2024-05-25 00:00:00
549,267,Lucas,Ferreira,UK,full-time,2024-08-23 00:00:00
550,268,Olivia,Harris,BR,contractor,2024-05-25 00:00:00
550,268,Thomas,King,UK,contractor,2024-08-23 00:00:00
551,269,Sofia,Cruz,AU,contractor,2024-05-16 00:00:00
551,269,Julia,Ferreira,UK,contractor,2024-08-14 00:00:00
552,269,Julia,Ferreira,BR,full-time,2024-07-23 00:00:00
552,269,Gabriel,Oliveira,US,full-time,2024-10-21 00:00:00
552,269,Isabela,Silva,AU,full-time,2025-01-19 00:00:00
552,269,Julia,Santos,US,contractor,2025-04-19 00:00:00
553,269,Julia,Oliveira,BR,contractor,2024-08-07 00:00:00
553,269,Lucas,Silva,BR,full-time,2024-11-05 00:00:00
553,269,Sofia,Santos,AU,full-time,2025-02-03 00:00:00
553,269,Julia,Almeida,UK,full-time,2025-05-04 00:00:00
554,270,Olivia,Taylor,BR,full-time,2024-02-28 00:00:00
554,270,Amelia,Evans,US,full-time,2024-05-28 00:00:00
554,270,Charlotte,Clark,UK,full-time,2024-08-26 00:00:00
555,270,Amelia,Walker,IN,full-time,2024-03-02 00:00:00
555,270,Charlotte,Lewis,US,full-time,2024-05-31 00:00:00
556,271,Sofia,Almeida,IN,full-time,2024-01-27 00:00:00
556,271,Isabela,Silva,BR,contractor,2024-04-26 00:00:00
556,271,Gabriel,Almeida,BR,full-time,2024-07-25 00:00:00
557,272,Lucas,Silva,IN,contractor,2024-02-26 00:00:00
557,272,Isabela,Silva,US,full-time,2024-05-26 00:00:00
557,272,Gabriel,Oliveira,US,contractor,2024-08-24 00:00:00
558,272,Sofia,Silva,AU,full-time,2024-04-18 00:00:00
558,272,Sofia,Santos,IN,contractor,2024-07-17 00:00:00
558,272,Lucas,Silva,IN,full-time,2024-10-15 00:00:00
559,273,Chloe,Brown,UK,contractor,2024-12-08 00:00:00
559,273,Ethan,Taylor,IN,contractor,2025-03-08 00:00:00
560,274,Charlotte,Clark,BR,full-time,2024-11-28 00:00:00
560,274,Henry,Taylor,AU,full-time,2025-02-26 00:00:00
560,274,Henry,Clark,UK,full-time,2025-05-27 00:00:00
561,275,Michael,Brown,AU,contractor,2024-08-16 00:00:00
561,275,James,Martinez,BR,full-time,2024-11-14 00:00:00
562,275,Sophia,Anderson,UK,full-time,2024-09-30 00:00:00
562,275,Emma,Brown,IN,contractor,2024-12-29 00:00:00
562,275,James,Johnson,US,contractor,2025-03-29 00:00:00
562,275,Michael,Johnson,BR,full-time,2025-06-27 00:00:00
563,275,James,Martinez,UK,contractor,2024-03-26 00:00:00
563,275,Michael,Brown,US,full-time,2024-06-24 00:00:00
563,275,Ava,Johnson,BR,full-time,2024-09-22 00:00:00
563,275,Sophia,Johnson,AU,contractor,2024-12-21 00:00:00
564,276,William,Wilson,UK,full-time,2024-07-18 00:00:00
564,276,Thomas,King,AU,full-time,2024-10-16 00:00:00
564,276,William,Taylor,US,contractor,2025-01-14 00:00:00
565,276,Chloe,Brown,IN,contractor,2024-09-14 00:00:00
565,276,Olivia,Wilson,IN,full-time,2024-12-13 00:00:00
565,276,Olivia,King,US,full-time,2025-03-13 00:00:00
565,276,Ethan,White,UK,contractor,2025-06-11 00:00:00
566,276,Thomas,Taylor,UK,full-time,2024-03-09 00:00:00
566,276,William,White,US,contractor,2024-06-07 00:00:00
566,276,Chloe,Brown,IN,contractor,2024-09-05 00:00:00
567,277,Ethan,Taylor,UK,contractor,2024-12-27 00:00:00
567,277,William,Wilson,IN,full-time,2025-03-27 00:00:00
567,277,Chloe,White,IN,full-time,2025-06-25 00:00:00
567,277,Chloe,Wilson,UK,contractor,2025-09-23 00:00:00
568,278,William,White,BR,contractor,2024-10-02 00:00:00
568,278,Chloe,Taylor,AU,full-time,2024-12-31 00:00:00
568,278,Isabella,King,IN,contractor,2025-03-31 00:00:00
568,278,Olivia,Brown,BR,full-time,2025-06-29 00:00:00
569,279,Julia,Cruz,IN,full-time,2024-04-28 00:00:00
569,279,Sofia,Oliveira,BR,full-time,2024-07-27 00:00:00
569,279,Sofia,Santos,UK,full-time,2024-10-25 00:00:00
569,279,Mateus,Cruz,UK,contractor,2025-01-23 00:00:00
570,279,Isabela,Santos,BR,full-time,2024-01-11 00:00:00
570,279,Gabriel,Santos,US,contractor,2024-04-10 00:00:00
570,279,Isabela,Cruz,BR,full-time,2024-07-09 00:00:00
571,280,Julia,Oliveira,AU,full-time,2024-09-26 00:00:00
571,280,Sofia,Cruz,US,full-time,2024-12-25 00:00:00
572,280,Gabriel,Santos,UK,full-time,2024-01-07 00:00:00
572,280,Lucas,Santos,AU,full-time,2024-04-06 00:00:00
572,280,Gabriel,Oliveira,AU,contractor,2024-07-05 00:00:00
572,280,Julia,Oliveira,UK,full-time,2024-10-03 00:00:00
573,280,Sofia,Santos,IN,contractor,2024-09-02 00:00:00
573,280,Sofia,Santos,UK,full-time,2024-12-01 00:00:00
573,280,Mateus,Ferreira,IN,full-time,2025-03-01 00:00:00
573,280,Gabriel,Oliveira,US,contractor,2025-05-30 00:00:00
574,281,Olivia,White,UK,full-time,2024-09-18 00:00:00
574,281,Olivia,Harris,BR,full-time,2024-12-17 00:00:00
574,281,Ethan,Taylor,IN,full-time,2025-03-17 00:00:00
575,282,Ava,Anderson,BR,full-time,2024-07-15 00:00:00
575,282,Michael,Davis,US,contractor,2024-10-13 00:00:00
575,282,James,Anderson,AU,contractor,2025-01-11 00:00:00
575,282,Michael,Carter,US,full-time,2025-04-11 00:00:00
576,282,Sophia,Johnson,AU,contractor,2024-11-05 00:00:00
576,282,Noah,Davis,BR,full-time,2025-02-03 00:00:00
577,282,James,Brown,IN,contractor,2024-12-07 00:00:00
577,282,Michael,Carter,BR,contractor,2025-03-07 00:00:00
577,282,James,Martinez,US,full-time,2025-06-05 00:00:00
577,282,Sophia,Martinez,UK,contractor,2025-09-03 00:00:00
578,283,Aarav,Patel,US,full-time,2024-07-18 00:00:00
578,283,Rahul,Patel,IN,full-time,2024-10-16 00:00:00
578,283,Vikram,Sharma,UK,full-time,2025-01-14 00:00:00
579,284,Amelia,Lewis,BR,contractor,2024-06-29 00:00:00
579,284,George,Evans,IN,full-time,2024-09-27 00:00:00
579,284,Olivia,Taylor,BR,contractor,2024-12-26 00:00:00
580,284,George,Clark,BR,full-time,2024-10-08 00:00:00
580,284,Amelia,Walker,AU,contractor,2025-01-06 00:00:00
580,284,George,Clark,UK,full-time,2025-04-06 00:00:00
581,285,Sophia,Anderson,IN,contractor,2024-07-04 00:00:00
581,285,Sophia,Anderson,US,contractor,2024-10-02 00:00:00
582,286,Sofia,Santos,AU,contractor,2024-03-12 00:00:00
582,286,Isabela,Santos,UK,full-time,2024-06-10 00:00:00
582,286,Julia,Santos,US,full-time,2024-09-08 00:00:00
583,286,Gabriel,Ferreira,BR,contractor,2024-07-12 00:00:00
583,286,Gabriel,Ferreira,US,full-time,2024-10-10 00:00:00
583,286,Sofia,Almeida,UK,full-time,2025-01-08 00:00:00
583,286,Isabela,Silva,UK,full-time,2025-04-08 00:00:00
584,287,Mateus,Cruz,UK,full-time,2024-02-09 00:00:00
584,287,Sofia,Ferreira,UK,contractor,2024-05-09 00:00:00
585,288,Oliver,Lewis,US,contractor,2024-07-29 00:00:00
585,288,Henry,Taylor,US,full-time,2024-10-27 00:00:00
585,288,George,Taylor,AU,full-time,2025-01-25 00:00:00
585,288,Henry,Lewis,BR,contractor,2025-04-25 00:00:00
586,288,Oliver,Clark,AU,contractor,2024-10-10 00:00:00
586,288,Olivia,Taylor,BR,full-time,2025-01-08 00:00:00
586,288,Oliver,Walker,AU,contractor,2025-04-08 00:00:00
586,288,Charlotte,Evans,UK,contractor,2025-07-07 00:00:00
587,289,Sofia,Santos,AU,full-time,2024-01-29 00:00:00
587,289,Julia,Cruz,BR,contractor,2024-04-28 00:00:00
588,289,Sofia,Cruz,UK,full-time,2024-11-30 00:00:00
588,289,Lucas,Ferreira,BR,full-time,2025-02-28 00:00:00
588,289,Lucas,Oliveira,US,full-time,2025-05-29 00:00:00
588,289,Lucas,Almeida,IN,full-time,2025-08-27 00:00:00
589,289,Isabela,Almeida,US,full-time,2024-05-02 00:00:00
589,289,Isabela,Almeida,US,contractor,2024-07-31 00:00:00
589,289,Isabela,Almeida,UK,full-time,2024-10-29 00:00:00
590,290,Rahul,Verma,US,contractor,2024-05-17 00:00:00
590,290,Vikram,Singh,IN,full-time,2024-08-15 00:00:00
591,291,Lucas,Cruz,AU,full-time,2024-01-05 00:00:00
591,291,Lucas,Cruz,IN,full-time,2024-04-04 00:00:00
591,291,Julia,Ferreira,US,contractor,2024-07-03 00:00:00
592,291,Mateus,Oliveira,AU,full-time,2024-07-27 00:00:00
592,291,Gabriel,Almeida,BR,contractor,2024-10-25 00:00:00
592,291,Mateus,Oliveira,IN,full-time,2025-01-23 00:00:00
592,291,Isabela,Ferreira,BR,full-time,2025-04-23 00:00:00
593,292,Charlotte,Taylor,UK,full-time,2024-02-17 00:00:00
593,292,George,Clark,AU,contractor,2024-05-17 00:00:00
593,292,Amelia,Taylor,IN,contractor,2024-08-15 00:00:00
593,292,Oliver,Clark,BR,full-time,2024-11-13 00:00:00
594,292,Amelia,Taylor,UK,full-time,2024-12-30 00:00:00
594,292,Charlotte,Clark,BR,full-time,2025-03-30 00:00:00
594,292,Henry,Taylor,IN,full-time,2025-06-28 00:00:00
594,292,Amelia,Walker,BR,contractor,2025-09-26 00:00:00
595,292,Charlotte,Walker,IN,contractor,2024-03-27 00:00:00
595,292,Oliver,Walker,US,full-time,2024-06-25 00:00:00
595,292,Olivia,Lewis,IN,contractor,2024-09-23 00:00:00
596,293,Charlotte,Walker,AU,contractor,2024-08-14 00:00:00
596,293,Henry,Harris,IN,contractor,2024-11-12 00:00:00
596,293,Amelia,Clark,UK,contractor,2025-02-10 00:00:00
596,293,Oliver,Clark,AU,contractor,2025-05-11 00:00:00
597,293,Olivia,Lewis,AU,contractor,2024-07-10 00:00:00
597,293,Oliver,Evans,US,full-time,2024-10-08 00:00:00
598,294,George,Walker,UK,full-time,2024-05-05 00:00:00
598,294,Oliver,Lewis,UK,contractor,2024-08-03 00:00:00
598,294,Henry,Taylor,BR,contractor,2024-11-01 00:00:00
598,294,Olivia,Walker,IN,contractor,2025-01-30 00:00:00
599,294,George,Lewis,US,full-time,2024-08-27 00:00:00
599,294,Charlotte,Evans,US,contractor,2024-11-25 00:00:00
599,294,Amelia,Taylor,BR,contractor,2025-02-23 00:00:00
599,294,Henry,Harris,IN,contractor,2025-05-24 00:00:00
600,294,Olivia,Lewis,US,contractor,2024-04-18 00:00:00
600,294,Amelia,Walker,AU,full-time,2024-07-17 00:00:00
600,294,Amelia,Taylor,UK,contractor,2024-10-15 00:00:00
600,294,George,Walker,AU,contractor,2025-01-13 00:00:00
601,295,Isabella,King,US,full-time,2024-07-04 00:00:00
601,295,Thomas,Taylor,BR,contractor,2024-10-02 00:00:00
601,295,Ethan,Taylor,UK,full-time,2024-12-31 00:00:00
602,296,Emma,Anderson,IN,contractor,2024-02-05 00:00:00
602,296,Emma,Brown,UK,contractor,2024-05-05 00:00:00
602,296,Sophia,Anderson,US,contractor,2024-08-03 00:00:00
603,297,Isabela,Silva,BR,contractor,2024-06-01 00:00:00
603,297,Sofia,Almeida,UK,contractor,2024-08-30 00:00:00
604,297,Mateus,Cruz,US,full-time,2024-06-30 00:00:00
604,297,Gabriel,Ferreira,AU,full-time,2024-09-28 00:00:00
604,297,Lucas,Ferreira,IN,full-time,2024-12-27 00:00:00
604,297,Isabela,Cruz,UK,contractor,2025-03-27 00:00:00
605,298,Isabella,Wilson,AU,full-time,2024-02-28 00:00:00
605,298,Isabella,King,BR,full-time,2024-05-28 00:00:00
605,298,Thomas,King,UK,contractor,2024-08-26 00:00:00
605,298,Chloe,Brown,UK,contractor,2024-11-24 00:00:00
606,298,Olivia,King,AU,full-time,2024-04-20 00:00:00
606,298,Ethan,Wilson,US,contractor,2024-07-19 00:00:00
606,298,Ethan,Brown,US,contractor,2024-10-17 00:00:00
607,299,Emma,Carter,IN,contractor,2024-08-21 00:00:00
607,299,Noah,Carter,US,full-time,2024-11-19 00:00:00
607,299,Emma,Johnson,IN,full-time,2025-02-17 00:00:00
608,299,Sophia,Brown,BR,contractor,2024-10-10 00:00:00
608,299,James,Martinez,BR,contractor,2025-01-08 00:00:00
608,299,Ava,Brown,US,full-time,2025-04-08 00:00:00
608,299,Michael,Anderson,US,contractor,2025-07-07 00:00:00
609,299,Ava,Brown,AU,full-time,2024-02-23 00:00:00
609,299,Ava,Johnson,AU,full-time,2024-05-23 00:00:00
609,299,Ava,Carter,BR,full-time,2024-08-21 00:00:00
610,300,Sofia,Oliveira,UK,contractor,2024-08-20 00:00:00
610,300,Gabriel,Silva,BR,contractor,2024-11-18 00:00:00
610,300,Julia,Ferreira,BR,full-time,2025-02-16 00:00:00
610,300,Lucas,Santos,AU,contractor,2025-05-17 00:00:00
611,301,Arjun,Patel,UK,full-time,2024-12-03 00:00:00
611,301,Priya,Singh,US,full-time,2025-03-03 00:00:00
611,301,Ananya,Sharma,AU,contractor,2025-06-01 00:00:00
612,301,Rahul,Patel,UK,contractor,2024-06-20 00:00:00
612,301,Ananya,Verma,BR,full-time,2024-09-18 00:00:00
613,302,Olivia,Lewis,UK,contractor,2024-08-07 00:00:00
613,302,Oliver,Clark,UK,contractor,2024-11-05 00:00:00
614,302,Olivia,Taylor,AU,full-time,2024-04-28 00:00:00
614,302,Olivia,Clark,BR,contractor,2024-07-27 00:00:00
615,302,Oliver,Taylor,US,full-time,2024-10-10 00:00:00
615,302,Henry,Lewis,US,full-time,2025-01-08 00:00:00
616,303,Noah,Anderson,AU,contractor,2024-11-12 00:00:00
616,303,Michael,Martinez,UK,contractor,2025-02-10 00:00:00
616,303,Ava,Martinez,IN,full-time,2025-05-11 00:00:00
616,303,Sophia,Martinez,UK,contractor,2025-08-09 00:00:00
617,304,Ava,Johnson,IN,full-time,2024-10-01 00:00:00
617,304,James,Anderson,UK,full-time,2024-12-30 00:00:00
618,305,Thomas,Harris,AU,full-time,2024-10-23 00:00:00
618,305,Thomas,King,IN,contractor,2025-01-21 00:00:00
619,305,Thomas,Harris,IN,full-time,2024-04-02 00:00:00
619,305,Isabella,White,BR,full-time,2024-07-01 00:00:00
620,305,Isabella,Taylor,US,full-time,2024-07-30 00:00:00
620,305,Chloe,Harris,BR,contractor,2024-10-28 00:00:00
621,306,Charlotte,Harris,US,full-time,2024-08-18 00:00:00
621,306,Olivia,Clark,AU,full-time,2024-11-16 00:00:00
622,306,Oliver,Lewis,AU,full-time,2024-03-01 00:00:00
622,306,Charlotte,Clark,IN,full-time,2024-05-30 00:00:00
622,306,Charlotte,Clark,US,full-time,2024-08-28 00:00:00
623,306,Charlotte,Taylor,IN,full-time,2024-09-22 00:00:00
623,306,Charlotte,Walker,IN,full-time,2024-12-21 00:00:00
623,306,Charlotte,Walker,UK,contractor,2025-03-21 00:00:00
623,306,Oliver,Lewis,UK,full-time,2025-06-19 00:00:00
624,307,Julia,Silva,BR,contractor,2024-12-28 00:00:00
624,307,Sofia,Almeida,BR,full-time,2025-03-28 00:00:00
624,307,Lucas,Santos,UK,contractor,2025-06-26 00:00:00
624,307,Sofia,Oliveira,AU,contractor,2025-09-24 00:00:00
625,307,Julia,Cruz,BR,contractor,2024-03-25 00:00:00
625,307,Sofia,Almeida,IN,contractor,2024-06-23 00:00:00
626,308,Priya,Patel,UK,contractor,2024-02-25 00:00:00
626,308,Arjun,Kumar,US,contractor,2024-05-25 00:00:00
626,308,Ananya,Singh,AU,contractor,2024-08-23 00:00:00
626,308,Rahul,Patel,IN,contractor,2024-11-21 00:00:00
627,308,Vikram,Gupta,IN,contractor,2024-07-22 00:00:00
627,308,Ananya,Sharma,UK,full-time,2024-10-20 00:00:00
628,308,Arjun,Sharma,UK,contractor,2024-04-20 00:00:00
628,308,Vikram,Singh,IN,full-time,2024-07-19 00:00:00
628,308,Aarav,Sharma,UK,contractor,2024-10-17 00:00:00
628,308,Rahul,Sharma,UK,full-time,2025-01-15 00:00:00
629,309,Ananya,Verma,UK,full-time,2024-05-25 00:00:00
629,309,Rahul,Sharma,AU,full-time,2024-08-23 00:00:00
629,309,Rahul,Kumar,BR,contractor,2024-11-21 00:00:00
629,309,Arjun,Sharma,UK,full-time,2025-02-19 00:00:00
630,309,Priya,Singh,IN,contractor,2024-01-26 00:00:00
630,309,Vikram,Singh,BR,full-time,2024-04-25 00:00:00
630,309,Rahul,Sharma,AU,contractor,2024-07-24 00:00:00
631,310,Arjun,Singh,AU,full-time,2024-10-22 00:00:00
631,310,Priya,Sharma,UK,contractor,2025-01-20 00:00:00
632,311,Vikram,Sharma,US,full-time,2024-09-30 00:00:00
632,311,Priya,Singh,BR,contractor,2024-12-29 00:00:00
632,311,Arjun,Sharma,IN,contractor,2025-03-29 00:00:00
632,311,Vikram,Verma,IN,contractor,2025-06-27 00:00:00
633,312,James,Martinez,BR,contractor,2024-01-25 00:00:00
633,312,Ava,Anderson,IN,full-time,2024-04-24 00:00:00
633,312,Michael,Davis,US,full-time,2024-07-23 00:00:00
634,312,James,Martinez,BR,full-time,2024-03-12 00:00:00
634,312,Sophia,Anderson,UK,contractor,2024-06-10 00:00:00
635,312,Ava,Anderson,IN,full-time,2024-10-02 00:00:00
635,312,Michael,Anderson,IN,full-time,2024-12-31 00:00:00
636,313,Rahul,Patel,IN,full-time,2024-06-17 00:00:00
636,313,Ananya,Verma,BR,full-time,2024-09-15 00:00:00
636,313,Ananya,Sharma,UK,contractor,2024-12-14 00:00:00
636,313,Aarav,Patel,US,full-time,2025-03-14 00:00:00
637,313,Aarav,Patel,IN,contractor,2024-10-22 00:00:00
637,313,Aarav,Patel,UK,full-time,2025-01-20 00:00:00
637,313,Arjun,Sharma,US,contractor,2025-04-20 00:00:00
638,314,Ava,Martinez,UK,full-time,2024-05-04 00:00:00
638,314,Michael,Johnson,US,full-time,2024-08-02 00:00:00
638,314,Michael,Martinez,UK,contractor,2024-10-31 00:00:00
638,314,Emma,Davis,BR,full-time,2025-01-29 00:00:00
639,314,Noah,Brown,AU,contractor,2024-06-23 00:00:00
639,314,James,Martinez,BR,full-time,2024-09-21 00:00:00
640,314,Sophia,Davis,IN,contractor,2024-09-15 00:00:00
640,314,Emma,Brown,AU,full-time,2024-12-14 00:00:00
641,315,James,Johnson,UK,contractor,2024-04-06 00:00:00
641,315,Noah,Martinez,US,full-time,2024-07-05 00:00:00
642,315,Ava,Anderson,UK,full-time,2024-08-24 00:00:00
642,315,Emma,Davis,IN,full-time,2024-11-22 00:00:00
643,316,Sofia,Silva,IN,full-time,2024-12-04 00:00:00
643,316,Mateus,Oliveira,IN,contractor,2025-03-04 00:00:00
643,316,Isabela,Santos,BR,contractor,2025-06-02 00:00:00
643,316,Mateus,Silva,US,contractor,2025-08-31 00:00:00
644,316,Gabriel,Oliveira,BR,contractor,2024-05-19 00:00:00
644,316,Isabela,Silva,UK,contractor,2024-08-17 00:00:00
644,316,Isabela,Almeida,IN,contractor,2024-11-15 00:00:00
645,317,Chloe,White,UK,full-time,2024-08-09 00:00:00
645,317,Olivia,White,US,full-time,2024-11-07 00:00:00
646,317,Olivia,White,AU,full-time,2024-10-21 00:00:00
646,317,Ethan,King,AU,contractor,2025-01-19 00:00:00
646,317,Isabella,Harris,US,full-time,2025-04-19 00:00:00
647,317,Isabella,King,UK,full-time,2024-12-20 00:00:00
647,317,Ethan,Taylor,IN,contractor,2025-03-20 00:00:00
647,317,Chloe,White,US,full-time,2025-06-18 00:00:00
648,318,Sofia,Ferreira,IN,full-time,2024-12-24 00:00:00
648,318,Isabela,Silva,US,full-time,2025-03-24 00:00:00
648,318,Isabela,Silva,BR,full-time,2025-06-22 00:00:00
648,318,Gabriel,Ferreira,BR,contractor,2025-09-20 00:00:00
649,318,Isabela,Silva,US,full-time,2024-06-20 00:00:00
649,318,Julia,Oliveira,AU,contractor,2024-09-18 00:00:00
650,318,Gabriel,Cruz,UK,contractor,2024-08-30 00:00:00
650,318,Gabriel,Oliveira,US,contractor,2024-11-28 00:00:00
650,318,Isabela,Almeida,AU,full-time,2025-02-26 00:00:00
650,318,Isabela,Oliveira,US,contractor,2025-05-27 00:00:00
651,319,Amelia,Evans,IN,contractor,2024-06-20 00:00:00
651,319,Olivia,Lewis,IN,contractor,2024-09-18 00:00:00
651,319,Amelia,Walker,IN,contractor,2024-12-17 00:00:00
652,319,George,Evans,AU,contractor,2024-12-29 00:00:00
652,319,Henry,Harris,AU,full-time,2025-03-29 00:00:00
652,319,Charlotte,Lewis,UK,full-time,2025-06-27 00:00:00
653,319,Henry,Taylor,AU,contractor,2024-07-01 00:00:00
653,319,Oliver,Taylor,US,full-time,2024-09-29 00:00:00
653,319,Amelia,Evans,US,contractor,2024-12-28 00:00:00
654,320,Amelia,Clark,UK,contractor,2024-12-13 00:00:00
654,320,Olivia,Harris,IN,contractor,2025-03-13 00:00:00
654,320,George,Lewis,IN,contractor,2025-06-11 00:00:00
654,320,Charlotte,Walker,AU,contractor,2025-09-09 00:00:00
655,320,Amelia,Lewis,AU,contractor,2024-11-09 00:00:00
655,320,Oliver,Walker,US,contractor,2025-02-07 00:00:00
656,320,Amelia,Evans,UK,contractor,2024-12-16 00:00:00
656,320,George,Clark,UK,contractor,2025-03-16 00:00:00
657,321,Lucas,Oliveira,BR,full-time,2024-05-27 00:00:00
657,321,Isabela,Silva,AU,full-time,2024-08-25 00:00:00
658,321,Lucas,Oliveira,BR,contractor,2024-01-28 00:00:00
658,321,Julia,Oliveira,US,contractor,2024-04-27 00:00:00
658,321,Isabela,Silva,IN,full-time,2024-07-26 00:00:00
659,322,Olivia,Taylor,UK,contractor,2024-12-31 00:00:00
659,322,William,White,IN,full-time,2025-03-31 00:00:00
659,322,Thomas,Harris,IN,full-time,2025-06-29 00:00:00
660,323,Priya,Patel,US,contractor,2024-11-22 00:00:00
660,323,Arjun,Verma,IN,full-time,2025-02-20 00:00:00
660,323,Rahul,Patel,IN,full-time,2025-05-21 00:00:00
661,323,Arjun,Gupta,BR,full-time,2024-12-15 00:00:00
661,323,Arjun,Sharma,US,contractor,2025-03-15 00:00:00
662,323,Priya,Verma,UK,contractor,2024-10-17 00:00:00
662,323,Priya,Singh,UK,contractor,2025-01-15 00:00:00
662,323,Aarav,Sharma,AU,contractor,2025-04-15 00:00:00
662,323,Priya,Sharma,BR,contractor,2025-07-14 00:00:00
663,324,Thomas,Brown,US,contractor,2024-07-29 00:00:00
663,324,Thomas,King,AU,contractor,2024-10-27 00:00:00
663,324,Olivia,Brown,AU,contractor,2025-01-25 00:00:00
664,324,William,Brown,IN,full-time,2024-03-06 00:00:00
664,324,Isabella,King,BR,full-time,2024-06-04 00:00:00
664,324,Isabella,Brown,BR,full-time,2024-09-02 00:00:00
664,324,Thomas,White,IN,full-time,2024-12-01 00:00:00
665,325,Oliver,Clark,BR,contractor,2024-10-31 00:00:00
665,325,Henry,Walker,AU,full-time,2025-01-29 00:00:00
666,325,George,Taylor,AU,contractor,2024-12-25 00:00:00
666,325,Charlotte,Taylor,UK,contractor,2025-03-25 00:00:00
667,326,Michael,Johnson,AU,full-time,2024-06-08 00:00:00
667,326,Michael,Anderson,US,full-time,2024-09-06 00:00:00
667,326,Noah,Anderson,AU,full-time,2024-12-05 00:00:00
667,326,Sophia,Davis,US,contractor,2025-03-05 00:00:00
668,326,Emma,Johnson,US,full-time,2024-01-13 00:00:00
668,326,James,Johnson,BR,full-time,2024-04-12 00:00:00
668,326,Sophia,Brown,IN,contractor,2024-07-11 00:00:00
668,326,Ava,Brown,US,contractor,2024-10-09 00:00:00
669,326,Michael,Davis,UK,full-time,2024-03-15 00:00:00
669,326,Sophia,Brown,AU,full-time,2024-06-13 00:00:00
669,326,Emma,Johnson,IN,contractor,2024-09-11 00:00:00
669,326,Ava,Anderson,AU,contractor,2024-12-10 00:00:00
670,327,Priya,Patel,US,contractor,2024-12-07 00:00:00
670,327,Priya,Patel,UK,full-time,2025-03-07 00:00:00
670,327,Arjun,Patel,US,contractor,2025-06-05 00:00:00
671,327,Arjun,Singh,AU,contractor,2024-01-06 00:00:00
671,327,Vikram,Sharma,UK,contractor,2024-04-05 00:00:00
671,327,Aarav,Patel,IN,full-time,2024-07-04 00:00:00
671,327,Ananya,Sharma,AU,full-time,2024-10-02 00:00:00
672,328,Sofia,Almeida,US,full-time,2024-12-27 00:00:00
672,328,Julia,Santos,IN,contractor,2025-03-27 00:00:00
672,328,Sofia,Ferreira,UK,contractor,2025-06-25 00:00:00
672,328,Julia,Silva,BR,full-time,2025-09-23 00:00:00
673,328,Sofia,Cruz,AU,full-time,2024-11-26 00:00:00
673,328,Mateus,Ferreira,AU,contractor,2025-02-24 00:00:00
673,328,Isabela,Ferreira,IN,contractor,2025-05-25 00:00:00
674,329,Henry,Walker,US,full-time,2024-11-12 00:00:00
674,329,Charlotte,Walker,US,contractor,2025-02-10 00:00:00
674,329,Olivia,Lewis,IN,full-time,2025-05-11 00:00:00
675,329,Charlotte,Evans,BR,contractor,2024-05-01 00:00:00
675,329,Henry,Walker,AU,contractor,2024-07-30 00:00:00
676,329,Olivia,Walker,BR,contractor,2024-02-28 00:00:00
676,329,George,Evans,US,full-time,2024-05-28 00:00:00
677,330,Amelia,Lewis,UK,full-time,2024-02-25 00:00:00
677,330,Charlotte,Harris,BR,contractor,2024-05-25 00:00:00
677,330,Olivia,Harris,UK,full-time,2024-08-23 00:00:00
677,330,Olivia,Taylor,BR,full-time,2024-11-21 00:00:00
678,330,Henry,Evans,US,full-time,2024-02-14 00:00:00
678,330,Henry,Taylor,US,contractor,2024-05-14 00:00:00
678,330,Amelia,Clark,AU,full-time,2024-08-12 00:00:00
678,330,Oliver,Taylor,AU,contractor,2024-11-10 00:00:00
679,331,Isabella,Brown,IN,contractor,2024-04-16 00:00:00
679,331,William,Brown,UK,full-time,2024-07-15 00:00:00
679,331,Isabella,Harris,BR,full-time,2024-10-13 00:00:00
679,331,William,White,UK,contractor,2025-01-11 00:00:00
680,332,Sophia,Anderson,AU,contractor,2024-03-01 00:00:00
680,332,Michael,Davis,IN,contractor,2024-05-30 00:00:00
680,332,Emma,Martinez,IN,full-time,2024-08-28 00:00:00
681,333,Rahul,Verma,UK,contractor,2024-05-27 00:00:00
681,333,Priya,Verma,US,full-time,2024-08-25 00:00:00
682,334,Ava,Anderson,US,contractor,2024-08-29 00:00:00
682,334,Emma,Carter,UK,contractor,2024-11-27 00:00:00
682,334,Michael,Davis,UK,contractor,2025-02-25 00:00:00
683,334,Sophia,Johnson,US,full-time,2024-12-05 00:00:00
683,334,James,Anderson,BR,full-time,2025-03-05 00:00:00
684,334,Sophia,Carter,US,full-time,2024-10-09 00:00:00
684,334,Michael,Johnson,AU,full-time,2025-01-07 00:00:00
684,334,Ava,Carter,BR,contractor,2025-04-07 00:00:00
685,335,Thomas,White,UK,contractor,2024-04-26 00:00:00
685,335,Chloe,Taylor,US,contractor,2024-07-25 00:00:00
686,335,Isabella,Taylor,UK,contractor,2024-01-27 00:00:00
686,335,Chloe,Harris,AU,full-time,2024-04-26 00:00:00
686,335,Thomas,Harris,US,contractor,2024-07-25 00:00:00
687,336,Amelia,Walker,UK,full-time,2024-04-09 00:00:00
687,336,Henry,Clark,US,full-time,2024-07-08 00:00:00
687,336,Amelia,Evans,AU,full-time,2024-10-06 00:00:00
688,336,Charlotte,Walker,US,full-time,2024-01-08 00:00:00
688,336,Charlotte,Lewis,UK,contractor,2024-04-07 00:00:00
688,336,Henry,Harris,IN,full-time,2024-07-06 00:00:00
688,336,Oliver,Taylor,AU,contractor,2024-10-04 00:00:00
689,337,Julia,Oliveira,US,contractor,2024-12-02 00:00:00
689,337,Mateus,Santos,BR,contractor,2025-03-02 00:00:00
690,337,Julia,Silva,IN,contractor,2024-04-22 00:00:00
690,337,Julia,Santos,AU,contractor,2024-07-21 00:00:00
690,337,Lucas,Ferreira,AU,full-time,2024-10-19 00:00:00
691,338,Chloe,Brown,BR,contractor,2024-06-26 00:00:00
691,338,Thomas,King,UK,full-time,2024-09-24 00:00:00
691,338,Ethan,Taylor,AU,full-time,2024-12-23 00:00:00
692,339,Isabela,Oliveira,UK,contractor,2024-07-09 00:00:00
692,339,Julia,Cruz,US,full-time,2024-10-07 00:00:00
692,339,Sofia,Oliveira,IN,contractor,2025-01-05 00:00:00
692,339,Mateus,Cruz,IN,full-time,2025-04-05 00:00:00
693,340,Amelia,Lewis,US,contractor,2024-05-22 00:00:00
693,340,Amelia,Lewis,US,full-time,2024-08-20 00:00:00
693,340,Charlotte,Lewis,UK,contractor,2024-11-18 00:00:00
693,340,George,Walker,IN,full-time,2025-02-16 00:00:00
694,341,George,Harris,IN,full-time,2024-06-27 00:00:00
694,341,Henry,Harris,AU,contractor,2024-09-25 00:00:00
695,341,Olivia,Walker,US,contractor,2024-08-06 00:00:00
695,341,Olivia,Evans,IN,contractor,2024-11-04 00:00:00
695,341,Amelia,Clark,AU,contractor,2025-02-02 00:00:00
695,341,Charlotte,Lewis,BR,full-time,2025-05-03 00:00:00
696,341,Oliver,Evans,IN,full-time,2024-03-08 00:00:00
696,341,Charlotte,Clark,IN,contractor,2024-06-06 00:00:00
697,342,Rahul,Sharma,IN,contractor,2024-07-21 00:00:00
697,342,Aarav,Sharma,AU,full-time,2024-10-19 00:00:00
698,342,Rahul,Kumar,IN,contractor,2024-03-04 00:00:00
698,342,Ananya,Patel,BR,full-time,2024-06-02 00:00:00
698,342,Priya,Singh,BR,full-time,2024-08-31 00:00:00
699,342,Aarav,Verma,UK,contractor,2024-07-02 00:00:00
699,342,Vikram,Verma,US,contractor,2024-09-30 00:00:00
699,342,Rahul,Verma,IN,full-time,2024-12-29 00:00:00
700,343,Lucas,Silva,BR,full-time,2024-04-02 00:00:00
700,343,Isabela,Ferreira,UK,full-time,2024-07-01 00:00:00
700,343,Mateus,Ferreira,US,full-time,2024-09-29 00:00:00
701,343,Gabriel,Santos,AU,contractor,2024-02-28 00:00:00
701,343,Mateus,Silva,US,full-time,2024-05-28 00:00:00
701,343,Gabriel,Ferreira,IN,contractor,2024-08-26 00:00:00
701,343,Gabriel,Ferreira,IN,full-time,2024-11-24 00:00:00
702,344,Michael,Anderson,AU,contractor,2024-04-30 00:00:00
702,344,Michael,Brown,US,full-time,2024-07-29 00:00:00
702,344,Sophia,Carter,AU,contractor,2024-10-27 00:00:00
703,344,Michael,Martinez,BR,contractor,2024-12-14 00:00:00
703,344,Sophia,Anderson,IN,contractor,2025-03-14 00:00:00
703,344,James,Johnson,IN,contractor,2025-06-12 00:00:00
704,344,Michael,Davis,IN,full-time,2024-05-30 00:00:00
704,344,James,Davis,AU,full-time,2024-08-28 00:00:00
704,344,Michael,Brown,UK,contractor,2024-11-26 00:00:00
704,344,Noah,Martinez,AU,contractor,2025-02-24 00:00:00
705,345,Thomas,Taylor,UK,contractor,2024-07-12 00:00:00
705,345,Chloe,White,US,full-time,2024-10-10 00:00:00
705,345,William,Brown,AU,contractor,2025-01-08 00:00:00
705,345,William,Taylor,US,full-time,2025-04-08 00:00:00
706,346,Mateus,Almeida,BR,contractor,2024-08-29 00:00:00
706,346,Lucas,Santos,AU,contractor,2024-11-27 00:00:00
706,346,Isabela,Silva,UK,contractor,2025-02-25 00:00:00
706,346,Isabela,Cruz,IN,full-time,2025-05-26 00:00:00
707,346,Sofia,Ferreira,BR,contractor,2024-12-20 00:00:00
707,346,Gabriel,Silva,AU,full-time,2025-03-20 00:00:00
708,346,Sofia,Almeida,UK,contractor,2024-07-04 00:00:00
708,346,Sofia,Santos,AU,full-time,2024-10-02 00:00:00
708,346,Mateus,Santos,BR,full-time,2024-12-31 00:00:00
708,346,Mateus,Silva,IN,contractor,2025-03-31 00:00:00
709,347,Sofia,Cruz,AU,full-time,2024-03-01 00:00:00
709,347,Mateus,Cruz,UK,full-time,2024-05-30 00:00:00
710,347,Isabela,Oliveira,BR,contractor,2024-08-20 00:00:00
710,347,Mateus,Ferreira,BR,full-time,2024-11-18 00:00:00
711,348,Gabriel,Ferreira,UK,full-time,2024-01-18 00:00:00
711,348,Isabela,Almeida,AU,contractor,2024-04-17 00:00:00
711,348,Sofia,Silva,UK,contractor,2024-07-16 00:00:00
712,349,Julia,Silva,US,contractor,2024-10-12 00:00:00
712,349,Lucas,Almeida,AU,full-time,2025-01-10 00:00:00
713,349,Julia,Silva,BR,contractor,2024-01-24 00:00:00
713,349,Julia,Cruz,BR,contractor,2024-04-23 00:00:00
714,349,Isabela,Ferreira,UK,full-time,2024-09-01 00:00:00
714,349,Isabela,Oliveira,AU,contractor,2024-11-30 00:00:00
714,349,Julia,Ferreira,BR,contractor,2025-02-28 00:00:00
714,349,Lucas,Cruz,UK,contractor,2025-05-29 00:00:00
715,350,Isabella,Wilson,US,contractor,2024-04-28 00:00:00
715,350,Ethan,Wilson,BR,contractor,2024-07-27 00:00:00
715,350,Olivia,King,US,full-time,2024-10-25 00:00:00
716,351,Rahul,Verma,IN,full-time,2024-09-22 00:00:00
716,351,Arjun,Sharma,UK,full-time,2024-12-21 00:00:00
716,351,Arjun,Sharma,BR,contractor,2025-03-21 00:00:00
717,351,Arjun,Sharma,AU,full-time,2024-04-24 00:00:00
717,351,Ananya,Kumar,IN,full-time,2024-07-23 00:00:00
718,352,Rahul,Gupta,US,full-time,2024-04-15 00:00:00
718,352,Rahul,Verma,UK,full-time,2024-07-14 00:00:00
718,352,Priya,Singh,IN,full-time,2024-10-12 00:00:00
718,352,Arjun,Verma,BR,contractor,2025-01-10 00:00:00
719,353,James,Anderson,US,contractor,2024-03-05 00:00:00
719,353,Emma,Johnson,IN,full-time,2024-06-03 00:00:00
719,353,Sophia,Carter,US,contractor,2024-09-01 00:00:00
720,353,Sophia,Martinez,US,contractor,2024-02-10 00:00:00
720,353,Sophia,Brown,IN,contractor,2024-05-10 00:00:00
720,353,Emma,Martinez,AU,full-time,2024-08-08 00:00:00
720,353,Ava,Martinez,IN,full-time,2024-11-06 00:00:00
721,353,Ava,Brown,IN,full-time,2024-08-09 00:00:00
721,353,Noah,Martinez,US,full-time,2024-11-07 00:00:00
722,354,Amelia,Taylor,UK,contractor,2024-03-11 00:00:00
722,354,Amelia,Taylor,BR,full-time,2024-06-09 00:00:00
722,354,Olivia,Lewis,IN,full-time,2024-09-07 00:00:00
722,354,Charlotte,Evans,US,full-time,2024-12-06 00:00:00
723,355,Emma,Brown,AU,full-time,2024-08-10 00:00:00
723,355,Ava,Davis,US,contractor,2024-11-08 00:00:00
724,356,Emma,Martinez,AU,full-time,2024-05-14 00:00:00
724,356,Ava,Carter,BR,full-time,2024-08-12 00:00:00
724,356,James,Davis,IN,contractor,2024-11-10 00:00:00
724,356,Emma,Martinez,BR,contractor,2025-02-08 00:00:00
725,356,James,Anderson,UK,full-time,2024-10-05 00:00:00
725,356,James,Johnson,BR,contractor,2025-01-03 00:00:00
725,356,Sophia,Martinez,BR,full-time,2025-04-03 00:00:00
726,356,James,Martinez,US,contractor,2024-03-31 00:00:00
726,356,Ava,Johnson,UK,contractor,2024-06-29 00:00:00
726,356,Emma,Brown,BR,full-time,2024-09-27 00:00:00
727,357,Rahul,Gupta,BR,full-time,2024-05-28 00:00:00
727,357,Rahul,Sharma,IN,contractor,2024-08-26 00:00:00
727,357,Priya,Patel,BR,contractor,2024-11-24 00:00:00
728,358,Arjun,Patel,UK,contractor,2024-05-13 00:00:00
728,358,Aarav,Singh,IN,contractor,2024-08-11 00:00:00
729,358,Rahul,Gupta,AU,full-time,2024-07-28 00:00:00
729,358,Aarav,Singh,AU,contractor,2024-10-26 00:00:00
730,359,Vikram,Kumar,US,contractor,2024-11-05 00:00:00
730,359,Vikram,Kumar,IN,contractor,2025-02-03 00:00:00
730,359,Rahul,Singh,US,full-time,2025-05-04 00:00:00
730,359,Arjun,Verma,UK,full-time,2025-08-02 00:00:00
731,360,Charlotte,Harris,UK,contractor,2024-07-21 00:00:00
731,360,Oliver,Lewis,UK,full-time,2024-10-19 00:00:00
731,360,Henry,Walker,US,full-time,2025-01-17 00:00:00
731,360,George,Lewis,BR,full-time,2025-04-17 00:00:00
732,360,Oliver,Walker,UK,full-time,2024-03-21 00:00:00
732,360,Henry,Harris,US,contractor,2024-06-19 00:00:00
732,360,Olivia,Lewis,UK,contractor,2024-09-17 00:00:00
733,360,Henry,Clark,BR,full-time,2024-02-13 00:00:00
733,360,Henry,Evans,AU,full-time,2024-05-13 00:00:00
734,361,Isabela,Almeida,IN,contractor,2024-10-28 00:00:00
734,361,Sofia,Almeida,US,contractor,2025-01-26 00:00:00
734,361,Lucas,Cruz,UK,full-time,2025-04-26 00:00:00
735,362,Amelia,Lewis,IN,contractor,2024-12-01 00:00:00
735,362,Henry,Taylor,BR,contractor,2025-03-01 00:00:00
735,362,Amelia,Harris,AU,full-time,2025-05-30 00:00:00
735,362,Amelia,Walker,BR,contractor,2025-08-28 00:00:00
736,362,Olivia,Walker,BR,full-time,2024-07-09 00:00:00
736,362,George,Walker,BR,full-time,2024-10-07 00:00:00
736,362,Amelia,Harris,BR,full-time,2025-01-05 00:00:00
736,362,Olivia,Harris,IN,full-time,2025-04-05 00:00:00
737,363,William,King,UK,contractor,2024-02-12 00:00:00
737,363,William,King,US,full-time,2024-05-12 00:00:00
738,363,Isabella,Brown,AU,full-time,2024-07-25 00:00:00
738,363,Thomas,Harris,IN,contractor,2024-10-23 00:00:00
738,363,Ethan,Taylor,IN,full-time,2025-01-21 00:00:00
738,363,Thomas,Wilson,AU,contractor,2025-04-21 00:00:00
739,363,Chloe,King,AU,contractor,2024-01-03 00:00:00
739,363,William,Harris,IN,full-time,2024-04-02 00:00:00
739,363,Ethan,Harris,BR,full-time,2024-07-01 00:00:00
740,364,Henry,Lewis,UK,full-time,2024-08-05 00:00:00
740,364,Charlotte,Clark,US,full-time,2024-11-03 00:00:00
740,364,Charlotte,Lewis,US,full-time,2025-02-01 00:00:00
740,364,Amelia,Lewis,UK,contractor,2025-05-02 00:00:00
741,365,Amelia,Walker,IN,full-time,2024-10-07 00:00:00
741,365,Amelia,Harris,IN,contractor,2025-01-05 00:00:00
741,365,George,Harris,AU,full-time,2025-04-05 00:00:00
742,366,Aarav,Gupta,AU,contractor,2024-05-28 00:00:00
742,366,Rahul,Verma,IN,contractor,2024-08-26 00:00:00
742,366,Priya,Gupta,IN,full-time,2024-11-24 00:00:00
742,366,Ananya,Verma,BR,full-time,2025-02-22 00:00:00
743,367,Sophia,Johnson,US,full-time,2024-08-01 00:00:00
743,367,James,Martinez,UK,full-time,2024-10-30 00:00:00
744,367,Noah,Johnson,IN,full-time,2024-12-21 00:00:00
744,367,Michael,Brown,BR,full-time,2025-03-21 00:00:00
745,368,William,King,IN,full-time,2024-06-28 00:00:00
745,368,Olivia,Wilson,IN,contractor,2024-09-26 00:00:00
745,368,William,Taylor,IN,contractor,2024-12-25 00:00:00
745,368,William,Harris,IN,full-time,2025-03-25 00:00:00
746,369,Gabriel,Ferreira,UK,contractor,2024-10-30 00:00:00
746,369,Isabela,Silva,AU,full-time,2025-01-28 00:00:00
747,370,Aarav,Patel,IN,contractor,2024-09-24 00:00:00
747,370,Aarav,Verma,BR,full-time,2024-12-23 00:00:00
747,370,Ananya,Singh,UK,full-time,2025-03-23 00:00:00
747,370,Vikram,Verma,UK,full-time,2025-06-21 00:00:00
748,371,Lucas,Oliveira,US,full-time,2024-08-31 00:00:00
748,371,Mateus,Cruz,BR,contractor,2024-11-29 00:00:00
749,372,Gabriel,Santos,AU,contractor,2024-06-03 00:00:00
749,372,Sofia,Cruz,BR,contractor,2024-09-01 00:00:00
749,372,Lucas,Almeida,IN,full-time,2024-11-30 00:00:00
749,372,Mateus,Santos,UK,contractor,2025-02-28 00:00:00
750,372,Sofia,Almeida,BR,contractor,2024-12-30 00:00:00
750,372,Julia,Silva,US,contractor,2025-03-30 00:00:00
751,373,Henry,Harris,BR,contractor,2024-06-27 00:00:00
751,373,Olivia,Lewis,UK,full-time,2024-09-25 00:00:00
752,373,Charlotte,Evans,US,full-time,2024-07-14 00:00:00
752,373,Amelia,Harris,AU,full-time,2024-10-12 00:00:00
752,373,Henry,Clark,IN,contractor,2025-01-10 00:00:00
753,373,Oliver,Clark,US,contractor,2024-02-18 00:00:00
753,373,Henry,Evans,IN,contractor,2024-05-18 00:00:00
753,373,Amelia,Walker,IN,contractor,2024-08-16 00:00:00
754,374,Vikram,Kumar,BR,contractor,2024-01-30 00:00:00
754,374,Priya,Gupta,BR,full-time,2024-04-29 00:00:00
754,374,Vikram,Sharma,US,full-time,2024-07-28 00:00:00
754,374,Aarav,Kumar,UK,full-time,2024-10-26 00:00:00
755,374,Vikram,Singh,BR,full-time,2024-02-12 00:00:00
755,374,Arjun,Singh,AU,contractor,2024-05-12 00:00:00
755,374,Ananya,Kumar,AU,full-time,2024-08-10 00:00:00
756,374,Arjun,Kumar,UK,contractor,2024-06-19 00:00:00
756,374,Rahul,Singh,BR,contractor,2024-09-17 00:00:00
756,374,Aarav,Kumar,US,full-time,2024-12-16 00:00:00
756,374,Ananya,Verma,UK,contractor,2025-03-16 00:00:00
757,375,Vikram,Sharma,AU,full-time,2024-03-29 00:00:00
757,375,Aarav,Verma,BR,full-time,2024-06-27 00:00:00
757,375,Aarav,Kumar,US,contractor,2024-09-25 00:00:00
758,376,Vikram,Sharma,BR,full-time,2024-10-14 00:00:00
758,376,Rahul,Patel,US,full-time,2025-01-12 00:00:00
758,376,Vikram,Gupta,US,full-time,2025-04-12 00:00:00
759,376,Aarav,Singh,UK,full-time,2024-06-11 00:00:00
759,376,Ananya,Kumar,IN,contractor,2024-09-09 00:00:00
759,376,Vikram,Kumar,UK,contractor,2024-12-08 00:00:00
759,376,Aarav,Kumar,UK,full-time,2025-03-08 00:00:00
760,377,Ava,Carter,UK,contractor,2024-01-28 00:00:00
760,377,Sophia,Brown,IN,contractor,2024-04-27 00:00:00
760,377,Sophia,Davis,IN,full-time,2024-07-26 00:00:00
761,377,James,Martinez,BR,contractor,2024-03-31 00:00:00
761,377,Michael,Johnson,IN,contractor,2024-06-29 00:00:00
761,377,James,Martinez,AU,contractor,2024-09-27 00:00:00
762,378,Vikram,Verma,BR,full-time,2024-12-17 00:00:00
762,378,Rahul,Verma,UK,contractor,2025-03-17 00:00:00
763,378,Aarav,Sharma,UK,contractor,2024-06-26 00:00:00
763,378,Aarav,Verma,AU,contractor,2024-09-24 00:00:00
763,378,Vikram,Verma,UK,contractor,2024-12-23 00:00:00
763,378,Ananya,Patel,IN,full-time,2025-03-23 00:00:00
764,378,Aarav,Kumar,UK,contractor,2024-02-29 00:00:00
764,378,Ananya,Patel,AU,contractor,2024-05-29 00:00:00
764,378,Arjun,Verma,BR,full-time,2024-08-27 00:00:00
764,378,Arjun,Kumar,US,contractor,2024-11-25 00:00:00
765,379,Priya,Sharma,IN,full-time,2024-03-22 00:00:00
765,379,Ananya,Sharma,IN,full-time,2024-06-20 00:00:00
765,379,Priya,Verma,UK,full-time,2024-09-18 00:00:00
766,380,William,Brown,BR,contractor,2024-11-11 00:00:00
766,380,Isabella,King,IN,contractor,2025-02-09 00:00:00
766,380,William,Wilson,BR,contractor,2025-05-10 00:00:00
767,380,Olivia,Brown,US,contractor,2024-06-02 00:00:00
767,380,Isabella,Wilson,AU,contractor,2024-08-31 00:00:00
768,381,Noah,Davis,IN,full-time,2024-01-15 00:00:00
768,381,Noah,Davis,UK,contractor,2024-04-14 00:00:00
769,381,James,Davis,IN,contractor,2024-01-28 00:00:00
769,381,Emma,Davis,BR,full-time,2024-04-27 00:00:00
770,381,Sophia,Davis,IN,contractor,2024-12-03 00:00:00
770,381,Michael,Davis,UK,full-time,2025-03-03 00:00:00
771,382,Isabela,Santos,AU,contractor,2024-02-16 00:00:00
771,382,Gabriel,Cruz,UK,contractor,2024-05-16 00:00:00
771,382,Gabriel,Cruz,AU,contractor,2024-08-14 00:00:00
771,382,Julia,Santos,BR,contractor,2024-11-12 00:00:00
772,382,Isabela,Oliveira,BR,full-time,2024-08-25 00:00:00
772,382,Lucas,Santos,BR,contractor,2024-11-23 00:00:00
772,382,Lucas,Ferreira,BR,contractor,2025-02-21 00:00:00
772,382,Mateus,Oliveira,IN,contractor,2025-05-22 00:00:00
773,383,Ananya,Verma,UK,full-time,2024-10-27 00:00:00
773,383,Arjun,Sharma,IN,full-time,2025-01-25 00:00:00
774,383,Priya,Singh,UK,full-time,2024-11-08 00:00:00
774,383,Priya,Gupta,US,full-time,2025-02-06 00:00:00
774,383,Arjun,Patel,US,contractor,2025-05-07 00:00:00
774,383,Priya,Kumar,UK,contractor,2025-08-05 00:00:00
775,383,Arjun,Patel,BR,full-time,2024-03-18 00:00:00
775,383,Arjun,Patel,UK,full-time,2024-06-16 00:00:00
775,383,Priya,Kumar,AU,full-time,2024-09-14 00:00:00
776,384,Aarav,Kumar,US,contractor,2024-02-12 00:00:00
776,384,Vikram,Gupta,IN,full-time,2024-05-12 00:00:00
776,384,Rahul,Verma,BR,contractor,2024-08-10 00:00:00
777,384,Aarav,Kumar,BR,contractor,2024-01-06 00:00:00
777,384,Vikram,Sharma,BR,contractor,2024-04-05 00:00:00
777,384,Aarav,Kumar,US,contractor,2024-07-04 00:00:00
778,385,Olivia,Harris,AU,contractor,2024-07-09 00:00:00
778,385,Henry,Taylor,BR,contractor,2024-10-07 00:00:00
778,385,Olivia,Walker,UK,full-time,2025-01-05 00:00:00
779,385,George,Harris,UK,contractor,2024-06-21 00:00:00
779,385,Amelia,Walker,BR,contractor,2024-09-19 00:00:00
779,385,Henry,Walker,BR,contractor,2024-12-18 00:00:00
779,385,Oliver,Walker,AU,contractor,2025-03-18 00:00:00
780,385,Oliver,Evans,IN,full-time,2024-05-09 00:00:00
780,385,George,Harris,UK,contractor,2024-08-07 00:00:00
780,385,Oliver,Lewis,US,contractor,2024-11-05 00:00:00
781,386,Thomas,Brown,US,contractor,2024-06-01 00:00:00
781,386,Chloe,White,AU,contractor,2024-08-30 00:00:00
781,386,Olivia,King,US,full-time,2024-11-28 00:00:00
781,386,Olivia,Taylor,UK,contractor,2025-02-26 00:00:00
782,386,Ethan,Harris,AU,full-time,2024-08-08 00:00:00
782,386,Chloe,Brown,AU,contractor,2024-11-06 00:00:00
782,386,Thomas,White,IN,contractor,2025-02-04 00:00:00
783,387,Chloe,Taylor,US,contractor,2024-03-16 00:00:00
783,387,William,Taylor,US,contractor,2024-06-14 00:00:00
783,387,Chloe,Taylor,IN,contractor,2024-09-12 00:00:00
783,387,Isabella,White,UK,contractor,2024-12-11 00:00:00
784,388,Vikram,Patel,US,full-time,2024-11-30 00:00:00
784,388,Rahul,Sharma,IN,full-time,2025-02-28 00:00:00
784,388,Aarav,Singh,IN,contractor,2025-05-29 00:00:00
784,388,Ananya,Patel,IN,full-time,2025-08-27 00:00:00
785,388,Aarav,Singh,AU,contractor,2024-05-21 00:00:00
785,388,Ananya,Kumar,IN,contractor,2024-08-19 00:00:00
785,388,Vikram,Patel,UK,full-time,2024-11-17 00:00:00
785,388,Priya,Kumar,UK,contractor,2025-02-15 00:00:00
786,388,Rahul,Kumar,IN,full-time,2024-05-16 00:00:00
786,388,Ananya,Gupta,US,contractor,2024-08-14 00:00:00
786,388,Ananya,Singh,AU,contractor,2024-11-12 00:00:00
787,389,Priya,Verma,BR,contractor,2024-12-30 00:00:00
787,389,Rahul,Patel,BR,full-time,2025-03-30 00:00:00
787,389,Arjun,Sharma,IN,contractor,2025-06-28 00:00:00
787,389,Priya,Gupta,BR,contractor,2025-09-26 00:00:00
788,389,Aarav,Gupta,BR,contractor,2024-04-17 00:00:00
788,389,Priya,Singh,AU,full-time,2024-07-16 00:00:00
788,389,Aarav,Patel,AU,contractor,2024-10-14 00:00:00
788,389,Vikram,Gupta,AU,contractor,2025-01-12 00:00:00
789,389,Arjun,Patel,BR,full-time,2024-06-04 00:00:00
789,389,Ananya,Verma,AU,full-time,2024-09-02 00:00:00
789,389,Rahul,Sharma,AU,contractor,2024-12-01 00:00:00
790,390,Noah,Martinez,BR,full-time,2024-01-12 00:00:00
790,390,Emma,Brown,UK,contractor,2024-04-11 00:00:00
790,390,Noah,Anderson,US,contractor,2024-07-10 00:00:00
791,390,Michael,Brown,IN,full-time,2024-04-21 00:00:00
791,390,Sophia,Martinez,BR,contractor,2024-07-20 00:00:00
792,391,Mateus,Silva,IN,contractor,2024-04-21 00:00:00
792,391,Julia,Oliveira,IN,contractor,2024-07-20 00:00:00
792,391,Isabela,Cruz,BR,contractor,2024-10-18 00:00:00
793,391,Isabela,Santos,BR,contractor,2024-05-26 00:00:00
793,391,Gabriel,Almeida,IN,contractor,2024-08-24 00:00:00
793,391,Julia,Santos,US,contractor,2024-11-22 00:00:00
794,392,Emma,Johnson,UK,full-time,2024-11-30 00:00:00
794,392,Noah,Davis,UK,full-time,2025-02-28 00:00:00
794,392,Noah,Brown,BR,full-time,2025-05-29 00:00:00
795,392,Sophia,Davis,AU,contractor,2024-06-15 00:00:00
795,392,Ava,Anderson,IN,full-time,2024-09-13 00:00:00
795,392,Ava,Brown,BR,full-time,2024-12-12 00:00:00
795,392,Sophia,Johnson,IN,full-time,2025-03-12 00:00:00
796,392,Ava,Davis,IN,full-time,2024-03-30 00:00:00
796,392,James,Anderson,US,full-time,2024-06-28 00:00:00
796,392,Noah,Johnson,BR,full-time,2024-09-26 00:00:00
797,393,Ananya,Gupta,BR,full-time,2024-11-04 00:00:00
797,393,Rahul,Sharma,UK,full-time,2025-02-02 00:00:00
797,393,Priya,Kumar,US,full-time,2025-05-03 00:00:00
798,393,Aarav,Patel,AU,contractor,2024-01-17 00:00:00
798,393,Priya,Singh,BR,contractor,2024-04-16 00:00:00
798,393,Aarav,Verma,US,full-time,2024-07-15 00:00:00
798,393,Priya,Patel,US,contractor,2024-10-13 00:00:00
799,393,Vikram,Sharma,BR,contractor,2024-07-22 00:00:00
799,393,Priya,Singh,US,full-time,2024-10-20 00:00:00
799,393,Arjun,Verma,US,full-time,2025-01-18 00:00:00
799,393,Arjun,Patel,IN,full-time,2025-04-18 00:00:00
800,394,Lucas,Oliveira,IN,full-time,2024-09-04 00:00:00
800,394,Sofia,Ferreira,BR,full-time,2024-12-03 00:00:00
801,395,Chloe,Harris,IN,contractor,2024-06-24 00:00:00
801,395,Chloe,Wilson,AU,contractor,2024-09-22 00:00:00
801,395,William,White,UK,full-time,2024-12-21 00:00:00
802,395,Thomas,King,IN,contractor,2024-09-24 00:00:00
802,395,Chloe,Wilson,IN,full-time,2024-12-23 00:00:00
802,395,William,Taylor,IN,contractor,2025-03-23 00:00:00
803,396,James,Davis,UK,full-time,2024-08-13 00:00:00
803,396,Noah,Carter,BR,contractor,2024-11-11 00:00:00
803,396,Ava,Davis,US,full-time,2025-02-09 00:00:00
803,396,Noah,Carter,UK,full-time,2025-05-10 00:00:00
804,396,Ava,Brown,AU,contractor,2024-05-12 00:00:00
804,396,Emma,Brown,UK,contractor,2024-08-10 00:00:00
804,396,Ava,Davis,AU,contractor,2024-11-08 00:00:00
805,396,Emma,Johnson,UK,contractor,2024-09-24 00:00:00
805,396,Sophia,Johnson,BR,full-time,2024-12-23 00:00:00
805,396,Ava,Anderson,IN,full-time,2025-03-23 00:00:00
806,397,Sophia,Carter,AU,full-time,2024-04-15 00:00:00
806,397,Ava,Davis,IN,contractor,2024-07-14 00:00:00
807,397,Ava,Anderson,AU,full-time,2024-08-23 00:00:00
807,397,Ava,Davis,IN,full-time,2024-11-21 00:00:00
807,397,Emma,Martinez,US,contractor,2025-02-19 00:00:00
807,397,Noah,Anderson,IN,full-time,2025-05-20 00:00:00
808,398,Rahul,Gupta,UK,contractor,2024-08-16 00:00:00
808,398,Aarav,Gupta,UK,full-time,2024-11-14 00:00:00
808,398,Aarav,Kumar,BR,full-time,2025-02-12 00:00:00
808,398,Vikram,Verma,IN,contractor,2025-05-13 00:00:00
809,399,Michael,Davis,AU,contractor,2024-04-07 00:00:00
809,399,Michael,Davis,UK,full-time,2024-07-06 00:00:00
809,399,Noah,Brown,BR,contractor,2024-10-04 00:00:00
809,399,Michael,Brown,US,contractor,2025-01-02 00:00:00
810,400,Sofia,Oliveira,BR,full-time,2024-02-07 00:00:00
810,400,Sofia,Santos,US,full-time,2024-05-07 00:00:00
811,400,Lucas,Almeida,US,contractor,2024-11-02 00:00:00
811,400,Gabriel,Ferreira,BR,full-time,2025-01-31 00:00:00
811,400,Mateus,Ferreira,AU,contractor,2025-05-01 00:00:00
812,400,Sofia,Almeida,IN,contractor,2024-01-01 00:00:00
812,400,Julia,Santos,IN,contractor,2024-03-31 00:00:00
812,400,Mateus,Silva,IN,contractor,2024-06-29 00:00:00
813,401,James,Martinez,AU,contractor,2024-05-07 00:00:00
813,401,Ava,Johnson,US,full-time,2024-08-05 00:00:00
813,401,Emma,Anderson,IN,contractor,2024-11-03 00:00:00
814,401,Sophia,Anderson,BR,contractor,2024-09-10 00:00:00
814,401,Michael,Johnson,IN,full-time,2024-12-09 00:00:00
815,401,Sophia,Davis,IN,contractor,2024-04-09 00:00:00
815,401,James,Brown,BR,full-time,2024-07-08 00:00:00
816,402,Isabela,Almeida,UK,contractor,2024-06-02 00:00:00
816,402,Isabela,Santos,BR,full-time,2024-08-31 00:00:00
816,402,Isabela,Almeida,UK,contractor,2024-11-29 00:00:00
816,402,Mateus,Cruz,AU,contractor,2025-02-27 00:00:00
817,402,Lucas,Cruz,IN,contractor,2024-05-17 00:00:00
817,402,Isabela,Silva,IN,contractor,2024-08-15 00:00:00
818,402,Lucas,Cruz,AU,contractor,2024-06-10 00:00:00
818,402,Sofia,Oliveira,BR,full-time,2024-09-08 00:00:00
818,402,Sofia,Silva,UK,contractor,2024-12-07 00:00:00
819,403,Charlotte,Taylor,IN,contractor,2024-01-10 00:00:00
819,403,Oliver,Walker,IN,contractor,2024-04-09 00:00:00
819,403,Amelia,Harris,AU,full-time,2024-07-08 00:00:00
819,403,Charlotte,Clark,AU,contractor,2024-10-06 00:00:00
820,403,Henry,Taylor,UK,contractor,2024-05-20 00:00:00
820,403,Olivia,Lewis,AU,contractor,2024-08-18 00:00:00
821,404,Julia,Ferreira,BR,full-time,2024-12-03 00:00:00
821,404,Lucas,Almeida,AU,contractor,2025-03-03 00:00:00
821,404,Gabriel,Oliveira,US,contractor,2025-06-01 00:00:00
822,405,Isabella,Wilson,US,contractor,2024-10-02 00:00:00
822,405,Olivia,Taylor,US,contractor,2024-12-31 00:00:00
822,405,Chloe,Harris,UK,full-time,2025-03-31 00:00:00
823,405,William,King,AU,full-time,2024-10-28 00:00:00
823,405,Isabella,King,IN,contractor,2025-01-26 00:00:00
823,405,William,Brown,IN,full-time,2025-04-26 00:00:00
824,406,Olivia,Evans,IN,contractor,2024-02-04 00:00:00
824,406,Amelia,Evans,UK,full-time,2024-05-04 00:00:00
824,406,Oliver,Lewis,UK,contractor,2024-08-02 00:00:00
824,406,Oliver,Harris,UK,contractor,2024-10-31 00:00:00
825,407,Gabriel,Santos,US,contractor,2024-11-05 00:00:00
825,407,Sofia,Cruz,BR,full-time,2025-02-03 00:00:00
825,407,Mateus,Oliveira,AU,contractor,2025-05-04 00:00:00
825,407,Gabriel,Almeida,BR,full-time,2025-08-02 00:00:00
826,407,Mateus,Cruz,IN,contractor,2024-09-15 00:00:00
826,407,Julia,Oliveira,US,full-time,2024-12-14 00:00:00
826,407,Mateus,Oliveira,AU,full-time,2025-03-14 00:00:00
827,408,Priya,Verma,UK,full-time,2024-02-14 00:00:00
827,408,Aarav,Patel,IN,contractor,2024-05-14 00:00:00
827,408,Priya,Kumar,UK,contractor,2024-08-12 00:00:00
827,408,Vikram,Gupta,AU,contractor,2024-11-10 00:00:00
828,408,Aarav,Kumar,BR,full-time,2024-08-20 00:00:00
828,408,Priya,Verma,IN,full-time,2024-11-18 00:00:00
828,408,Rahul,Patel,US,full-time,2025-02-16 00:00:00
828,408,Ananya,Sharma,BR,full-time,2025-05-17 00:00:00
829,408,Rahul,Kumar,IN,contractor,2024-05-12 00:00:00
829,408,Aarav,Kumar,UK,contractor,2024-08-10 00:00:00
830,409,Charlotte,Taylor,UK,contractor,2024-10-22 00:00:00
830,409,Charlotte,Walker,US,full-time,2025-01-20 00:00:00
831,409,Oliver,Walker,IN,contractor,2024-03-06 00:00:00
831,409,Charlotte,Evans,UK,full-time,2024-06-04 00:00:00
831,409,Oliver,Taylor,BR,contractor,2024-09-02 00:00:00
831,409,Charlotte,Taylor,IN,full-time,2024-12-01 00:00:00
832,409,Henry,Lewis,US,contractor,2024-03-11 00:00:00
832,409,Olivia,Evans,UK,contractor,2024-06-09 00:00:00
832,409,Henry,Lewis,BR,contractor,2024-09-07 00:00:00
833,410,George,Walker,US,full-time,2024-04-15 00:00:00
833,410,George,Clark,AU,full-time,2024-07-14 00:00:00
833,410,Charlotte,Taylor,US,contractor,2024-10-12 00:00:00
834,411,Aarav,Sharma,BR,full-time,2024-11-05 00:00:00
834,411,Ananya,Singh,AU,contractor,2025-02-03 00:00:00
834,411,Priya,Sharma,AU,full-time,2025-05-04 00:00:00
835,411,Vikram,Patel,BR,contractor,2024-08-21 00:00:00
835,411,Vikram,Sharma,IN,contractor,2024-11-19 00:00:00
836,411,Aarav,Sharma,UK,full-time,2024-02-03 00:00:00
836,411,Aarav,Kumar,BR,contractor,2024-05-03 00:00:00
836,411,Vikram,Sharma,IN,full-time,2024-08-01 00:00:00
837,412,Noah,Anderson,UK,full-time,2024-05-07 00:00:00
837,412,Sophia,Martinez,BR,full-time,2024-08-05 00:00:00
838,413,Olivia,Evans,IN,contractor,2024-11-01 00:00:00
838,413,George,Lewis,UK,contractor,2025-01-30 00:00:00
839,414,Sophia,Martinez,UK,contractor,2024-03-30 00:00:00
839,414,Michael,Davis,US,contractor,2024-06-28 00:00:00
839,414,Sophia,Carter,BR,contractor,2024-09-26 00:00:00
839,414,James,Brown,IN,full-time,2024-12-25 00:00:00
840,415,Emma,Anderson,UK,contractor,2024-06-18 00:00:00
840,415,Michael,Brown,BR,full-time,2024-09-16 00:00:00
841,416,Oliver,Taylor,US,contractor,2024-02-21 00:00:00
841,416,Henry,Walker,BR,contractor,2024-05-21 00:00:00
842,417,Charlotte,Clark,US,contractor,2024-10-01 00:00:00
842,417,Amelia,Lewis,IN,full-time,2024-12-30 00:00:00
842,417,Oliver,Evans,AU,contractor,2025-03-30 00:00:00
843,417,Olivia,Walker,BR,contractor,2024-11-10 00:00:00
843,417,Olivia,Clark,UK,full-time,2025-02-08 00:00:00
843,417,Charlotte,Clark,UK,full-time,2025-05-09 00:00:00
843,417,Charlotte,Evans,US,full-time,2025-08-07 00:00:00
844,418,George,Walker,UK,full-time,2024-07-25 00:00:00
844,418,Oliver,Taylor,IN,contractor,2024-10-23 00:00:00
844,418,Olivia,Lewis,AU,contractor,2025-01-21 00:00:00
845,418,Amelia,Harris,UK,full-time,2024-03-08 00:00:00
845,418,Olivia,Lewis,US,full-time,2024-06-06 00:00:00
845,418,Charlotte,Walker,UK,full-time,2024-09-04 00:00:00
846,418,Amelia,Harris,US,contractor,2024-05-01 00:00:00
846,418,Amelia,Harris,UK,contractor,2024-07-30 00:00:00
847,419,George,Harris,AU,contractor,2024-04-19 00:00:00
847,419,Henry,Evans,IN,contractor,2024-07-18 00:00:00
847,419,Oliver,Taylor,IN,contractor,2024-10-16 00:00:00
848,419,Amelia,Evans,US,contractor,2024-09-06 00:00:00
848,419,George,Harris,US,contractor,2024-12-05 00:00:00
848,419,Amelia,Evans,US,full-time,2025-03-05 00:00:00
848,419,Henry,Taylor,BR,full-time,2025-06-03 00:00:00
849,420,Ethan,King,IN,contractor,2024-10-08 00:00:00
849,420,Isabella,Harris,AU,full-time,2025-01-06 00:00:00
849,420,William,King,BR,full-time,2025-04-06 00:00:00
849,420,Olivia,Taylor,UK,full-time,2025-07-05 00:00:00
850,421,George,Taylor,AU,full-time,2024-06-30 00:00:00
850,421,George,Harris,AU,full-time,2024-09-28 00:00:00
850,421,Olivia,Clark,UK,contractor,2024-12-27 00:00:00
850,421,Charlotte,Walker,UK,full-time,2025-03-27 00:00:00
851,422,Rahul,Patel,UK,contractor,2024-03-18 00:00:00
851,422,Vikram,Patel,IN,contractor,2024-06-16 00:00:00
851,422,Rahul,Patel,BR,contractor,2024-09-14 00:00:00
851,422,Arjun,Gupta,IN,full-time,2024-12-13 00:00:00
852,422,Aarav,Verma,IN,full-time,2024-02-08 00:00:00
852,422,Aarav,Verma,AU,full-time,2024-05-08 00:00:00
852,422,Vikram,Patel,UK,full-time,2024-08-06 00:00:00
853,422,Ananya,Patel,UK,contractor,2024-09-03 00:00:00
853,422,Priya,Verma,UK,full-time,2024-12-02 00:00:00
854,423,James,Davis,BR,full-time,2024-02-06 00:00:00
854,423,Ava,Martinez,AU,full-time,2024-05-06 00:00:00
855,423,Sophia,Martinez,IN,contractor,2024-04-15 00:00:00
855,423,Michael,Martinez,US,contractor,2024-07-14 00:00:00
855,423,Noah,Anderson,AU,contractor,2024-10-12 00:00:00
856,424,Arjun,Singh,AU,contractor,2024-12-04 00:00:00
856,424,Ananya,Singh,IN,contractor,2025-03-04 00:00:00
856,424,Vikram,Patel,IN,full-time,2025-06-02 00:00:00
857,425,Rahul,Gupta,BR,contractor,2024-08-26 00:00:00
857,425,Ananya,Verma,US,full-time,2024-11-24 00:00:00
857,425,Aarav,Verma,AU,contractor,2025-02-22 00:00:00
858,425,Priya,Kumar,BR,contractor,2024-05-03 00:00:00
858,425,Vikram,Kumar,US,contractor,2024-08-01 00:00:00
858,425,Aarav,Kumar,IN,contractor,2024-10-30 00:00:00
858,425,Aarav,Verma,IN,contractor,2025-01-28 00:00:00
859,425,Arjun,Singh,US,full-time,2024-12-07 00:00:00
859,425,Aarav,Patel,UK,contractor,2025-03-07 00:00:00
859,425,Ananya,Verma,BR,contractor,2025-06-05 00:00:00
860,426,Rahul,Verma,AU,contractor,2024-12-28 00:00:00
860,426,Rahul,Verma,BR,full-time,2025-03-28 00:00:00
860,426,Rahul,Singh,AU,full-time,2025-06-26 00:00:00
861,427,Isabela,Silva,AU,contractor,2024-02-18 00:00:00
861,427,Sofia,Ferreira,US,contractor,2024-05-18 00:00:00
862,427,Sofia,Almeida,AU,full-time,2024-11-27 00:00:00
862,427,Sofia,Ferreira,BR,full-time,2025-02-25 00:00:00
862,427,Isabela,Almeida,UK,full-time,2025-05-26 00:00:00
863,427,Gabriel,Silva,BR,full-time,2024-11-18 00:00:00
863,427,Julia,Cruz,IN,contractor,2025-02-16 00:00:00
863,427,Julia,Silva,IN,full-time,2025-05-17 00:00:00
864,428,James,Johnson,IN,full-time,2024-08-16 00:00:00
864,428,Sophia,Brown,AU,contractor,2024-11-14 00:00:00
865,428,Sophia,Johnson,US,contractor,2024-07-24 00:00:00
865,428,James,Brown,AU,full-time,2024-10-22 00:00:00
865,428,James,Carter,US,full-time,2025-01-20 00:00:00
866,429,Rahul,Patel,UK,contractor,2024-07-26 00:00:00
866,429,Ananya,Sharma,BR,contractor,2024-10-24 00:00:00
866,429,Arjun,Patel,IN,full-time,2025-01-22 00:00:00
867,429,Vikram,Singh,UK,contractor,2024-03-27 00:00:00
867,429,Rahul,Kumar,AU,contractor,2024-06-25 00:00:00
867,429,Rahul,Verma,UK,contractor,2024-09-23 00:00:00
868,429,Vikram,Gupta,US,full-time,2024-11-12 00:00:00
868,429,Aarav,Verma,BR,contractor,2025-02-10 00:00:00
868,429,Ananya,Kumar,IN,contractor,2025-05-11 00:00:00
868,429,Priya,Gupta,BR,full-time,2025-08-09 00:00:00
869,430,Noah,Anderson,IN,full-time,2024-05-30 00:00:00
869,430,Emma,Anderson,UK,full-time,2024-08-28 00:00:00
869,430,Ava,Carter,US,contractor,2024-11-26 00:00:00
869,430,Sophia,Martinez,UK,full-time,2025-02-24 00:00:00
870,430,Ava,Davis,UK,full-time,2024-04-25 00:00:00
870,430,James,Davis,US,contractor,2024-07-24 00:00:00
870,430,Emma,Johnson,AU,full-time,2024-10-22 00:00:00
871,430,Noah,Brown,BR,contractor,2024-07-30 00:00:00
871,430,Ava,Carter,IN,contractor,2024-10-28 00:00:00
872,431,Charlotte,Harris,AU,contractor,2024-07-08 00:00:00
872,431,Henry,Evans,UK,contractor,2024-10-06 00:00:00
872,431,Olivia,Taylor,AU,full-time,2025-01-04 00:00:00
873,431,Olivia,Lewis,AU,contractor,2024-02-19 00:00:00
873,431,Henry,Clark,UK,contractor,2024-05-19 00:00:00
873,431,Olivia,Evans,AU,full-time,2024-08-17 00:00:00
873,431,Amelia,Harris,AU,full-time,2024-11-15 00:00:00
874,432,Isabella,Brown,BR,full-time,2024-11-12 00:00:00
874,432,Olivia,White,AU,contractor,2025-02-10 00:00:00
874,432,William,Taylor,US,contractor,2025-05-11 00:00:00
875,432,Olivia,White,IN,full-time,2024-09-01 00:00:00
875,432,Chloe,Wilson,AU,contractor,2024-11-30 00:00:00
875,432,Chloe,White,AU,contractor,2025-02-28 00:00:00
875,432,Isabella,Taylor,UK,contractor,2025-05-29 00:00:00
876,433,James,Brown,IN,contractor,2024-12-04 00:00:00
876,433,Sophia,Brown,AU,contractor,2025-03-04 00:00:00
876,433,Sophia,Brown,AU,contractor,2025-06-02 00:00:00
877,434,Julia,Silva,AU,full-time,2024-11-08 00:00:00
877,434,Gabriel,Almeida,US,contractor,2025-02-06 00:00:00
878,435,Isabela,Santos,AU,full-time,2024-03-23 00:00:00
878,435,Isabela,Oliveira,BR,full-time,2024-06-21 00:00:00
878,435,Lucas,Oliveira,US,contractor,2024-09-19 00:00:00
878,435,Mateus,Ferreira,BR,contractor,2024-12-18 00:00:00
879,435,Sofia,Santos,IN,full-time,2024-07-14 00:00:00
879,435,Gabriel,Silva,IN,full-time,2024-10-12 00:00:00
879,435,Julia,Cruz,IN,contractor,2025-01-10 00:00:00
879,435,Gabriel,Santos,IN,contractor,2025-04-10 00:00:00
880,435,Lucas,Ferreira,US,contractor,2024-04-12 00:00:00
880,435,Sofia,Oliveira,AU,contractor,2024-07-11 00:00:00
881,436,Noah,Anderson,IN,full-time,2024-11-06 00:00:00
881,436,Sophia,Anderson,AU,full-time,2025-02-04 00:00:00
882,437,Oliver,Walker,AU,contractor,2024-06-16 00:00:00
882,437,Henry,Taylor,UK,contractor,2024-09-14 00:00:00
882,437,Charlotte,Clark,UK,contractor,2024-12-13 00:00:00
883,438,Rahul,Sharma,AU,full-time,2024-12-15 00:00:00
883,438,Priya,Kumar,UK,full-time,2025-03-15 00:00:00
884,439,Thomas,Brown,US,contractor,2024-01-16 00:00:00
884,439,Ethan,White,IN,full-time,2024-04-15 00:00:00
884,439,William,Brown,UK,full-time,2024-07-14 00:00:00
884,439,Isabella,King,AU,full-time,2024-10-12 00:00:00
885,439,Isabella,Taylor,AU,contractor,2024-11-09 00:00:00
885,439,Isabella,White,AU,full-time,2025-02-07 00:00:00
885,439,Ethan,King,IN,full-time,2025-05-08 00:00:00
886,440,Isabella,White,IN,full-time,2024-09-08 00:00:00
886,440,Isabella,Taylor,AU,full-time,2024-12-07 00:00:00
887,441,Julia,Silva,AU,contractor,2024-02-16 00:00:00
887,441,Mateus,Ferreira,UK,contractor,2024-05-16 00:00:00
887,441,Lucas,Santos,BR,full-time,2024-08-14 00:00:00
887,441,Lucas,Ferreira,BR,contractor,2024-11-12 00:00:00
888,441,Gabriel,Cruz,US,contractor,2024-08-10 00:00:00
888,441,Gabriel,Silva,AU,contractor,2024-11-08 00:00:00
888,441,Mateus,Cruz,IN,contractor,2025-02-06 00:00:00
889,441,Julia,Oliveira,AU,full-time,2024-05-27 00:00:00
889,441,Isabela,Oliveira,IN,full-time,2024-08-25 00:00:00
889,441,Julia,Silva,US,full-time,2024-11-23 00:00:00
889,441,Gabriel,Silva,BR,full-time,2025-02-21 00:00:00
890,442,Julia,Cruz,AU,full-time,2024-10-02 00:00:00
890,442,Mateus,Silva,US,full-time,2024-12-31 00:00:00
891,442,Isabela,Santos,IN,full-time,2024-02-20 00:00:00
891,442,Julia,Santos,BR,full-time,2024-05-20 00:00:00
891,442,Mateus,Ferreira,AU,full-time,2024-08-18 00:00:00
892,443,Chloe,White,IN,full-time,2024-07-14 00:00:00
892,443,Olivia,Taylor,IN,full-time,2024-10-12 00:00:00
893,444,Sofia,Oliveira,UK,full-time,2024-04-26 00:00:00
893,444,Mateus,Santos,AU,contractor,2024-07-25 00:00:00
893,444,Sofia,Ferreira,AU,contractor,2024-10-23 00:00:00
894,444,Julia,Silva,BR,full-time,2024-04-14 00:00:00
894,444,Sofia,Cruz,BR,contractor,2024-07-13 00:00:00
894,444,Isabela,Cruz,IN,full-time,2024-10-11 00:00:00
894,444,Julia,Ferreira,BR,full-time,2025-01-09 00:00:00
895,445,Aarav,Kumar,UK,full-time,2024-08-17 00:00:00
895,445,Aarav,Singh,US,full-time,2024-11-15 00:00:00
896,445,Ananya,Verma,IN,full-time,2024-09-07 00:00:00
896,445,Aarav,Sharma,BR,contractor,2024-12-06 00:00:00
897,445,Arjun,Verma,IN,full-time,2024-10-01 00:00:00
897,445,Vikram,Patel,UK,full-time,2024-12-30 00:00:00
897,445,Rahul,Patel,UK,full-time,2025-03-30 00:00:00
898,446,Sofia,Oliveira,US,full-time,2024-01-19 00:00:00
898,446,Gabriel,Cruz,UK,full-time,2024-04-18 00:00:00
898,446,Julia,Oliveira,UK,contractor,2024-07-17 00:00:00
899,446,Sofia,Ferreira,UK,contractor,2024-11-11 00:00:00
899,446,Mateus,Oliveira,AU,full-time,2025-02-09 00:00:00
899,446,Isabela,Ferreira,IN,full-time,2025-05-10 00:00:00
900,446,Isabela,Silva,IN,full-time,2024-10-18 00:00:00
900,446,Lucas,Cruz,UK,full-time,2025-01-16 00:00:00
901,447,Lucas,Almeida,US,full-time,2024-07-13 00:00:00
901,447,Isabela,Ferreira,UK,contractor,2024-10-11 00:00:00
902,447,Sofia,Oliveira,BR,full-time,2024-12-02 00:00:00
902,447,Isabela,Almeida,AU,contractor,2025-03-02 00:00:00
902,447,Mateus,Santos,UK,contractor,2025-05-31 00:00:00
902,447,Gabriel,Oliveira,US,contractor,2025-08-29 00:00:00
903,448,Rahul,Kumar,UK,contractor,2024-09-30 00:00:00
903,448,Arjun,Singh,UK,full-time,2024-12-29 00:00:00
904,448,Vikram,Patel,US,full-time,2024-12-16 00:00:00
904,448,Priya,Verma,US,full-time,2025-03-16 00:00:00
905,448,Rahul,Verma,US,full-time,2024-11-17 00:00:00
905,448,Aarav,Patel,AU,contractor,2025-02-15 00:00:00
906,449,Emma,Johnson,UK,contractor,2024-12-17 00:00:00
906,449,Noah,Carter,IN,contractor,2025-03-17 00:00:00
906,449,Emma,Davis,BR,contractor,2025-06-15 00:00:00
906,449,Sophia,Davis,IN,full-time,2025-09-13 00:00:00
907,449,Sophia,Carter,US,contractor,2024-07-17 00:00:00
907,449,James,Davis,US,contractor,2024-10-15 00:00:00
907,449,Emma,Martinez,AU,full-time,2025-01-13 00:00:00
908,450,James,Davis,BR,contractor,2024-03-05 00:00:00
908,450,Emma,Johnson,BR,contractor,2024-06-03 00:00:00
908,450,Emma,Johnson,IN,contractor,2024-09-01 00:00:00
908,450,James,Martinez,BR,full-time,2024-11-30 00:00:00
909,450,Sophia,Davis,UK,full-time,2024-09-28 00:00:00
909,450,Ava,Martinez,AU,contractor,2024-12-27 00:00:00
910,451,Arjun,Kumar,IN,full-time,2024-10-07 00:00:00
910,451,Priya,Gupta,BR,full-time,2025-01-05 00:00:00
910,451,Rahul,Kumar,BR,contractor,2025-04-05 00:00:00
911,451,Vikram,Gupta,UK,contractor,2024-11-15 00:00:00
911,451,Rahul,Gupta,BR,contractor,2025-02-13 00:00:00
911,451,Ananya,Patel,US,full-time,2025-05-14 00:00:00
912,452,Sophia,Carter,AU,full-time,2024-10-17 00:00:00
912,452,Ava,Johnson,AU,full-time,2025-01-15 00:00:00
912,452,Sophia,Johnson,IN,contractor,2025-04-15 00:00:00
912,452,Sophia,Martinez,UK,contractor,2025-07-14 00:00:00
913,452,Noah,Brown,US,full-time,2024-06-10 00:00:00
913,452,Michael,Anderson,US,full-time,2024-09-08 00:00:00
913,452,Michael,Carter,US,contractor,2024-12-07 00:00:00
913,452,James,Davis,UK,full-time,2025-03-07 00:00:00
914,453,William,Wilson,AU,contractor,2024-02-03 00:00:00
914,453,Isabella,Wilson,UK,contractor,2024-05-03 00:00:00
914,453,Ethan,White,AU,full-time,2024-08-01 00:00:00
915,453,Isabella,White,AU,contractor,2024-03-18 00:00:00
915,453,Olivia,Brown,AU,contractor,2024-06-16 00:00:00
916,454,Isabela,Oliveira,UK,contractor,2024-05-23 00:00:00
916,454,Gabriel,Oliveira,UK,contractor,2024-08-21 00:00:00
916,454,Sofia,Cruz,BR,full-time,2024-11-19 00:00:00
916,454,Gabriel,Almeida,IN,contractor,2025-02-17 00:00:00
917,454,Isabela,Cruz,US,contractor,2024-10-26 00:00:00
917,454,Julia,Almeida,IN,contractor,2025-01-24 00:00:00
917,454,Gabriel,Silva,US,full-time,2025-04-24 00:00:00
917,454,Isabela,Almeida,IN,contractor,2025-07-23 00:00:00
918,454,Julia,Santos,IN,contractor,2024-03-17 00:00:00
918,454,Julia,Oliveira,IN,contractor,2024-06-15 00:00:00
919,455,Emma,Davis,IN,contractor,2024-11-14 00:00:00
919,455,Sophia,Brown,IN,full-time,2025-02-12 00:00:00
919,455,Emma,Carter,UK,full-time,2025-05-13 00:00:00
919,455,Ava,Davis,IN,contractor,2025-08-11 00:00:00
920,456,Vikram,Sharma,BR,full-time,2024-08-09 00:00:00
920,456,Arjun,Verma,US,full-time,2024-11-07 00:00:00
920,456,Rahul,Singh,AU,full-time,2025-02-05 00:00:00
921,456,Ananya,Patel,BR,contractor,2024-06-03 00:00:00
921,456,Vikram,Kumar,IN,contractor,2024-09-01 00:00:00
921,456,Arjun,Sharma,AU,contractor,2024-11-30 00:00:00
922,457,Olivia,Wilson,IN,full-time,2024-12-28 00:00:00
922,457,Isabella,Wilson,IN,full-time,2025-03-28 00:00:00
922,457,Isabella,Taylor,US,contractor,2025-06-26 00:00:00
923,457,Thomas,King,US,full-time,2024-09-17 00:00:00
923,457,Thomas,King,IN,full-time,2024-12-16 00:00:00
924,458,Henry,Walker,US,full-time,2024-10-19 00:00:00
924,458,Olivia,Harris,AU,full-time,2025-01-17 00:00:00
925,459,Emma,Martinez,IN,full-time,2024-10-25 00:00:00
925,459,Noah,Anderson,US,full-time,2025-01-23 00:00:00
925,459,Sophia,Martinez,US,full-time,2025-04-23 00:00:00
925,459,Michael,Martinez,US,full-time,2025-07-22 00:00:00
926,460,Ananya,Singh,US,contractor,2024-12-17 00:00:00
926,460,Arjun,Kumar,AU,full-time,2025-03-17 00:00:00
927,460,Aarav,Patel,AU,full-time,2024-08-31 00:00:00
927,460,Priya,Sharma,AU,full-time,2024-11-29 00:00:00
928,461,Thomas,White,UK,full-time,2024-04-04 00:00:00
928,461,Ethan,King,AU,full-time,2024-07-03 00:00:00
928,461,Chloe,White,US,full-time,2024-10-01 00:00:00
928,461,Olivia,Wilson,UK,full-time,2024-12-30 00:00:00
929,461,William,Wilson,AU,contractor,2024-07-21 00:00:00
929,461,William,Taylor,IN,full-time,2024-10-19 00:00:00
929,461,Isabella,Wilson,IN,full-time,2025-01-17 00:00:00
929,461,William,White,IN,contractor,2025-04-17 00:00:00
930,462,Thomas,Harris,IN,full-time,2024-02-03 00:00:00
930,462,William,Harris,US,contractor,2024-05-03 00:00:00
931,463,Ethan,Brown,IN,full-time,2024-12-11 00:00:00
931,463,William,Wilson,IN,contractor,2025-03-11 00:00:00
932,464,Priya,Sharma,BR,contractor,2024-09-02 00:00:00
932,464,Rahul,Kumar,UK,full-time,2024-12-01 00:00:00
932,464,Rahul,Gupta,US,contractor,2025-03-01 00:00:00
933,464,Priya,Sharma,BR,contractor,2024-07-28 00:00:00
933,464,Priya,Patel,UK,full-time,2024-10-26 00:00:00
933,464,Aarav,Patel,BR,full-time,2025-01-24 00:00:00
934,465,Aarav,Gupta,BR,contractor,2024-06-11 00:00:00
934,465,Vikram,Patel,UK,full-time,2024-09-09 00:00:00
934,465,Rahul,Gupta,UK,full-time,2024-12-08 00:00:00
935,466,Ananya,Sharma,IN,full-time,2024-07-19 00:00:00
935,466,Vikram,Patel,BR,full-time,2024-10-17 00:00:00
935,466,Arjun,Verma,IN,full-time,2025-01-15 00:00:00
936,467,Olivia,Lewis,BR,contractor,2024-09-06 00:00:00
936,467,Charlotte,Lewis,US,contractor,2024-12-05 00:00:00
936,467,Henry,Walker,IN,contractor,2025-03-05 00:00:00
936,467,George,Harris,UK,full-time,2025-06-03 00:00:00
937,468,Emma,Johnson,US,contractor,2024-09-10 00:00:00
937,468,Ava,Davis,IN,contractor,2024-12-09 00:00:00
938,468,Emma,Brown,US,full-time,2024-12-16 00:00:00
938,468,Noah,Carter,IN,contractor,2025-03-16 00:00:00
938,468,Ava,Davis,IN,contractor,2025-06-14 00:00:00
938,468,Michael,Anderson,BR,contractor,2025-09-12 00:00:00
939,468,Sophia,Carter,UK,contractor,2024-08-01 00:00:00
939,468,Ava,Johnson,IN,contractor,2024-10-30 00:00:00
940,469,Sophia,Davis,IN,full-time,2024-06-18 00:00:00
940,469,Ava,Brown,AU,full-time,2024-09-16 00:00:00
940,469,Sophia,Johnson,AU,contractor,2024-12-15 00:00:00
940,469,Michael,Carter,AU,full-time,2025-03-15 00:00:00
941,469,Noah,Carter,US,contractor,2024-07-15 00:00:00
941,469,Emma,Brown,IN,full-time,2024-10-13 00:00:00
942,469,Sophia,Carter,UK,contractor,2024-08-18 00:00:00
942,469,Michael,Johnson,UK,full-time,2024-11-16 00:00:00
942,469,Ava,Anderson,IN,contractor,2025-02-14 00:00:00
943,470,Isabela,Silva,IN,contractor,2024-09-04 00:00:00
943,470,Lucas,Almeida,AU,full-time,2024-12-03 00:00:00
943,470,Julia,Santos,AU,full-time,2025-03-03 00:00:00
943,470,Lucas,Ferreira,US,full-time,2025-06-01 00:00:00
944,470,Lucas,Santos,BR,contractor,2024-09-25 00:00:00
944,470,Julia,Oliveira,IN,contractor,2024-12-24 00:00:00
944,470,Isabela,Santos,IN,full-time,2025-03-24 00:00:00
944,470,Gabriel,Ferreira,BR,full-time,2025-06-22 00:00:00
945,470,Isabela,Cruz,BR,full-time,2024-07-07 00:00:00
945,470,Mateus,Cruz,IN,full-time,2024-10-05 00:00:00
945,470,Lucas,Cruz,IN,full-time,2025-01-03 00:00:00
946,471,Arjun,Gupta,AU,full-time,2024-11-06 00:00:00
946,471,Arjun,Singh,US,full-time,2025-02-04 00:00:00
946,471,Arjun,Verma,BR,contractor,2025-05-05 00:00:00
947,471,Aarav,Patel,AU,full-time,2024-03-13 00:00:00
947,471,Aarav,Patel,IN,contractor,2024-06-11 00:00:00
947,471,Ananya,Sharma,AU,full-time,2024-09-09 00:00:00
948,471,Arjun,Verma,AU,full-time,2024-11-25 00:00:00
948,471,Rahul,Singh,UK,contractor,2025-02-23 00:00:00
948,471,Vikram,Singh,UK,full-time,2025-05-24 00:00:00
949,472,Aarav,Gupta,US,contractor,2024-09-24 00:00:00
949,472,Arjun,Sharma,US,contractor,2024-12-23 00:00:00
950,473,Isabella,Brown,US,contractor,2024-02-05 00:00:00
950,473,Chloe,Harris,UK,full-time,2024-05-05 00:00:00
950,473,Olivia,Harris,UK,full-time,2024-08-03 00:00:00
951,473,Olivia,White,AU,full-time,2024-05-13 00:00:00
951,473,Thomas,Taylor,UK,contractor,2024-08-11 00:00:00
952,474,Charlotte,Taylor,UK,contractor,2024-01-22 00:00:00
952,474,Oliver,Lewis,BR,full-time,2024-04-21 00:00:00
953,475,Michael,Martinez,BR,full-time,2024-05-28 00:00:00
953,475,Michael,Davis,AU,full-time,2024-08-26 00:00:00
953,475,Sophia,Davis,AU,contractor,2024-11-24 00:00:00
954,475,Ava,Anderson,AU,contractor,2024-01-04 00:00:00
954,475,Noah,Davis,BR,full-time,2024-04-03 00:00:00
954,475,Sophia,Brown,US,contractor,2024-07-02 00:00:00
955,475,James,Brown,BR,full-time,2024-05-16 00:00:00
955,475,Sophia,Brown,IN,contractor,2024-08-14 00:00:00
955,475,Sophia,Carter,IN,contractor,2024-11-12 00:00:00
955,475,Michael,Martinez,IN,contractor,2025-02-10 00:00:00
956,476,Julia,Ferreira,AU,contractor,2024-08-16 00:00:00
956,476,Isabela,Santos,US,full-time,2024-11-14 00:00:00
956,476,Sofia,Oliveira,UK,full-time,2025-02-12 00:00:00
956,476,Mateus,Ferreira,IN,full-time,2025-05-13 00:00:00
957,477,Isabella,White,UK,contractor,2024-06-04 00:00:00
957,477,Olivia,Brown,US,contractor,2024-09-02 00:00:00
957,477,Thomas,King,UK,contractor,2024-12-01 00:00:00
958,477,Chloe,Harris,IN,contractor,2024-04-15 00:00:00
958,477,Isabella,Brown,UK,contractor,2024-07-14 00:00:00
958,477,Isabella,Brown,AU,contractor,2024-10-12 00:00:00
959,477,Thomas,Brown,US,full-time,2024-12-07 00:00:00
959,477,Thomas,Brown,US,full-time,2025-03-07 00:00:00
960,478,Priya,Patel,AU,full-time,2024-01-01 00:00:00
960,478,Vikram,Singh,IN,full-time,2024-03-31 00:00:00
960,478,Aarav,Gupta,BR,contractor,2024-06-29 00:00:00
961,478,Priya,Kumar,US,contractor,2024-02-08 00:00:00
961,478,Vikram,Singh,IN,full-time,2024-05-08 00:00:00
961,478,Arjun,Patel,UK,full-time,2024-08-06 00:00:00
962,479,Emma,Davis,US,full-time,2024-12-15 00:00:00
962,479,Michael,Martinez,UK,contractor,2025-03-15 00:00:00
963,479,Noah,Carter,IN,full-time,2024-10-23 00:00:00
963,479,Ava,Brown,BR,full-time,2025-01-21 00:00:00
963,479,Ava,Martinez,UK,full-time,2025-04-21 00:00:00
963,479,Michael,Johnson,BR,full-time,2025-07-20 00:00:00
964,479,Emma,Johnson,BR,full-time,2024-01-20 00:00:00
964,479,Michael,Brown,US,full-time,2024-04-19 00:00:00
964,479,James,Martinez,IN,contractor,2024-07-18 00:00:00
965,480,Ava,Carter,UK,full-time,2024-05-16 00:00:00
965,480,Ava,Johnson,US,full-time,2024-08-14 00:00:00
966,481,Julia,Cruz,UK,full-time,2024-08-10 00:00:00
966,481,Lucas,Silva,US,contractor,2024-11-08 00:00:00
966,481,Sofia,Cruz,AU,full-time,2025-02-06 00:00:00
966,481,Lucas,Ferreira,IN,full-time,2025-05-07 00:00:00
967,481,Julia,Silva,BR,full-time,2024-06-13 00:00:00
967,481,Mateus,Cruz,IN,contractor,2024-09-11 00:00:00
967,481,Lucas,Silva,UK,contractor,2024-12-10 00:00:00
967,481,Julia,Almeida,BR,contractor,2025-03-10 00:00:00
968,481,Mateus,Silva,UK,contractor,2024-08-09 00:00:00
968,481,Lucas,Ferreira,BR,contractor,2024-11-07 00:00:00
969,482,Michael,Carter,AU,full-time,2024-12-14 00:00:00
969,482,Noah,Carter,AU,full-time,2025-03-14 00:00:00
970,482,Sophia,Martinez,BR,full-time,2024-10-20 00:00:00
970,482,Emma,Anderson,AU,full-time,2025-01-18 00:00:00
971,482,Noah,Anderson,IN,full-time,2024-09-23 00:00:00
971,482,Ava,Davis,IN,contractor,2024-12-22 00:00:00
972,483,Ethan,Brown,BR,contractor,2024-06-15 00:00:00
972,483,Olivia,Brown,IN,contractor,2024-09-13 00:00:00
972,483,Chloe,White,UK,contractor,2024-12-12 00:00:00
972,483,Olivia,Taylor,UK,full-time,2025-03-12 00:00:00
973,484,Charlotte,Walker,IN,full-time,2024-02-25 00:00:00
973,484,Amelia,Harris,UK,full-time,2024-05-25 00:00:00
973,484,Charlotte,Walker,US,full-time,2024-08-23 00:00:00
974,484,Charlotte,Taylor,US,full-time,2024-05-31 00:00:00
974,484,Oliver,Lewis,US,contractor,2024-08-29 00:00:00
975,484,Amelia,Walker,AU,contractor,2024-07-02 00:00:00
975,484,Oliver,Lewis,IN,full-time,2024-09-30 00:00:00
975,484,Oliver,Lewis,AU,contractor,2024-12-29 00:00:00
975,484,Olivia,Clark,AU,full-time,2025-03-29 00:00:00
976,485,Amelia,Harris,IN,full-time,2024-09-08 00:00:00
976,485,Oliver,Evans,BR,contractor,2024-12-07 00:00:00
977,485,Amelia,Evans,AU,contractor,2024-10-02 00:00:00
977,485,Olivia,Lewis,US,contractor,2024-12-31 00:00:00
978,485,Henry,Lewis,IN,full-time,2024-01-20 00:00:00
978,485,Henry,Taylor,US,contractor,2024-04-19 00:00:00
978,485,Amelia,Evans,IN,full-time,2024-07-18 00:00:00
979,486,Arjun,Sharma,AU,contractor,2024-08-28 00:00:00
979,486,Ananya,Verma,BR,full-time,2024-11-26 00:00:00
980,486,Ananya,Verma,US,contractor,2024-01-06 00:00:00
980,486,Vikram,Verma,UK,contractor,2024-04-05 00:00:00
980,486,Arjun,Kumar,AU,contractor,2024-07-04 00:00:00
980,486,Rahul,Kumar,US,contractor,2024-10-02 00:00:00
981,486,Aarav,Verma,BR,full-time,2024-10-26 00:00:00
981,486,Priya,Sharma,UK,full-time,2025-01-24 00:00:00
982,487,Sofia,Oliveira,UK,full-time,2024-11-03 00:00:00
982,487,Isabela,Cruz,BR,full-time,2025-02-01 00:00:00
982,487,Gabriel,Cruz,UK,contractor,2025-05-02 00:00:00
983,487,Isabela,Santos,IN,contractor,2024-01-23 00:00:00
983,487,Isabela,Ferreira,BR,full-time,2024-04-22 00:00:00
983,487,Gabriel,Santos,UK,full-time,2024-07-21 00:00:00
984,488,Henry,Lewis,BR,contractor,2024-11-05 00:00:00
984,488,Olivia,Lewis,US,contractor,2025-02-03 00:00:00
984,488,Olivia,Clark,US,contractor,2025-05-04 00:00:00
984,488,Amelia,Walker,IN,contractor,2025-08-02 00:00:00
985,488,Amelia,Walker,US,full-time,2024-10-12 00:00:00
985,488,Oliver,Evans,IN,contractor,2025-01-10 00:00:00
985,488,Amelia,Clark,UK,full-time,2025-04-10 00:00:00
985,488,Henry,Walker,UK,full-time,2025-07-09 00:00:00
986,488,Olivia,Taylor,BR,contractor,2024-10-19 00:00:00
986,488,George,Harris,BR,full-time,2025-01-17 00:00:00
987,489,Amelia,Walker,AU,full-time,2024-04-04 00:00:00
987,489,Charlotte,Taylor,UK,contractor,2024-07-03 00:00:00
987,489,Charlotte,Evans,BR,full-time,2024-10-01 00:00:00
987,489,Oliver,Walker,AU,full-time,2024-12-30 00:00:00
988,489,Olivia,Harris,AU,full-time,2024-02-27 00:00:00
988,489,Oliver,Taylor,IN,full-time,2024-05-27 00:00:00
988,489,Amelia,Taylor,UK,contractor,2024-08-25 00:00:00
988,489,Amelia,Lewis,UK,full-time,2024-11-23 00:00:00
989,489,George,Evans,AU,full-time,2024-03-29 00:00:00
989,489,Charlotte,Evans,UK,full-time,2024-06-27 00:00:00
989,489,Henry,Lewis,AU,full-time,2024-09-25 00:00:00
990,490,Aarav,Patel,IN,full-time,2024-03-25 00:00:00
