payment_id,employee_id,client_id,country_id,tax_rule_id,gross_pay,tax_amount,net_pay,currency,payment_date,status,compliance_status,started_at,completed_at
PAY000000,EMP000336,CLI003383,FR,REG001217,124086,13649,110437,EUR,2024-02-29,pending,Non-Compliant,2024-02-29 00:00:00,
PAY000001,EMP004879,CLI004926,DE,REG001774,805469,128875,676594,EUR,2024-12-04,pending,Non-Compliant,2024-12-04 00:00:00,
PAY000002,EMP005716,CLI004164,JP,REG001259,874848,157473,717375,JPY,2023-08-26,pending,Non-Compliant,2023-08-26 00:00:00,
PAY000003,EMP004184,CLI001249,BR,REG000399,557011,0,557011,BRL,2023-12-27,completed,Compliant,2023-12-27 00:00:00,2023-12-27 01:27:08
PAY000004,EMP003658,CLI003702,UK,REG002207,370023,99906,270117,GBP,2025-02-02,pending,Non-Compliant,2025-02-02 00:00:00,
PAY000005,EMP005141,CLI004705,US,REG002665,344358,0,344358,USD,2025-03-27,pending,Non-Compliant,2025-03-27 00:00:00,
PAY000006,EMP001473,CLI000962,JP,REG002109,891446,276348,615098,JPY,2024-11-27,pending,Non-Compliant,2024-11-27 00:00:00,
PAY000007,EMP001033,CLI002363,UK,REG001153,502640,0,502640,GBP,2024-10-07,failed,Non-Compliant,2024-10-07 00:00:00,
PAY000008,EMP006034,CLI000315,ZA,REG002737,534275,64113,470162,ZAR,2025-03-25,completed,Compliant,2025-03-25 00:00:00,2025-03-25 00:59:34
PAY000009,EMP000139,CLI002983,CA,REG002347,739625,125736,613889,CAD,2024-01-20,completed,Compliant,2024-01-20 00:00:00,2024-01-20 01:45:39
PAY000010,EMP004913,CLI004662,IN,REG001474,848915,0,848915,INR,2023-08-16,failed,Non-Compliant,2023-08-16 00:00:00,
PAY000011,EMP005636,CLI000864,US,REG002244,906749,0,906749,USD,2024-11-27,pending,Non-Compliant,2024-11-27 00:00:00,
PAY000012,EMP003574,CLI003455,BR,REG002266,277730,52769,224961,BRL,2024-03-13,completed,Compliant,2024-03-13 00:00:00,2024-03-13 01:10:15
PAY000013,EMP005398,CLI001810,IN,REG002536,238634,0,238634,INR,2024-01-26,completed,Compliant,2024-01-26 00:00:00,2024-01-26 00:47:29
PAY000014,EMP002814,CLI002158,BR,REG000149,798871,0,798871,BRL,2023-09-12,completed,Compliant,2023-09-12 00:00:00,2023-09-12 00:55:08
PAY000015,EMP005112,CLI001268,IN,REG000077,371013,70492,300521,INR,2025-03-08,pending,Non-Compliant,2025-03-08 00:00:00,
PAY000016,EMP006355,CLI003954,AU,REG000773,232773,0,232773,AUD,2024-09-16,pending,Non-Compliant,2024-09-16 00:00:00,
PAY000017,EMP003254,CLI003013,AU,REG001734,824742,0,824742,AUD,2024-02-05,completed,Compliant,2024-02-05 00:00:00,2024-02-05 01:53:23
PAY000018,EMP000927,CLI000404,JP,REG001234,192897,73301,119596,JPY,2025-01-28,pending,Non-Compliant,2025-01-28 00:00:00,
PAY000019,EMP000457,CLI002755,FR,REG001724,964344,163938,800406,EUR,2024-09-25,pending,Non-Compliant,2024-09-25 00:00:00,
PAY000020,EMP004552,CLI002754,IN,REG001210,417873,129541,288332,INR,2025-01-24,pending,Non-Compliant,2025-01-24 00:00:00,
PAY000021,EMP006805,CLI001007,ZA,REG001723,821278,0,821278,ZAR,2024-08-12,pending,Non-Compliant,2024-08-12 00:00:00,
PAY000022,EMP003473,CLI003055,AU,REG002985,293221,61576,231645,AUD,2024-02-29,failed,Non-Compliant,2024-02-29 00:00:00,
PAY000023,EMP006507,CLI003396,BR,REG002703,973486,0,973486,BRL,2023-10-18,failed,Non-Compliant,2023-10-18 00:00:00,
PAY000024,EMP003397,CLI002917,BR,REG002832,604442,90666,513776,BRL,2024-12-03,completed,Compliant,2024-12-03 00:00:00,2024-12-03 01:35:11
PAY000025,EMP006214,CLI004755,JP,REG000053,989661,0,989661,JPY,2023-11-26,pending,Non-Compliant,2023-11-26 00:00:00,
PAY000026,EMP000750,CLI000416,ZA,REG000185,475638,156961,318677,ZAR,2023-10-22,failed,Non-Compliant,2023-10-22 00:00:00,
PAY000027,EMP002406,CLI002700,DE,REG001005,526284,0,526284,EUR,2024-11-24,completed,Compliant,2024-11-24 00:00:00,2024-11-24 00:48:15
PAY000028,EMP005574,CLI001299,CA,REG002271,388954,50564,338390,CAD,2023-07-20,failed,Non-Compliant,2023-07-20 00:00:00,
PAY000029,EMP000765,CLI004776,DE,REG002994,621177,0,621177,EUR,2023-12-25,failed,Non-Compliant,2023-12-25 00:00:00,
PAY000030,EMP001896,CLI000378,US,REG001316,600389,204132,396257,USD,2025-01-24,pending,Non-Compliant,2025-01-24 00:00:00,
PAY000031,EMP006376,CLI000561,ZA,REG002895,968974,155036,813938,ZAR,2023-07-08,failed,Non-Compliant,2023-07-08 00:00:00,
PAY000032,EMP005474,CLI004240,IN,REG002246,571161,0,571161,INR,2023-08-12,completed,Compliant,2023-08-12 00:00:00,2023-08-12 01:54:57
PAY000033,EMP004146,CLI000200,IN,REG002889,681607,231746,449861,INR,2024-01-23,pending,Non-Compliant,2024-01-23 00:00:00,
PAY000034,EMP000720,CLI004520,ZA,REG000191,434625,0,434625,ZAR,2024-06-13,pending,Non-Compliant,2024-06-13 00:00:00,
PAY000035,EMP001613,CLI001418,AU,REG000388,197224,0,197224,AUD,2024-05-14,completed,Compliant,2024-05-14 00:00:00,2024-05-14 01:41:54
PAY000036,EMP000358,CLI000270,CA,REG000751,356532,0,356532,CAD,2025-04-14,pending,Non-Compliant,2025-04-14 00:00:00,
PAY000037,EMP005006,CLI001944,US,REG001048,710079,0,710079,USD,2025-03-22,failed,Non-Compliant,2025-03-22 00:00:00,
PAY000038,EMP005796,CLI004094,JP,REG001300,490086,0,490086,JPY,2023-08-08,failed,Non-Compliant,2023-08-08 00:00:00,
PAY000039,EMP004812,CLI001934,JP,REG000252,918682,0,918682,JPY,2024-03-24,completed,Compliant,2024-03-24 00:00:00,2024-03-24 01:21:54
PAY000040,EMP004451,CLI001389,DE,REG002712,502792,0,502792,EUR,2024-09-07,failed,Non-Compliant,2024-09-07 00:00:00,
PAY000041,EMP005364,CLI001730,CA,REG000308,579066,0,579066,CAD,2024-03-23,failed,Non-Compliant,2024-03-23 00:00:00,
PAY000042,EMP004327,CLI003684,DE,REG001486,957332,0,957332,EUR,2023-08-15,pending,Non-Compliant,2023-08-15 00:00:00,
PAY000043,EMP004257,CLI003541,DE,REG000478,795632,278471,517161,EUR,2023-08-06,pending,Non-Compliant,2023-08-06 00:00:00,
PAY000044,EMP003311,CLI001106,ZA,REG001199,893773,0,893773,ZAR,2023-07-25,failed,Non-Compliant,2023-07-25 00:00:00,
PAY000045,EMP006055,CLI004198,FR,REG000040,309327,0,309327,EUR,2024-12-31,failed,Non-Compliant,2024-12-31 00:00:00,
PAY000046,EMP005729,CLI003315,AU,REG000469,364552,65619,298933,AUD,2024-09-16,completed,Compliant,2024-09-16 00:00:00,2024-09-16 01:30:41
PAY000047,EMP003563,CLI003383,UK,REG001480,350285,98080,252205,GBP,2024-12-25,pending,Non-Compliant,2024-12-25 00:00:00,
PAY000048,EMP002514,CLI001590,UK,REG001441,331891,0,331891,GBP,2024-10-20,completed,Compliant,2024-10-20 00:00:00,2024-10-20 01:19:54
PAY000049,EMP006279,CLI003556,AU,REG000821,639344,0,639344,AUD,2024-04-05,pending,Non-Compliant,2024-04-05 00:00:00,
PAY000050,EMP003329,CLI002680,JP,REG001381,634495,126899,507596,JPY,2023-10-21,pending,Non-Compliant,2023-10-21 00:00:00,
PAY000051,EMP004245,CLI003886,JP,REG000476,723751,0,723751,JPY,2024-02-21,failed,Non-Compliant,2024-02-21 00:00:00,
PAY000052,EMP003634,CLI001382,AU,REG001481,648446,0,648446,AUD,2025-01-14,pending,Non-Compliant,2025-01-14 00:00:00,
PAY000053,EMP002548,CLI000723,CA,REG001902,501278,0,501278,CAD,2024-02-14,failed,Non-Compliant,2024-02-14 00:00:00,
PAY000054,EMP002506,CLI001779,US,REG001505,833903,0,833903,USD,2024-11-21,pending,Non-Compliant,2024-11-21 00:00:00,
PAY000055,EMP006497,CLI002042,US,REG002972,732824,278473,454351,USD,2024-03-14,failed,Non-Compliant,2024-03-14 00:00:00,
PAY000056,EMP000752,CLI003304,DE,REG001626,827278,0,827278,EUR,2025-02-23,pending,Non-Compliant,2025-02-23 00:00:00,
PAY000057,EMP002547,CLI001250,IN,REG000778,653545,0,653545,INR,2024-12-15,completed,Compliant,2024-12-15 00:00:00,2024-12-15 00:07:10
PAY000058,EMP005133,CLI004550,US,REG002071,783104,242762,540342,USD,2023-08-07,failed,Non-Compliant,2023-08-07 00:00:00,
PAY000059,EMP004631,CLI004826,US,REG002049,789105,0,789105,USD,2024-09-25,pending,Non-Compliant,2024-09-25 00:00:00,
PAY000060,EMP003183,CLI004254,IN,REG002122,700905,0,700905,INR,2024-05-07,pending,Non-Compliant,2024-05-07 00:00:00,
PAY000061,EMP000523,CLI001491,BR,REG000656,987718,118526,869192,BRL,2024-02-12,failed,Non-Compliant,2024-02-12 00:00:00,
PAY000062,EMP006879,CLI001195,JP,REG000789,803352,0,803352,JPY,2024-02-09,failed,Non-Compliant,2024-02-09 00:00:00,
PAY000063,EMP001990,CLI004019,DE,REG000700,445338,0,445338,EUR,2024-09-04,pending,Non-Compliant,2024-09-04 00:00:00,
PAY000064,EMP001125,CLI003981,DE,REG000936,303901,39507,264394,EUR,2025-05-02,completed,Compliant,2025-05-02 00:00:00,2025-05-02 00:29:41
PAY000065,EMP005791,CLI000526,JP,REG001586,983124,0,983124,JPY,2024-10-06,completed,Compliant,2024-10-06 00:00:00,2024-10-06 01:23:01
PAY000066,EMP001669,CLI002464,UK,REG002655,542746,0,542746,GBP,2024-03-21,pending,Non-Compliant,2024-03-21 00:00:00,
PAY000067,EMP005790,CLI002003,AU,REG002744,546195,71005,475190,AUD,2023-11-02,pending,Non-Compliant,2023-11-02 00:00:00,
PAY000068,EMP000421,CLI003154,FR,REG001376,395072,138275,256797,EUR,2024-02-25,pending,Non-Compliant,2024-02-25 00:00:00,
PAY000069,EMP005623,CLI003271,CA,REG001591,798002,0,798002,CAD,2025-05-01,failed,Non-Compliant,2025-05-01 00:00:00,
PAY000070,EMP005338,CLI004600,BR,REG001933,552174,0,552174,BRL,2023-10-06,pending,Non-Compliant,2023-10-06 00:00:00,
PAY000071,EMP005545,CLI001079,DE,REG000015,898023,0,898023,EUR,2025-02-10,completed,Compliant,2025-02-10 00:00:00,2025-02-10 00:44:28
PAY000072,EMP003240,CLI002092,IN,REG002478,481914,149393,332521,INR,2024-12-08,failed,Non-Compliant,2024-12-08 00:00:00,
PAY000073,EMP004928,CLI001356,FR,REG001376,971304,339956,631348,EUR,2023-07-16,completed,Compliant,2023-07-16 00:00:00,2023-07-16 01:50:21
PAY000074,EMP003824,CLI002091,BR,REG000192,469978,0,469978,BRL,2024-10-06,pending,Non-Compliant,2024-10-06 00:00:00,
PAY000075,EMP003558,CLI001454,UK,REG001798,894529,0,894529,GBP,2024-05-16,completed,Compliant,2024-05-16 00:00:00,2024-05-16 01:37:10
PAY000076,EMP000346,CLI004178,CA,REG000307,235833,66033,169800,CAD,2023-06-22,pending,Non-Compliant,2023-06-22 00:00:00,
PAY000077,EMP003533,CLI000817,FR,REG002268,510322,0,510322,EUR,2024-05-11,pending,Non-Compliant,2024-05-11 00:00:00,
PAY000078,EMP003020,CLI004705,ZA,REG000671,324604,55183,269421,ZAR,2024-12-05,completed,Compliant,2024-12-05 00:00:00,2024-12-05 00:15:27
PAY000079,EMP000759,CLI000177,CA,REG002711,412841,0,412841,CAD,2025-03-09,failed,Non-Compliant,2025-03-09 00:00:00,
PAY000080,EMP006590,CLI000829,AU,REG001662,436660,0,436660,AUD,2023-08-12,pending,Non-Compliant,2023-08-12 00:00:00,
PAY000081,EMP001928,CLI004483,AU,REG001107,891212,0,891212,AUD,2024-07-09,pending,Non-Compliant,2024-07-09 00:00:00,
PAY000082,EMP002617,CLI002155,DE,REG000240,178832,0,178832,EUR,2024-01-18,failed,Non-Compliant,2024-01-18 00:00:00,
PAY000083,EMP001536,CLI003897,AU,REG000926,738615,0,738615,AUD,2024-07-02,completed,Compliant,2024-07-02 00:00:00,2024-07-02 01:03:05
PAY000084,EMP003467,CLI001525,US,REG002230,995593,0,995593,USD,2024-09-11,failed,Non-Compliant,2024-09-11 00:00:00,
PAY000085,EMP006997,CLI000390,JP,REG002828,631939,0,631939,JPY,2024-12-16,failed,Non-Compliant,2024-12-16 00:00:00,
PAY000086,EMP006384,CLI000012,CA,REG001334,286487,83081,203406,CAD,2023-09-27,completed,Compliant,2023-09-27 00:00:00,2023-09-27 01:08:28
PAY000087,EMP003294,CLI000634,ZA,REG000221,820360,237904,582456,ZAR,2024-02-13,failed,Non-Compliant,2024-02-13 00:00:00,
PAY000088,EMP006034,CLI004940,ZA,REG002293,134344,0,134344,ZAR,2025-01-16,completed,Compliant,2025-01-16 00:00:00,2025-01-16 00:23:13
PAY000089,EMP000667,CLI002420,ZA,REG002455,414615,0,414615,ZAR,2024-01-05,pending,Non-Compliant,2024-01-05 00:00:00,
PAY000090,EMP004754,CLI000171,US,REG002226,656321,0,656321,USD,2023-08-31,pending,Non-Compliant,2023-08-31 00:00:00,
PAY000091,EMP002734,CLI001476,BR,REG000702,117051,0,117051,BRL,2023-09-07,pending,Non-Compliant,2023-09-07 00:00:00,
PAY000092,EMP002878,CLI000926,ZA,REG002895,486293,77807,408486,ZAR,2024-10-26,failed,Non-Compliant,2024-10-26 00:00:00,
PAY000093,EMP006568,CLI001587,FR,REG001479,384877,0,384877,EUR,2024-09-27,completed,Compliant,2024-09-27 00:00:00,2024-09-27 01:57:44
PAY000094,EMP000366,CLI003000,CA,REG001504,664760,0,664760,CAD,2024-04-23,completed,Compliant,2024-04-23 00:00:00,2024-04-23 01:00:37
PAY000095,EMP001011,CLI001254,FR,REG001127,485296,140736,344560,EUR,2024-05-12,completed,Compliant,2024-05-12 00:00:00,2024-05-12 00:07:14
PAY000096,EMP001146,CLI003733,FR,REG000580,594784,148696,446088,EUR,2023-12-08,pending,Non-Compliant,2023-12-08 00:00:00,
PAY000097,EMP002355,CLI003661,DE,REG001671,840795,0,840795,EUR,2024-11-10,completed,Compliant,2024-11-10 00:00:00,2024-11-10 00:18:34
PAY000098,EMP001959,CLI001034,FR,REG000785,355077,35508,319569,EUR,2023-12-01,completed,Compliant,2023-12-01 00:00:00,2023-12-01 00:15:25
PAY000099,EMP003632,CLI003481,AU,REG001318,819865,0,819865,AUD,2024-05-27,completed,Compliant,2024-05-27 00:00:00,2024-05-27 00:26:28
PAY000100,EMP003368,CLI001437,IN,REG001877,870304,0,870304,INR,2024-12-09,pending,Non-Compliant,2024-12-09 00:00:00,
PAY000101,EMP001815,CLI003390,FR,REG001050,177803,0,177803,EUR,2023-06-20,pending,Non-Compliant,2023-06-20 00:00:00,
PAY000102,EMP002914,CLI001192,US,REG001906,119954,0,119954,USD,2024-04-06,failed,Non-Compliant,2024-04-06 00:00:00,
PAY000103,EMP002052,CLI001227,BR,REG002483,398581,63773,334808,BRL,2025-01-20,pending,Non-Compliant,2025-01-20 00:00:00,
PAY000104,EMP003448,CLI003319,DE,REG002177,904823,180965,723858,EUR,2024-11-07,completed,Compliant,2024-11-07 00:00:00,2024-11-07 01:22:54
PAY000105,EMP005153,CLI003724,BR,REG002616,151699,0,151699,BRL,2024-05-23,failed,Non-Compliant,2024-05-23 00:00:00,
PAY000106,EMP005931,CLI002918,ZA,REG001460,106945,0,106945,ZAR,2023-09-14,completed,Compliant,2023-09-14 00:00:00,2023-09-14 01:47:23
PAY000107,EMP006130,CLI003491,JP,REG002488,538685,0,538685,JPY,2023-12-27,failed,Non-Compliant,2023-12-27 00:00:00,
PAY000108,EMP004743,CLI000622,BR,REG000019,516124,118709,397415,BRL,2025-01-14,pending,Non-Compliant,2025-01-14 00:00:00,
PAY000109,EMP006329,CLI003138,BR,REG000389,174906,62966,111940,BRL,2023-06-14,completed,Compliant,2023-06-14 00:00:00,2023-06-14 01:05:34
PAY000110,EMP003716,CLI002989,FR,REG002886,829174,232169,597005,EUR,2024-03-13,completed,Compliant,2024-03-13 00:00:00,2024-03-13 01:56:48
PAY000111,EMP006548,CLI001895,UK,REG001018,823117,0,823117,GBP,2024-06-01,failed,Non-Compliant,2024-06-01 00:00:00,
PAY000112,EMP000136,CLI002309,ZA,REG002965,345379,48353,297026,ZAR,2024-08-12,pending,Non-Compliant,2024-08-12 00:00:00,
PAY000113,EMP006013,CLI003875,UK,REG001628,883786,0,883786,GBP,2024-02-02,completed,Compliant,2024-02-02 00:00:00,2024-02-02 00:53:43
PAY000114,EMP006698,CLI001542,DE,REG000269,623514,0,623514,EUR,2025-01-04,pending,Non-Compliant,2025-01-04 00:00:00,
PAY000115,EMP001190,CLI000262,DE,REG000513,575212,0,575212,EUR,2024-09-26,failed,Non-Compliant,2024-09-26 00:00:00,
PAY000116,EMP001211,CLI004328,UK,REG001424,456350,0,456350,GBP,2025-04-10,completed,Compliant,2025-04-10 00:00:00,2025-04-10 00:36:13
PAY000117,EMP006423,CLI002710,JP,REG001959,935968,196553,739415,JPY,2025-05-15,failed,Non-Compliant,2025-05-15 00:00:00,
PAY000118,EMP006055,CLI000282,FR,REG000600,122095,0,122095,EUR,2024-05-11,failed,Non-Compliant,2024-05-11 00:00:00,
PAY000119,EMP002495,CLI002645,AU,REG000362,915327,0,915327,AUD,2023-12-10,failed,Non-Compliant,2023-12-10 00:00:00,
PAY000120,EMP005817,CLI002589,US,REG001779,553982,105257,448725,USD,2023-08-22,failed,Non-Compliant,2023-08-22 00:00:00,
PAY000121,EMP000807,CLI002330,CA,REG000256,299222,0,299222,CAD,2023-12-11,failed,Non-Compliant,2023-12-11 00:00:00,
PAY000122,EMP003205,CLI003413,AU,REG001755,323032,0,323032,AUD,2024-05-07,failed,Non-Compliant,2024-05-07 00:00:00,
PAY000123,EMP001663,CLI003017,UK,REG001225,384138,0,384138,GBP,2025-04-10,completed,Compliant,2025-04-10 00:00:00,2025-04-10 01:26:48
PAY000124,EMP005733,CLI000023,AU,REG001481,518916,0,518916,AUD,2024-07-04,completed,Compliant,2024-07-04 00:00:00,2024-07-04 01:45:14
PAY000125,EMP004732,CLI002158,UK,REG002809,207566,0,207566,GBP,2023-09-29,pending,Non-Compliant,2023-09-29 00:00:00,
PAY000126,EMP001911,CLI001201,IN,REG002372,129704,0,129704,INR,2024-06-23,pending,Non-Compliant,2024-06-23 00:00:00,
PAY000127,EMP000785,CLI003611,FR,REG002348,845609,0,845609,EUR,2024-07-31,completed,Compliant,2024-07-31 00:00:00,2024-07-31 01:31:08
PAY000128,EMP000503,CLI001389,BR,REG000581,406908,0,406908,BRL,2023-06-04,completed,Compliant,2023-06-04 00:00:00,2023-06-04 01:25:49
PAY000129,EMP004520,CLI004631,CA,REG001025,928383,0,928383,CAD,2024-06-16,completed,Compliant,2024-06-16 00:00:00,2024-06-16 01:17:32
PAY000130,EMP006101,CLI004416,AU,REG002480,504173,0,504173,AUD,2024-12-23,completed,Compliant,2024-12-23 00:00:00,2024-12-23 01:41:50
PAY000131,EMP003064,CLI003101,BR,REG001986,197597,41495,156102,BRL,2023-08-08,failed,Non-Compliant,2023-08-08 00:00:00,
PAY000132,EMP004957,CLI004950,CA,REG002124,133129,27957,105172,CAD,2024-01-19,pending,Non-Compliant,2024-01-19 00:00:00,
PAY000133,EMP000773,CLI004610,CA,REG002347,313079,53223,259856,CAD,2025-01-24,failed,Non-Compliant,2025-01-24 00:00:00,
PAY000134,EMP001957,CLI000468,BR,REG000149,162270,0,162270,BRL,2023-08-29,failed,Non-Compliant,2023-08-29 00:00:00,
PAY000135,EMP005616,CLI004830,DE,REG001717,426775,166442,260333,EUR,2024-09-14,failed,Non-Compliant,2024-09-14 00:00:00,
PAY000136,EMP000687,CLI001549,UK,REG001913,792170,0,792170,GBP,2025-05-13,failed,Non-Compliant,2025-05-13 00:00:00,
PAY000137,EMP002026,CLI003078,UK,REG000444,629972,188992,440980,GBP,2023-07-06,pending,Non-Compliant,2023-07-06 00:00:00,
PAY000138,EMP002355,CLI002111,DE,REG002369,567219,0,567219,EUR,2024-05-11,completed,Compliant,2024-05-11 00:00:00,2024-05-11 01:27:19
PAY000139,EMP005920,CLI002424,CA,REG001428,447136,0,447136,CAD,2024-04-22,completed,Compliant,2024-04-22 00:00:00,2024-04-22 01:26:17
PAY000140,EMP002907,CLI001659,DE,REG000739,400644,0,400644,EUR,2023-07-03,failed,Non-Compliant,2023-07-03 00:00:00,
PAY000141,EMP006888,CLI004075,JP,REG002095,119309,0,119309,JPY,2024-12-01,pending,Non-Compliant,2024-12-01 00:00:00,
PAY000142,EMP006983,CLI002137,FR,REG001919,106036,0,106036,EUR,2024-10-20,pending,Non-Compliant,2024-10-20 00:00:00,
PAY000143,EMP003210,CLI002624,FR,REG000902,522076,0,522076,EUR,2024-10-21,completed,Compliant,2024-10-21 00:00:00,2024-10-21 01:46:25
PAY000144,EMP003484,CLI001493,BR,REG000742,947613,0,947613,BRL,2025-05-20,failed,Non-Compliant,2025-05-20 00:00:00,
PAY000145,EMP003687,CLI001311,DE,REG000538,695474,173868,521606,EUR,2024-04-15,failed,Non-Compliant,2024-04-15 00:00:00,
PAY000146,EMP003364,CLI003137,UK,REG000123,980374,333327,647047,GBP,2023-09-02,completed,Compliant,2023-09-02 00:00:00,2023-09-02 01:40:38
PAY000147,EMP006452,CLI000163,AU,REG000357,605002,0,605002,AUD,2024-01-11,completed,Compliant,2024-01-11 00:00:00,2024-01-11 01:04:25
PAY000148,EMP006058,CLI001804,ZA,REG000569,990873,0,990873,ZAR,2024-11-15,completed,Compliant,2024-11-15 00:00:00,2024-11-15 01:47:01
PAY000149,EMP003571,CLI004829,US,REG000017,684418,0,684418,USD,2024-11-26,failed,Non-Compliant,2024-11-26 00:00:00,
PAY000150,EMP002280,CLI003828,DE,REG002751,833124,0,833124,EUR,2024-12-04,completed,Compliant,2024-12-04 00:00:00,2024-12-04 00:13:40
PAY000151,EMP000401,CLI003327,JP,REG000275,995197,258751,736446,JPY,2024-02-25,completed,Compliant,2024-02-25 00:00:00,2024-02-25 01:02:57
PAY000152,EMP005462,CLI004291,IN,REG000872,121711,23125,98586,INR,2025-01-01,failed,Non-Compliant,2025-01-01 00:00:00,
PAY000153,EMP003783,CLI000407,CA,REG002249,866023,0,866023,CAD,2023-08-28,pending,Non-Compliant,2023-08-28 00:00:00,
PAY000154,EMP000693,CLI001098,FR,REG001429,629803,0,629803,EUR,2023-10-23,failed,Non-Compliant,2023-10-23 00:00:00,
PAY000155,EMP005715,CLI000823,IN,REG002108,216498,43300,173198,INR,2024-06-02,failed,Non-Compliant,2024-06-02 00:00:00,
PAY000156,EMP000861,CLI004914,UK,REG002943,484122,121030,363092,GBP,2024-05-25,pending,Non-Compliant,2024-05-25 00:00:00,
PAY000157,EMP003286,CLI004021,IN,REG001580,125354,0,125354,INR,2024-08-09,pending,Non-Compliant,2024-08-09 00:00:00,
PAY000158,EMP003683,CLI004871,CA,REG000915,386141,0,386141,CAD,2024-06-09,failed,Non-Compliant,2024-06-09 00:00:00,
PAY000159,EMP002965,CLI000918,IN,REG002122,818341,0,818341,INR,2024-08-04,failed,Non-Compliant,2024-08-04 00:00:00,
PAY000160,EMP004856,CLI000984,IN,REG000868,133227,41300,91927,INR,2024-11-10,completed,Compliant,2024-11-10 00:00:00,2024-11-10 01:44:39
PAY000161,EMP001676,CLI004660,DE,REG001815,316142,0,316142,EUR,2024-11-26,pending,Non-Compliant,2024-11-26 00:00:00,
PAY000162,EMP006050,CLI004995,IN,REG002406,757546,0,757546,INR,2023-05-30,pending,Non-Compliant,2023-05-30 00:00:00,
PAY000163,EMP001431,CLI003476,BR,REG001825,143837,0,143837,BRL,2024-10-28,completed,Compliant,2024-10-28 00:00:00,2024-10-28 00:46:42
PAY000164,EMP003825,CLI003873,DE,REG001311,572447,0,572447,EUR,2024-04-11,failed,Non-Compliant,2024-04-11 00:00:00,
PAY000165,EMP001549,CLI001070,IN,REG001979,208583,0,208583,INR,2023-07-01,failed,Non-Compliant,2023-07-01 00:00:00,
PAY000166,EMP005986,CLI002147,US,REG000609,754245,279071,475174,USD,2024-08-14,pending,Non-Compliant,2024-08-14 00:00:00,
PAY000167,EMP004174,CLI004974,CA,REG002140,549213,0,549213,CAD,2024-11-22,pending,Non-Compliant,2024-11-22 00:00:00,
PAY000168,EMP001955,CLI002728,UK,REG001893,935657,0,935657,GBP,2024-06-18,failed,Non-Compliant,2024-06-18 00:00:00,
PAY000169,EMP005362,CLI001926,AU,REG002952,294544,0,294544,AUD,2024-01-24,pending,Non-Compliant,2024-01-24 00:00:00,
PAY000170,EMP003054,CLI003847,IN,REG002108,620820,124164,496656,INR,2024-11-15,failed,Non-Compliant,2024-11-15 00:00:00,
PAY000171,EMP006158,CLI000657,FR,REG000637,415601,0,415601,EUR,2025-02-23,completed,Compliant,2025-02-23 00:00:00,2025-02-23 01:34:08
PAY000172,EMP005010,CLI003488,JP,REG001222,727325,0,727325,JPY,2024-03-08,completed,Compliant,2024-03-08 00:00:00,2024-03-08 01:47:42
PAY000173,EMP005246,CLI004729,UK,REG000685,443371,0,443371,GBP,2024-05-14,completed,Compliant,2024-05-14 00:00:00,2024-05-14 01:01:58
PAY000174,EMP000729,CLI004712,DE,REG002743,965948,0,965948,EUR,2023-08-23,pending,Non-Compliant,2023-08-23 00:00:00,
PAY000175,EMP001549,CLI000307,IN,REG001037,315078,0,315078,INR,2024-02-24,pending,Non-Compliant,2024-02-24 00:00:00,
PAY000176,EMP001743,CLI001775,IN,REG000409,788190,0,788190,INR,2023-11-11,completed,Compliant,2023-11-11 00:00:00,2023-11-11 01:00:32
PAY000177,EMP000324,CLI001086,FR,REG001635,453983,0,453983,EUR,2024-04-24,failed,Non-Compliant,2024-04-24 00:00:00,
PAY000178,EMP004223,CLI002698,BR,REG002635,308929,0,308929,BRL,2024-06-06,pending,Non-Compliant,2024-06-06 00:00:00,
PAY000179,EMP006906,CLI001112,BR,REG001675,481173,96235,384938,BRL,2025-03-23,completed,Compliant,2025-03-23 00:00:00,2025-03-23 00:25:34
PAY000180,EMP004900,CLI002077,JP,REG001643,960494,0,960494,JPY,2023-07-09,failed,Non-Compliant,2023-07-09 00:00:00,
PAY000181,EMP003932,CLI003303,FR,REG002539,202363,0,202363,EUR,2024-10-12,completed,Compliant,2024-10-12 00:00:00,2024-10-12 01:09:41
PAY000182,EMP004840,CLI003703,DE,REG002798,361345,93950,267395,EUR,2024-12-16,completed,Compliant,2024-12-16 00:00:00,2024-12-16 00:48:00
PAY000183,EMP001890,CLI001810,FR,REG002788,820579,0,820579,EUR,2023-08-02,completed,Compliant,2023-08-02 00:00:00,2023-08-02 00:21:40
PAY000184,EMP000677,CLI003534,DE,REG002106,514081,159365,354716,EUR,2024-04-10,failed,Non-Compliant,2024-04-10 00:00:00,
PAY000185,EMP002749,CLI003599,AU,REG000027,610892,0,610892,AUD,2024-07-07,completed,Compliant,2024-07-07 00:00:00,2024-07-07 00:37:34
PAY000186,EMP003059,CLI003951,FR,REG000321,393091,98273,294818,EUR,2024-06-03,pending,Non-Compliant,2024-06-03 00:00:00,
PAY000187,EMP005674,CLI004608,ZA,REG002310,534264,197678,336586,ZAR,2025-05-20,failed,Non-Compliant,2025-05-20 00:00:00,
PAY000188,EMP000646,CLI001028,BR,REG002496,283456,0,283456,BRL,2024-09-04,pending,Non-Compliant,2024-09-04 00:00:00,
PAY000189,EMP005483,CLI002865,ZA,REG001401,371629,0,371629,ZAR,2023-06-18,completed,Compliant,2023-06-18 00:00:00,2023-06-18 00:42:24
PAY000190,EMP002028,CLI002706,IN,REG002579,168842,0,168842,INR,2024-03-05,failed,Non-Compliant,2024-03-05 00:00:00,
PAY000191,EMP004054,CLI003763,US,REG001947,871344,0,871344,USD,2024-06-20,completed,Compliant,2024-06-20 00:00:00,2024-06-20 00:22:02
PAY000192,EMP001293,CLI000283,UK,REG000296,344507,0,344507,GBP,2024-03-04,failed,Non-Compliant,2024-03-04 00:00:00,
PAY000193,EMP006005,CLI003056,JP,REG001087,632372,0,632372,JPY,2023-11-06,pending,Non-Compliant,2023-11-06 00:00:00,
PAY000194,EMP003692,CLI002101,AU,REG001689,267808,0,267808,AUD,2024-02-25,pending,Non-Compliant,2024-02-25 00:00:00,
PAY000195,EMP001614,CLI004389,AU,REG000984,190378,70440,119938,AUD,2024-10-31,failed,Non-Compliant,2024-10-31 00:00:00,
PAY000196,EMP003093,CLI002658,ZA,REG002163,825928,0,825928,ZAR,2023-10-20,completed,Compliant,2023-10-20 00:00:00,2023-10-20 01:07:14
PAY000197,EMP000135,CLI001866,UK,REG002019,783115,266259,516856,GBP,2023-11-04,failed,Non-Compliant,2023-11-04 00:00:00,
PAY000198,EMP006340,CLI000495,JP,REG001618,821679,287588,534091,JPY,2024-12-01,pending,Non-Compliant,2024-12-01 00:00:00,
PAY000199,EMP006437,CLI004857,JP,REG000343,369858,0,369858,JPY,2023-09-30,completed,Compliant,2023-09-30 00:00:00,2023-09-30 01:43:50
PAY000200,EMP003882,CLI002280,FR,REG001360,273656,0,273656,EUR,2023-06-11,failed,Non-Compliant,2023-06-11 00:00:00,
PAY000201,EMP006893,CLI004297,BR,REG000756,928740,0,928740,BRL,2024-05-18,completed,Compliant,2024-05-18 00:00:00,2024-05-18 00:06:09
PAY000202,EMP006551,CLI003405,BR,REG000389,591128,212806,378322,BRL,2023-07-26,failed,Non-Compliant,2023-07-26 00:00:00,
PAY000203,EMP005007,CLI001274,CA,REG002936,202262,0,202262,CAD,2025-02-08,failed,Non-Compliant,2025-02-08 00:00:00,
PAY000204,EMP006247,CLI002629,AU,REG001172,503468,0,503468,AUD,2024-01-30,pending,Non-Compliant,2024-01-30 00:00:00,
PAY000205,EMP001721,CLI000635,JP,REG002957,816917,0,816917,JPY,2025-05-10,pending,Non-Compliant,2025-05-10 00:00:00,
PAY000206,EMP000825,CLI000307,JP,REG000456,744976,297990,446986,JPY,2024-11-09,pending,Non-Compliant,2024-11-09 00:00:00,
PAY000207,EMP001545,CLI000435,AU,REG001455,432488,43249,389239,AUD,2025-04-19,pending,Non-Compliant,2025-04-19 00:00:00,
PAY000208,EMP005267,CLI001321,BR,REG000502,357663,96569,261094,BRL,2024-05-30,pending,Non-Compliant,2024-05-30 00:00:00,
PAY000209,EMP003148,CLI002738,CA,REG000825,848953,0,848953,CAD,2023-12-02,pending,Non-Compliant,2023-12-02 00:00:00,
PAY000210,EMP002648,CLI000026,ZA,REG001354,990228,0,990228,ZAR,2024-08-28,pending,Non-Compliant,2024-08-28 00:00:00,
PAY000211,EMP001457,CLI003189,JP,REG000645,407514,0,407514,JPY,2025-03-29,completed,Compliant,2025-03-29 00:00:00,2025-03-29 00:34:35
PAY000212,EMP005103,CLI000032,AU,REG000833,697250,174312,522938,AUD,2023-06-15,completed,Compliant,2023-06-15 00:00:00,2023-06-15 01:10:56
PAY000213,EMP004015,CLI002417,ZA,REG000398,321508,0,321508,ZAR,2024-11-28,pending,Non-Compliant,2024-11-28 00:00:00,
PAY000214,EMP001876,CLI000508,CA,REG001314,444722,0,444722,CAD,2023-08-10,pending,Non-Compliant,2023-08-10 00:00:00,
PAY000215,EMP006565,CLI000406,FR,REG001726,525056,0,525056,EUR,2024-09-09,pending,Non-Compliant,2024-09-09 00:00:00,
PAY000216,EMP005904,CLI002046,DE,REG000240,145651,0,145651,EUR,2024-09-17,pending,Non-Compliant,2024-09-17 00:00:00,
PAY000217,EMP004675,CLI002928,FR,REG002596,146324,0,146324,EUR,2024-11-19,completed,Compliant,2024-11-19 00:00:00,2024-11-19 01:11:54
PAY000218,EMP000887,CLI000699,JP,REG002264,403567,0,403567,JPY,2024-03-20,completed,Compliant,2024-03-20 00:00:00,2024-03-20 00:14:30
PAY000219,EMP006063,CLI000874,CA,REG000797,921367,0,921367,CAD,2023-08-02,completed,Compliant,2023-08-02 00:00:00,2023-08-02 00:24:52
PAY000220,EMP003994,CLI004215,DE,REG001671,160638,0,160638,EUR,2024-09-06,pending,Non-Compliant,2024-09-06 00:00:00,
PAY000221,EMP000340,CLI000703,BR,REG001691,327784,0,327784,BRL,2025-01-20,pending,Non-Compliant,2025-01-20 00:00:00,
PAY000222,EMP004331,CLI001788,US,REG001900,209662,64995,144667,USD,2024-09-07,pending,Non-Compliant,2024-09-07 00:00:00,
PAY000223,EMP005522,CLI000101,UK,REG001065,452859,0,452859,GBP,2024-06-15,pending,Non-Compliant,2024-06-15 00:00:00,
PAY000224,EMP001150,CLI004892,US,REG002728,982472,0,982472,USD,2025-02-03,pending,Non-Compliant,2025-02-03 00:00:00,
PAY000225,EMP006554,CLI002617,FR,REG000384,914312,0,914312,EUR,2024-07-17,pending,Non-Compliant,2024-07-17 00:00:00,
PAY000226,EMP004521,CLI000810,BR,REG000603,682117,225099,457018,BRL,2024-06-15,pending,Non-Compliant,2024-06-15 00:00:00,
PAY000227,EMP005463,CLI001396,CA,REG001823,526100,163091,363009,CAD,2023-06-04,failed,Non-Compliant,2023-06-04 00:00:00,
PAY000228,EMP004635,CLI002490,FR,REG000333,396274,0,396274,EUR,2023-09-07,failed,Non-Compliant,2023-09-07 00:00:00,
PAY000229,EMP004854,CLI000951,IN,REG000916,177080,0,177080,INR,2023-12-27,completed,Compliant,2023-12-27 00:00:00,2023-12-27 01:12:41
PAY000230,EMP005268,CLI004672,UK,REG000575,354826,0,354826,GBP,2025-05-13,failed,Non-Compliant,2025-05-13 00:00:00,
PAY000231,EMP004775,CLI000902,BR,REG001389,201613,0,201613,BRL,2024-11-04,failed,Non-Compliant,2024-11-04 00:00:00,
PAY000232,EMP002328,CLI002964,UK,REG000042,294759,0,294759,GBP,2024-04-08,completed,Compliant,2024-04-08 00:00:00,2024-04-08 01:04:30
PAY000233,EMP005680,CLI004755,ZA,REG001854,622973,155743,467230,ZAR,2024-10-17,failed,Non-Compliant,2024-10-17 00:00:00,
PAY000234,EMP000991,CLI000988,CA,REG001356,470969,0,470969,CAD,2024-05-23,completed,Compliant,2024-05-23 00:00:00,2024-05-23 00:23:33
PAY000235,EMP006789,CLI003688,JP,REG000990,127476,0,127476,JPY,2025-04-06,failed,Non-Compliant,2025-04-06 00:00:00,
PAY000236,EMP002473,CLI002479,CA,REG000216,146477,17577,128900,CAD,2024-02-18,completed,Compliant,2024-02-18 00:00:00,2024-02-18 01:48:51
PAY000237,EMP005749,CLI004122,IN,REG001584,656444,0,656444,INR,2024-12-09,pending,Non-Compliant,2024-12-09 00:00:00,
PAY000238,EMP004206,CLI002435,DE,REG002477,462921,0,462921,EUR,2024-02-07,pending,Non-Compliant,2024-02-07 00:00:00,
PAY000239,EMP004454,CLI003795,AU,REG000376,588216,176465,411751,AUD,2024-04-12,failed,Non-Compliant,2024-04-12 00:00:00,
PAY000240,EMP001528,CLI002678,US,REG000709,695867,0,695867,USD,2023-06-15,completed,Compliant,2023-06-15 00:00:00,2023-06-15 00:58:06
PAY000241,EMP004969,CLI002237,CA,REG000490,380954,80000,300954,CAD,2024-10-10,pending,Non-Compliant,2024-10-10 00:00:00,
PAY000242,EMP005684,CLI001224,BR,REG000670,272250,0,272250,BRL,2024-09-22,pending,Non-Compliant,2024-09-22 00:00:00,
PAY000243,EMP005892,CLI000779,UK,REG000640,689168,130942,558226,GBP,2023-07-31,failed,Non-Compliant,2023-07-31 00:00:00,
PAY000244,EMP000805,CLI001783,IN,REG000979,565644,0,565644,INR,2025-02-01,completed,Compliant,2025-02-01 00:00:00,2025-02-01 01:46:38
PAY000245,EMP000838,CLI004371,ZA,REG001620,845939,0,845939,ZAR,2024-08-18,pending,Non-Compliant,2024-08-18 00:00:00,
PAY000246,EMP006287,CLI000101,IN,REG000884,360838,0,360838,INR,2023-07-01,completed,Compliant,2023-07-01 00:00:00,2023-07-01 01:07:55
PAY000247,EMP005957,CLI002062,JP,REG000651,893267,0,893267,JPY,2023-12-29,completed,Compliant,2023-12-29 00:00:00,2023-12-29 01:45:57
PAY000248,EMP003232,CLI000669,CA,REG000796,528952,58185,470767,CAD,2024-10-17,pending,Non-Compliant,2024-10-17 00:00:00,
PAY000249,EMP005158,CLI002022,ZA,REG001186,109025,34888,74137,ZAR,2025-02-07,completed,Compliant,2025-02-07 00:00:00,2025-02-07 00:21:54
PAY000250,EMP006840,CLI000322,BR,REG001280,317567,76216,241351,BRL,2023-11-03,completed,Compliant,2023-11-03 00:00:00,2023-11-03 00:54:19
PAY000251,EMP006664,CLI002547,UK,REG002272,446379,0,446379,GBP,2024-12-23,pending,Non-Compliant,2024-12-23 00:00:00,
PAY000252,EMP006330,CLI001621,IN,REG000725,926844,0,926844,INR,2023-08-11,failed,Non-Compliant,2023-08-11 00:00:00,
PAY000253,EMP005339,CLI003494,IN,REG002814,675813,162195,513618,INR,2025-01-03,pending,Non-Compliant,2025-01-03 00:00:00,
PAY000254,EMP005802,CLI004416,UK,REG001990,372146,81872,290274,GBP,2023-08-19,pending,Non-Compliant,2023-08-19 00:00:00,
PAY000255,EMP005740,CLI000614,ZA,REG002321,876932,342003,534929,ZAR,2024-07-19,pending,Non-Compliant,2024-07-19 00:00:00,
PAY000256,EMP000325,CLI002392,AU,REG002319,404237,0,404237,AUD,2024-04-28,failed,Non-Compliant,2024-04-28 00:00:00,
PAY000257,EMP006904,CLI000293,US,REG000209,316992,79248,237744,USD,2024-02-03,completed,Compliant,2024-02-03 00:00:00,2024-02-03 00:30:56
PAY000258,EMP006482,CLI004901,US,REG002033,116803,0,116803,USD,2024-09-17,completed,Compliant,2024-09-17 00:00:00,2024-09-17 01:22:45
PAY000259,EMP005854,CLI001126,JP,REG002841,355292,127905,227387,JPY,2023-09-23,completed,Compliant,2023-09-23 00:00:00,2023-09-23 00:58:40
PAY000260,EMP002823,CLI000530,BR,REG001405,489035,0,489035,BRL,2024-07-12,completed,Compliant,2024-07-12 00:00:00,2024-07-12 00:38:59
PAY000261,EMP003578,CLI004862,ZA,REG002474,703821,0,703821,ZAR,2023-08-21,failed,Non-Compliant,2023-08-21 00:00:00,
PAY000262,EMP001457,CLI001916,JP,REG002812,777210,0,777210,JPY,2024-05-08,pending,Non-Compliant,2024-05-08 00:00:00,
PAY000263,EMP004758,CLI001798,DE,REG002693,729384,0,729384,EUR,2025-01-05,pending,Non-Compliant,2025-01-05 00:00:00,
PAY000264,EMP004551,CLI004188,ZA,REG000485,252334,0,252334,ZAR,2023-07-13,failed,Non-Compliant,2023-07-13 00:00:00,
PAY000265,EMP004723,CLI001363,CA,REG000841,683294,116160,567134,CAD,2023-07-17,pending,Non-Compliant,2023-07-17 00:00:00,
PAY000266,EMP006365,CLI004226,FR,REG002344,685819,192029,493790,EUR,2024-11-22,failed,Non-Compliant,2024-11-22 00:00:00,
PAY000267,EMP000174,CLI002246,US,REG002601,926753,203886,722867,USD,2024-11-14,failed,Non-Compliant,2024-11-14 00:00:00,
PAY000268,EMP001479,CLI003740,DE,REG001120,913408,0,913408,EUR,2024-03-12,pending,Non-Compliant,2024-03-12 00:00:00,
PAY000269,EMP006334,CLI004741,UK,REG001207,568958,0,568958,GBP,2024-03-02,completed,Compliant,2024-03-02 00:00:00,2024-03-02 01:14:39
PAY000270,EMP001927,CLI004859,UK,REG000438,752921,0,752921,GBP,2025-04-17,completed,Compliant,2025-04-17 00:00:00,2025-04-17 01:23:43
PAY000271,EMP001532,CLI002043,US,REG000346,272052,0,272052,USD,2024-02-09,failed,Non-Compliant,2024-02-09 00:00:00,
PAY000272,EMP002559,CLI000056,UK,REG002358,151326,0,151326,GBP,2025-02-25,failed,Non-Compliant,2025-02-25 00:00:00,
PAY000273,EMP006677,CLI003927,AU,REG002480,102967,0,102967,AUD,2024-09-19,failed,Non-Compliant,2024-09-19 00:00:00,
PAY000274,EMP003071,CLI002437,BR,REG000047,602731,90410,512321,BRL,2025-01-01,failed,Non-Compliant,2025-01-01 00:00:00,
PAY000275,EMP004639,CLI003272,DE,REG001395,620082,142619,477463,EUR,2024-07-09,failed,Non-Compliant,2024-07-09 00:00:00,
PAY000276,EMP001620,CLI003409,ZA,REG001592,440096,132029,308067,ZAR,2023-11-20,pending,Non-Compliant,2023-11-20 00:00:00,
PAY000277,EMP005770,CLI000094,AU,REG002104,791827,87101,704726,AUD,2024-11-14,completed,Compliant,2024-11-14 00:00:00,2024-11-14 00:33:06
PAY000278,EMP006650,CLI002107,FR,REG001679,422563,0,422563,EUR,2023-12-10,failed,Non-Compliant,2023-12-10 00:00:00,
PAY000279,EMP004525,CLI001403,BR,REG001416,423096,0,423096,BRL,2025-01-15,failed,Non-Compliant,2025-01-15 00:00:00,
PAY000280,EMP001334,CLI000825,AU,REG001795,399530,107873,291657,AUD,2024-12-20,failed,Non-Compliant,2024-12-20 00:00:00,
PAY000281,EMP001606,CLI002682,IN,REG000942,131112,0,131112,INR,2024-10-21,failed,Non-Compliant,2024-10-21 00:00:00,
PAY000282,EMP005016,CLI004766,IN,REG000356,364731,0,364731,INR,2023-08-07,pending,Non-Compliant,2023-08-07 00:00:00,
PAY000283,EMP003387,CLI000898,JP,REG001258,719888,0,719888,JPY,2024-05-17,failed,Non-Compliant,2024-05-17 00:00:00,
PAY000284,EMP006124,CLI002806,DE,REG000478,636985,222945,414040,EUR,2023-10-18,completed,Compliant,2023-10-18 00:00:00,2023-10-18 01:02:46
PAY000285,EMP000878,CLI002912,UK,REG001206,306441,55159,251282,GBP,2024-10-15,pending,Non-Compliant,2024-10-15 00:00:00,
PAY000286,EMP006014,CLI002062,UK,REG000061,760577,296625,463952,GBP,2024-08-31,pending,Non-Compliant,2024-08-31 00:00:00,
PAY000287,EMP000531,CLI001166,DE,REG002339,546965,71105,475860,EUR,2025-01-15,completed,Compliant,2025-01-15 00:00:00,2025-01-15 01:51:04
PAY000288,EMP001152,CLI003988,CA,REG001103,220877,81724,139153,CAD,2025-01-14,pending,Non-Compliant,2025-01-14 00:00:00,
PAY000289,EMP006908,CLI000323,US,REG002684,881538,0,881538,USD,2023-12-22,pending,Non-Compliant,2023-12-22 00:00:00,
PAY000290,EMP005811,CLI004464,DE,REG000970,255240,0,255240,EUR,2024-03-28,failed,Non-Compliant,2024-03-28 00:00:00,
PAY000291,EMP000917,CLI000517,UK,REG000740,172160,0,172160,GBP,2023-11-07,failed,Non-Compliant,2023-11-07 00:00:00,
PAY000292,EMP006491,CLI004671,AU,REG002778,688457,199653,488804,AUD,2023-11-15,failed,Non-Compliant,2023-11-15 00:00:00,
PAY000293,EMP006144,CLI002516,AU,REG001121,950081,313527,636554,AUD,2024-08-01,pending,Non-Compliant,2024-08-01 00:00:00,
PAY000294,EMP005527,CLI002622,DE,REG002115,713791,0,713791,EUR,2025-02-16,failed,Non-Compliant,2025-02-16 00:00:00,
PAY000295,EMP001138,CLI002598,FR,REG000628,912842,0,912842,EUR,2023-10-02,completed,Compliant,2023-10-02 00:00:00,2023-10-02 00:56:18
PAY000296,EMP004762,CLI001781,UK,REG002112,781678,0,781678,GBP,2023-06-30,completed,Compliant,2023-06-30 00:00:00,2023-06-30 01:02:47
PAY000297,EMP000576,CLI001686,BR,REG000453,645693,0,645693,BRL,2023-12-24,pending,Non-Compliant,2023-12-24 00:00:00,
PAY000298,EMP001954,CLI001326,IN,REG000559,996680,0,996680,INR,2024-05-23,completed,Compliant,2024-05-23 00:00:00,2024-05-23 01:03:27
PAY000299,EMP001972,CLI002738,DE,REG000247,758803,0,758803,EUR,2024-06-16,pending,Non-Compliant,2024-06-16 00:00:00,
PAY000300,EMP006401,CLI000219,JP,REG001498,847472,0,847472,JPY,2023-10-22,failed,Non-Compliant,2023-10-22 00:00:00,
PAY000301,EMP001924,CLI003420,US,REG002772,558488,206641,351847,USD,2023-09-13,completed,Compliant,2023-09-13 00:00:00,2023-09-13 00:08:08
PAY000302,EMP002439,CLI000306,BR,REG001933,183412,0,183412,BRL,2024-06-23,failed,Non-Compliant,2024-06-23 00:00:00,
PAY000303,EMP000364,CLI002071,FR,REG000649,550720,0,550720,EUR,2024-10-14,completed,Compliant,2024-10-14 00:00:00,2024-10-14 00:40:43
PAY000304,EMP000194,CLI002144,CA,REG002592,502965,0,502965,CAD,2024-06-03,completed,Compliant,2024-06-03 00:00:00,2024-06-03 00:21:22
PAY000305,EMP003462,CLI003855,CA,REG000308,670967,0,670967,CAD,2024-08-22,pending,Non-Compliant,2024-08-22 00:00:00,
PAY000306,EMP004365,CLI001569,BR,REG002443,813287,0,813287,BRL,2024-06-25,failed,Non-Compliant,2024-06-25 00:00:00,
PAY000307,EMP001505,CLI004701,JP,REG000322,611085,0,611085,JPY,2024-04-23,pending,Non-Compliant,2024-04-23 00:00:00,
PAY000308,EMP003917,CLI002294,JP,REG000073,698266,0,698266,JPY,2025-02-21,completed,Compliant,2025-02-21 00:00:00,2025-02-21 01:55:45
PAY000309,EMP001537,CLI001745,UK,REG001605,546018,0,546018,GBP,2024-05-01,failed,Non-Compliant,2024-05-01 00:00:00,
PAY000310,EMP005932,CLI000855,AU,REG001004,374892,0,374892,AUD,2024-03-09,pending,Non-Compliant,2024-03-09 00:00:00,
PAY000311,EMP000355,CLI000368,AU,REG002068,159709,0,159709,AUD,2024-08-25,pending,Non-Compliant,2024-08-25 00:00:00,
PAY000312,EMP006592,CLI000015,JP,REG000142,859110,0,859110,JPY,2023-06-05,pending,Non-Compliant,2023-06-05 00:00:00,
PAY000313,EMP000537,CLI001632,AU,REG000035,363066,87136,275930,AUD,2024-01-31,failed,Non-Compliant,2024-01-31 00:00:00,
PAY000314,EMP000999,CLI003729,BR,REG001187,429748,0,429748,BRL,2025-03-25,pending,Non-Compliant,2025-03-25 00:00:00,
PAY000315,EMP004679,CLI001202,JP,REG001765,142593,0,142593,JPY,2025-01-02,completed,Compliant,2025-01-02 00:00:00,2025-01-02 00:59:51
PAY000316,EMP005608,CLI002927,DE,REG000693,308819,46323,262496,EUR,2024-06-11,failed,Non-Compliant,2024-06-11 00:00:00,
PAY000317,EMP003467,CLI000628,US,REG002541,691243,152073,539170,USD,2023-11-02,completed,Compliant,2023-11-02 00:00:00,2023-11-02 01:01:46
PAY000318,EMP005822,CLI004581,ZA,REG002439,902100,0,902100,ZAR,2023-11-16,failed,Non-Compliant,2023-11-16 00:00:00,
PAY000319,EMP004768,CLI003718,UK,REG002856,743783,0,743783,GBP,2023-12-23,pending,Non-Compliant,2023-12-23 00:00:00,
PAY000320,EMP004023,CLI003039,US,REG002280,761995,0,761995,USD,2023-10-01,pending,Non-Compliant,2023-10-01 00:00:00,
PAY000321,EMP000520,CLI000626,IN,REG001097,532345,191644,340701,INR,2025-04-04,failed,Non-Compliant,2025-04-04 00:00:00,
PAY000322,EMP001055,CLI004366,JP,REG001263,583340,0,583340,JPY,2024-08-10,failed,Non-Compliant,2024-08-10 00:00:00,
PAY000323,EMP004700,CLI001316,FR,REG001140,510824,0,510824,EUR,2023-10-23,failed,Non-Compliant,2023-10-23 00:00:00,
PAY000324,EMP000341,CLI000318,ZA,REG001332,528896,0,528896,ZAR,2023-08-09,failed,Non-Compliant,2023-08-09 00:00:00,
PAY000325,EMP002252,CLI004106,IN,REG001954,628236,213600,414636,INR,2023-10-14,completed,Compliant,2023-10-14 00:00:00,2023-10-14 00:42:22
PAY000326,EMP003357,CLI001829,DE,REG002424,680680,0,680680,EUR,2024-03-29,completed,Compliant,2024-03-29 00:00:00,2024-03-29 01:36:06
PAY000327,EMP002298,CLI000250,JP,REG000550,599969,131993,467976,JPY,2025-02-09,failed,Non-Compliant,2025-02-09 00:00:00,
PAY000328,EMP004084,CLI000328,IN,REG002198,755123,128371,626752,INR,2025-05-15,pending,Non-Compliant,2025-05-15 00:00:00,
PAY000329,EMP002031,CLI002613,UK,REG000591,888735,0,888735,GBP,2023-11-23,pending,Non-Compliant,2023-11-23 00:00:00,
PAY000330,EMP004177,CLI004659,CA,REG001600,273435,65624,207811,CAD,2024-05-09,failed,Non-Compliant,2024-05-09 00:00:00,
PAY000331,EMP000868,CLI003205,IN,REG002831,392760,0,392760,INR,2023-08-23,failed,Non-Compliant,2023-08-23 00:00:00,
PAY000332,EMP005900,CLI002504,JP,REG000789,425527,0,425527,JPY,2023-08-13,completed,Compliant,2023-08-13 00:00:00,2023-08-13 00:37:48
PAY000333,EMP004922,CLI004616,US,REG001048,625176,0,625176,USD,2024-12-06,completed,Compliant,2024-12-06 00:00:00,2024-12-06 00:57:05
PAY000334,EMP002590,CLI002572,AU,REG001202,948840,0,948840,AUD,2023-09-03,completed,Compliant,2023-09-03 00:00:00,2023-09-03 00:31:59
PAY000335,EMP006942,CLI000446,US,REG002263,107590,38732,68858,USD,2023-07-05,pending,Non-Compliant,2023-07-05 00:00:00,
PAY000336,EMP006052,CLI002909,AU,REG002476,167233,0,167233,AUD,2025-04-09,failed,Non-Compliant,2025-04-09 00:00:00,
PAY000337,EMP001615,CLI001522,ZA,REG002157,691057,0,691057,ZAR,2023-08-22,failed,Non-Compliant,2023-08-22 00:00:00,
PAY000338,EMP000451,CLI002852,US,REG001927,714197,0,714197,USD,2025-05-23,pending,Non-Compliant,2025-05-23 00:00:00,
PAY000339,EMP005889,CLI000295,AU,REG001630,706393,0,706393,AUD,2023-12-03,completed,Compliant,2023-12-03 00:00:00,2023-12-03 00:36:26
PAY000340,EMP003687,CLI003384,DE,REG002470,634133,221947,412186,EUR,2025-04-27,failed,Non-Compliant,2025-04-27 00:00:00,
PAY000341,EMP003735,CLI004305,FR,REG002381,970917,0,970917,EUR,2023-09-10,failed,Non-Compliant,2023-09-10 00:00:00,
PAY000342,EMP004407,CLI001109,ZA,REG002737,679910,81589,598321,ZAR,2023-11-30,completed,Compliant,2023-11-30 00:00:00,2023-11-30 01:48:19
PAY000343,EMP006545,CLI001145,IN,REG000579,766240,0,766240,INR,2024-11-29,completed,Compliant,2024-11-29 00:00:00,2024-11-29 00:57:56
PAY000344,EMP005563,CLI002542,AU,REG000027,119498,0,119498,AUD,2025-01-27,pending,Non-Compliant,2025-01-27 00:00:00,
PAY000345,EMP004050,CLI000865,UK,REG000420,804062,0,804062,GBP,2023-10-29,completed,Compliant,2023-10-29 00:00:00,2023-10-29 00:39:38
PAY000346,EMP005636,CLI004402,US,REG002431,701800,105270,596530,USD,2024-01-29,pending,Non-Compliant,2024-01-29 00:00:00,
PAY000347,EMP005675,CLI000188,IN,REG000066,185301,40766,144535,INR,2023-10-30,pending,Non-Compliant,2023-10-30 00:00:00,
PAY000348,EMP005685,CLI003960,BR,REG001534,484771,48477,436294,BRL,2023-12-27,failed,Non-Compliant,2023-12-27 00:00:00,
PAY000349,EMP000670,CLI002239,US,REG002745,331401,86164,245237,USD,2024-08-04,pending,Non-Compliant,2024-08-04 00:00:00,
PAY000350,EMP001220,CLI004076,DE,REG002088,792632,253642,538990,EUR,2024-02-10,completed,Compliant,2024-02-10 00:00:00,2024-02-10 00:40:16
PAY000351,EMP000485,CLI003850,CA,REG001242,593753,124688,469065,CAD,2024-02-19,failed,Non-Compliant,2024-02-19 00:00:00,
PAY000352,EMP000673,CLI003819,DE,REG000598,981696,0,981696,EUR,2024-06-09,completed,Compliant,2024-06-09 00:00:00,2024-06-09 01:03:14
PAY000353,EMP006378,CLI000385,BR,REG000062,317969,60414,257555,BRL,2024-12-22,completed,Compliant,2024-12-22 00:00:00,2024-12-22 00:43:12
PAY000354,EMP005676,CLI000238,UK,REG001473,364382,0,364382,GBP,2023-10-28,failed,Non-Compliant,2023-10-28 00:00:00,
PAY000355,EMP003797,CLI003466,ZA,REG001189,377162,64118,313044,ZAR,2024-10-20,completed,Compliant,2024-10-20 00:00:00,2024-10-20 00:48:53
PAY000356,EMP006329,CLI003955,BR,REG002968,992690,367295,625395,BRL,2025-02-06,failed,Non-Compliant,2025-02-06 00:00:00,
PAY000357,EMP005384,CLI000490,US,REG001505,830157,0,830157,USD,2025-01-10,failed,Non-Compliant,2025-01-10 00:00:00,
PAY000358,EMP006183,CLI002136,CA,REG000954,798219,95786,702433,CAD,2023-08-05,failed,Non-Compliant,2023-08-05 00:00:00,
PAY000359,EMP006537,CLI003801,IN,REG001170,984351,0,984351,INR,2024-02-25,failed,Non-Compliant,2024-02-25 00:00:00,
PAY000360,EMP003623,CLI002139,AU,REG002642,616074,0,616074,AUD,2024-01-24,failed,Non-Compliant,2024-01-24 00:00:00,
PAY000361,EMP003309,CLI004320,FR,REG002795,355267,0,355267,EUR,2024-03-07,completed,Compliant,2024-03-07 00:00:00,2024-03-07 00:08:33
PAY000362,EMP000992,CLI000763,ZA,REG000486,272484,0,272484,ZAR,2024-02-03,failed,Non-Compliant,2024-02-03 00:00:00,
PAY000363,EMP004191,CLI002027,DE,REG002064,320555,0,320555,EUR,2024-09-09,pending,Non-Compliant,2024-09-09 00:00:00,
PAY000364,EMP000685,CLI003044,CA,REG001289,720406,144081,576325,CAD,2024-09-29,pending,Non-Compliant,2024-09-29 00:00:00,
PAY000365,EMP000793,CLI000660,UK,REG002607,249446,0,249446,GBP,2023-11-22,completed,Compliant,2023-11-22 00:00:00,2023-11-22 00:47:51
PAY000366,EMP006691,CLI003770,JP,REG002719,119417,0,119417,JPY,2024-05-05,completed,Compliant,2024-05-05 00:00:00,2024-05-05 00:36:55
PAY000367,EMP002218,CLI002900,CA,REG000911,858588,0,858588,CAD,2024-10-03,failed,Non-Compliant,2024-10-03 00:00:00,
PAY000368,EMP003123,CLI002708,AU,REG002480,125501,0,125501,AUD,2023-09-20,pending,Non-Compliant,2023-09-20 00:00:00,
PAY000369,EMP001720,CLI001268,JP,REG002166,383682,0,383682,JPY,2024-07-08,completed,Compliant,2024-07-08 00:00:00,2024-07-08 01:45:47
PAY000370,EMP001683,CLI000544,DE,REG000684,839457,0,839457,EUR,2023-11-20,completed,Compliant,2023-11-20 00:00:00,2023-11-20 00:35:23
PAY000371,EMP000930,CLI003106,US,REG000115,223758,0,223758,USD,2024-03-23,failed,Non-Compliant,2024-03-23 00:00:00,
PAY000372,EMP000094,CLI004776,AU,REG002610,323062,0,323062,AUD,2024-09-29,completed,Compliant,2024-09-29 00:00:00,2024-09-29 00:51:49
PAY000373,EMP001670,CLI000617,AU,REG000294,424433,131574,292859,AUD,2024-02-02,completed,Compliant,2024-02-02 00:00:00,2024-02-02 00:20:39
PAY000374,EMP005528,CLI003472,UK,REG001601,247555,0,247555,GBP,2024-07-14,pending,Non-Compliant,2024-07-14 00:00:00,
PAY000375,EMP006423,CLI002001,JP,REG002494,987700,0,987700,JPY,2024-04-12,failed,Non-Compliant,2024-04-12 00:00:00,
PAY000376,EMP006129,CLI002588,FR,REG001850,604484,0,604484,EUR,2023-07-31,completed,Compliant,2023-07-31 00:00:00,2023-07-31 01:22:21
PAY000377,EMP006348,CLI002561,CA,REG002044,211324,0,211324,CAD,2024-01-04,completed,Compliant,2024-01-04 00:00:00,2024-01-04 00:52:40
PAY000378,EMP005472,CLI003384,AU,REG001548,761102,0,761102,AUD,2023-12-03,pending,Non-Compliant,2023-12-03 00:00:00,
PAY000379,EMP006488,CLI002698,IN,REG000450,347691,0,347691,INR,2024-08-28,failed,Non-Compliant,2024-08-28 00:00:00,
PAY000380,EMP002577,CLI002594,CA,REG000939,786870,259667,527203,CAD,2024-02-04,pending,Non-Compliant,2024-02-04 00:00:00,
PAY000381,EMP004385,CLI003020,UK,REG000808,576971,0,576971,GBP,2025-02-17,pending,Non-Compliant,2025-02-17 00:00:00,
PAY000382,EMP000491,CLI002547,UK,REG002787,342740,0,342740,GBP,2023-10-03,completed,Compliant,2023-10-03 00:00:00,2023-10-03 01:15:46
PAY000383,EMP000257,CLI003034,IN,REG000931,220210,50648,169562,INR,2025-02-15,completed,Compliant,2025-02-15 00:00:00,2025-02-15 00:45:35
PAY000384,EMP004859,CLI001689,US,REG001350,560058,106411,453647,USD,2023-09-13,pending,Non-Compliant,2023-09-13 00:00:00,
PAY000385,EMP005485,CLI004242,UK,REG001707,254255,0,254255,GBP,2023-06-26,failed,Non-Compliant,2023-06-26 00:00:00,
PAY000386,EMP000247,CLI000373,JP,REG001963,933452,0,933452,JPY,2023-09-22,completed,Compliant,2023-09-22 00:00:00,2023-09-22 01:02:32
PAY000387,EMP004072,CLI003695,US,REG002698,627318,200742,426576,USD,2023-12-24,completed,Compliant,2023-12-24 00:00:00,2023-12-24 01:46:36
PAY000388,EMP006621,CLI002414,IN,REG001053,333322,0,333322,INR,2023-11-10,pending,Non-Compliant,2023-11-10 00:00:00,
PAY000389,EMP001077,CLI004033,US,REG001982,352449,0,352449,USD,2024-11-26,completed,Compliant,2024-11-26 00:00:00,2024-11-26 01:25:56
PAY000390,EMP004003,CLI002240,US,REG002606,356747,0,356747,USD,2024-12-19,pending,Non-Compliant,2024-12-19 00:00:00,
PAY000391,EMP004632,CLI002009,AU,REG001870,814891,162978,651913,AUD,2024-07-10,pending,Non-Compliant,2024-07-10 00:00:00,
PAY000392,EMP000277,CLI000433,ZA,REG001423,354081,0,354081,ZAR,2024-09-01,pending,Non-Compliant,2024-09-01 00:00:00,
PAY000393,EMP000399,CLI004186,FR,REG002209,447879,0,447879,EUR,2024-07-05,completed,Compliant,2024-07-05 00:00:00,2024-07-05 01:06:39
PAY000394,EMP001111,CLI001031,CA,REG001908,591703,0,591703,CAD,2024-09-25,pending,Non-Compliant,2024-09-25 00:00:00,
PAY000395,EMP006076,CLI001703,FR,REG002337,825605,0,825605,EUR,2024-02-25,pending,Non-Compliant,2024-02-25 00:00:00,
PAY000396,EMP004070,CLI004607,ZA,REG002170,305083,73220,231863,ZAR,2024-05-08,failed,Non-Compliant,2024-05-08 00:00:00,
PAY000397,EMP002880,CLI000169,AU,REG001372,824016,0,824016,AUD,2023-07-10,failed,Non-Compliant,2023-07-10 00:00:00,
PAY000398,EMP004774,CLI002082,CA,REG000481,209155,0,209155,CAD,2024-03-24,completed,Compliant,2024-03-24 00:00:00,2024-03-24 01:47:00
PAY000399,EMP000199,CLI002901,ZA,REG002189,873737,122323,751414,ZAR,2024-02-07,completed,Compliant,2024-02-07 00:00:00,2024-02-07 00:34:52
PAY000400,EMP005989,CLI000758,UK,REG001066,491557,0,491557,GBP,2024-02-05,failed,Non-Compliant,2024-02-05 00:00:00,
PAY000401,EMP006190,CLI001823,ZA,REG002029,616154,0,616154,ZAR,2023-07-08,completed,Compliant,2023-07-08 00:00:00,2023-07-08 01:59:02
PAY000402,EMP001157,CLI004617,FR,REG001283,127974,0,127974,EUR,2024-01-17,pending,Non-Compliant,2024-01-17 00:00:00,
PAY000403,EMP001174,CLI000853,US,REG002200,424512,0,424512,USD,2023-12-29,completed,Compliant,2023-12-29 00:00:00,2023-12-29 01:52:57
PAY000404,EMP005788,CLI003229,ZA,REG002221,281163,0,281163,ZAR,2023-07-17,pending,Non-Compliant,2023-07-17 00:00:00,
PAY000405,EMP006339,CLI001893,FR,REG000332,218527,0,218527,EUR,2023-06-12,completed,Compliant,2023-06-12 00:00:00,2023-06-12 00:12:42
PAY000406,EMP006140,CLI004894,FR,REG002837,321873,0,321873,EUR,2023-12-13,pending,Non-Compliant,2023-12-13 00:00:00,
PAY000407,EMP004165,CLI001266,BR,REG002968,952962,352596,600366,BRL,2024-05-08,pending,Non-Compliant,2024-05-08 00:00:00,
PAY000408,EMP003767,CLI000743,JP,REG002054,717111,157764,559347,JPY,2023-11-09,completed,Compliant,2023-11-09 00:00:00,2023-11-09 00:33:40
PAY000409,EMP006441,CLI004668,CA,REG002382,919295,0,919295,CAD,2025-01-29,failed,Non-Compliant,2025-01-29 00:00:00,
PAY000410,EMP003392,CLI002509,DE,REG001273,933810,261467,672343,EUR,2024-10-14,pending,Non-Compliant,2024-10-14 00:00:00,
PAY000411,EMP004952,CLI003738,DE,REG001738,660861,0,660861,EUR,2023-11-06,failed,Non-Compliant,2023-11-06 00:00:00,
PAY000412,EMP006005,CLI000894,JP,REG002860,255971,0,255971,JPY,2025-03-15,completed,Compliant,2025-03-15 00:00:00,2025-03-15 01:28:40
PAY000413,EMP004038,CLI001177,UK,REG001475,755092,98162,656930,GBP,2024-11-12,failed,Non-Compliant,2024-11-12 00:00:00,
PAY000414,EMP003599,CLI001188,FR,REG000570,305724,0,305724,EUR,2024-02-01,failed,Non-Compliant,2024-02-01 00:00:00,
PAY000415,EMP005593,CLI001709,CA,REG001337,245261,0,245261,CAD,2023-07-18,completed,Compliant,2023-07-18 00:00:00,2023-07-18 01:14:22
PAY000416,EMP003228,CLI003781,ZA,REG000606,448717,0,448717,ZAR,2024-07-27,pending,Non-Compliant,2024-07-27 00:00:00,
PAY000417,EMP003347,CLI002267,ZA,REG001326,127359,28019,99340,ZAR,2024-04-25,failed,Non-Compliant,2024-04-25 00:00:00,
PAY000418,EMP000331,CLI002755,JP,REG001660,930714,0,930714,JPY,2023-07-26,failed,Non-Compliant,2023-07-26 00:00:00,
PAY000419,EMP005437,CLI001895,UK,REG001866,172692,0,172692,GBP,2025-02-16,completed,Compliant,2025-02-16 00:00:00,2025-02-16 01:08:59
PAY000420,EMP004134,CLI001112,JP,REG000425,968342,0,968342,JPY,2024-01-01,completed,Compliant,2024-01-01 00:00:00,2024-01-01 00:45:55
PAY000421,EMP005794,CLI001326,FR,REG000650,746613,209052,537561,EUR,2024-01-26,failed,Non-Compliant,2024-01-26 00:00:00,
PAY000422,EMP000310,CLI002773,AU,REG002530,362758,43531,319227,AUD,2025-04-24,failed,Non-Compliant,2025-04-24 00:00:00,
PAY000423,EMP004814,CLI001104,ZA,REG001619,813827,0,813827,ZAR,2023-09-03,completed,Compliant,2023-09-03 00:00:00,2023-09-03 01:52:16
PAY000424,EMP003623,CLI002235,AU,REG002148,533367,0,533367,AUD,2024-06-07,pending,Non-Compliant,2024-06-07 00:00:00,
PAY000425,EMP001495,CLI002170,ZA,REG001002,289176,0,289176,ZAR,2023-10-10,failed,Non-Compliant,2023-10-10 00:00:00,
PAY000426,EMP001777,CLI003742,BR,REG001160,995302,378215,617087,BRL,2025-01-23,failed,Non-Compliant,2025-01-23 00:00:00,
PAY000427,EMP001585,CLI001769,IN,REG000725,496419,0,496419,INR,2025-01-30,failed,Non-Compliant,2025-01-30 00:00:00,
PAY000428,EMP004980,CLI000653,IN,REG002245,620621,0,620621,INR,2024-11-26,failed,Non-Compliant,2024-11-26 00:00:00,
PAY000429,EMP006757,CLI000011,ZA,REG001578,136958,0,136958,ZAR,2023-06-27,completed,Compliant,2023-06-27 00:00:00,2023-06-27 00:21:43
PAY000430,EMP004011,CLI002059,US,REG002387,160941,0,160941,USD,2024-05-29,completed,Compliant,2024-05-29 00:00:00,2024-05-29 00:28:05
PAY000431,EMP005709,CLI004663,UK,REG002701,960772,0,960772,GBP,2025-04-22,pending,Non-Compliant,2025-04-22 00:00:00,
PAY000432,EMP005459,CLI004069,DE,REG001876,294918,0,294918,EUR,2024-02-01,pending,Non-Compliant,2024-02-01 00:00:00,
PAY000433,EMP000559,CLI000912,US,REG001996,528762,200930,327832,USD,2023-07-27,pending,Non-Compliant,2023-07-27 00:00:00,
PAY000434,EMP000215,CLI001593,JP,REG002050,103871,0,103871,JPY,2023-08-14,completed,Compliant,2023-08-14 00:00:00,2023-08-14 01:10:44
PAY000435,EMP000536,CLI004655,CA,REG002646,299783,0,299783,CAD,2024-12-05,pending,Non-Compliant,2024-12-05 00:00:00,
PAY000436,EMP002960,CLI001908,ZA,REG000250,660427,0,660427,ZAR,2024-09-25,pending,Non-Compliant,2024-09-25 00:00:00,
PAY000437,EMP003826,CLI003902,DE,REG002144,194905,66268,128637,EUR,2025-02-23,completed,Compliant,2025-02-23 00:00:00,2025-02-23 00:20:51
PAY000438,EMP001579,CLI000423,FR,REG001403,767869,0,767869,EUR,2025-05-23,completed,Compliant,2025-05-23 00:00:00,2025-05-23 01:04:57
PAY000439,EMP006284,CLI003056,FR,REG000800,721296,108194,613102,EUR,2024-02-24,failed,Non-Compliant,2024-02-24 00:00:00,
PAY000440,EMP004968,CLI004457,AU,REG000120,234440,63299,171141,AUD,2024-05-28,failed,Non-Compliant,2024-05-28 00:00:00,
PAY000441,EMP005866,CLI001415,FR,REG000086,646746,0,646746,EUR,2023-08-19,completed,Compliant,2023-08-19 00:00:00,2023-08-19 00:59:49
PAY000442,EMP000225,CLI000993,JP,REG002748,884270,0,884270,JPY,2025-03-25,completed,Compliant,2025-03-25 00:00:00,2025-03-25 01:53:36
PAY000443,EMP004279,CLI002009,FR,REG002837,412453,0,412453,EUR,2023-08-02,pending,Non-Compliant,2023-08-02 00:00:00,
PAY000444,EMP004884,CLI000309,UK,REG001644,472174,160539,311635,GBP,2024-10-29,failed,Non-Compliant,2024-10-29 00:00:00,
PAY000445,EMP001076,CLI004227,UK,REG001219,167848,65461,102387,GBP,2024-08-17,completed,Compliant,2024-08-17 00:00:00,2024-08-17 00:43:23
PAY000446,EMP005911,CLI002955,JP,REG002647,203489,0,203489,JPY,2024-03-19,pending,Non-Compliant,2024-03-19 00:00:00,
PAY000447,EMP003649,CLI004512,US,REG000132,250615,0,250615,USD,2024-02-01,completed,Compliant,2024-02-01 00:00:00,2024-02-01 00:07:34
PAY000448,EMP004307,CLI004956,AU,REG002875,814929,105941,708988,AUD,2025-04-01,completed,Compliant,2025-04-01 00:00:00,2025-04-01 01:44:28
PAY000449,EMP002318,CLI001386,BR,REG000363,402598,0,402598,BRL,2024-03-23,pending,Non-Compliant,2024-03-23 00:00:00,
PAY000450,EMP006515,CLI000385,IN,REG001470,952135,0,952135,INR,2025-01-21,completed,Compliant,2025-01-21 00:00:00,2025-01-21 01:52:20
PAY000451,EMP003634,CLI004043,AU,REG002713,591634,177490,414144,AUD,2024-06-13,failed,Non-Compliant,2024-06-13 00:00:00,
PAY000452,EMP005321,CLI003969,IN,REG001860,730601,0,730601,INR,2024-02-19,failed,Non-Compliant,2024-02-19 00:00:00,
PAY000453,EMP002658,CLI000040,DE,REG001673,587089,0,587089,EUR,2024-09-04,failed,Non-Compliant,2024-09-04 00:00:00,
PAY000454,EMP004814,CLI002487,ZA,REG001561,777751,0,777751,ZAR,2024-11-13,failed,Non-Compliant,2024-11-13 00:00:00,
PAY000455,EMP002746,CLI003585,FR,REG000253,656752,0,656752,EUR,2023-07-11,pending,Non-Compliant,2023-07-11 00:00:00,
PAY000456,EMP001441,CLI002386,DE,REG001229,471071,0,471071,EUR,2024-01-26,pending,Non-Compliant,2024-01-26 00:00:00,
PAY000457,EMP005547,CLI002778,IN,REG002129,500782,100156,400626,INR,2024-08-07,completed,Compliant,2024-08-07 00:00:00,2024-08-07 01:03:12
PAY000458,EMP000855,CLI000322,FR,REG002656,359229,43107,316122,EUR,2024-05-28,completed,Compliant,2024-05-28 00:00:00,2024-05-28 01:24:38
PAY000459,EMP002526,CLI002653,JP,REG001333,598098,0,598098,JPY,2024-05-23,failed,Non-Compliant,2024-05-23 00:00:00,
PAY000460,EMP000376,CLI003989,FR,REG001353,231613,23161,208452,EUR,2024-07-15,pending,Non-Compliant,2024-07-15 00:00:00,
PAY000461,EMP003162,CLI002423,AU,REG001267,274041,0,274041,AUD,2023-07-18,failed,Non-Compliant,2023-07-18 00:00:00,
PAY000462,EMP004954,CLI000873,UK,REG001088,913827,0,913827,GBP,2024-05-31,failed,Non-Compliant,2024-05-31 00:00:00,
PAY000463,EMP003487,CLI000274,CA,REG001843,330769,0,330769,CAD,2025-05-13,pending,Non-Compliant,2025-05-13 00:00:00,
PAY000464,EMP003617,CLI002948,BR,REG002187,559669,0,559669,BRL,2024-04-18,failed,Non-Compliant,2024-04-18 00:00:00,
PAY000465,EMP004365,CLI000617,BR,REG001567,343660,0,343660,BRL,2023-06-03,pending,Non-Compliant,2023-06-03 00:00:00,
PAY000466,EMP006155,CLI003577,IN,REG000462,455762,54691,401071,INR,2023-10-16,completed,Compliant,2023-10-16 00:00:00,2023-10-16 01:38:28
PAY000467,EMP003749,CLI000750,FR,REG000767,360727,0,360727,EUR,2025-01-27,pending,Non-Compliant,2025-01-27 00:00:00,
PAY000468,EMP004128,CLI004743,BR,REG002444,312535,0,312535,BRL,2025-01-15,failed,Non-Compliant,2025-01-15 00:00:00,
PAY000469,EMP003686,CLI001311,BR,REG001582,509063,101813,407250,BRL,2023-10-14,completed,Compliant,2023-10-14 00:00:00,2023-10-14 00:11:58
PAY000470,EMP002283,CLI002178,CA,REG002746,890933,338555,552378,CAD,2024-07-04,completed,Compliant,2024-07-04 00:00:00,2024-07-04 00:18:29
PAY000471,EMP002919,CLI002119,FR,REG002884,998508,209687,788821,EUR,2024-10-01,failed,Non-Compliant,2024-10-01 00:00:00,
PAY000472,EMP002022,CLI003607,US,REG002374,113131,0,113131,USD,2024-09-30,failed,Non-Compliant,2024-09-30 00:00:00,
PAY000473,EMP000022,CLI003186,DE,REG001453,534226,0,534226,EUR,2023-12-19,completed,Compliant,2023-12-19 00:00:00,2023-12-19 01:13:10
PAY000474,EMP002822,CLI003057,US,REG000273,854203,0,854203,USD,2025-03-26,failed,Non-Compliant,2025-03-26 00:00:00,
PAY000475,EMP003226,CLI004829,DE,REG002766,987175,128333,858842,EUR,2023-06-02,completed,Compliant,2023-06-02 00:00:00,2023-06-02 01:48:35
PAY000476,EMP001143,CLI001302,FR,REG000281,701407,0,701407,EUR,2024-07-18,completed,Compliant,2024-07-18 00:00:00,2024-07-18 01:54:09
PAY000477,EMP003847,CLI000965,UK,REG001135,798683,263565,535118,GBP,2023-09-01,pending,Non-Compliant,2023-09-01 00:00:00,
PAY000478,EMP001154,CLI001512,BR,REG001873,901923,0,901923,BRL,2023-09-20,pending,Non-Compliant,2023-09-20 00:00:00,
PAY000479,EMP000592,CLI002796,UK,REG000813,104374,0,104374,GBP,2025-03-05,completed,Compliant,2025-03-05 00:00:00,2025-03-05 01:09:00
PAY000480,EMP003750,CLI004808,US,REG002692,414034,95228,318806,USD,2025-05-08,failed,Non-Compliant,2025-05-08 00:00:00,
PAY000481,EMP000943,CLI002788,JP,REG002095,227675,0,227675,JPY,2024-12-09,completed,Compliant,2024-12-09 00:00:00,2024-12-09 00:40:45
PAY000482,EMP006353,CLI004754,DE,REG001889,117749,0,117749,EUR,2023-11-10,pending,Non-Compliant,2023-11-10 00:00:00,
PAY000483,EMP004420,CLI004404,IN,REG000007,925186,138778,786408,INR,2025-05-21,pending,Non-Compliant,2025-05-21 00:00:00,
PAY000484,EMP001743,CLI001683,IN,REG002218,645174,0,645174,INR,2025-01-18,failed,Non-Compliant,2025-01-18 00:00:00,
PAY000485,EMP000252,CLI002014,BR,REG001022,165857,41464,124393,BRL,2023-09-20,pending,Non-Compliant,2023-09-20 00:00:00,
PAY000486,EMP006732,CLI001024,UK,REG002053,688812,0,688812,GBP,2023-12-03,pending,Non-Compliant,2023-12-03 00:00:00,
PAY000487,EMP004819,CLI004391,US,REG002716,490315,0,490315,USD,2024-08-21,pending,Non-Compliant,2024-08-21 00:00:00,
PAY000488,EMP002186,CLI003635,ZA,REG002895,641857,102697,539160,ZAR,2024-01-24,failed,Non-Compliant,2024-01-24 00:00:00,
PAY000489,EMP005899,CLI003491,FR,REG002257,762730,0,762730,EUR,2024-10-22,completed,Compliant,2024-10-22 00:00:00,2024-10-22 01:37:21
PAY000490,EMP000360,CLI003091,IN,REG000099,345120,124243,220877,INR,2024-07-29,pending,Non-Compliant,2024-07-29 00:00:00,
PAY000491,EMP000813,CLI000416,BR,REG001413,322769,109741,213028,BRL,2023-07-30,completed,Compliant,2023-07-30 00:00:00,2023-07-30 00:56:45
PAY000492,EMP006421,CLI003999,FR,REG001429,632128,0,632128,EUR,2024-12-06,failed,Non-Compliant,2024-12-06 00:00:00,
PAY000493,EMP002530,CLI003125,AU,REG001349,448767,161556,287211,AUD,2024-01-09,completed,Compliant,2024-01-09 00:00:00,2024-01-09 00:55:53
PAY000494,EMP001952,CLI001527,UK,REG002542,512588,0,512588,GBP,2025-03-19,failed,Non-Compliant,2025-03-19 00:00:00,
PAY000495,EMP000649,CLI002466,ZA,REG001620,737086,0,737086,ZAR,2023-08-01,pending,Non-Compliant,2023-08-01 00:00:00,
PAY000496,EMP006819,CLI003069,CA,REG000023,392531,0,392531,CAD,2023-08-26,failed,Non-Compliant,2023-08-26 00:00:00,
PAY000497,EMP006826,CLI004288,US,REG002678,486174,0,486174,USD,2024-02-07,pending,Non-Compliant,2024-02-07 00:00:00,
PAY000498,EMP001222,CLI002519,UK,REG001476,751990,0,751990,GBP,2023-08-06,failed,Non-Compliant,2023-08-06 00:00:00,
PAY000499,EMP000549,CLI001915,AU,REG001288,540130,0,540130,AUD,2024-05-15,completed,Compliant,2024-05-15 00:00:00,2024-05-15 00:47:13
PAY000500,EMP005142,CLI004950,UK,REG000375,197944,0,197944,GBP,2024-04-08,pending,Non-Compliant,2024-04-08 00:00:00,
PAY000501,EMP004121,CLI001697,IN,REG002576,255809,0,255809,INR,2024-12-06,pending,Non-Compliant,2024-12-06 00:00:00,
PAY000502,EMP005806,CLI000673,FR,REG001353,614758,61476,553282,EUR,2024-06-25,failed,Non-Compliant,2024-06-25 00:00:00,
PAY000503,EMP005185,CLI004794,ZA,REG000764,284459,0,284459,ZAR,2023-11-14,completed,Compliant,2023-11-14 00:00:00,2023-11-14 00:30:57
PAY000504,EMP006836,CLI000195,BR,REG002937,210406,0,210406,BRL,2023-09-14,completed,Compliant,2023-09-14 00:00:00,2023-09-14 01:10:13
PAY000505,EMP000117,CLI001733,IN,REG002426,839981,209995,629986,INR,2025-04-18,failed,Non-Compliant,2025-04-18 00:00:00,
PAY000506,EMP001135,CLI004189,AU,REG000020,746537,0,746537,AUD,2024-02-23,pending,Non-Compliant,2024-02-23 00:00:00,
PAY000507,EMP002118,CLI003956,CA,REG001694,508041,157493,350548,CAD,2024-06-20,pending,Non-Compliant,2024-06-20 00:00:00,
PAY000508,EMP000582,CLI003806,FR,REG001836,339327,0,339327,EUR,2023-07-07,failed,Non-Compliant,2023-07-07 00:00:00,
PAY000509,EMP005324,CLI002585,UK,REG001924,106360,14890,91470,GBP,2024-04-16,pending,Non-Compliant,2024-04-16 00:00:00,
PAY000510,EMP003421,CLI004724,UK,REG002827,854042,0,854042,GBP,2025-03-22,failed,Non-Compliant,2025-03-22 00:00:00,
PAY000511,EMP000692,CLI002540,FR,REG000525,717060,0,717060,EUR,2023-11-24,pending,Non-Compliant,2023-11-24 00:00:00,
PAY000512,EMP003035,CLI003687,JP,REG002517,460604,0,460604,JPY,2023-07-22,failed,Non-Compliant,2023-07-22 00:00:00,
PAY000513,EMP006159,CLI003547,JP,REG002313,834779,0,834779,JPY,2024-06-25,pending,Non-Compliant,2024-06-25 00:00:00,
PAY000514,EMP003152,CLI003228,BR,REG002087,532592,138474,394118,BRL,2025-05-22,pending,Non-Compliant,2025-05-22 00:00:00,
PAY000515,EMP000383,CLI004097,IN,REG002977,213150,0,213150,INR,2025-05-09,pending,Non-Compliant,2025-05-09 00:00:00,
PAY000516,EMP005498,CLI003569,IN,REG001807,225710,0,225710,INR,2024-01-22,failed,Non-Compliant,2024-01-22 00:00:00,
PAY000517,EMP002546,CLI000578,FR,REG001693,933916,0,933916,EUR,2024-04-08,pending,Non-Compliant,2024-04-08 00:00:00,
PAY000518,EMP004022,CLI004254,JP,REG002067,358766,86104,272662,JPY,2023-06-05,completed,Compliant,2023-06-05 00:00:00,2023-06-05 01:17:03
PAY000519,EMP004055,CLI001176,AU,REG002813,633956,0,633956,AUD,2025-05-04,completed,Compliant,2025-05-04 00:00:00,2025-05-04 01:03:08
PAY000520,EMP003834,CLI001161,US,REG001996,766361,291217,475144,USD,2024-12-20,pending,Non-Compliant,2024-12-20 00:00:00,
PAY000521,EMP001364,CLI004538,JP,REG000039,169304,0,169304,JPY,2024-04-01,pending,Non-Compliant,2024-04-01 00:00:00,
PAY000522,EMP002963,CLI001394,IN,REG000212,901370,0,901370,INR,2024-09-03,pending,Non-Compliant,2024-09-03 00:00:00,
PAY000523,EMP004873,CLI001901,UK,REG002791,805273,0,805273,GBP,2025-02-20,pending,Non-Compliant,2025-02-20 00:00:00,
PAY000524,EMP005286,CLI002257,BR,REG002945,806610,306512,500098,BRL,2025-03-28,pending,Non-Compliant,2025-03-28 00:00:00,
PAY000525,EMP000284,CLI001144,FR,REG000334,820366,0,820366,EUR,2025-03-10,pending,Non-Compliant,2025-03-10 00:00:00,
PAY000526,EMP002500,CLI000306,FR,REG002153,281952,0,281952,EUR,2024-03-31,pending,Non-Compliant,2024-03-31 00:00:00,
PAY000527,EMP002013,CLI000728,UK,REG000875,331249,0,331249,GBP,2024-01-30,completed,Compliant,2024-01-30 00:00:00,2024-01-30 00:12:21
PAY000528,EMP004456,CLI001958,BR,REG000957,838685,0,838685,BRL,2024-04-07,failed,Non-Compliant,2024-04-07 00:00:00,
PAY000529,EMP001980,CLI004164,JP,REG000142,197645,0,197645,JPY,2024-08-15,completed,Compliant,2024-08-15 00:00:00,2024-08-15 00:18:46
PAY000530,EMP002153,CLI004110,DE,REG000118,418278,150580,267698,EUR,2023-07-19,pending,Non-Compliant,2023-07-19 00:00:00,
PAY000531,EMP004356,CLI002619,US,REG001863,570763,0,570763,USD,2023-06-05,pending,Non-Compliant,2023-06-05 00:00:00,
PAY000532,EMP003043,CLI001257,DE,REG000699,360595,79331,281264,EUR,2025-04-20,failed,Non-Compliant,2025-04-20 00:00:00,
PAY000533,EMP004665,CLI003375,IN,REG002129,409243,81849,327394,INR,2024-08-10,completed,Compliant,2024-08-10 00:00:00,2024-08-10 00:37:31
PAY000534,EMP004985,CLI004286,FR,REG002337,411798,0,411798,EUR,2024-10-06,pending,Non-Compliant,2024-10-06 00:00:00,
PAY000535,EMP001729,CLI004474,DE,REG001573,943713,0,943713,EUR,2024-04-02,completed,Compliant,2024-04-02 00:00:00,2024-04-02 01:55:10
PAY000536,EMP001636,CLI000729,BR,REG002811,741357,0,741357,BRL,2023-06-19,pending,Non-Compliant,2023-06-19 00:00:00,
PAY000537,EMP005379,CLI003255,BR,REG001204,414188,0,414188,BRL,2023-08-08,pending,Non-Compliant,2023-08-08 00:00:00,
PAY000538,EMP003475,CLI004445,BR,REG002297,691345,0,691345,BRL,2025-02-17,completed,Compliant,2025-02-17 00:00:00,2025-02-17 00:29:11
PAY000539,EMP005833,CLI004400,IN,REG001922,896703,0,896703,INR,2023-10-07,failed,Non-Compliant,2023-10-07 00:00:00,
PAY000540,EMP003582,CLI001153,ZA,REG001216,517578,0,517578,ZAR,2024-01-05,completed,Compliant,2024-01-05 00:00:00,2024-01-05 01:06:52
PAY000541,EMP002678,CLI004777,BR,REG002022,723251,0,723251,BRL,2024-02-18,completed,Compliant,2024-02-18 00:00:00,2024-02-18 01:14:24
PAY000542,EMP000908,CLI004937,AU,REG002210,337363,43857,293506,AUD,2024-06-30,completed,Compliant,2024-06-30 00:00:00,2024-06-30 00:54:24
PAY000543,EMP002511,CLI001377,ZA,REG002971,478815,162797,316018,ZAR,2024-11-17,pending,Non-Compliant,2024-11-17 00:00:00,
PAY000544,EMP004848,CLI004396,IN,REG000995,821537,0,821537,INR,2023-12-15,pending,Non-Compliant,2023-12-15 00:00:00,
PAY000545,EMP002326,CLI002964,ZA,REG000671,572690,97357,475333,ZAR,2025-02-24,pending,Non-Compliant,2025-02-24 00:00:00,
PAY000546,EMP006852,CLI003748,BR,REG000603,969491,319932,649559,BRL,2023-11-02,pending,Non-Compliant,2023-11-02 00:00:00,
PAY000547,EMP001566,CLI004966,JP,REG002456,608130,182439,425691,JPY,2023-05-27,pending,Non-Compliant,2023-05-27 00:00:00,
PAY000548,EMP000398,CLI004050,FR,REG000489,218005,87202,130803,EUR,2025-04-21,completed,Compliant,2025-04-21 00:00:00,2025-04-21 01:58:38
PAY000549,EMP006661,CLI002562,US,REG000314,783102,0,783102,USD,2024-11-12,failed,Non-Compliant,2024-11-12 00:00:00,
PAY000550,EMP005900,CLI003720,JP,REG000653,269085,0,269085,JPY,2024-07-25,completed,Compliant,2024-07-25 00:00:00,2024-07-25 01:54:53
PAY000551,EMP001301,CLI002992,UK,REG000568,211780,0,211780,GBP,2024-10-01,completed,Compliant,2024-10-01 00:00:00,2024-10-01 01:44:06
PAY000552,EMP005217,CLI002244,FR,REG000419,137319,0,137319,EUR,2023-06-22,failed,Non-Compliant,2023-06-22 00:00:00,
PAY000553,EMP002882,CLI002217,CA,REG001847,843634,244654,598980,CAD,2023-07-30,completed,Compliant,2023-07-30 00:00:00,2023-07-30 01:38:58
PAY000554,EMP003416,CLI003481,IN,REG000931,132086,30380,101706,INR,2023-05-28,completed,Compliant,2023-05-28 00:00:00,2023-05-28 00:50:32
PAY000555,EMP003342,CLI004928,UK,REG001153,812792,0,812792,GBP,2024-10-15,failed,Non-Compliant,2024-10-15 00:00:00,
PAY000556,EMP001737,CLI001077,US,REG001947,569731,0,569731,USD,2024-12-19,completed,Compliant,2024-12-19 00:00:00,2024-12-19 00:38:49
PAY000557,EMP003139,CLI004411,IN,REG000654,316524,0,316524,INR,2024-12-22,pending,Non-Compliant,2024-12-22 00:00:00,
PAY000558,EMP000748,CLI002571,CA,REG001314,311516,0,311516,CAD,2023-09-07,completed,Compliant,2023-09-07 00:00:00,2023-09-07 01:19:19
PAY000559,EMP002567,CLI002241,AU,REG002778,158991,46107,112884,AUD,2024-08-20,pending,Non-Compliant,2024-08-20 00:00:00,
PAY000560,EMP001307,CLI001553,UK,REG000358,895731,0,895731,GBP,2024-11-12,completed,Compliant,2024-11-12 00:00:00,2024-11-12 01:06:19
PAY000561,EMP006168,CLI004917,CA,REG001690,539073,118596,420477,CAD,2024-09-06,completed,Compliant,2024-09-06 00:00:00,2024-09-06 00:48:04
PAY000562,EMP001739,CLI004628,US,REG001467,563942,0,563942,USD,2024-04-02,completed,Compliant,2024-04-02 00:00:00,2024-04-02 01:43:28
PAY000563,EMP004981,CLI002476,UK,REG002342,225742,0,225742,GBP,2024-03-16,completed,Compliant,2024-03-16 00:00:00,2024-03-16 00:36:45
PAY000564,EMP006453,CLI003834,IN,REG001024,121644,29195,92449,INR,2023-12-21,completed,Compliant,2023-12-21 00:00:00,2023-12-21 01:16:39
PAY000565,EMP003966,CLI001930,IN,REG000519,601536,0,601536,INR,2025-02-23,failed,Non-Compliant,2025-02-23 00:00:00,
PAY000566,EMP005551,CLI001058,AU,REG001612,720514,0,720514,AUD,2024-01-02,failed,Non-Compliant,2024-01-02 00:00:00,
PAY000567,EMP006197,CLI001807,FR,REG002503,666640,0,666640,EUR,2025-05-08,pending,Non-Compliant,2025-05-08 00:00:00,
PAY000568,EMP004010,CLI003611,FR,REG002217,408833,0,408833,EUR,2025-04-14,pending,Non-Compliant,2025-04-14 00:00:00,
PAY000569,EMP003259,CLI002924,AU,REG000357,214546,0,214546,AUD,2025-03-11,pending,Non-Compliant,2025-03-11 00:00:00,
PAY000570,EMP003897,CLI004566,FR,REG001149,388442,0,388442,EUR,2023-09-01,pending,Non-Compliant,2023-09-01 00:00:00,
PAY000571,EMP000874,CLI001472,DE,REG001430,943848,0,943848,EUR,2024-05-08,pending,Non-Compliant,2024-05-08 00:00:00,
PAY000572,EMP003191,CLI002023,US,REG002226,195177,0,195177,USD,2024-07-01,pending,Non-Compliant,2024-07-01 00:00:00,
PAY000573,EMP004752,CLI001044,US,REG001221,770478,0,770478,USD,2024-08-24,failed,Non-Compliant,2024-08-24 00:00:00,
PAY000574,EMP004974,CLI001137,UK,REG001412,516404,170413,345991,GBP,2025-01-28,completed,Compliant,2025-01-28 00:00:00,2025-01-28 00:11:49
PAY000575,EMP000565,CLI002086,BR,REG001745,940364,0,940364,BRL,2024-06-10,completed,Compliant,2024-06-10 00:00:00,2024-06-10 00:17:12
PAY000576,EMP006803,CLI000414,US,REG001292,324605,87643,236962,USD,2023-11-05,failed,Non-Compliant,2023-11-05 00:00:00,
PAY000577,EMP003577,CLI004420,BR,REG000816,656857,0,656857,BRL,2025-03-01,pending,Non-Compliant,2025-03-01 00:00:00,
PAY000578,EMP005021,CLI002359,UK,REG001684,262842,0,262842,GBP,2024-08-06,failed,Non-Compliant,2024-08-06 00:00:00,
PAY000579,EMP006654,CLI004628,ZA,REG002079,270049,97218,172831,ZAR,2025-03-13,pending,Non-Compliant,2025-03-13 00:00:00,
PAY000580,EMP000572,CLI000355,IN,REG000713,878381,0,878381,INR,2025-04-01,failed,Non-Compliant,2025-04-01 00:00:00,
PAY000581,EMP001810,CLI003617,BR,REG002445,719790,266322,453468,BRL,2024-04-25,completed,Compliant,2024-04-25 00:00:00,2024-04-25 00:18:30
PAY000582,EMP002839,CLI002970,US,REG001443,727136,0,727136,USD,2025-01-06,failed,Non-Compliant,2025-01-06 00:00:00,
PAY000583,EMP002580,CLI002357,FR,REG002348,928077,0,928077,EUR,2024-11-22,failed,Non-Compliant,2024-11-22 00:00:00,
PAY000584,EMP006570,CLI001531,UK,REG000956,810794,0,810794,GBP,2023-07-19,completed,Compliant,2023-07-19 00:00:00,2023-07-19 00:16:12
PAY000585,EMP001452,CLI002664,DE,REG000158,452437,95012,357425,EUR,2023-06-11,failed,Non-Compliant,2023-06-11 00:00:00,
PAY000586,EMP004899,CLI002059,JP,REG000456,103470,41388,62082,JPY,2023-06-13,completed,Compliant,2023-06-13 00:00:00,2023-06-13 00:37:28
PAY000587,EMP001553,CLI003213,JP,REG002270,888897,0,888897,JPY,2025-05-07,pending,Non-Compliant,2025-05-07 00:00:00,
PAY000588,EMP002187,CLI001313,IN,REG001519,289239,107018,182221,INR,2024-01-20,pending,Non-Compliant,2024-01-20 00:00:00,
PAY000589,EMP006133,CLI002071,UK,REG002943,629416,157354,472062,GBP,2024-02-17,pending,Non-Compliant,2024-02-17 00:00:00,
PAY000590,EMP001207,CLI000061,ZA,REG000750,784133,0,784133,ZAR,2023-09-27,failed,Non-Compliant,2023-09-27 00:00:00,
PAY000591,EMP005173,CLI001352,FR,REG000321,666326,166582,499744,EUR,2023-10-11,pending,Non-Compliant,2023-10-11 00:00:00,
PAY000592,EMP003616,CLI002614,AU,REG001940,550203,159559,390644,AUD,2025-02-24,failed,Non-Compliant,2025-02-24 00:00:00,
PAY000593,EMP001287,CLI004155,UK,REG002326,142262,0,142262,GBP,2023-11-17,failed,Non-Compliant,2023-11-17 00:00:00,
PAY000594,EMP003653,CLI000871,US,REG002881,701789,0,701789,USD,2023-11-07,pending,Non-Compliant,2023-11-07 00:00:00,
PAY000595,EMP000461,CLI000323,US,REG001221,586366,0,586366,USD,2023-08-31,completed,Compliant,2023-08-31 00:00:00,2023-08-31 00:48:26
PAY000596,EMP000116,CLI000491,UK,REG000263,139049,0,139049,GBP,2024-11-13,failed,Non-Compliant,2024-11-13 00:00:00,
PAY000597,EMP005452,CLI004214,US,REG002280,670723,0,670723,USD,2023-09-02,completed,Compliant,2023-09-02 00:00:00,2023-09-02 00:22:01
PAY000598,EMP005987,CLI003653,US,REG002281,961606,0,961606,USD,2025-03-27,failed,Non-Compliant,2025-03-27 00:00:00,
PAY000599,EMP002709,CLI003384,IN,REG001474,432709,0,432709,INR,2023-07-27,pending,Non-Compliant,2023-07-27 00:00:00,
PAY000600,EMP000987,CLI003788,CA,REG002306,597466,0,597466,CAD,2025-04-09,completed,Compliant,2025-04-09 00:00:00,2025-04-09 00:41:14
PAY000601,EMP005359,CLI001774,CA,REG000145,360365,140542,219823,CAD,2024-06-01,completed,Compliant,2024-06-01 00:00:00,2024-06-01 01:37:35
PAY000602,EMP001804,CLI003101,IN,REG000932,358338,0,358338,INR,2023-07-24,failed,Non-Compliant,2023-07-24 00:00:00,
PAY000603,EMP002897,CLI000532,ZA,REG001951,356541,78439,278102,ZAR,2024-10-16,failed,Non-Compliant,2024-10-16 00:00:00,
PAY000604,EMP002737,CLI001644,IN,REG001549,469737,0,469737,INR,2024-11-21,failed,Non-Compliant,2024-11-21 00:00:00,
PAY000605,EMP002727,CLI001671,JP,REG000643,381348,118218,263130,JPY,2024-06-20,pending,Non-Compliant,2024-06-20 00:00:00,
PAY000606,EMP002568,CLI004093,IN,REG000356,429806,0,429806,INR,2024-01-08,failed,Non-Compliant,2024-01-08 00:00:00,
PAY000607,EMP003243,CLI004639,ZA,REG002641,447944,0,447944,ZAR,2025-01-21,failed,Non-Compliant,2025-01-21 00:00:00,
PAY000608,EMP002956,CLI003373,CA,REG002759,394488,0,394488,CAD,2024-08-28,pending,Non-Compliant,2024-08-28 00:00:00,
PAY000609,EMP000103,CLI001873,DE,REG000205,929393,0,929393,EUR,2024-07-10,failed,Non-Compliant,2024-07-10 00:00:00,
PAY000610,EMP005778,CLI001257,IN,REG001133,769560,0,769560,INR,2024-05-22,pending,Non-Compliant,2024-05-22 00:00:00,
PAY000611,EMP001493,CLI002099,JP,REG002274,344843,0,344843,JPY,2024-09-13,failed,Non-Compliant,2024-09-13 00:00:00,
PAY000612,EMP005221,CLI001047,IN,REG000766,107834,0,107834,INR,2025-04-19,completed,Compliant,2025-04-19 00:00:00,2025-04-19 00:24:13
PAY000613,EMP002671,CLI002892,DE,REG000430,339009,0,339009,EUR,2024-10-24,failed,Non-Compliant,2024-10-24 00:00:00,
PAY000614,EMP003931,CLI001621,DE,REG002796,431440,107860,323580,EUR,2024-01-22,failed,Non-Compliant,2024-01-22 00:00:00,
PAY000615,EMP003712,CLI002236,JP,REG000665,536206,75069,461137,JPY,2023-08-13,completed,Compliant,2023-08-13 00:00:00,2023-08-13 00:53:07
PAY000616,EMP000574,CLI000470,US,REG001701,942142,122478,819664,USD,2023-12-29,completed,Compliant,2023-12-29 00:00:00,2023-12-29 00:40:59
PAY000617,EMP001514,CLI003986,FR,REG002393,590611,124028,466583,EUR,2025-02-12,completed,Compliant,2025-02-12 00:00:00,2025-02-12 00:31:09
PAY000618,EMP001271,CLI000998,ZA,REG000854,603608,66397,537211,ZAR,2023-11-02,failed,Non-Compliant,2023-11-02 00:00:00,
PAY000619,EMP000132,CLI001217,IN,REG001012,674537,222597,451940,INR,2023-06-12,pending,Non-Compliant,2023-06-12 00:00:00,
PAY000620,EMP002550,CLI004975,BR,REG000957,237546,0,237546,BRL,2023-12-24,failed,Non-Compliant,2023-12-24 00:00:00,
PAY000621,EMP005226,CLI002503,FR,REG001867,178254,32086,146168,EUR,2024-03-21,completed,Compliant,2024-03-21 00:00:00,2024-03-21 01:58:47
PAY000622,EMP004651,CLI003543,BR,REG002052,601293,96207,505086,BRL,2024-04-11,completed,Compliant,2024-04-11 00:00:00,2024-04-11 00:08:55
PAY000623,EMP005544,CLI003832,AU,REG001612,643112,0,643112,AUD,2024-06-30,completed,Compliant,2024-06-30 00:00:00,2024-06-30 01:51:01
PAY000624,EMP004411,CLI002408,UK,REG001146,998849,0,998849,GBP,2024-12-08,failed,Non-Compliant,2024-12-08 00:00:00,
PAY000625,EMP006156,CLI000196,FR,REG002526,512117,0,512117,EUR,2024-01-27,pending,Non-Compliant,2024-01-27 00:00:00,
PAY000626,EMP000412,CLI002485,ZA,REG002037,240246,0,240246,ZAR,2023-07-29,failed,Non-Compliant,2023-07-29 00:00:00,
PAY000627,EMP003270,CLI002528,JP,REG002446,439557,0,439557,JPY,2023-11-19,pending,Non-Compliant,2023-11-19 00:00:00,
PAY000628,EMP005634,CLI000039,US,REG002949,488287,0,488287,USD,2023-12-31,completed,Compliant,2023-12-31 00:00:00,2023-12-31 01:24:00
PAY000629,EMP005570,CLI004243,US,REG002961,378367,0,378367,USD,2024-02-01,failed,Non-Compliant,2024-02-01 00:00:00,
PAY000630,EMP003346,CLI000134,IN,REG002593,890917,0,890917,INR,2024-09-05,completed,Compliant,2024-09-05 00:00:00,2024-09-05 01:30:45
PAY000631,EMP004336,CLI002737,CA,REG001593,621353,0,621353,CAD,2024-05-25,pending,Non-Compliant,2024-05-25 00:00:00,
PAY000632,EMP006448,CLI003905,ZA,REG002971,248651,84541,164110,ZAR,2025-05-15,pending,Non-Compliant,2025-05-15 00:00:00,
PAY000633,EMP006494,CLI001198,FR,REG000964,442290,0,442290,EUR,2023-06-27,pending,Non-Compliant,2023-06-27 00:00:00,
PAY000634,EMP001726,CLI001301,ZA,REG000681,503133,0,503133,ZAR,2024-02-20,pending,Non-Compliant,2024-02-20 00:00:00,
PAY000635,EMP003996,CLI003382,FR,REG001249,950931,0,950931,EUR,2024-02-20,failed,Non-Compliant,2024-02-20 00:00:00,
PAY000636,EMP004426,CLI002215,JP,REG000994,964849,0,964849,JPY,2023-09-30,pending,Non-Compliant,2023-09-30 00:00:00,
PAY000637,EMP003829,CLI002075,IN,REG000906,802862,0,802862,INR,2025-02-04,completed,Compliant,2025-02-04 00:00:00,2025-02-04 01:23:31
PAY000638,EMP005226,CLI000863,FR,REG001277,474569,109151,365418,EUR,2024-05-23,pending,Non-Compliant,2024-05-23 00:00:00,
PAY000639,EMP000376,CLI003164,FR,REG001770,943607,0,943607,EUR,2023-06-15,completed,Compliant,2023-06-15 00:00:00,2023-06-15 00:40:00
PAY000640,EMP000712,CLI003242,AU,REG002944,982288,0,982288,AUD,2023-10-18,completed,Compliant,2023-10-18 00:00:00,2023-10-18 01:45:12
PAY000641,EMP001382,CLI004259,AU,REG002672,447502,0,447502,AUD,2024-12-18,failed,Non-Compliant,2024-12-18 00:00:00,
PAY000642,EMP005696,CLI001387,JP,REG002923,948382,0,948382,JPY,2025-05-22,pending,Non-Compliant,2025-05-22 00:00:00,
PAY000643,EMP002226,CLI002087,ZA,REG001216,904720,0,904720,ZAR,2024-06-26,failed,Non-Compliant,2024-06-26 00:00:00,
PAY000644,EMP000155,CLI002950,UK,REG001241,941627,310737,630890,GBP,2025-02-22,failed,Non-Compliant,2025-02-22 00:00:00,
PAY000645,EMP000683,CLI002654,IN,REG002735,659425,0,659425,INR,2024-08-05,pending,Non-Compliant,2024-08-05 00:00:00,
PAY000646,EMP003416,CLI004599,IN,REG000462,700499,84060,616439,INR,2023-11-30,completed,Compliant,2023-11-30 00:00:00,2023-11-30 00:37:08
PAY000647,EMP004425,CLI000831,UK,REG001188,690197,0,690197,GBP,2025-01-26,failed,Non-Compliant,2025-01-26 00:00:00,
PAY000648,EMP004460,CLI003236,UK,REG001251,124893,0,124893,GBP,2023-11-19,failed,Non-Compliant,2023-11-19 00:00:00,
PAY000649,EMP004745,CLI004797,FR,REG000993,522024,0,522024,EUR,2023-07-16,pending,Non-Compliant,2023-07-16 00:00:00,
PAY000650,EMP000558,CLI001666,JP,REG000770,849321,0,849321,JPY,2024-03-28,failed,Non-Compliant,2024-03-28 00:00:00,
PAY000651,EMP004046,CLI002029,UK,REG002466,972499,0,972499,GBP,2024-02-03,failed,Non-Compliant,2024-02-03 00:00:00,
PAY000652,EMP005174,CLI001292,UK,REG002854,181953,25473,156480,GBP,2023-11-06,completed,Compliant,2023-11-06 00:00:00,2023-11-06 01:22:46
PAY000653,EMP001310,CLI003006,US,REG000124,447000,0,447000,USD,2024-12-25,completed,Compliant,2024-12-25 00:00:00,2024-12-25 00:16:55
PAY000654,EMP001477,CLI000814,BR,REG000149,664465,0,664465,BRL,2024-10-10,completed,Compliant,2024-10-10 00:00:00,2024-10-10 00:33:25
PAY000655,EMP002980,CLI003235,IN,REG000809,165877,0,165877,INR,2025-04-12,completed,Compliant,2025-04-12 00:00:00,2025-04-12 00:28:13
PAY000656,EMP005219,CLI000039,DE,REG001072,159911,0,159911,EUR,2024-08-31,failed,Non-Compliant,2024-08-31 00:00:00,
PAY000657,EMP004863,CLI002002,BR,REG000897,251165,0,251165,BRL,2025-01-10,completed,Compliant,2025-01-10 00:00:00,2025-01-10 00:11:12
PAY000658,EMP001001,CLI003964,IN,REG002922,923625,0,923625,INR,2024-05-06,failed,Non-Compliant,2024-05-06 00:00:00,
PAY000659,EMP001534,CLI000148,US,REG000141,264639,55574,209065,USD,2023-12-24,completed,Compliant,2023-12-24 00:00:00,2023-12-24 00:45:38
PAY000660,EMP006948,CLI002623,DE,REG001212,696778,118452,578326,EUR,2023-06-25,completed,Compliant,2023-06-25 00:00:00,2023-06-25 00:58:02
PAY000661,EMP003267,CLI000063,ZA,REG002686,720332,0,720332,ZAR,2024-10-31,failed,Non-Compliant,2024-10-31 00:00:00,
PAY000662,EMP005727,CLI004766,ZA,REG000033,194679,0,194679,ZAR,2024-06-26,failed,Non-Compliant,2024-06-26 00:00:00,
PAY000663,EMP005233,CLI002807,AU,REG000388,438596,0,438596,AUD,2024-05-31,pending,Non-Compliant,2024-05-31 00:00:00,
PAY000664,EMP006904,CLI004338,US,REG001191,945110,0,945110,USD,2023-10-05,completed,Compliant,2023-10-05 00:00:00,2023-10-05 01:42:53
PAY000665,EMP001953,CLI003940,IN,REG001291,805742,0,805742,INR,2024-05-17,completed,Compliant,2024-05-17 00:00:00,2024-05-17 01:04:11
PAY000666,EMP000931,CLI002494,CA,REG001821,381355,87712,293643,CAD,2024-07-30,completed,Compliant,2024-07-30 00:00:00,2024-07-30 01:27:56
PAY000667,EMP003566,CLI004525,UK,REG000655,518676,0,518676,GBP,2023-10-22,completed,Compliant,2023-10-22 00:00:00,2023-10-22 01:17:24
PAY000668,EMP003704,CLI001526,JP,REG000073,534369,0,534369,JPY,2025-04-29,completed,Compliant,2025-04-29 00:00:00,2025-04-29 01:06:46
PAY000669,EMP000271,CLI004257,FR,REG001322,141928,0,141928,EUR,2023-09-09,completed,Compliant,2023-09-09 00:00:00,2023-09-09 00:33:04
PAY000670,EMP000079,CLI004652,IN,REG002889,281895,95844,186051,INR,2024-08-24,failed,Non-Compliant,2024-08-24 00:00:00,
PAY000671,EMP005255,CLI003116,UK,REG000640,853638,162191,691447,GBP,2023-11-04,completed,Compliant,2023-11-04 00:00:00,2023-11-04 00:25:07
PAY000672,EMP005456,CLI001758,CA,REG000063,437192,161761,275431,CAD,2025-04-27,completed,Compliant,2025-04-27 00:00:00,2025-04-27 01:14:26
PAY000673,EMP001457,CLI001912,JP,REG001563,168472,0,168472,JPY,2023-07-10,failed,Non-Compliant,2023-07-10 00:00:00,
PAY000674,EMP001137,CLI002956,BR,REG001750,740259,118441,621818,BRL,2024-07-19,completed,Compliant,2024-07-19 00:00:00,2024-07-19 00:49:49
PAY000675,EMP001208,CLI003577,ZA,REG000223,179432,0,179432,ZAR,2025-04-29,completed,Compliant,2025-04-29 00:00:00,2025-04-29 00:18:44
PAY000676,EMP003828,CLI001356,US,REG002954,752992,0,752992,USD,2023-10-10,pending,Non-Compliant,2023-10-10 00:00:00,
PAY000677,EMP004334,CLI000217,BR,REG001069,901484,0,901484,BRL,2025-02-10,completed,Compliant,2025-02-10 00:00:00,2025-02-10 01:02:20
PAY000678,EMP000831,CLI000907,AU,REG000405,501341,0,501341,AUD,2023-07-31,pending,Non-Compliant,2023-07-31 00:00:00,
PAY000679,EMP000925,CLI004399,FR,REG002204,815199,0,815199,EUR,2024-05-11,pending,Non-Compliant,2024-05-11 00:00:00,
PAY000680,EMP003370,CLI002620,AU,REG000652,106353,0,106353,AUD,2025-05-14,failed,Non-Compliant,2025-05-14 00:00:00,
PAY000681,EMP000785,CLI001386,FR,REG001698,556481,83472,473009,EUR,2023-07-19,completed,Compliant,2023-07-19 00:00:00,2023-07-19 01:45:43
PAY000682,EMP003541,CLI000334,FR,REG002268,801742,0,801742,EUR,2025-02-16,completed,Compliant,2025-02-16 00:00:00,2025-02-16 00:25:27
PAY000683,EMP005036,CLI002768,BR,REG001518,534995,0,534995,BRL,2024-06-12,completed,Compliant,2024-06-12 00:00:00,2024-06-12 01:38:00
PAY000684,EMP001709,CLI000097,UK,REG000109,950881,0,950881,GBP,2024-07-13,pending,Non-Compliant,2024-07-13 00:00:00,
PAY000685,EMP002957,CLI000608,IN,REG000998,647501,226625,420876,INR,2024-07-15,completed,Compliant,2024-07-15 00:00:00,2024-07-15 00:38:02
PAY000686,EMP000496,CLI000021,CA,REG001672,502623,0,502623,CAD,2025-02-04,completed,Compliant,2025-02-04 00:00:00,2025-02-04 01:36:41
PAY000687,EMP004322,CLI004487,BR,REG001312,387919,0,387919,BRL,2023-06-23,failed,Non-Compliant,2023-06-23 00:00:00,
PAY000688,EMP002385,CLI001906,IN,REG002235,501923,0,501923,INR,2023-11-20,pending,Non-Compliant,2023-11-20 00:00:00,
PAY000689,EMP006403,CLI003703,CA,REG002378,325453,0,325453,CAD,2025-04-22,failed,Non-Compliant,2025-04-22 00:00:00,
PAY000690,EMP004996,CLI001861,FR,REG002505,760453,0,760453,EUR,2024-07-22,completed,Compliant,2024-07-22 00:00:00,2024-07-22 01:09:45
PAY000691,EMP000194,CLI002409,CA,REG002140,345342,0,345342,CAD,2025-02-11,pending,Non-Compliant,2025-02-11 00:00:00,
PAY000692,EMP006805,CLI001902,ZA,REG000221,940388,272713,667675,ZAR,2024-07-11,pending,Non-Compliant,2024-07-11 00:00:00,
PAY000693,EMP002637,CLI000689,JP,REG001905,906218,353425,552793,JPY,2025-03-27,failed,Non-Compliant,2025-03-27 00:00:00,
PAY000694,EMP004075,CLI004873,JP,REG000990,250298,0,250298,JPY,2024-10-23,pending,Non-Compliant,2024-10-23 00:00:00,
PAY000695,EMP003626,CLI001535,CA,REG001119,223791,0,223791,CAD,2024-09-05,failed,Non-Compliant,2024-09-05 00:00:00,
PAY000696,EMP004626,CLI001935,ZA,REG000162,862076,284485,577591,ZAR,2025-05-22,completed,Compliant,2025-05-22 00:00:00,2025-05-22 01:08:22
PAY000697,EMP001068,CLI001291,JP,REG000073,197146,0,197146,JPY,2024-05-19,pending,Non-Compliant,2024-05-19 00:00:00,
PAY000698,EMP000517,CLI001601,US,REG001052,124920,0,124920,USD,2024-06-17,pending,Non-Compliant,2024-06-17 00:00:00,
PAY000699,EMP006961,CLI004886,BR,REG002005,127931,21748,106183,BRL,2024-12-22,failed,Non-Compliant,2024-12-22 00:00:00,
PAY000700,EMP000323,CLI002578,FR,REG001836,260893,0,260893,EUR,2023-08-27,completed,Compliant,2023-08-27 00:00:00,2023-08-27 00:10:44
PAY000701,EMP000526,CLI002237,IN,REG000341,522157,198420,323737,INR,2025-01-09,failed,Non-Compliant,2025-01-09 00:00:00,
PAY000702,EMP003888,CLI000401,FR,REG000428,179844,0,179844,EUR,2023-05-30,failed,Non-Compliant,2023-05-30 00:00:00,
PAY000703,EMP005474,CLI003603,IN,REG002129,586692,117338,469354,INR,2024-04-19,pending,Non-Compliant,2024-04-19 00:00:00,
PAY000704,EMP004642,CLI001599,FR,REG002217,600536,0,600536,EUR,2024-11-09,failed,Non-Compliant,2024-11-09 00:00:00,
PAY000705,EMP005167,CLI002085,BR,REG000482,904811,0,904811,BRL,2024-03-20,completed,Compliant,2024-03-20 00:00:00,2024-03-20 01:35:33
PAY000706,EMP006794,CLI004949,BR,REG000288,764448,0,764448,BRL,2024-08-22,pending,Non-Compliant,2024-08-22 00:00:00,
PAY000707,EMP000206,CLI000657,DE,REG001513,367986,0,367986,EUR,2024-12-24,failed,Non-Compliant,2024-12-24 00:00:00,
PAY000708,EMP002018,CLI004731,IN,REG002851,569094,91055,478039,INR,2024-11-15,failed,Non-Compliant,2024-11-15 00:00:00,
PAY000709,EMP000511,CLI002247,ZA,REG000592,997115,229336,767779,ZAR,2025-03-28,completed,Compliant,2025-03-28 00:00:00,2025-03-28 01:54:10
PAY000710,EMP006725,CLI003294,JP,REG001959,466187,97899,368288,JPY,2023-06-19,failed,Non-Compliant,2023-06-19 00:00:00,
PAY000711,EMP003807,CLI004787,JP,REG002494,911907,0,911907,JPY,2024-05-19,pending,Non-Compliant,2024-05-19 00:00:00,
PAY000712,EMP002771,CLI000237,DE,REG000694,608045,0,608045,EUR,2023-11-25,pending,Non-Compliant,2023-11-25 00:00:00,
PAY000713,EMP000789,CLI003685,ZA,REG002248,611420,0,611420,ZAR,2024-11-07,completed,Compliant,2024-11-07 00:00:00,2024-11-07 01:36:04
PAY000714,EMP003458,CLI003958,AU,REG001501,167591,0,167591,AUD,2024-11-09,pending,Non-Compliant,2024-11-09 00:00:00,
PAY000715,EMP003823,CLI004547,IN,REG000212,895879,0,895879,INR,2025-05-05,completed,Compliant,2025-05-05 00:00:00,2025-05-05 01:21:52
PAY000716,EMP000034,CLI001884,UK,REG001256,986658,207198,779460,GBP,2023-12-13,failed,Non-Compliant,2023-12-13 00:00:00,
PAY000717,EMP002501,CLI003607,UK,REG002287,886578,257108,629470,GBP,2024-01-10,failed,Non-Compliant,2024-01-10 00:00:00,
PAY000718,EMP003771,CLI001218,FR,REG000682,875834,306542,569292,EUR,2024-11-26,pending,Non-Compliant,2024-11-26 00:00:00,
PAY000719,EMP000485,CLI001495,CA,REG002931,672500,0,672500,CAD,2025-03-08,pending,Non-Compliant,2025-03-08 00:00:00,
PAY000720,EMP004359,CLI003885,IN,REG001379,607626,0,607626,INR,2024-02-07,failed,Non-Compliant,2024-02-07 00:00:00,
PAY000721,EMP006421,CLI004086,FR,REG001215,737878,0,737878,EUR,2024-03-23,pending,Non-Compliant,2024-03-23 00:00:00,
PAY000722,EMP001430,CLI001557,FR,REG002337,657459,0,657459,EUR,2024-04-11,completed,Compliant,2024-04-11 00:00:00,2024-04-11 01:45:55
PAY000723,EMP001760,CLI000130,FR,REG001724,525338,89307,436031,EUR,2023-07-20,failed,Non-Compliant,2023-07-20 00:00:00,
PAY000724,EMP001338,CLI004713,UK,REG001304,904852,0,904852,GBP,2024-06-23,completed,Compliant,2024-06-23 00:00:00,2024-06-23 01:15:48
PAY000725,EMP004120,CLI004967,JP,REG002316,481319,178088,303231,JPY,2024-11-18,failed,Non-Compliant,2024-11-18 00:00:00,
PAY000726,EMP006552,CLI002344,CA,REG002532,789212,0,789212,CAD,2024-03-30,pending,Non-Compliant,2024-03-30 00:00:00,
PAY000727,EMP004372,CLI003726,AU,REG001351,221784,0,221784,AUD,2024-02-15,pending,Non-Compliant,2024-02-15 00:00:00,
PAY000728,EMP002035,CLI003218,BR,REG001177,750553,0,750553,BRL,2023-11-02,pending,Non-Compliant,2023-11-02 00:00:00,
PAY000729,EMP006521,CLI004530,BR,REG001745,739101,0,739101,BRL,2024-05-18,completed,Compliant,2024-05-18 00:00:00,2024-05-18 01:14:43
PAY000730,EMP006005,CLI001360,JP,REG002365,508576,188173,320403,JPY,2023-12-08,failed,Non-Compliant,2023-12-08 00:00:00,
PAY000731,EMP006463,CLI001849,JP,REG000958,324036,0,324036,JPY,2023-06-23,pending,Non-Compliant,2023-06-23 00:00:00,
PAY000732,EMP006802,CLI003198,BR,REG001187,905459,0,905459,BRL,2024-05-01,pending,Non-Compliant,2024-05-01 00:00:00,
PAY000733,EMP005167,CLI001592,BR,REG000816,866890,0,866890,BRL,2025-05-03,completed,Compliant,2025-05-03 00:00:00,2025-05-03 00:52:52
PAY000734,EMP002013,CLI001091,UK,REG001424,205022,0,205022,GBP,2023-08-03,completed,Compliant,2023-08-03 00:00:00,2023-08-03 01:24:47
PAY000735,EMP000752,CLI002092,DE,REG001829,720742,0,720742,EUR,2023-12-09,pending,Non-Compliant,2023-12-09 00:00:00,
PAY000736,EMP005644,CLI003286,FR,REG001731,975063,0,975063,EUR,2024-10-10,completed,Compliant,2024-10-10 00:00:00,2024-10-10 00:53:23
PAY000737,EMP001403,CLI001778,BR,REG002962,477631,114631,363000,BRL,2024-03-24,failed,Non-Compliant,2024-03-24 00:00:00,
PAY000738,EMP001597,CLI002260,FR,REG001836,128939,0,128939,EUR,2024-12-13,pending,Non-Compliant,2024-12-13 00:00:00,
PAY000739,EMP002181,CLI000960,ZA,REG001723,819291,0,819291,ZAR,2024-07-13,pending,Non-Compliant,2024-07-13 00:00:00,
PAY000740,EMP006063,CLI001206,CA,REG001469,343806,0,343806,CAD,2023-07-27,completed,Compliant,2023-07-27 00:00:00,2023-07-27 00:39:07
PAY000741,EMP000688,CLI004717,FR,REG000428,520470,0,520470,EUR,2023-06-26,completed,Compliant,2023-06-26 00:00:00,2023-06-26 00:36:14
PAY000742,EMP002170,CLI002366,DE,REG001457,399205,0,399205,EUR,2023-08-28,failed,Non-Compliant,2023-08-28 00:00:00,
PAY000743,EMP001365,CLI002451,ZA,REG000395,598792,89819,508973,ZAR,2025-04-15,failed,Non-Compliant,2025-04-15 00:00:00,
PAY000744,EMP001471,CLI004142,CA,REG002979,440709,0,440709,CAD,2024-02-19,pending,Non-Compliant,2024-02-19 00:00:00,
PAY000745,EMP000898,CLI003341,BR,REG001890,245278,0,245278,BRL,2023-08-01,completed,Compliant,2023-08-01 00:00:00,2023-08-01 00:18:41
PAY000746,EMP002237,CLI002061,UK,REG002462,649406,0,649406,GBP,2024-04-19,failed,Non-Compliant,2024-04-19 00:00:00,
PAY000747,EMP005411,CLI004884,FR,REG001950,260230,0,260230,EUR,2023-06-24,pending,Non-Compliant,2023-06-24 00:00:00,
PAY000748,EMP004105,CLI002647,BR,REG002395,327867,101639,226228,BRL,2023-12-01,completed,Compliant,2023-12-01 00:00:00,2023-12-01 01:29:03
PAY000749,EMP001756,CLI004668,BR,REG002962,437191,104926,332265,BRL,2025-02-23,pending,Non-Compliant,2025-02-23 00:00:00,
PAY000750,EMP006651,CLI000017,ZA,REG000569,315879,0,315879,ZAR,2024-07-01,pending,Non-Compliant,2024-07-01 00:00:00,
PAY000751,EMP000500,CLI002138,AU,REG002457,828569,0,828569,AUD,2025-03-03,pending,Non-Compliant,2025-03-03 00:00:00,
PAY000752,EMP003019,CLI002277,FR,REG000419,298217,0,298217,EUR,2023-07-23,failed,Non-Compliant,2023-07-23 00:00:00,
PAY000753,EMP003933,CLI000399,AU,REG000867,907916,0,907916,AUD,2023-11-27,failed,Non-Compliant,2023-11-27 00:00:00,
PAY000754,EMP002782,CLI002656,AU,REG002463,254365,43242,211123,AUD,2024-05-09,failed,Non-Compliant,2024-05-09 00:00:00,
PAY000755,EMP006063,CLI001149,CA,REG000878,123140,0,123140,CAD,2024-12-13,completed,Compliant,2024-12-13 00:00:00,2024-12-13 01:03:22
PAY000756,EMP002056,CLI001954,US,REG002224,913680,0,913680,USD,2024-08-27,pending,Non-Compliant,2024-08-27 00:00:00,
PAY000757,EMP006084,CLI003145,US,REG002601,675957,148711,527246,USD,2023-08-21,failed,Non-Compliant,2023-08-21 00:00:00,
PAY000758,EMP001376,CLI000581,ZA,REG001433,770299,161763,608536,ZAR,2023-06-13,completed,Compliant,2023-06-13 00:00:00,2023-06-13 01:58:37
PAY000759,EMP002200,CLI004836,AU,REG002104,483196,53152,430044,AUD,2024-10-22,completed,Compliant,2024-10-22 00:00:00,2024-10-22 01:29:57
PAY000760,EMP003188,CLI004873,CA,REG000552,123836,0,123836,CAD,2024-04-18,failed,Non-Compliant,2024-04-18 00:00:00,
PAY000761,EMP005133,CLI004973,US,REG002236,774956,0,774956,USD,2023-12-05,completed,Compliant,2023-12-05 00:00:00,2023-12-05 01:50:06
PAY000762,EMP000839,CLI000302,US,REG000806,566985,0,566985,USD,2025-03-19,completed,Compliant,2025-03-19 00:00:00,2025-03-19 01:01:59
PAY000763,EMP003160,CLI002181,US,REG001906,482267,0,482267,USD,2025-05-15,completed,Compliant,2025-05-15 00:00:00,2025-05-15 01:42:51
PAY000764,EMP003586,CLI000838,DE,REG000379,623177,143331,479846,EUR,2023-06-19,pending,Non-Compliant,2023-06-19 00:00:00,
PAY000765,EMP000880,CLI001564,IN,REG000862,102003,23461,78542,INR,2023-12-20,pending,Non-Compliant,2023-12-20 00:00:00,
PAY000766,EMP000666,CLI000431,ZA,REG001960,101483,28415,73068,ZAR,2024-07-31,completed,Compliant,2024-07-31 00:00:00,2024-07-31 00:35:00
PAY000767,EMP001533,CLI004432,CA,REG002308,602130,0,602130,CAD,2024-08-06,completed,Compliant,2024-08-06 00:00:00,2024-08-06 01:38:29
PAY000768,EMP003404,CLI001414,DE,REG002424,674985,0,674985,EUR,2023-11-11,completed,Compliant,2023-11-11 00:00:00,2023-11-11 00:18:52
PAY000769,EMP000492,CLI002164,ZA,REG002570,899708,0,899708,ZAR,2025-05-23,pending,Non-Compliant,2025-05-23 00:00:00,
PAY000770,EMP006123,CLI000300,FR,REG002671,226909,83956,142953,EUR,2023-11-05,pending,Non-Compliant,2023-11-05 00:00:00,
PAY000771,EMP006967,CLI003118,IN,REG002426,455527,113882,341645,INR,2025-01-03,failed,Non-Compliant,2025-01-03 00:00:00,
PAY000772,EMP005061,CLI001342,AU,REG002400,887587,0,887587,AUD,2025-03-12,failed,Non-Compliant,2025-03-12 00:00:00,
PAY000773,EMP000265,CLI000694,DE,REG000295,160704,0,160704,EUR,2024-08-19,failed,Non-Compliant,2024-08-19 00:00:00,
PAY000774,EMP002279,CLI003896,BR,REG001389,331649,0,331649,BRL,2023-07-14,completed,Compliant,2023-07-14 00:00:00,2023-07-14 00:07:35
PAY000775,EMP001825,CLI003466,IN,REG002536,322022,0,322022,INR,2024-11-08,completed,Compliant,2024-11-08 00:00:00,2024-11-08 01:42:12
PAY000776,EMP000554,CLI004250,AU,REG001709,431393,47453,383940,AUD,2024-10-01,failed,Non-Compliant,2024-10-01 00:00:00,
PAY000777,EMP005772,CLI004912,JP,REG001880,639077,0,639077,JPY,2024-01-16,failed,Non-Compliant,2024-01-16 00:00:00,
PAY000778,EMP002238,CLI003578,CA,REG002184,693728,0,693728,CAD,2023-09-06,pending,Non-Compliant,2023-09-06 00:00:00,
PAY000779,EMP001747,CLI004127,BR,REG002736,788399,0,788399,BRL,2024-01-14,failed,Non-Compliant,2024-01-14 00:00:00,
PAY000780,EMP001396,CLI004708,AU,REG001121,406013,133984,272029,AUD,2024-09-12,completed,Compliant,2024-09-12 00:00:00,2024-09-12 01:02:53
PAY000781,EMP003843,CLI001711,DE,REG002863,581178,215036,366142,EUR,2023-09-24,failed,Non-Compliant,2023-09-24 00:00:00,
PAY000782,EMP003194,CLI002554,AU,REG002296,114282,19428,94854,AUD,2024-04-07,pending,Non-Compliant,2024-04-07 00:00:00,
PAY000783,EMP005897,CLI002233,FR,REG000548,432075,0,432075,EUR,2025-05-03,completed,Compliant,2025-05-03 00:00:00,2025-05-03 00:30:54
PAY000784,EMP005978,CLI001883,US,REG002802,384813,0,384813,USD,2023-08-04,completed,Compliant,2023-08-04 00:00:00,2023-08-04 01:33:59
PAY000785,EMP004667,CLI000208,AU,REG000300,406900,0,406900,AUD,2023-06-09,completed,Compliant,2023-06-09 00:00:00,2023-06-09 01:38:10
PAY000786,EMP001092,CLI003357,FR,REG002609,790749,0,790749,EUR,2024-11-08,pending,Non-Compliant,2024-11-08 00:00:00,
PAY000787,EMP005070,CLI003433,BR,REG002005,745019,126653,618366,BRL,2024-03-29,pending,Non-Compliant,2024-03-29 00:00:00,
PAY000788,EMP001732,CLI003217,US,REG001977,708862,127595,581267,USD,2024-11-03,pending,Non-Compliant,2024-11-03 00:00:00,
PAY000789,EMP000140,CLI001404,AU,REG002577,860734,111895,748839,AUD,2024-08-13,pending,Non-Compliant,2024-08-13 00:00:00,
PAY000790,EMP000713,CLI001353,CA,REG000292,550368,0,550368,CAD,2024-02-11,completed,Compliant,2024-02-11 00:00:00,2024-02-11 00:20:46
PAY000791,EMP005433,CLI002340,IN,REG000749,379721,0,379721,INR,2024-05-13,pending,Non-Compliant,2024-05-13 00:00:00,
PAY000792,EMP000850,CLI002272,UK,REG002720,888804,0,888804,GBP,2024-10-04,completed,Compliant,2024-10-04 00:00:00,2024-10-04 00:20:54
PAY000793,EMP002828,CLI002859,CA,REG002781,154797,0,154797,CAD,2023-10-06,pending,Non-Compliant,2023-10-06 00:00:00,
PAY000794,EMP006440,CLI001969,JP,REG001366,464752,0,464752,JPY,2024-10-19,pending,Non-Compliant,2024-10-19 00:00:00,
PAY000795,EMP002755,CLI003855,JP,REG000982,676819,0,676819,JPY,2024-05-25,pending,Non-Compliant,2024-05-25 00:00:00,
PAY000796,EMP006331,CLI002710,ZA,REG002143,950692,0,950692,ZAR,2024-04-17,failed,Non-Compliant,2024-04-17 00:00:00,
PAY000797,EMP000311,CLI002969,JP,REG002553,905058,0,905058,JPY,2024-06-17,failed,Non-Compliant,2024-06-17 00:00:00,
PAY000798,EMP006336,CLI003980,US,REG001863,906446,0,906446,USD,2023-12-06,pending,Non-Compliant,2023-12-06 00:00:00,
PAY000799,EMP002064,CLI002888,DE,REG002712,819012,0,819012,EUR,2024-03-26,failed,Non-Compliant,2024-03-26 00:00:00,
PAY000800,EMP005959,CLI001397,IN,REG000817,168444,28635,139809,INR,2023-09-20,pending,Non-Compliant,2023-09-20 00:00:00,
PAY000801,EMP002711,CLI004854,FR,REG002680,477378,0,477378,EUR,2024-12-19,pending,Non-Compliant,2024-12-19 00:00:00,
PAY000802,EMP006927,CLI001391,DE,REG000246,693704,0,693704,EUR,2024-09-28,completed,Compliant,2024-09-28 00:00:00,2024-09-28 01:37:50
PAY000803,EMP006980,CLI001434,IN,REG000838,630090,233133,396957,INR,2025-01-22,pending,Non-Compliant,2025-01-22 00:00:00,
PAY000804,EMP005088,CLI003507,JP,REG001636,717087,0,717087,JPY,2025-04-23,failed,Non-Compliant,2025-04-23 00:00:00,
PAY000805,EMP002684,CLI002087,ZA,REG000764,807884,0,807884,ZAR,2024-12-24,completed,Compliant,2024-12-24 00:00:00,2024-12-24 00:51:18
PAY000806,EMP005559,CLI001164,DE,REG002794,654905,255413,399492,EUR,2025-01-16,failed,Non-Compliant,2025-01-16 00:00:00,
PAY000807,EMP000493,CLI002205,FR,REG001140,565306,0,565306,EUR,2025-05-12,failed,Non-Compliant,2025-05-12 00:00:00,
PAY000808,EMP000311,CLI000734,JP,REG002494,152965,0,152965,JPY,2024-02-16,completed,Compliant,2024-02-16 00:00:00,2024-02-16 00:35:54
PAY000809,EMP002805,CLI002620,IN,REG000448,354582,120558,234024,INR,2023-10-28,completed,Compliant,2023-10-28 00:00:00,2023-10-28 00:53:18
PAY000810,EMP003848,CLI000566,JP,REG001845,853441,0,853441,JPY,2023-09-25,completed,Compliant,2023-09-25 00:00:00,2023-09-25 01:07:56
PAY000811,EMP005793,CLI003949,CA,REG000915,947430,0,947430,CAD,2024-05-24,failed,Non-Compliant,2024-05-24 00:00:00,
PAY000812,EMP003072,CLI002329,US,REG001467,244922,0,244922,USD,2023-06-23,pending,Non-Compliant,2023-06-23 00:00:00,
PAY000813,EMP003417,CLI003558,UK,REG000438,217757,0,217757,GBP,2024-09-23,pending,Non-Compliant,2024-09-23 00:00:00,
PAY000814,EMP006126,CLI001152,CA,REG000771,344008,0,344008,CAD,2025-03-15,completed,Compliant,2025-03-15 00:00:00,2025-03-15 01:04:16
PAY000815,EMP000183,CLI000624,AU,REG001940,284044,82373,201671,AUD,2023-09-05,completed,Compliant,2023-09-05 00:00:00,2023-09-05 01:46:55
PAY000816,EMP000564,CLI004063,US,REG002750,548362,0,548362,USD,2024-10-19,failed,Non-Compliant,2024-10-19 00:00:00,
PAY000817,EMP001547,CLI002861,UK,REG002272,569151,0,569151,GBP,2023-07-23,completed,Compliant,2023-07-23 00:00:00,2023-07-23 01:20:11
PAY000818,EMP004941,CLI004158,BR,REG000947,296661,97898,198763,BRL,2024-02-17,failed,Non-Compliant,2024-02-17 00:00:00,
PAY000819,EMP000336,CLI003940,FR,REG001446,740709,0,740709,EUR,2023-09-14,completed,Compliant,2023-09-14 00:00:00,2023-09-14 01:15:53
PAY000820,EMP000696,CLI001895,AU,REG001853,993145,317806,675339,AUD,2024-01-17,completed,Compliant,2024-01-17 00:00:00,2024-01-17 00:29:04
PAY000821,EMP000500,CLI000711,AU,REG002677,362688,90672,272016,AUD,2025-04-14,pending,Non-Compliant,2025-04-14 00:00:00,
PAY000822,EMP004334,CLI003521,BR,REG001520,477675,0,477675,BRL,2023-11-11,completed,Compliant,2023-11-11 00:00:00,2023-11-11 01:37:42
PAY000823,EMP000444,CLI004955,FR,REG000902,114304,0,114304,EUR,2024-04-07,failed,Non-Compliant,2024-04-07 00:00:00,
PAY000824,EMP001631,CLI000395,AU,REG000433,524103,0,524103,AUD,2024-08-01,completed,Compliant,2024-08-01 00:00:00,2024-08-01 01:09:05
PAY000825,EMP005989,CLI000257,UK,REG000832,917654,0,917654,GBP,2024-12-03,failed,Non-Compliant,2024-12-03 00:00:00,
PAY000826,EMP004754,CLI003384,US,REG001438,536971,0,536971,USD,2024-05-22,pending,Non-Compliant,2024-05-22 00:00:00,
PAY000827,EMP004085,CLI003408,CA,REG002206,509427,0,509427,CAD,2024-03-30,pending,Non-Compliant,2024-03-30 00:00:00,
PAY000828,EMP002802,CLI002855,AU,REG002414,380037,0,380037,AUD,2024-12-14,pending,Non-Compliant,2024-12-14 00:00:00,
PAY000829,EMP002447,CLI001704,JP,REG001949,897063,152501,744562,JPY,2023-06-05,failed,Non-Compliant,2023-06-05 00:00:00,
PAY000830,EMP002049,CLI002048,UK,REG002551,652043,0,652043,GBP,2024-04-30,completed,Compliant,2024-04-30 00:00:00,2024-04-30 01:37:53
PAY000831,EMP001655,CLI000883,US,REG001982,749725,0,749725,USD,2023-08-13,failed,Non-Compliant,2023-08-13 00:00:00,
PAY000832,EMP000413,CLI004703,FR,REG000690,661836,0,661836,EUR,2023-11-26,pending,Non-Compliant,2023-11-26 00:00:00,
PAY000833,EMP002581,CLI001108,FR,REG001875,311535,0,311535,EUR,2025-02-08,completed,Compliant,2025-02-08 00:00:00,2025-02-08 00:11:37
PAY000834,EMP001574,CLI001685,UK,REG001253,687521,0,687521,GBP,2024-06-23,completed,Compliant,2024-06-23 00:00:00,2024-06-23 01:46:10
PAY000835,EMP002991,CLI004260,JP,REG000349,976424,0,976424,JPY,2024-01-29,pending,Non-Compliant,2024-01-29 00:00:00,
PAY000836,EMP002579,CLI003805,IN,REG001762,806919,0,806919,INR,2024-12-13,failed,Non-Compliant,2024-12-13 00:00:00,
PAY000837,EMP000187,CLI003540,FR,REG000721,325359,130144,195215,EUR,2024-12-14,pending,Non-Compliant,2024-12-14 00:00:00,
PAY000838,EMP001135,CLI000869,AU,REG002167,446956,0,446956,AUD,2023-11-16,completed,Compliant,2023-11-16 00:00:00,2023-11-16 00:38:05
PAY000839,EMP002620,CLI002504,DE,REG000684,842409,0,842409,EUR,2024-10-15,failed,Non-Compliant,2024-10-15 00:00:00,
PAY000840,EMP006676,CLI000879,UK,REG002559,493281,0,493281,GBP,2023-12-20,pending,Non-Compliant,2023-12-20 00:00:00,
PAY000841,EMP003441,CLI002088,DE,REG001410,985664,0,985664,EUR,2024-02-16,failed,Non-Compliant,2024-02-16 00:00:00,
PAY000842,EMP005414,CLI004742,FR,REG000682,727537,254638,472899,EUR,2024-07-28,pending,Non-Compliant,2024-07-28 00:00:00,
PAY000843,EMP003715,CLI003578,DE,REG001229,256838,0,256838,EUR,2023-12-04,completed,Compliant,2023-12-04 00:00:00,2023-12-04 00:38:08
PAY000844,EMP004643,CLI002825,FR,REG001685,926404,166753,759651,EUR,2023-09-29,pending,Non-Compliant,2023-09-29 00:00:00,
PAY000845,EMP001374,CLI002959,UK,REG000195,306001,0,306001,GBP,2024-04-26,completed,Compliant,2024-04-26 00:00:00,2024-04-26 01:36:55
PAY000846,EMP004155,CLI000914,BR,REG001027,515887,185719,330168,BRL,2024-05-07,pending,Non-Compliant,2024-05-07 00:00:00,
PAY000847,EMP001317,CLI002166,DE,REG001829,262663,0,262663,EUR,2024-02-20,failed,Non-Compliant,2024-02-20 00:00:00,
PAY000848,EMP004347,CLI004847,US,REG002946,904611,0,904611,USD,2025-01-25,failed,Non-Compliant,2025-01-25 00:00:00,
PAY000849,EMP005487,CLI000676,BR,REG001518,422413,0,422413,BRL,2025-05-13,failed,Non-Compliant,2025-05-13 00:00:00,
PAY000850,EMP003146,CLI004783,IN,REG001697,624140,0,624140,INR,2023-10-07,failed,Non-Compliant,2023-10-07 00:00:00,
PAY000851,EMP002263,CLI002401,ZA,REG001460,691130,0,691130,ZAR,2024-10-03,pending,Non-Compliant,2024-10-03 00:00:00,
PAY000852,EMP002445,CLI001182,CA,REG002090,790710,0,790710,CAD,2023-05-29,pending,Non-Compliant,2023-05-29 00:00:00,
PAY000853,EMP001951,CLI003034,CA,REG002783,127155,0,127155,CAD,2023-10-31,completed,Compliant,2023-10-31 00:00:00,2023-10-31 00:14:16
PAY000854,EMP001391,CLI004311,IN,REG001575,980464,0,980464,INR,2024-12-01,completed,Compliant,2024-12-01 00:00:00,2024-12-01 01:46:11
PAY000855,EMP003077,CLI002094,UK,REG002469,428930,0,428930,GBP,2025-01-27,failed,Non-Compliant,2025-01-27 00:00:00,
PAY000856,EMP004044,CLI003998,ZA,REG000056,551896,0,551896,ZAR,2024-10-12,completed,Compliant,2024-10-12 00:00:00,2024-10-12 00:59:34
PAY000857,EMP004907,CLI003078,BR,REG001745,212442,0,212442,BRL,2024-05-03,completed,Compliant,2024-05-03 00:00:00,2024-05-03 01:24:05
PAY000858,EMP003698,CLI001871,AU,REG000198,939987,0,939987,AUD,2024-12-24,failed,Non-Compliant,2024-12-24 00:00:00,
PAY000859,EMP003469,CLI000364,CA,REG002333,782893,0,782893,CAD,2024-12-29,completed,Compliant,2024-12-29 00:00:00,2024-12-29 01:54:39
PAY000860,EMP006085,CLI000469,IN,REG000654,727911,0,727911,INR,2023-11-15,failed,Non-Compliant,2023-11-15 00:00:00,
PAY000861,EMP006532,CLI003961,BR,REG001531,169046,0,169046,BRL,2025-04-22,failed,Non-Compliant,2025-04-22 00:00:00,
PAY000862,EMP005825,CLI002210,IN,REG000143,545758,0,545758,INR,2024-09-19,failed,Non-Compliant,2024-09-19 00:00:00,
PAY000863,EMP005743,CLI000800,UK,REG002112,705629,0,705629,GBP,2024-10-27,completed,Compliant,2024-10-27 00:00:00,2024-10-27 00:18:04
PAY000864,EMP001815,CLI001044,FR,REG001529,771874,0,771874,EUR,2025-03-16,completed,Compliant,2025-03-16 00:00:00,2025-03-16 01:12:58
PAY000865,EMP006569,CLI002867,JP,REG000455,896718,0,896718,JPY,2024-07-04,pending,Non-Compliant,2024-07-04 00:00:00,
PAY000866,EMP003943,CLI001467,IN,REG001656,539016,0,539016,INR,2024-06-07,completed,Compliant,2024-06-07 00:00:00,2024-06-07 00:38:54
PAY000867,EMP005878,CLI001648,UK,REG002542,929430,0,929430,GBP,2024-02-19,failed,Non-Compliant,2024-02-19 00:00:00,
PAY000868,EMP001028,CLI004113,CA,REG002674,540897,0,540897,CAD,2025-01-29,pending,Non-Compliant,2025-01-29 00:00:00,
PAY000869,EMP002772,CLI003464,AU,REG000459,712050,0,712050,AUD,2023-12-06,pending,Non-Compliant,2023-12-06 00:00:00,
PAY000870,EMP003205,CLI002937,AU,REG002744,163213,21218,141995,AUD,2024-09-15,failed,Non-Compliant,2024-09-15 00:00:00,
PAY000871,EMP006084,CLI003406,US,REG002566,723312,0,723312,USD,2023-12-06,completed,Compliant,2023-12-06 00:00:00,2023-12-06 00:47:36
PAY000872,EMP005548,CLI004769,US,REG002244,873644,0,873644,USD,2024-07-03,completed,Compliant,2024-07-03 00:00:00,2024-07-03 00:53:15
PAY000873,EMP002470,CLI001957,FR,REG000253,315562,0,315562,EUR,2023-08-16,failed,Non-Compliant,2023-08-16 00:00:00,
PAY000874,EMP003178,CLI002798,FR,REG001277,675304,155320,519984,EUR,2024-09-05,pending,Non-Compliant,2024-09-05 00:00:00,
PAY000875,EMP004658,CLI003385,JP,REG002109,207477,64318,143159,JPY,2025-04-17,pending,Non-Compliant,2025-04-17 00:00:00,
PAY000876,EMP000954,CLI001539,IN,REG000401,286345,0,286345,INR,2024-09-21,completed,Compliant,2024-09-21 00:00:00,2024-09-21 00:44:06
PAY000877,EMP001534,CLI000611,US,REG000741,915669,173977,741692,USD,2023-08-16,pending,Non-Compliant,2023-08-16 00:00:00,
PAY000878,EMP004184,CLI003310,BR,REG000756,455434,0,455434,BRL,2024-09-24,pending,Non-Compliant,2024-09-24 00:00:00,
PAY000879,EMP000551,CLI003519,DE,REG002823,173372,0,173372,EUR,2024-10-25,completed,Compliant,2024-10-25 00:00:00,2024-10-25 00:22:34
PAY000880,EMP004649,CLI004571,AU,REG002388,902783,0,902783,AUD,2024-03-16,failed,Non-Compliant,2024-03-16 00:00:00,
PAY000881,EMP006877,CLI002491,FR,REG001950,537476,0,537476,EUR,2025-05-16,failed,Non-Compliant,2025-05-16 00:00:00,
PAY000882,EMP004305,CLI004157,IN,REG002486,778298,217923,560375,INR,2025-01-11,failed,Non-Compliant,2025-01-11 00:00:00,
PAY000883,EMP005140,CLI004682,UK,REG002065,278377,52892,225485,GBP,2024-11-26,failed,Non-Compliant,2024-11-26 00:00:00,
PAY000884,EMP003480,CLI000417,UK,REG001181,412754,0,412754,GBP,2024-02-05,completed,Compliant,2024-02-05 00:00:00,2024-02-05 01:02:23
PAY000885,EMP002128,CLI001500,DE,REG001015,613633,122727,490906,EUR,2024-04-13,pending,Non-Compliant,2024-04-13 00:00:00,
PAY000886,EMP001478,CLI003456,BR,REG001745,758597,0,758597,BRL,2024-03-25,failed,Non-Compliant,2024-03-25 00:00:00,
PAY000887,EMP002051,CLI003954,UK,REG000724,103892,40518,63374,GBP,2023-12-06,completed,Compliant,2023-12-06 00:00:00,2023-12-06 00:19:45
PAY000888,EMP002306,CLI000081,US,REG002224,925043,0,925043,USD,2024-08-08,failed,Non-Compliant,2024-08-08 00:00:00,
PAY000889,EMP000906,CLI000884,DE,REG002324,283420,79358,204062,EUR,2024-08-04,pending,Non-Compliant,2024-08-04 00:00:00,
PAY000890,EMP006169,CLI003483,DE,REG002896,613601,122720,490881,EUR,2024-01-16,completed,Compliant,2024-01-16 00:00:00,2024-01-16 01:03:17
PAY000891,EMP001996,CLI004293,CA,REG002249,686427,0,686427,CAD,2023-10-05,failed,Non-Compliant,2023-10-05 00:00:00,
PAY000892,EMP002972,CLI001228,US,REG001927,831074,0,831074,USD,2024-12-26,completed,Compliant,2024-12-26 00:00:00,2024-12-26 00:06:31
PAY000893,EMP001423,CLI003853,US,REG001052,471905,0,471905,USD,2025-04-18,completed,Compliant,2025-04-18 00:00:00,2025-04-18 00:45:43
PAY000894,EMP001688,CLI003207,UK,REG001794,509296,0,509296,GBP,2023-08-02,pending,Non-Compliant,2023-08-02 00:00:00,
PAY000895,EMP005081,CLI000531,AU,REG001372,789716,0,789716,AUD,2023-06-26,completed,Compliant,2023-06-26 00:00:00,2023-06-26 01:05:22
PAY000896,EMP000015,CLI001778,BR,REG001502,854286,0,854286,BRL,2023-12-14,completed,Compliant,2023-12-14 00:00:00,2023-12-14 01:26:56
PAY000897,EMP006098,CLI001785,ZA,REG000758,282915,76387,206528,ZAR,2024-12-05,pending,Non-Compliant,2024-12-05 00:00:00,
PAY000898,EMP006163,CLI001426,ZA,REG000599,790290,0,790290,ZAR,2024-12-30,pending,Non-Compliant,2024-12-30 00:00:00,
PAY000899,EMP005811,CLI003120,DE,REG002119,878386,0,878386,EUR,2024-04-01,pending,Non-Compliant,2024-04-01 00:00:00,
PAY000900,EMP001695,CLI002797,IN,REG001658,715160,143032,572128,INR,2024-11-20,completed,Compliant,2024-11-20 00:00:00,2024-11-20 00:32:08
PAY000901,EMP006873,CLI001239,DE,REG002011,204342,0,204342,EUR,2024-01-25,completed,Compliant,2024-01-25 00:00:00,2024-01-25 01:04:42
PAY000902,EMP000105,CLI003516,UK,REG001236,102975,26774,76201,GBP,2023-10-10,failed,Non-Compliant,2023-10-10 00:00:00,
PAY000903,EMP006752,CLI003383,BR,REG001668,699577,0,699577,BRL,2025-03-13,failed,Non-Compliant,2025-03-13 00:00:00,
PAY000904,EMP001136,CLI000524,US,REG000273,401357,0,401357,USD,2024-01-29,failed,Non-Compliant,2024-01-29 00:00:00,
PAY000905,EMP005817,CLI000643,US,REG000515,690275,0,690275,USD,2024-05-14,completed,Compliant,2024-05-14 00:00:00,2024-05-14 00:24:39
PAY000906,EMP003822,CLI001712,AU,REG002577,127018,16512,110506,AUD,2023-09-13,failed,Non-Compliant,2023-09-13 00:00:00,
PAY000907,EMP005222,CLI001872,ZA,REG001834,446444,0,446444,ZAR,2023-06-11,pending,Non-Compliant,2023-06-11 00:00:00,
PAY000908,EMP003213,CLI000603,UK,REG001553,257668,0,257668,GBP,2023-08-25,pending,Non-Compliant,2023-08-25 00:00:00,
PAY000909,EMP005325,CLI004763,IN,REG001238,472731,184365,288366,INR,2025-01-17,completed,Compliant,2025-01-17 00:00:00,2025-01-17 01:42:47
PAY000910,EMP004222,CLI001647,US,REG001651,109154,0,109154,USD,2024-12-13,pending,Non-Compliant,2024-12-13 00:00:00,
PAY000911,EMP005602,CLI001417,US,REG002643,144324,31751,112573,USD,2023-07-08,failed,Non-Compliant,2023-07-08 00:00:00,
PAY000912,EMP005470,CLI001791,US,REG001633,849343,0,849343,USD,2024-02-12,completed,Compliant,2024-02-12 00:00:00,2024-02-12 01:01:55
PAY000913,EMP002826,CLI001645,JP,REG001197,768039,284174,483865,JPY,2023-06-07,failed,Non-Compliant,2023-06-07 00:00:00,
PAY000914,EMP001272,CLI003671,ZA,REG001216,408655,0,408655,ZAR,2025-01-26,failed,Non-Compliant,2025-01-26 00:00:00,
PAY000915,EMP005641,CLI000803,UK,REG001676,506465,116487,389978,GBP,2024-10-21,pending,Non-Compliant,2024-10-21 00:00:00,
PAY000916,EMP004768,CLI002044,UK,REG001729,831962,0,831962,GBP,2023-12-06,completed,Compliant,2023-12-06 00:00:00,2023-12-06 01:40:26
PAY000917,EMP000446,CLI004550,DE,REG001816,551193,0,551193,EUR,2024-09-27,pending,Non-Compliant,2024-09-27 00:00:00,
PAY000918,EMP000504,CLI003260,FR,REG002331,213221,0,213221,EUR,2024-10-01,completed,Compliant,2024-10-01 00:00:00,2024-10-01 01:43:50
PAY000919,EMP002701,CLI002392,UK,REG000769,864294,0,864294,GBP,2024-12-11,pending,Non-Compliant,2024-12-11 00:00:00,
PAY000920,EMP006516,CLI002912,IN,REG002851,165024,26404,138620,INR,2025-02-24,failed,Non-Compliant,2025-02-24 00:00:00,
PAY000921,EMP001310,CLI000032,US,REG002691,556911,55691,501220,USD,2024-09-03,completed,Compliant,2024-09-03 00:00:00,2024-09-03 01:48:32
PAY000922,EMP005841,CLI004809,CA,REG000387,208724,0,208724,CAD,2024-01-20,pending,Non-Compliant,2024-01-20 00:00:00,
PAY000923,EMP003824,CLI004705,BR,REG002395,472290,146410,325880,BRL,2024-11-08,pending,Non-Compliant,2024-11-08 00:00:00,
PAY000924,EMP000731,CLI003344,CA,REG001123,753294,0,753294,CAD,2024-05-30,pending,Non-Compliant,2024-05-30 00:00:00,
PAY000925,EMP002883,CLI001127,UK,REG002231,855230,0,855230,GBP,2024-09-18,pending,Non-Compliant,2024-09-18 00:00:00,
PAY000926,EMP004162,CLI003168,IN,REG000868,732824,227175,505649,INR,2023-08-25,completed,Compliant,2023-08-25 00:00:00,2023-08-25 01:37:46
PAY000927,EMP000889,CLI004616,BR,REG001652,342004,0,342004,BRL,2023-06-12,failed,Non-Compliant,2023-06-12 00:00:00,
PAY000928,EMP005459,CLI002158,DE,REG000139,606451,0,606451,EUR,2023-06-15,completed,Compliant,2023-06-15 00:00:00,2023-06-15 01:10:04
PAY000929,EMP004754,CLI002097,US,REG001753,703813,0,703813,USD,2023-09-05,completed,Compliant,2023-09-05 00:00:00,2023-09-05 01:30:54
PAY000930,EMP006064,CLI003352,BR,REG001594,532232,0,532232,BRL,2023-10-15,pending,Non-Compliant,2023-10-15 00:00:00,
PAY000931,EMP003236,CLI004442,CA,REG000407,893270,0,893270,CAD,2023-11-11,failed,Non-Compliant,2023-11-11 00:00:00,
PAY000932,EMP004391,CLI000134,DE,REG002099,662801,0,662801,EUR,2024-12-05,pending,Non-Compliant,2024-12-05 00:00:00,
PAY000933,EMP006364,CLI000740,JP,REG000206,905314,144850,760464,JPY,2025-01-05,failed,Non-Compliant,2025-01-05 00:00:00,
PAY000934,EMP005713,CLI003279,JP,REG002095,412011,0,412011,JPY,2024-09-23,failed,Non-Compliant,2024-09-23 00:00:00,
PAY000935,EMP006101,CLI001706,AU,REG002296,268757,45689,223068,AUD,2023-08-31,failed,Non-Compliant,2023-08-31 00:00:00,
PAY000936,EMP004622,CLI003142,UK,REG001831,780953,0,780953,GBP,2024-04-16,failed,Non-Compliant,2024-04-16 00:00:00,
PAY000937,EMP006611,CLI001263,FR,REG000080,621256,0,621256,EUR,2024-04-26,completed,Compliant,2024-04-26 00:00:00,2024-04-26 00:38:28
PAY000938,EMP005219,CLI002680,DE,REG002194,473562,0,473562,EUR,2023-07-24,completed,Compliant,2023-07-24 00:00:00,2023-07-24 00:18:06
PAY000939,EMP005499,CLI004350,UK,REG001206,130904,23563,107341,GBP,2024-10-13,pending,Non-Compliant,2024-10-13 00:00:00,
PAY000940,EMP004036,CLI000005,ZA,REG002481,995721,0,995721,ZAR,2023-12-25,completed,Compliant,2023-12-25 00:00:00,2023-12-25 00:55:58
PAY000941,EMP005479,CLI001758,FR,REG000690,912143,0,912143,EUR,2024-02-15,completed,Compliant,2024-02-15 00:00:00,2024-02-15 01:48:57
PAY000942,EMP004510,CLI004733,IN,REG002922,949153,0,949153,INR,2023-12-25,completed,Compliant,2023-12-25 00:00:00,2023-12-25 00:24:00
PAY000943,EMP005061,CLI003511,AU,REG002192,867184,0,867184,AUD,2025-01-16,pending,Non-Compliant,2025-01-16 00:00:00,
PAY000944,EMP001800,CLI003635,ZA,REG002061,949832,0,949832,ZAR,2023-10-15,completed,Compliant,2023-10-15 00:00:00,2023-10-15 00:28:44
PAY000945,EMP001831,CLI003074,ZA,REG001373,552958,105062,447896,ZAR,2023-05-30,pending,Non-Compliant,2023-05-30 00:00:00,
PAY000946,EMP002962,CLI000824,FR,REG002169,100865,0,100865,EUR,2024-10-21,pending,Non-Compliant,2024-10-21 00:00:00,
PAY000947,EMP004745,CLI002670,FR,REG000006,465069,111617,353452,EUR,2023-06-07,pending,Non-Compliant,2023-06-07 00:00:00,
PAY000948,EMP004017,CLI000278,UK,REG001473,630058,0,630058,GBP,2024-07-22,completed,Compliant,2024-07-22 00:00:00,2024-07-22 01:01:45
PAY000949,EMP002602,CLI001648,AU,REG001267,836831,0,836831,AUD,2024-03-17,pending,Non-Compliant,2024-03-17 00:00:00,
PAY000950,EMP004923,CLI000046,AU,REG001162,453223,172225,280998,AUD,2023-08-17,completed,Compliant,2023-08-17 00:00:00,2023-08-17 01:28:45
PAY000951,EMP004836,CLI004503,DE,REG001673,988960,0,988960,EUR,2024-06-19,pending,Non-Compliant,2024-06-19 00:00:00,
PAY000952,EMP005355,CLI001974,ZA,REG002474,771637,0,771637,ZAR,2024-06-12,pending,Non-Compliant,2024-06-12 00:00:00,
PAY000953,EMP005887,CLI004117,BR,REG000251,565736,203665,362071,BRL,2024-12-05,pending,Non-Compliant,2024-12-05 00:00:00,
PAY000954,EMP003512,CLI001739,DE,REG002580,152320,0,152320,EUR,2024-02-12,completed,Compliant,2024-02-12 00:00:00,2024-02-12 00:24:20
PAY000955,EMP000774,CLI003460,IN,REG000738,820724,0,820724,INR,2023-06-22,failed,Non-Compliant,2023-06-22 00:00:00,
PAY000956,EMP006874,CLI004164,UK,REG002097,384613,0,384613,GBP,2024-09-05,completed,Compliant,2024-09-05 00:00:00,2024-09-05 01:58:14
PAY000957,EMP000398,CLI000423,FR,REG000155,395001,47400,347601,EUR,2024-01-14,failed,Non-Compliant,2024-01-14 00:00:00,
PAY000958,EMP002505,CLI002584,BR,REG000062,801622,152308,649314,BRL,2024-08-13,completed,Compliant,2024-08-13 00:00:00,2024-08-13 00:50:01
PAY000959,EMP004983,CLI000209,IN,REG002440,111696,0,111696,INR,2023-07-02,failed,Non-Compliant,2023-07-02 00:00:00,
PAY000960,EMP000576,CLI002623,BR,REG000288,505670,0,505670,BRL,2024-11-03,completed,Compliant,2024-11-03 00:00:00,2024-11-03 01:05:11
PAY000961,EMP002110,CLI001898,BR,REG002043,925907,111109,814798,BRL,2024-04-08,pending,Non-Compliant,2024-04-08 00:00:00,
PAY000962,EMP005167,CLI001998,BR,REG001531,546532,0,546532,BRL,2023-11-14,failed,Non-Compliant,2023-11-14 00:00:00,
PAY000963,EMP006918,CLI004700,DE,REG001937,308779,0,308779,EUR,2024-01-25,failed,Non-Compliant,2024-01-25 00:00:00,
PAY000964,EMP005211,CLI000857,UK,REG000183,643944,0,643944,GBP,2024-01-23,failed,Non-Compliant,2024-01-23 00:00:00,
PAY000965,EMP001725,CLI004712,IN,REG000579,578016,0,578016,INR,2023-08-11,failed,Non-Compliant,2023-08-11 00:00:00,
PAY000966,EMP003096,CLI001647,US,REG002665,571308,0,571308,USD,2024-12-11,completed,Compliant,2024-12-11 00:00:00,2024-12-11 00:22:22
PAY000967,EMP000108,CLI004436,BR,REG001750,213267,34123,179144,BRL,2025-04-18,pending,Non-Compliant,2025-04-18 00:00:00,
PAY000968,EMP005221,CLI001434,IN,REG001257,813655,0,813655,INR,2023-08-04,failed,Non-Compliant,2023-08-04 00:00:00,
PAY000969,EMP002936,CLI000342,JP,REG000343,177928,0,177928,JPY,2024-03-26,completed,Compliant,2024-03-26 00:00:00,2024-03-26 01:48:56
PAY000970,EMP001608,CLI000117,CA,REG001722,370208,0,370208,CAD,2024-01-13,failed,Non-Compliant,2024-01-13 00:00:00,
PAY000971,EMP004733,CLI001486,BR,REG001468,695648,0,695648,BRL,2024-04-29,completed,Compliant,2024-04-29 00:00:00,2024-04-29 00:38:14
PAY000972,EMP002568,CLI004830,IN,REG002368,662370,251701,410669,INR,2023-10-27,failed,Non-Compliant,2023-10-27 00:00:00,
PAY000973,EMP000297,CLI003667,ZA,REG001096,322212,45110,277102,ZAR,2024-12-18,completed,Compliant,2024-12-18 00:00:00,2024-12-18 01:07:49
PAY000974,EMP005565,CLI003524,US,REG002255,450270,0,450270,USD,2023-06-03,pending,Non-Compliant,2023-06-03 00:00:00,
PAY000975,EMP000297,CLI004289,ZA,REG002967,848252,0,848252,ZAR,2024-05-29,pending,Non-Compliant,2024-05-29 00:00:00,
PAY000976,EMP004728,CLI002537,BR,REG001594,904819,0,904819,BRL,2024-08-27,completed,Compliant,2024-08-27 00:00:00,2024-08-27 01:35:03
PAY000977,EMP000136,CLI003853,ZA,REG001009,650705,0,650705,ZAR,2024-07-16,failed,Non-Compliant,2024-07-16 00:00:00,
PAY000978,EMP004506,CLI002377,CA,REG000999,515022,97854,417168,CAD,2024-09-15,failed,Non-Compliant,2024-09-15 00:00:00,
PAY000979,EMP005481,CLI003337,ZA,REG000941,575243,0,575243,ZAR,2025-05-24,completed,Compliant,2025-05-24 00:00:00,2025-05-24 01:04:12
PAY000980,EMP001956,CLI001675,ZA,REG000764,780605,0,780605,ZAR,2023-07-09,failed,Non-Compliant,2023-07-09 00:00:00,
PAY000981,EMP005190,CLI003152,AU,REG002319,107671,0,107671,AUD,2025-04-08,failed,Non-Compliant,2025-04-08 00:00:00,
PAY000982,EMP006161,CLI003865,AU,REG001846,558819,0,558819,AUD,2024-02-20,completed,Compliant,2024-02-20 00:00:00,2024-02-20 01:46:02
PAY000983,EMP001002,CLI004513,ZA,REG001602,603316,193061,410255,ZAR,2023-10-09,pending,Non-Compliant,2023-10-09 00:00:00,
PAY000984,EMP002668,CLI000636,FR,REG000624,300937,36112,264825,EUR,2024-11-27,completed,Compliant,2024-11-27 00:00:00,2024-11-27 01:44:51
PAY000985,EMP006657,CLI002794,DE,REG002251,473465,0,473465,EUR,2024-12-30,failed,Non-Compliant,2024-12-30 00:00:00,
PAY000986,EMP003585,CLI004041,AU,REG002319,857994,0,857994,AUD,2024-08-08,pending,Non-Compliant,2024-08-08 00:00:00,
PAY000987,EMP000585,CLI004576,ZA,REG002752,988784,0,988784,ZAR,2023-06-25,completed,Compliant,2023-06-25 00:00:00,2023-06-25 01:35:11
PAY000988,EMP004527,CLI000483,DE,REG002896,786915,157383,629532,EUR,2023-10-01,completed,Compliant,2023-10-01 00:00:00,2023-10-01 01:45:42
PAY000989,EMP001278,CLI003586,CA,REG002537,387631,0,387631,CAD,2025-03-31,pending,Non-Compliant,2025-03-31 00:00:00,
PAY000990,EMP002210,CLI001521,US,REG000141,553133,116158,436975,USD,2024-08-30,pending,Non-Compliant,2024-08-30 00:00:00,
PAY000991,EMP001951,CLI004004,CA,REG000063,475881,176076,299805,CAD,2025-05-25,completed,Compliant,2025-05-25 00:00:00,2025-05-25 00:49:06
PAY000992,EMP004340,CLI002181,AU,REG002538,635170,0,635170,AUD,2025-01-22,completed,Compliant,2025-01-22 00:00:00,2025-01-22 01:19:21
PAY000993,EMP006222,CLI001433,DE,REG002848,696151,0,696151,EUR,2024-11-15,pending,Non-Compliant,2024-11-15 00:00:00,
PAY000994,EMP003096,CLI003812,US,REG001863,775584,0,775584,USD,2025-03-11,pending,Non-Compliant,2025-03-11 00:00:00,
PAY000995,EMP000525,CLI003393,JP,REG001087,353624,0,353624,JPY,2023-11-07,pending,Non-Compliant,2023-11-07 00:00:00,
PAY000996,EMP003904,CLI002532,JP,REG001498,427140,0,427140,JPY,2023-10-26,failed,Non-Compliant,2023-10-26 00:00:00,
PAY000997,EMP002591,CLI001455,ZA,REG001098,420759,122020,298739,ZAR,2025-02-03,pending,Non-Compliant,2025-02-03 00:00:00,
PAY000998,EMP002911,CLI002434,AU,REG002296,370404,62969,307435,AUD,2025-03-06,failed,Non-Compliant,2025-03-06 00:00:00,
PAY000999,EMP005553,CLI002647,BR,REG002901,231595,0,231595,BRL,2024-06-11,failed,Non-Compliant,2024-06-11 00:00:00,
PAY001000,EMP001142,CLI004944,CA,REG002025,859270,0,859270,CAD,2025-05-22,failed,Non-Compliant,2025-05-22 00:00:00,
PAY001001,EMP004697,CLI004264,DE,REG000233,201252,0,201252,EUR,2023-10-12,failed,Non-Compliant,2023-10-12 00:00:00,
PAY001002,EMP002992,CLI003545,IN,REG000559,837041,0,837041,INR,2023-10-11,completed,Compliant,2023-10-11 00:00:00,2023-10-11 00:41:53
PAY001003,EMP003902,CLI002619,IN,REG001252,589101,0,589101,INR,2023-06-04,completed,Compliant,2023-06-04 00:00:00,2023-06-04 00:45:15
PAY001004,EMP003767,CLI004050,JP,REG002430,762426,0,762426,JPY,2024-10-28,pending,Non-Compliant,2024-10-28 00:00:00,
PAY001005,EMP000303,CLI004358,CA,REG001813,694917,201526,493391,CAD,2025-01-06,completed,Compliant,2025-01-06 00:00:00,2025-01-06 01:31:36
PAY001006,EMP000075,CLI000554,US,REG002870,553604,0,553604,USD,2023-06-17,completed,Compliant,2023-06-17 00:00:00,2023-06-17 00:29:53
PAY001007,EMP004775,CLI000495,BR,REG001134,490526,0,490526,BRL,2024-03-04,pending,Non-Compliant,2024-03-04 00:00:00,
PAY001008,EMP001453,CLI003508,US,REG002619,558231,178634,379597,USD,2024-04-24,pending,Non-Compliant,2024-04-24 00:00:00,
PAY001009,EMP000422,CLI002818,AU,REG001184,369276,132939,236337,AUD,2023-06-18,failed,Non-Compliant,2023-06-18 00:00:00,
PAY001010,EMP003086,CLI001692,UK,REG001088,316940,0,316940,GBP,2025-01-07,failed,Non-Compliant,2025-01-07 00:00:00,
PAY001011,EMP006368,CLI002462,UK,REG002809,235657,0,235657,GBP,2023-09-10,failed,Non-Compliant,2023-09-10 00:00:00,
PAY001012,EMP005109,CLI000439,BR,REG001855,351007,0,351007,BRL,2025-02-28,completed,Compliant,2025-02-28 00:00:00,2025-02-28 00:42:35
PAY001013,EMP002777,CLI002762,CA,REG000407,877218,0,877218,CAD,2024-12-31,pending,Non-Compliant,2024-12-31 00:00:00,
PAY001014,EMP005918,CLI001093,IN,REG002447,944710,0,944710,INR,2024-02-03,failed,Non-Compliant,2024-02-03 00:00:00,
PAY001015,EMP003296,CLI001659,DE,REG000962,589524,0,589524,EUR,2024-10-14,failed,Non-Compliant,2024-10-14 00:00:00,
PAY001016,EMP006587,CLI001190,DE,REG000874,995833,0,995833,EUR,2023-11-25,pending,Non-Compliant,2023-11-25 00:00:00,
PAY001017,EMP003800,CLI004303,AU,REG000445,199092,0,199092,AUD,2024-06-12,pending,Non-Compliant,2024-06-12 00:00:00,
PAY001018,EMP006123,CLI003095,FR,REG001957,743731,178495,565236,EUR,2023-12-23,completed,Compliant,2023-12-23 00:00:00,2023-12-23 01:24:26
PAY001019,EMP004751,CLI003423,BR,REG002509,325844,0,325844,BRL,2025-03-25,failed,Non-Compliant,2025-03-25 00:00:00,
PAY001020,EMP005925,CLI004558,ZA,REG000863,669336,180721,488615,ZAR,2023-11-05,completed,Compliant,2023-11-05 00:00:00,2023-11-05 00:08:48
PAY001021,EMP002822,CLI003636,US,REG001633,604240,0,604240,USD,2024-08-01,pending,Non-Compliant,2024-08-01 00:00:00,
PAY001022,EMP006161,CLI004675,AU,REG000908,573948,223840,350108,AUD,2024-02-06,pending,Non-Compliant,2024-02-06 00:00:00,
PAY001023,EMP001550,CLI004685,IN,REG000620,239515,79040,160475,INR,2024-04-18,failed,Non-Compliant,2024-04-18 00:00:00,
PAY001024,EMP002298,CLI001826,JP,REG000461,966711,348016,618695,JPY,2025-04-16,failed,Non-Compliant,2025-04-16 00:00:00,
PAY001025,EMP001142,CLI003209,CA,REG002427,100879,0,100879,CAD,2023-07-01,failed,Non-Compliant,2023-07-01 00:00:00,
PAY001026,EMP001519,CLI000776,ZA,REG001602,716683,229339,487344,ZAR,2024-11-18,completed,Compliant,2024-11-18 00:00:00,2024-11-18 00:34:35
PAY001027,EMP004110,CLI002279,UK,REG001810,407553,130417,277136,GBP,2023-07-25,pending,Non-Compliant,2023-07-25 00:00:00,
PAY001028,EMP000527,CLI004413,FR,REG002656,247768,29732,218036,EUR,2023-08-04,failed,Non-Compliant,2023-08-04 00:00:00,
PAY001029,EMP004340,CLI001902,AU,REG001148,335151,0,335151,AUD,2023-07-28,completed,Compliant,2023-07-28 00:00:00,2023-07-28 00:06:25
PAY001030,EMP002843,CLI001298,UK,REG002023,125191,0,125191,GBP,2023-08-22,completed,Compliant,2023-08-22 00:00:00,2023-08-22 01:49:07
PAY001031,EMP004137,CLI002673,BR,REG000763,527359,105472,421887,BRL,2024-12-21,pending,Non-Compliant,2024-12-21 00:00:00,
PAY001032,EMP005470,CLI003659,US,REG001776,108164,33531,74633,USD,2024-11-09,failed,Non-Compliant,2024-11-09 00:00:00,
PAY001033,EMP004747,CLI000821,US,REG002881,424261,0,424261,USD,2023-08-22,pending,Non-Compliant,2023-08-22 00:00:00,
PAY001034,EMP003494,CLI001140,DE,REG002373,742413,237572,504841,EUR,2025-01-16,failed,Non-Compliant,2025-01-16 00:00:00,
PAY001035,EMP000756,CLI000488,FR,REG001000,801515,160303,641212,EUR,2025-05-08,completed,Compliant,2025-05-08 00:00:00,2025-05-08 01:36:30
PAY001036,EMP004296,CLI004392,US,REG002244,865391,0,865391,USD,2024-08-22,completed,Compliant,2024-08-22 00:00:00,2024-08-22 00:52:29
PAY001037,EMP002570,CLI001722,ZA,REG001801,964374,0,964374,ZAR,2023-10-13,pending,Non-Compliant,2023-10-13 00:00:00,
PAY001038,EMP002441,CLI004291,US,REG002374,145485,0,145485,USD,2024-09-22,pending,Non-Compliant,2024-09-22 00:00:00,
PAY001039,EMP006750,CLI002961,JP,REG002987,289810,66656,223154,JPY,2024-04-15,completed,Compliant,2024-04-15 00:00:00,2024-04-15 01:11:44
PAY001040,EMP004459,CLI002371,AU,REG002275,568599,62546,506053,AUD,2024-06-28,completed,Compliant,2024-06-28 00:00:00,2024-06-28 01:36:13
PAY001041,EMP003236,CLI001714,CA,REG002252,292122,0,292122,CAD,2024-09-28,failed,Non-Compliant,2024-09-28 00:00:00,
PAY001042,EMP000639,CLI002404,ZA,REG001854,319678,79920,239758,ZAR,2025-05-10,completed,Compliant,2025-05-10 00:00:00,2025-05-10 01:43:07
PAY001043,EMP003173,CLI001247,JP,REG000252,522181,0,522181,JPY,2023-11-19,completed,Compliant,2023-11-19 00:00:00,2023-11-19 01:30:50
PAY001044,EMP004211,CLI003319,AU,REG000044,950214,0,950214,AUD,2023-06-12,completed,Compliant,2023-06-12 00:00:00,2023-06-12 01:25:54
PAY001045,EMP002552,CLI004092,ZA,REG002869,564010,0,564010,ZAR,2023-06-22,completed,Compliant,2023-06-22 00:00:00,2023-06-22 01:38:20
PAY001046,EMP002304,CLI001962,DE,REG002751,668520,0,668520,EUR,2023-09-02,completed,Compliant,2023-09-02 00:00:00,2023-09-02 00:55:22
PAY001047,EMP002081,CLI000778,AU,REG001089,131112,41956,89156,AUD,2023-08-03,failed,Non-Compliant,2023-08-03 00:00:00,
PAY001048,EMP000500,CLI003074,AU,REG000492,470844,98877,371967,AUD,2023-09-17,pending,Non-Compliant,2023-09-17 00:00:00,
PAY001049,EMP003535,CLI002606,AU,REG000870,571745,0,571745,AUD,2024-08-14,completed,Compliant,2024-08-14 00:00:00,2024-08-14 00:47:21
PAY001050,EMP002506,CLI004369,US,REG000311,775117,0,775117,USD,2023-10-06,pending,Non-Compliant,2023-10-06 00:00:00,
PAY001051,EMP005207,CLI003099,BR,REG001675,653789,130758,523031,BRL,2024-05-31,pending,Non-Compliant,2024-05-31 00:00:00,
PAY001052,EMP001247,CLI000852,FR,REG000834,416796,0,416796,EUR,2024-09-12,failed,Non-Compliant,2024-09-12 00:00:00,
PAY001053,EMP005192,CLI003497,US,REG000014,380979,60957,320022,USD,2024-01-26,failed,Non-Compliant,2024-01-26 00:00:00,
PAY001054,EMP000653,CLI003396,US,REG000161,758003,288041,469962,USD,2024-11-25,pending,Non-Compliant,2024-11-25 00:00:00,
PAY001055,EMP006123,CLI000492,FR,REG000253,693842,0,693842,EUR,2024-11-01,failed,Non-Compliant,2024-11-01 00:00:00,
PAY001056,EMP001496,CLI000851,AU,REG001870,366575,73315,293260,AUD,2025-05-06,completed,Compliant,2025-05-06 00:00:00,2025-05-06 01:13:24
PAY001057,EMP003622,CLI001632,BR,REG001336,694110,0,694110,BRL,2025-03-14,failed,Non-Compliant,2025-03-14 00:00:00,
PAY001058,EMP004187,CLI001098,CA,REG002976,918113,110174,807939,CAD,2023-10-04,completed,Compliant,2023-10-04 00:00:00,2023-10-04 01:27:59
PAY001059,EMP002558,CLI004027,US,REG001633,967963,0,967963,USD,2024-11-02,completed,Compliant,2024-11-02 00:00:00,2024-11-02 00:53:29
PAY001060,EMP004470,CLI003855,AU,REG002938,387505,0,387505,AUD,2023-08-09,pending,Non-Compliant,2023-08-09 00:00:00,
PAY001061,EMP001809,CLI001455,BR,REG000742,487516,0,487516,BRL,2023-09-19,completed,Compliant,2023-09-19 00:00:00,2023-09-19 00:12:23
PAY001062,EMP005597,CLI004687,FR,REG001403,907219,0,907219,EUR,2025-01-29,completed,Compliant,2025-01-29 00:00:00,2025-01-29 01:34:16
PAY001063,EMP001597,CLI000114,FR,REG001742,768282,0,768282,EUR,2024-05-26,pending,Non-Compliant,2024-05-26 00:00:00,
PAY001064,EMP003775,CLI003801,FR,REG000428,678015,0,678015,EUR,2023-07-18,completed,Compliant,2023-07-18 00:00:00,2023-07-18 00:07:44
PAY001065,EMP006192,CLI000196,JP,REG001044,564229,191838,372391,JPY,2023-12-14,failed,Non-Compliant,2023-12-14 00:00:00,
PAY001066,EMP001383,CLI002834,CA,REG001119,692902,0,692902,CAD,2024-07-09,failed,Non-Compliant,2024-07-09 00:00:00,
PAY001067,EMP005232,CLI000772,CA,REG000148,490349,107877,382472,CAD,2025-03-06,pending,Non-Compliant,2025-03-06 00:00:00,
PAY001068,EMP002069,CLI001821,ZA,REG002495,310586,0,310586,ZAR,2024-02-17,pending,Non-Compliant,2024-02-17 00:00:00,
PAY001069,EMP005382,CLI003728,CA,REG000911,549654,0,549654,CAD,2024-08-11,completed,Compliant,2024-08-11 00:00:00,2024-08-11 00:15:11
PAY001070,EMP004709,CLI000540,BR,REG001582,329921,65984,263937,BRL,2024-08-10,pending,Non-Compliant,2024-08-10 00:00:00,
PAY001071,EMP001398,CLI002397,ZA,REG002637,725500,203140,522360,ZAR,2024-08-25,failed,Non-Compliant,2024-08-25 00:00:00,
PAY001072,EMP006174,CLI004158,BR,REG000900,105208,32614,72594,BRL,2023-12-18,completed,Compliant,2023-12-18 00:00:00,2023-12-18 01:35:15
PAY001073,EMP005500,CLI000389,DE,REG002654,420884,0,420884,EUR,2023-08-02,completed,Compliant,2023-08-02 00:00:00,2023-08-02 01:20:30
PAY001074,EMP004169,CLI000906,DE,REG002796,418794,104698,314096,EUR,2024-09-30,failed,Non-Compliant,2024-09-30 00:00:00,
PAY001075,EMP006920,CLI000984,US,REG002387,592789,0,592789,USD,2024-06-02,pending,Non-Compliant,2024-06-02 00:00:00,
PAY001076,EMP006679,CLI001361,UK,REG000830,646550,0,646550,GBP,2024-09-11,pending,Non-Compliant,2024-09-11 00:00:00,
PAY001077,EMP002737,CLI003909,IN,REG000244,783319,305494,477825,INR,2024-04-14,pending,Non-Compliant,2024-04-14 00:00:00,
PAY001078,EMP006034,CLI004916,ZA,REG001096,222284,31120,191164,ZAR,2024-03-11,failed,Non-Compliant,2024-03-11 00:00:00,
PAY001079,EMP000519,CLI000443,ZA,REG001105,365812,0,365812,ZAR,2024-08-18,failed,Non-Compliant,2024-08-18 00:00:00,
PAY001080,EMP002023,CLI001379,AU,REG000833,141245,35311,105934,AUD,2024-10-15,pending,Non-Compliant,2024-10-15 00:00:00,
PAY001081,EMP003984,CLI001244,AU,REG001202,457690,0,457690,AUD,2025-03-14,failed,Non-Compliant,2025-03-14 00:00:00,
PAY001082,EMP006457,CLI002307,US,REG001420,307318,0,307318,USD,2025-01-18,failed,Non-Compliant,2025-01-18 00:00:00,
PAY001083,EMP002422,CLI003947,IN,REG000254,855809,0,855809,INR,2025-03-06,failed,Non-Compliant,2025-03-06 00:00:00,
PAY001084,EMP005262,CLI004883,AU,REG001896,331202,0,331202,AUD,2024-06-24,pending,Non-Compliant,2024-06-24 00:00:00,
PAY001085,EMP004784,CLI002919,IN,REG001369,858679,334885,523794,INR,2024-09-13,completed,Compliant,2024-09-13 00:00:00,2024-09-13 01:10:05
PAY001086,EMP006040,CLI004282,CA,REG002519,271970,0,271970,CAD,2023-10-19,completed,Compliant,2023-10-19 00:00:00,2023-10-19 01:58:19
PAY001087,EMP003365,CLI002013,ZA,REG001264,358734,0,358734,ZAR,2024-07-20,completed,Compliant,2024-07-20 00:00:00,2024-07-20 00:52:55
PAY001088,EMP006795,CLI004221,ZA,REG000599,683965,0,683965,ZAR,2023-12-20,failed,Non-Compliant,2023-12-20 00:00:00,
PAY001089,EMP002615,CLI002231,US,REG000084,977138,0,977138,USD,2024-11-15,pending,Non-Compliant,2024-11-15 00:00:00,
PAY001090,EMP005497,CLI002740,AU,REG002700,694712,0,694712,AUD,2023-11-14,pending,Non-Compliant,2023-11-14 00:00:00,
PAY001091,EMP004788,CLI001026,FR,REG000135,206127,0,206127,EUR,2023-10-16,pending,Non-Compliant,2023-10-16 00:00:00,
PAY001092,EMP001731,CLI000486,ZA,REG002180,253356,0,253356,ZAR,2024-01-16,pending,Non-Compliant,2024-01-16 00:00:00,
PAY001093,EMP005032,CLI002106,UK,REG000303,327821,0,327821,GBP,2023-05-27,pending,Non-Compliant,2023-05-27 00:00:00,
PAY001094,EMP003854,CLI000587,IN,REG001182,196499,0,196499,INR,2024-01-14,failed,Non-Compliant,2024-01-14 00:00:00,
PAY001095,EMP003863,CLI000080,FR,REG000637,945690,0,945690,EUR,2024-03-16,pending,Non-Compliant,2024-03-16 00:00:00,
PAY001096,EMP000242,CLI003231,US,REG001124,330580,59504,271076,USD,2024-08-02,failed,Non-Compliant,2024-08-02 00:00:00,
PAY001097,EMP004324,CLI004341,UK,REG002551,349337,0,349337,GBP,2023-12-11,failed,Non-Compliant,2023-12-11 00:00:00,
PAY001098,EMP003245,CLI001704,AU,REG001612,940088,0,940088,AUD,2024-08-25,failed,Non-Compliant,2024-08-25 00:00:00,
PAY001099,EMP003922,CLI003316,JP,REG001728,638988,204476,434512,JPY,2024-01-10,pending,Non-Compliant,2024-01-10 00:00:00,
PAY001100,EMP003088,CLI003225,IN,REG000022,221590,0,221590,INR,2023-12-23,pending,Non-Compliant,2023-12-23 00:00:00,
PAY001101,EMP003100,CLI003849,IN,REG000326,866081,0,866081,INR,2024-07-31,pending,Non-Compliant,2024-07-31 00:00:00,
PAY001102,EMP002157,CLI000012,ZA,REG000486,106012,0,106012,ZAR,2024-01-23,completed,Compliant,2024-01-23 00:00:00,2024-01-23 00:18:02
PAY001103,EMP001580,CLI004104,IN,REG002343,634791,0,634791,INR,2025-02-20,failed,Non-Compliant,2025-02-20 00:00:00,
PAY001104,EMP005238,CLI001087,FR,REG000777,856175,0,856175,EUR,2025-03-02,pending,Non-Compliant,2025-03-02 00:00:00,
PAY001105,EMP006475,CLI002310,DE,REG002580,949705,0,949705,EUR,2024-01-22,failed,Non-Compliant,2024-01-22 00:00:00,
PAY001106,EMP000038,CLI000958,JP,REG001775,622778,0,622778,JPY,2025-01-16,completed,Compliant,2025-01-16 00:00:00,2025-01-16 01:34:12
PAY001107,EMP003294,CLI002691,ZA,REG000131,456331,0,456331,ZAR,2024-01-14,completed,Compliant,2024-01-14 00:00:00,2024-01-14 01:34:15
PAY001108,EMP003957,CLI003527,FR,REG002257,219159,0,219159,EUR,2025-04-16,pending,Non-Compliant,2025-04-16 00:00:00,
PAY001109,EMP003430,CLI000420,FR,REG002727,952433,0,952433,EUR,2025-03-01,pending,Non-Compliant,2025-03-01 00:00:00,
PAY001110,EMP001777,CLI003849,BR,REG000535,276669,0,276669,BRL,2024-06-17,pending,Non-Compliant,2024-06-17 00:00:00,
PAY001111,EMP004286,CLI002143,US,REG000277,383589,0,383589,USD,2025-02-26,pending,Non-Compliant,2025-02-26 00:00:00,
PAY001112,EMP006833,CLI003157,IN,REG002942,323644,116512,207132,INR,2023-06-23,completed,Compliant,2023-06-23 00:00:00,2023-06-23 00:33:49
PAY001113,EMP002192,CLI004220,BR,REG000816,846968,0,846968,BRL,2025-03-10,failed,Non-Compliant,2025-03-10 00:00:00,
PAY001114,EMP001884,CLI002931,ZA,REG002885,110282,0,110282,ZAR,2023-10-18,completed,Compliant,2023-10-18 00:00:00,2023-10-18 01:55:01
PAY001115,EMP001968,CLI003253,ZA,REG002758,222084,0,222084,ZAR,2023-09-07,pending,Non-Compliant,2023-09-07 00:00:00,
PAY001116,EMP000342,CLI002832,FR,REG002586,583569,0,583569,EUR,2024-04-22,failed,Non-Compliant,2024-04-22 00:00:00,
PAY001117,EMP001541,CLI003833,DE,REG000923,825215,0,825215,EUR,2025-03-16,failed,Non-Compliant,2025-03-16 00:00:00,
PAY001118,EMP001939,CLI000761,DE,REG001432,878569,0,878569,EUR,2024-03-06,failed,Non-Compliant,2024-03-06 00:00:00,
PAY001119,EMP000688,CLI004004,FR,REG001322,828712,0,828712,EUR,2024-05-10,failed,Non-Compliant,2024-05-10 00:00:00,
PAY001120,EMP006846,CLI002230,ZA,REG001411,980447,0,980447,ZAR,2024-08-16,pending,Non-Compliant,2024-08-16 00:00:00,
PAY001121,EMP005959,CLI003794,IN,REG002536,704766,0,704766,INR,2024-08-15,completed,Compliant,2024-08-15 00:00:00,2024-08-15 01:20:34
PAY001122,EMP000302,CLI000326,UK,REG001442,957488,248947,708541,GBP,2025-04-29,failed,Non-Compliant,2025-04-29 00:00:00,
PAY001123,EMP004717,CLI004941,IN,REG002243,580608,0,580608,INR,2023-08-25,pending,Non-Compliant,2023-08-25 00:00:00,
PAY001124,EMP002539,CLI002755,JP,REG002067,978996,234959,744037,JPY,2025-03-19,pending,Non-Compliant,2025-03-19 00:00:00,
PAY001125,EMP004710,CLI003153,CA,REG002306,309713,0,309713,CAD,2023-09-08,pending,Non-Compliant,2023-09-08 00:00:00,
PAY001126,EMP000770,CLI002054,AU,REG000156,280514,0,280514,AUD,2025-03-30,failed,Non-Compliant,2025-03-30 00:00:00,
PAY001127,EMP000173,CLI003288,DE,REG001706,285035,0,285035,EUR,2024-03-21,pending,Non-Compliant,2024-03-21 00:00:00,
PAY001128,EMP004435,CLI002403,US,REG000463,567000,0,567000,USD,2023-07-13,completed,Compliant,2023-07-13 00:00:00,2023-07-13 01:31:02
PAY001129,EMP006638,CLI002570,BR,REG000581,706986,0,706986,BRL,2024-05-07,failed,Non-Compliant,2024-05-07 00:00:00,
PAY001130,EMP003516,CLI001323,FR,REG001429,128527,0,128527,EUR,2023-11-11,completed,Compliant,2023-11-11 00:00:00,2023-11-11 01:43:32
PAY001131,EMP006595,CLI004147,AU,REG000499,552574,0,552574,AUD,2023-08-11,failed,Non-Compliant,2023-08-11 00:00:00,
PAY001132,EMP003738,CLI004720,DE,REG002174,709687,156131,553556,EUR,2023-07-29,completed,Compliant,2023-07-29 00:00:00,2023-07-29 00:54:23
PAY001133,EMP004818,CLI003789,IN,REG000523,388247,93179,295068,INR,2024-02-12,pending,Non-Compliant,2024-02-12 00:00:00,
PAY001134,EMP001483,CLI000574,IN,REG001182,322522,0,322522,INR,2023-08-09,pending,Non-Compliant,2023-08-09 00:00:00,
PAY001135,EMP000972,CLI002718,FR,REG000155,584226,70107,514119,EUR,2025-05-20,pending,Non-Compliant,2025-05-20 00:00:00,
PAY001136,EMP003601,CLI000904,BR,REG002187,939740,0,939740,BRL,2025-01-10,pending,Non-Compliant,2025-01-10 00:00:00,
PAY001137,EMP001191,CLI001309,JP,REG002190,828295,0,828295,JPY,2023-06-04,pending,Non-Compliant,2023-06-04 00:00:00,
PAY001138,EMP004499,CLI004807,CA,REG000325,971919,126349,845570,CAD,2024-03-01,failed,Non-Compliant,2024-03-01 00:00:00,
PAY001139,EMP006881,CLI004374,US,REG000661,864547,0,864547,USD,2024-02-03,completed,Compliant,2024-02-03 00:00:00,2024-02-03 01:32:25
PAY001140,EMP004168,CLI004730,FR,REG001850,248144,0,248144,EUR,2023-12-08,failed,Non-Compliant,2023-12-08 00:00:00,
PAY001141,EMP005519,CLI004340,DE,REG002769,662069,0,662069,EUR,2023-11-05,completed,Compliant,2023-11-05 00:00:00,2023-11-05 00:52:06
PAY001142,EMP002393,CLI004589,DE,REG000483,726120,79873,646247,EUR,2025-03-28,failed,Non-Compliant,2025-03-28 00:00:00,
PAY001143,EMP006376,CLI001858,ZA,REG001556,273971,0,273971,ZAR,2024-11-21,pending,Non-Compliant,2024-11-21 00:00:00,
PAY001144,EMP000505,CLI001015,BR,REG001413,510160,173454,336706,BRL,2025-01-30,completed,Compliant,2025-01-30 00:00:00,2025-01-30 00:53:27
PAY001145,EMP004338,CLI004047,ZA,REG001495,608937,0,608937,ZAR,2025-03-10,pending,Non-Compliant,2025-03-10 00:00:00,
PAY001146,EMP000178,CLI002092,AU,REG002618,491686,0,491686,AUD,2024-03-25,completed,Compliant,2024-03-25 00:00:00,2024-03-25 01:16:56
PAY001147,EMP002091,CLI000018,BR,REG000507,774761,271166,503595,BRL,2023-12-16,pending,Non-Compliant,2023-12-16 00:00:00,
PAY001148,EMP000039,CLI000296,AU,REG000327,760811,0,760811,AUD,2024-10-30,failed,Non-Compliant,2024-10-30 00:00:00,
PAY001149,EMP006425,CLI001220,UK,REG002234,469268,0,469268,GBP,2023-06-17,pending,Non-Compliant,2023-06-17 00:00:00,
PAY001150,EMP001953,CLI000330,IN,REG000620,753926,248796,505130,INR,2025-03-04,completed,Compliant,2025-03-04 00:00:00,2025-03-04 00:41:36
PAY001151,EMP003641,CLI003367,ZA,REG002862,243016,92346,150670,ZAR,2025-02-16,pending,Non-Compliant,2025-02-16 00:00:00,
PAY001152,EMP004293,CLI002704,DE,REG000819,759679,0,759679,EUR,2023-11-17,completed,Compliant,2023-11-17 00:00:00,2023-11-17 01:03:22
PAY001153,EMP006137,CLI002190,DE,REG001510,508107,0,508107,EUR,2023-11-04,completed,Compliant,2023-11-04 00:00:00,2023-11-04 00:29:30
PAY001154,EMP002118,CLI004908,CA,REG002803,536881,0,536881,CAD,2025-03-05,failed,Non-Compliant,2025-03-05 00:00:00,
PAY001155,EMP001222,CLI004887,UK,REG001893,817266,0,817266,GBP,2024-05-28,completed,Compliant,2024-05-28 00:00:00,2024-05-28 01:19:12
PAY001156,EMP003935,CLI002635,US,REG001095,467079,116770,350309,USD,2024-06-06,pending,Non-Compliant,2024-06-06 00:00:00,
PAY001157,EMP002259,CLI004167,JP,REG002553,945684,0,945684,JPY,2023-12-26,failed,Non-Compliant,2023-12-26 00:00:00,
PAY001158,EMP006846,CLI001993,ZA,REG002170,732022,175685,556337,ZAR,2025-02-15,failed,Non-Compliant,2025-02-15 00:00:00,
PAY001159,EMP005462,CLI002642,IN,REG002493,919233,239001,680232,INR,2023-07-09,completed,Compliant,2023-07-09 00:00:00,2023-07-09 01:41:43
PAY001160,EMP001536,CLI004834,AU,REG000668,682803,0,682803,AUD,2025-03-06,pending,Non-Compliant,2025-03-06 00:00:00,
PAY001161,EMP000451,CLI003764,US,REG002305,825926,0,825926,USD,2023-07-26,failed,Non-Compliant,2023-07-26 00:00:00,
PAY001162,EMP000986,CLI000875,BR,REG001641,743244,0,743244,BRL,2024-10-22,completed,Compliant,2024-10-22 00:00:00,2024-10-22 00:06:13
PAY001163,EMP003895,CLI001292,CA,REG001390,730576,0,730576,CAD,2023-06-14,completed,Compliant,2023-06-14 00:00:00,2023-06-14 00:35:19
PAY001164,EMP002868,CLI000815,CA,REG001843,142067,0,142067,CAD,2024-10-23,completed,Compliant,2024-10-23 00:00:00,2024-10-23 00:19:47
PAY001165,EMP003350,CLI001209,BR,REG002066,518363,57020,461343,BRL,2023-07-26,pending,Non-Compliant,2023-07-26 00:00:00,
PAY001166,EMP003934,CLI001275,IN,REG000007,199449,29917,169532,INR,2025-04-19,pending,Non-Compliant,2025-04-19 00:00:00,
PAY001167,EMP003669,CLI002668,AU,REG002476,495171,0,495171,AUD,2024-04-29,completed,Compliant,2024-04-29 00:00:00,2024-04-29 00:30:17
PAY001168,EMP000075,CLI003756,US,REG002230,260603,0,260603,USD,2024-08-07,pending,Non-Compliant,2024-08-07 00:00:00,
PAY001169,EMP001288,CLI004192,AU,REG000112,364698,94821,269877,AUD,2025-05-19,failed,Non-Compliant,2025-05-19 00:00:00,
PAY001170,EMP004487,CLI003335,UK,REG000568,917602,0,917602,GBP,2025-05-26,pending,Non-Compliant,2025-05-26 00:00:00,
PAY001171,EMP003783,CLI003591,CA,REG001925,939630,0,939630,CAD,2025-04-30,completed,Compliant,2025-04-30 00:00:00,2025-04-30 00:25:09
PAY001172,EMP000283,CLI002019,AU,REG000668,412967,0,412967,AUD,2023-11-20,failed,Non-Compliant,2023-11-20 00:00:00,
PAY001173,EMP000588,CLI001901,US,REG002188,985617,0,985617,USD,2025-04-04,failed,Non-Compliant,2025-04-04 00:00:00,
PAY001174,EMP004706,CLI003448,IN,REG000356,559248,0,559248,INR,2024-11-25,pending,Non-Compliant,2024-11-25 00:00:00,
PAY001175,EMP002234,CLI002316,US,REG002606,401917,0,401917,USD,2023-11-26,completed,Compliant,2023-11-26 00:00:00,2023-11-26 00:12:11
PAY001176,EMP003145,CLI000367,BR,REG002600,241818,0,241818,BRL,2024-03-18,failed,Non-Compliant,2024-03-18 00:00:00,
PAY001177,EMP005587,CLI003201,AU,REG001004,658319,0,658319,AUD,2024-06-15,pending,Non-Compliant,2024-06-15 00:00:00,
PAY001178,EMP005682,CLI002874,AU,REG000529,739026,0,739026,AUD,2024-09-06,pending,Non-Compliant,2024-09-06 00:00:00,
PAY001179,EMP000268,CLI001946,AU,REG000908,919258,358511,560747,AUD,2023-12-12,pending,Non-Compliant,2023-12-12 00:00:00,
PAY001180,EMP002108,CLI003860,IN,REG000126,661449,145519,515930,INR,2024-05-10,failed,Non-Compliant,2024-05-10 00:00:00,
PAY001181,EMP001854,CLI000454,BR,REG000502,239256,64599,174657,BRL,2025-04-30,completed,Compliant,2025-04-30 00:00:00,2025-04-30 01:33:52
PAY001182,EMP006680,CLI003325,DE,REG002088,495147,158447,336700,EUR,2024-05-23,pending,Non-Compliant,2024-05-23 00:00:00,
PAY001183,EMP002645,CLI001919,ZA,REG001358,103829,0,103829,ZAR,2024-04-14,failed,Non-Compliant,2024-04-14 00:00:00,
PAY001184,EMP006028,CLI000933,CA,REG000807,241095,0,241095,CAD,2023-09-03,pending,Non-Compliant,2023-09-03 00:00:00,
PAY001185,EMP005665,CLI002743,AU,REG002068,349787,0,349787,AUD,2023-12-01,failed,Non-Compliant,2023-12-01 00:00:00,
PAY001186,EMP001832,CLI000600,FR,REG000871,770873,0,770873,EUR,2024-06-18,failed,Non-Compliant,2024-06-18 00:00:00,
PAY001187,EMP003820,CLI004538,UK,REG002835,110824,0,110824,GBP,2025-01-14,failed,Non-Compliant,2025-01-14 00:00:00,
PAY001188,EMP000555,CLI002727,FR,REG001220,128820,23188,105632,EUR,2023-12-19,failed,Non-Compliant,2023-12-19 00:00:00,
PAY001189,EMP003711,CLI003633,CA,REG001025,204170,0,204170,CAD,2025-04-05,completed,Compliant,2025-04-05 00:00:00,2025-04-05 00:49:06
PAY001190,EMP004570,CLI002721,UK,REG002906,366951,0,366951,GBP,2024-08-30,pending,Non-Compliant,2024-08-30 00:00:00,
PAY001191,EMP006817,CLI000247,JP,REG002120,467886,0,467886,JPY,2024-04-16,completed,Compliant,2024-04-16 00:00:00,2024-04-16 00:41:57
PAY001192,EMP003608,CLI002993,DE,REG000090,413003,0,413003,EUR,2025-04-17,failed,Non-Compliant,2025-04-17 00:00:00,
PAY001193,EMP004077,CLI001281,FR,REG000040,967618,0,967618,EUR,2023-07-05,pending,Non-Compliant,2023-07-05 00:00:00,
PAY001194,EMP005102,CLI002186,FR,REG001882,605916,0,605916,EUR,2024-12-02,completed,Compliant,2024-12-02 00:00:00,2024-12-02 01:06:36
PAY001195,EMP002369,CLI004806,UK,REG000544,795196,302174,493022,GBP,2025-04-07,completed,Compliant,2025-04-07 00:00:00,2025-04-07 00:45:11
PAY001196,EMP004772,CLI001419,UK,REG002819,490617,0,490617,GBP,2025-05-06,failed,Non-Compliant,2025-05-06 00:00:00,
PAY001197,EMP002604,CLI003269,FR,REG002727,637032,0,637032,EUR,2025-02-10,pending,Non-Compliant,2025-02-10 00:00:00,
PAY001198,EMP002019,CLI003136,ZA,REG001460,122460,0,122460,ZAR,2024-08-30,pending,Non-Compliant,2024-08-30 00:00:00,
PAY001199,EMP005309,CLI000515,ZA,REG000899,698961,0,698961,ZAR,2025-01-09,pending,Non-Compliant,2025-01-09 00:00:00,
PAY001200,EMP002999,CLI004811,CA,REG000446,820305,254295,566010,CAD,2024-08-13,pending,Non-Compliant,2024-08-13 00:00:00,
PAY001201,EMP006187,CLI000618,AU,REG002309,956909,373195,583714,AUD,2024-04-25,failed,Non-Compliant,2024-04-25 00:00:00,
PAY001202,EMP004792,CLI002051,DE,REG001005,889745,0,889745,EUR,2024-07-05,pending,Non-Compliant,2024-07-05 00:00:00,
PAY001203,EMP004816,CLI003721,US,REG001900,160225,49670,110555,USD,2024-10-31,completed,Compliant,2024-10-31 00:00:00,2024-10-31 01:57:38
PAY001204,EMP006575,CLI002057,UK,REG001066,788708,0,788708,GBP,2024-04-30,pending,Non-Compliant,2024-04-30 00:00:00,
PAY001205,EMP006612,CLI000541,BR,REG001681,681729,0,681729,BRL,2023-06-04,failed,Non-Compliant,2023-06-04 00:00:00,
PAY001206,EMP005115,CLI000917,ZA,REG002307,718946,0,718946,ZAR,2023-06-20,pending,Non-Compliant,2023-06-20 00:00:00,
PAY001207,EMP001616,CLI003249,FR,REG001387,786965,291177,495788,EUR,2024-01-05,pending,Non-Compliant,2024-01-05 00:00:00,
PAY001208,EMP002271,CLI003535,FR,REG001895,387859,0,387859,EUR,2023-12-05,completed,Compliant,2023-12-05 00:00:00,2023-12-05 01:52:59
PAY001209,EMP006308,CLI002143,IN,REG001700,236052,0,236052,INR,2024-07-09,completed,Compliant,2024-07-09 00:00:00,2024-07-09 00:22:06
PAY001210,EMP006338,CLI000019,ZA,REG002102,767316,0,767316,ZAR,2024-01-25,completed,Compliant,2024-01-25 00:00:00,2024-01-25 01:04:08
PAY001211,EMP000878,CLI001374,UK,REG001424,721889,0,721889,GBP,2023-12-21,failed,Non-Compliant,2023-12-21 00:00:00,
PAY001212,EMP004774,CLI000356,CA,REG002117,653881,0,653881,CAD,2024-03-21,completed,Compliant,2024-03-21 00:00:00,2024-03-21 01:07:01
PAY001213,EMP006343,CLI002056,UK,REG002887,891750,294278,597472,GBP,2024-06-16,failed,Non-Compliant,2024-06-16 00:00:00,
PAY001214,EMP002017,CLI000978,JP,REG002557,598423,0,598423,JPY,2023-10-22,pending,Non-Compliant,2023-10-22 00:00:00,
PAY001215,EMP006631,CLI003993,US,REG000759,563794,0,563794,USD,2025-01-23,pending,Non-Compliant,2025-01-23 00:00:00,
PAY001216,EMP006177,CLI000148,ZA,REG002782,107457,0,107457,ZAR,2025-01-07,completed,Compliant,2025-01-07 00:00:00,2025-01-07 00:07:38
PAY001217,EMP002651,CLI004980,DE,REG002459,825786,0,825786,EUR,2023-11-06,failed,Non-Compliant,2023-11-06 00:00:00,
PAY001218,EMP000097,CLI004160,BR,REG001668,918171,0,918171,BRL,2024-03-06,failed,Non-Compliant,2024-03-06 00:00:00,
PAY001219,EMP000342,CLI002315,FR,REG002668,340994,0,340994,EUR,2024-12-30,completed,Compliant,2024-12-30 00:00:00,2024-12-30 00:27:57
PAY001220,EMP005835,CLI004529,BR,REG000102,994572,0,994572,BRL,2024-12-13,pending,Non-Compliant,2024-12-13 00:00:00,
PAY001221,EMP006871,CLI000395,UK,REG000636,749541,0,749541,GBP,2024-09-19,failed,Non-Compliant,2024-09-19 00:00:00,
PAY001222,EMP002777,CLI004245,CA,REG001839,299221,0,299221,CAD,2024-04-16,failed,Non-Compliant,2024-04-16 00:00:00,
PAY001223,EMP005903,CLI001510,CA,REG002090,631269,0,631269,CAD,2024-10-14,failed,Non-Compliant,2024-10-14 00:00:00,
PAY001224,EMP000865,CLI004656,IN,REG001203,187492,24374,163118,INR,2024-10-17,completed,Compliant,2024-10-17 00:00:00,2024-10-17 01:25:59
PAY001225,EMP002485,CLI000615,JP,REG002383,900738,0,900738,JPY,2024-12-22,completed,Compliant,2024-12-22 00:00:00,2024-12-22 01:55:32
PAY001226,EMP001316,CLI003457,FR,REG001479,966513,0,966513,EUR,2024-04-23,pending,Non-Compliant,2024-04-23 00:00:00,
PAY001227,EMP006355,CLI002840,AU,REG001262,555148,0,555148,AUD,2024-03-06,completed,Compliant,2024-03-06 00:00:00,2024-03-06 00:22:59
PAY001228,EMP004636,CLI003744,CA,REG002519,456885,0,456885,CAD,2023-05-29,completed,Compliant,2023-05-29 00:00:00,2023-05-29 00:24:05
PAY001229,EMP006703,CLI004587,CA,REG001290,558323,0,558323,CAD,2023-10-12,failed,Non-Compliant,2023-10-12 00:00:00,
PAY001230,EMP006417,CLI002629,IN,REG001330,911308,282505,628803,INR,2025-03-16,failed,Non-Compliant,2025-03-16 00:00:00,
PAY001231,EMP004905,CLI001217,UK,REG000464,449914,0,449914,GBP,2024-09-09,completed,Compliant,2024-09-09 00:00:00,2024-09-09 01:44:16
PAY001232,EMP000003,CLI003544,JP,REG001440,171131,0,171131,JPY,2024-03-08,completed,Compliant,2024-03-08 00:00:00,2024-03-08 01:42:09
PAY001233,EMP003026,CLI000982,UK,REG002092,418556,108825,309731,GBP,2023-09-06,failed,Non-Compliant,2023-09-06 00:00:00,
PAY001234,EMP006217,CLI004196,BR,REG002187,418981,0,418981,BRL,2023-11-11,pending,Non-Compliant,2023-11-11 00:00:00,
PAY001235,EMP005175,CLI002829,JP,REG000508,120430,0,120430,JPY,2024-03-28,completed,Compliant,2024-03-28 00:00:00,2024-03-28 01:57:43
PAY001236,EMP006957,CLI004106,UK,REG000330,311609,59206,252403,GBP,2024-04-20,pending,Non-Compliant,2024-04-20 00:00:00,
PAY001237,EMP004667,CLI003259,AU,REG001918,684321,0,684321,AUD,2023-09-28,pending,Non-Compliant,2023-09-28 00:00:00,
PAY001238,EMP002217,CLI004616,ZA,REG001609,575527,0,575527,ZAR,2024-10-20,completed,Compliant,2024-10-20 00:00:00,2024-10-20 00:22:26
PAY001239,EMP002645,CLI000188,ZA,REG000917,791977,166315,625662,ZAR,2025-01-30,completed,Compliant,2025-01-30 00:00:00,2025-01-30 01:42:33
PAY001240,EMP003864,CLI004526,BR,REG000742,904011,0,904011,BRL,2024-07-21,pending,Non-Compliant,2024-07-21 00:00:00,
PAY001241,EMP004007,CLI001526,BR,REG002017,184623,0,184623,BRL,2024-02-13,pending,Non-Compliant,2024-02-13 00:00:00,
PAY001242,EMP003385,CLI002974,AU,REG000492,702551,147536,555015,AUD,2023-10-25,completed,Compliant,2023-10-25 00:00:00,2023-10-25 01:10:48
PAY001243,EMP004014,CLI000971,IN,REG001254,589679,0,589679,INR,2025-05-17,pending,Non-Compliant,2025-05-17 00:00:00,
PAY001244,EMP004128,CLI004128,BR,REG000055,390621,0,390621,BRL,2024-05-17,failed,Non-Compliant,2024-05-17 00:00:00,
PAY001245,EMP001639,CLI000296,IN,REG001233,896061,0,896061,INR,2023-06-24,pending,Non-Compliant,2023-06-24 00:00:00,
PAY001246,EMP004244,CLI002287,DE,REG001099,344166,34417,309749,EUR,2024-03-12,pending,Non-Compliant,2024-03-12 00:00:00,
PAY001247,EMP006884,CLI004218,AU,REG000663,675160,0,675160,AUD,2023-09-10,failed,Non-Compliant,2023-09-10 00:00:00,
PAY001248,EMP004345,CLI004177,AU,REG001689,591153,0,591153,AUD,2023-10-29,failed,Non-Compliant,2023-10-29 00:00:00,
PAY001249,EMP001023,CLI003054,FR,REG002840,113660,0,113660,EUR,2024-06-05,completed,Compliant,2024-06-05 00:00:00,2024-06-05 01:15:46
PAY001250,EMP003120,CLI003397,US,REG001106,433410,0,433410,USD,2025-03-02,completed,Compliant,2025-03-02 00:00:00,2025-03-02 01:50:21
PAY001251,EMP006637,CLI001337,UK,REG000744,492032,0,492032,GBP,2023-06-15,pending,Non-Compliant,2023-06-15 00:00:00,
PAY001252,EMP001137,CLI000679,BR,REG001201,584985,0,584985,BRL,2023-09-28,pending,Non-Compliant,2023-09-28 00:00:00,
PAY001253,EMP006604,CLI002083,AU,REG000859,406411,158500,247911,AUD,2024-11-29,pending,Non-Compliant,2024-11-29 00:00:00,
PAY001254,EMP001005,CLI002821,BR,REG001027,765577,275608,489969,BRL,2023-06-09,failed,Non-Compliant,2023-06-09 00:00:00,
PAY001255,EMP002778,CLI000268,US,REG002575,839072,0,839072,USD,2023-06-23,failed,Non-Compliant,2023-06-23 00:00:00,
PAY001256,EMP001318,CLI003722,IN,REG000725,115973,0,115973,INR,2024-10-17,failed,Non-Compliant,2024-10-17 00:00:00,
PAY001257,EMP004072,CLI003444,US,REG000346,975844,0,975844,USD,2024-05-18,failed,Non-Compliant,2024-05-18 00:00:00,
PAY001258,EMP001064,CLI000145,UK,REG002943,426569,106642,319927,GBP,2024-11-01,pending,Non-Compliant,2024-11-01 00:00:00,
PAY001259,EMP001093,CLI002345,IN,REG002108,782560,156512,626048,INR,2024-03-06,failed,Non-Compliant,2024-03-06 00:00:00,
PAY001260,EMP002191,CLI002273,UK,REG002299,799251,0,799251,GBP,2023-10-03,completed,Compliant,2023-10-03 00:00:00,2023-10-03 01:22:02
PAY001261,EMP000782,CLI000599,BR,REG001417,322038,0,322038,BRL,2023-09-23,failed,Non-Compliant,2023-09-23 00:00:00,
PAY001262,EMP000251,CLI001013,JP,REG001300,954802,0,954802,JPY,2024-09-10,completed,Compliant,2024-09-10 00:00:00,2024-09-10 01:29:54
PAY001263,EMP006774,CLI003497,IN,REG002785,854181,0,854181,INR,2024-08-15,pending,Non-Compliant,2024-08-15 00:00:00,
PAY001264,EMP003839,CLI003984,JP,REG000275,479826,124755,355071,JPY,2025-04-10,pending,Non-Compliant,2025-04-10 00:00:00,
PAY001265,EMP006100,CLI001112,BR,REG001306,533863,0,533863,BRL,2025-03-24,pending,Non-Compliant,2025-03-24 00:00:00,
PAY001266,EMP006153,CLI000651,BR,REG000264,934046,158788,775258,BRL,2023-07-29,failed,Non-Compliant,2023-07-29 00:00:00,
PAY001267,EMP005422,CLI001887,US,REG000235,101383,35484,65899,USD,2024-05-06,pending,Non-Compliant,2024-05-06 00:00:00,
PAY001268,EMP004172,CLI001420,US,REG001477,767511,84426,683085,USD,2023-09-11,completed,Compliant,2023-09-11 00:00:00,2023-09-11 01:42:28
PAY001269,EMP003229,CLI003896,FR,REG000086,678170,0,678170,EUR,2024-10-14,completed,Compliant,2024-10-14 00:00:00,2024-10-14 00:56:58
PAY001270,EMP006437,CLI002314,JP,REG002006,299520,0,299520,JPY,2024-03-18,failed,Non-Compliant,2024-03-18 00:00:00,
PAY001271,EMP001167,CLI001851,IN,REG000725,290569,0,290569,INR,2025-02-27,pending,Non-Compliant,2025-02-27 00:00:00,
PAY001272,EMP005045,CLI004034,UK,REG000711,337310,131551,205759,GBP,2025-04-18,completed,Compliant,2025-04-18 00:00:00,2025-04-18 00:47:03
PAY001273,EMP003906,CLI003652,DE,REG002144,510389,173532,336857,EUR,2024-08-15,completed,Compliant,2024-08-15 00:00:00,2024-08-15 00:34:46
PAY001274,EMP005525,CLI004269,US,REG001906,248370,0,248370,USD,2024-03-29,completed,Compliant,2024-03-29 00:00:00,2024-03-29 00:18:10
PAY001275,EMP004305,CLI002309,IN,REG001824,183911,51495,132416,INR,2024-02-09,completed,Compliant,2024-02-09 00:00:00,2024-02-09 01:52:40
PAY001276,EMP004311,CLI001861,DE,REG001532,995753,0,995753,EUR,2023-11-07,pending,Non-Compliant,2023-11-07 00:00:00,
PAY001277,EMP005824,CLI003245,UK,REG001913,578120,0,578120,GBP,2023-08-06,completed,Compliant,2023-08-06 00:00:00,2023-08-06 01:12:24
PAY001278,EMP005828,CLI004141,AU,REG002861,587818,0,587818,AUD,2023-06-20,pending,Non-Compliant,2023-06-20 00:00:00,
PAY001279,EMP002439,CLI002337,BR,REG000897,782308,0,782308,BRL,2025-02-02,completed,Compliant,2025-02-02 00:00:00,2025-02-02 01:36:43
PAY001280,EMP003785,CLI004815,IN,REG001688,663269,0,663269,INR,2023-11-06,failed,Non-Compliant,2023-11-06 00:00:00,
PAY001281,EMP006323,CLI004866,JP,REG001445,697048,0,697048,JPY,2024-04-26,pending,Non-Compliant,2024-04-26 00:00:00,
PAY001282,EMP002548,CLI003140,CA,REG002132,150380,0,150380,CAD,2025-02-16,pending,Non-Compliant,2025-02-16 00:00:00,
PAY001283,EMP004720,CLI004310,AU,REG001172,630769,0,630769,AUD,2023-10-06,failed,Non-Compliant,2023-10-06 00:00:00,
PAY001284,EMP002788,CLI002598,US,REG001438,680693,0,680693,USD,2024-11-04,completed,Compliant,2024-11-04 00:00:00,2024-11-04 00:12:14
PAY001285,EMP002543,CLI003884,US,REG002226,866957,0,866957,USD,2025-03-03,completed,Compliant,2025-03-03 00:00:00,2025-03-03 01:27:15
PAY001286,EMP004850,CLI003646,JP,REG001718,771517,131158,640359,JPY,2024-03-04,pending,Non-Compliant,2024-03-04 00:00:00,
PAY001287,EMP005282,CLI000559,DE,REG002154,698056,188475,509581,EUR,2024-01-02,failed,Non-Compliant,2024-01-02 00:00:00,
PAY001288,EMP004258,CLI003393,BR,REG002876,293724,0,293724,BRL,2024-03-02,pending,Non-Compliant,2024-03-02 00:00:00,
PAY001289,EMP006113,CLI002380,FR,REG000447,882755,0,882755,EUR,2024-01-09,completed,Compliant,2024-01-09 00:00:00,2024-01-09 00:43:07
PAY001290,EMP006391,CLI000529,DE,REG001626,221561,0,221561,EUR,2023-12-21,failed,Non-Compliant,2023-12-21 00:00:00,
PAY001291,EMP000940,CLI001416,AU,REG002990,773490,0,773490,AUD,2023-10-30,pending,Non-Compliant,2023-10-30 00:00:00,
PAY001292,EMP001881,CLI002300,AU,REG001615,146493,0,146493,AUD,2024-09-13,failed,Non-Compliant,2024-09-13 00:00:00,
PAY001293,EMP003773,CLI003461,CA,REG000954,538674,64641,474033,CAD,2023-09-30,pending,Non-Compliant,2023-09-30 00:00:00,
PAY001294,EMP001127,CLI004779,AU,REG001958,277032,105272,171760,AUD,2023-10-16,failed,Non-Compliant,2023-10-16 00:00:00,
PAY001295,EMP003105,CLI004609,ZA,REG001609,789211,0,789211,ZAR,2023-06-09,pending,Non-Compliant,2023-06-09 00:00:00,
PAY001296,EMP005097,CLI000703,FR,REG002508,518290,160670,357620,EUR,2024-04-27,failed,Non-Compliant,2024-04-27 00:00:00,
PAY001297,EMP005799,CLI001259,CA,REG002306,664340,0,664340,CAD,2024-06-20,failed,Non-Compliant,2024-06-20 00:00:00,
PAY001298,EMP006636,CLI001010,BR,REG000706,139593,33502,106091,BRL,2025-03-29,completed,Compliant,2025-03-29 00:00:00,2025-03-29 01:27:51
PAY001299,EMP000190,CLI003340,BR,REG000149,768119,0,768119,BRL,2024-04-26,completed,Compliant,2024-04-26 00:00:00,2024-04-26 00:26:17
PAY001300,EMP005470,CLI001492,US,REG002244,151938,0,151938,USD,2024-06-11,failed,Non-Compliant,2024-06-11 00:00:00,
PAY001301,EMP002619,CLI004801,US,REG000359,539598,75544,464054,USD,2023-06-20,pending,Non-Compliant,2023-06-20 00:00:00,
PAY001302,EMP002786,CLI000350,FR,REG000580,880337,220084,660253,EUR,2025-04-27,pending,Non-Compliant,2025-04-27 00:00:00,
PAY001303,EMP004628,CLI000114,ZA,REG001854,188339,47085,141254,ZAR,2025-02-04,pending,Non-Compliant,2025-02-04 00:00:00,
PAY001304,EMP005437,CLI002892,UK,REG002607,101408,0,101408,GBP,2023-11-11,completed,Compliant,2023-11-11 00:00:00,2023-11-11 00:36:14
PAY001305,EMP004217,CLI003963,ZA,REG002248,345608,0,345608,ZAR,2025-02-26,completed,Compliant,2025-02-26 00:00:00,2025-02-26 01:21:07
PAY001306,EMP005516,CLI003228,JP,REG001728,723038,231372,491666,JPY,2023-08-06,failed,Non-Compliant,2023-08-06 00:00:00,
PAY001307,EMP003469,CLI002436,CA,REG001692,693307,0,693307,CAD,2025-02-10,failed,Non-Compliant,2025-02-10 00:00:00,
PAY001308,EMP006685,CLI002828,AU,REG002738,868133,0,868133,AUD,2024-01-10,completed,Compliant,2024-01-10 00:00:00,2024-01-10 01:54:17
PAY001309,EMP000941,CLI002718,UK,REG002303,627691,0,627691,GBP,2023-12-19,completed,Compliant,2023-12-19 00:00:00,2023-12-19 00:23:43
PAY001310,EMP000523,CLI002097,BR,REG000903,295429,0,295429,BRL,2024-08-04,failed,Non-Compliant,2024-08-04 00:00:00,
PAY001311,EMP001684,CLI003539,CA,REG001090,308812,0,308812,CAD,2025-01-24,pending,Non-Compliant,2025-01-24 00:00:00,
PAY001312,EMP003795,CLI003965,UK,REG001893,502746,0,502746,GBP,2025-04-19,failed,Non-Compliant,2025-04-19 00:00:00,
PAY001313,EMP004077,CLI001065,FR,REG002273,325622,78149,247473,EUR,2023-12-30,completed,Compliant,2023-12-30 00:00:00,2023-12-30 01:28:20
PAY001314,EMP003178,CLI002643,FR,REG001716,868786,121630,747156,EUR,2024-05-25,failed,Non-Compliant,2024-05-25 00:00:00,
PAY001315,EMP000393,CLI002453,JP,REG001246,162639,0,162639,JPY,2025-05-11,failed,Non-Compliant,2025-05-11 00:00:00,
PAY001316,EMP005806,CLI002103,FR,REG002866,639339,0,639339,EUR,2024-01-27,pending,Non-Compliant,2024-01-27 00:00:00,
PAY001317,EMP000008,CLI001493,JP,REG002676,167511,0,167511,JPY,2024-11-29,pending,Non-Compliant,2024-11-29 00:00:00,
PAY001318,EMP004177,CLI004722,CA,REG000148,176805,38897,137908,CAD,2023-07-26,pending,Non-Compliant,2023-07-26 00:00:00,
PAY001319,EMP004885,CLI003230,IN,REG000200,858132,0,858132,INR,2024-07-22,pending,Non-Compliant,2024-07-22 00:00:00,
PAY001320,EMP003219,CLI002236,JP,REG002359,786651,0,786651,JPY,2023-07-28,failed,Non-Compliant,2023-07-28 00:00:00,
PAY001321,EMP003887,CLI000980,BR,REG000763,181092,36218,144874,BRL,2024-10-19,failed,Non-Compliant,2024-10-19 00:00:00,
PAY001322,EMP006149,CLI003016,AU,REG000843,791242,0,791242,AUD,2023-11-21,pending,Non-Compliant,2023-11-21 00:00:00,
PAY001323,EMP003195,CLI002006,IN,REG002260,690790,0,690790,INR,2024-08-22,failed,Non-Compliant,2024-08-22 00:00:00,
PAY001324,EMP006411,CLI003169,US,REG000207,238276,90545,147731,USD,2023-06-22,completed,Compliant,2023-06-22 00:00:00,2023-06-22 01:32:19
PAY001325,EMP006943,CLI002968,BR,REG001933,229967,0,229967,BRL,2024-03-29,failed,Non-Compliant,2024-03-29 00:00:00,
PAY001326,EMP002669,CLI003110,JP,REG002975,754882,0,754882,JPY,2023-11-03,pending,Non-Compliant,2023-11-03 00:00:00,
PAY001327,EMP004010,CLI003887,FR,REG001060,756366,0,756366,EUR,2024-08-11,pending,Non-Compliant,2024-08-11 00:00:00,
PAY001328,EMP004589,CLI004089,JP,REG000476,149848,0,149848,JPY,2025-01-09,failed,Non-Compliant,2025-01-09 00:00:00,
PAY001329,EMP001440,CLI004877,BR,REG002933,301598,0,301598,BRL,2024-09-07,failed,Non-Compliant,2024-09-07 00:00:00,
PAY001330,EMP002437,CLI003401,CA,REG002241,341227,64833,276394,CAD,2024-07-05,pending,Non-Compliant,2024-07-05 00:00:00,
PAY001331,EMP006137,CLI004992,DE,REG000347,711878,0,711878,EUR,2024-07-25,completed,Compliant,2024-07-25 00:00:00,2024-07-25 00:16:03
PAY001332,EMP005715,CLI001937,IN,REG001030,464395,0,464395,INR,2024-12-02,failed,Non-Compliant,2024-12-02 00:00:00,
PAY001333,EMP000879,CLI003615,FR,REG002795,258449,0,258449,EUR,2025-05-15,pending,Non-Compliant,2025-05-15 00:00:00,
PAY001334,EMP002734,CLI001826,BR,REG002052,368302,58928,309374,BRL,2023-05-31,failed,Non-Compliant,2023-05-31 00:00:00,
PAY001335,EMP004752,CLI004957,US,REG000165,386527,88901,297626,USD,2024-02-25,failed,Non-Compliant,2024-02-25 00:00:00,
PAY001336,EMP006855,CLI003284,FR,REG001720,899807,0,899807,EUR,2024-09-09,pending,Non-Compliant,2024-09-09 00:00:00,
PAY001337,EMP001783,CLI001188,CA,REG000104,686751,192290,494461,CAD,2023-11-19,completed,Compliant,2023-11-19 00:00:00,2023-11-19 00:28:54
PAY001338,EMP005824,CLI002121,UK,REG000660,422833,0,422833,GBP,2023-11-19,completed,Compliant,2023-11-19 00:00:00,2023-11-19 00:14:48
PAY001339,EMP000462,CLI000454,FR,REG002283,516089,0,516089,EUR,2024-10-31,failed,Non-Compliant,2024-10-31 00:00:00,
PAY001340,EMP002461,CLI002981,BR,REG002811,181365,0,181365,BRL,2024-06-01,completed,Compliant,2024-06-01 00:00:00,2024-06-01 01:30:27
PAY001341,EMP006268,CLI002018,DE,REG000969,756523,204261,552262,EUR,2024-07-23,failed,Non-Compliant,2024-07-23 00:00:00,
PAY001342,EMP004950,CLI003954,DE,REG002014,937909,0,937909,EUR,2024-02-07,pending,Non-Compliant,2024-02-07 00:00:00,
PAY001343,EMP005149,CLI004457,DE,REG000831,385213,88599,296614,EUR,2024-09-08,failed,Non-Compliant,2024-09-08 00:00:00,
PAY001344,EMP003215,CLI000501,UK,REG002231,521932,0,521932,GBP,2025-01-31,pending,Non-Compliant,2025-01-31 00:00:00,
PAY001345,EMP002741,CLI004790,AU,REG001734,565146,0,565146,AUD,2023-12-09,pending,Non-Compliant,2023-12-09 00:00:00,
PAY001346,EMP005850,CLI001492,JP,REG000213,180255,63089,117166,JPY,2025-03-11,pending,Non-Compliant,2025-03-11 00:00:00,
PAY001347,EMP005680,CLI004926,ZA,REG002737,445763,53492,392271,ZAR,2023-10-02,failed,Non-Compliant,2023-10-02 00:00:00,
PAY001348,EMP000787,CLI001499,IN,REG001658,733423,146685,586738,INR,2024-03-16,pending,Non-Compliant,2024-03-16 00:00:00,
PAY001349,EMP006734,CLI002025,JP,REG002748,144663,0,144663,JPY,2024-07-22,completed,Compliant,2024-07-22 00:00:00,2024-07-22 00:20:30
PAY001350,EMP001776,CLI004685,ZA,REG000486,982548,0,982548,ZAR,2025-03-14,completed,Compliant,2025-03-14 00:00:00,2025-03-14 00:50:36
PAY001351,EMP001597,CLI001282,FR,REG002393,478623,100511,378112,EUR,2023-07-01,pending,Non-Compliant,2023-07-01 00:00:00,
PAY001352,EMP000527,CLI004388,FR,REG001274,782060,0,782060,EUR,2024-08-15,pending,Non-Compliant,2024-08-15 00:00:00,
PAY001353,EMP002352,CLI000684,DE,REG000365,549750,0,549750,EUR,2024-04-27,pending,Non-Compliant,2024-04-27 00:00:00,
PAY001354,EMP005678,CLI000552,JP,REG000770,646775,0,646775,JPY,2024-04-07,failed,Non-Compliant,2024-04-07 00:00:00,
PAY001355,EMP004311,CLI000517,DE,REG001311,730346,0,730346,EUR,2024-08-25,completed,Compliant,2024-08-25 00:00:00,2024-08-25 01:19:40
PAY001356,EMP005918,CLI003874,IN,REG001917,777599,0,777599,INR,2024-07-02,pending,Non-Compliant,2024-07-02 00:00:00,
PAY001357,EMP003569,CLI001282,ZA,REG001723,602178,0,602178,ZAR,2023-11-30,pending,Non-Compliant,2023-11-30 00:00:00,
PAY001358,EMP001270,CLI001062,AU,REG001084,431741,0,431741,AUD,2024-06-08,failed,Non-Compliant,2024-06-08 00:00:00,
PAY001359,EMP005659,CLI000211,BR,REG001641,541222,0,541222,BRL,2023-12-01,failed,Non-Compliant,2023-12-01 00:00:00,
PAY001360,EMP003581,CLI001211,CA,REG000869,805451,0,805451,CAD,2024-03-12,completed,Compliant,2024-03-12 00:00:00,2024-03-12 00:23:16
PAY001361,EMP004480,CLI001929,UK,REG000943,935548,0,935548,GBP,2023-06-08,failed,Non-Compliant,2023-06-08 00:00:00,
PAY001362,EMP002923,CLI004318,DE,REG000722,868476,0,868476,EUR,2024-01-07,failed,Non-Compliant,2024-01-07 00:00:00,
PAY001363,EMP005017,CLI002873,CA,REG002378,437108,0,437108,CAD,2024-08-18,completed,Compliant,2024-08-18 00:00:00,2024-08-18 01:47:53
PAY001364,EMP006576,CLI001283,JP,REG002354,535982,144715,391267,JPY,2024-02-11,pending,Non-Compliant,2024-02-11 00:00:00,
PAY001365,EMP003363,CLI004086,US,REG002750,378823,0,378823,USD,2024-07-24,failed,Non-Compliant,2024-07-24 00:00:00,
PAY001366,EMP002179,CLI002629,CA,REG001991,708299,127494,580805,CAD,2023-11-14,pending,Non-Compliant,2023-11-14 00:00:00,
PAY001367,EMP000277,CLI004259,ZA,REG002143,235802,0,235802,ZAR,2024-10-15,failed,Non-Compliant,2024-10-15 00:00:00,
PAY001368,EMP002010,CLI004510,ZA,REG000485,930971,0,930971,ZAR,2023-10-12,completed,Compliant,2023-10-12 00:00:00,2023-10-12 00:20:01
PAY001369,EMP002895,CLI004422,DE,REG000240,591698,0,591698,EUR,2024-12-26,failed,Non-Compliant,2024-12-26 00:00:00,
PAY001370,EMP003933,CLI002872,AU,REG001569,766031,0,766031,AUD,2023-09-02,pending,Non-Compliant,2023-09-02 00:00:00,
PAY001371,EMP006145,CLI004447,US,REG000115,709884,0,709884,USD,2023-10-17,failed,Non-Compliant,2023-10-17 00:00:00,
PAY001372,EMP000910,CLI000891,AU,REG000035,576802,138432,438370,AUD,2023-09-17,pending,Non-Compliant,2023-09-17 00:00:00,
PAY001373,EMP000012,CLI003444,US,REG002949,600453,0,600453,USD,2024-07-11,failed,Non-Compliant,2024-07-11 00:00:00,
PAY001374,EMP003985,CLI002129,FR,REG002879,823344,0,823344,EUR,2024-08-12,pending,Non-Compliant,2024-08-12 00:00:00,
PAY001375,EMP002077,CLI001737,IN,REG002563,171441,0,171441,INR,2023-12-23,pending,Non-Compliant,2023-12-23 00:00:00,
PAY001376,EMP003658,CLI003496,UK,REG002734,593248,0,593248,GBP,2023-10-17,failed,Non-Compliant,2023-10-17 00:00:00,
PAY001377,EMP003087,CLI002422,IN,REG000992,807225,0,807225,INR,2025-02-04,pending,Non-Compliant,2025-02-04 00:00:00,
PAY001378,EMP003183,CLI003638,IN,REG001688,942420,0,942420,INR,2024-07-29,completed,Compliant,2024-07-29 00:00:00,2024-07-29 00:32:41
PAY001379,EMP003626,CLI001874,CA,REG001314,616668,0,616668,CAD,2025-01-27,failed,Non-Compliant,2025-01-27 00:00:00,
PAY001380,EMP001627,CLI001211,IN,REG002478,904748,280472,624276,INR,2024-09-02,failed,Non-Compliant,2024-09-02 00:00:00,
PAY001381,EMP001279,CLI000608,CA,REG002086,551799,0,551799,CAD,2025-02-25,completed,Compliant,2025-02-25 00:00:00,2025-02-25 01:16:15
PAY001382,EMP002825,CLI004500,CA,REG000011,296719,56377,240342,CAD,2025-02-18,completed,Compliant,2025-02-18 00:00:00,2025-02-18 00:39:05
PAY001383,EMP005233,CLI002647,AU,REG002631,359469,0,359469,AUD,2023-11-18,completed,Compliant,2023-11-18 00:00:00,2023-11-18 00:41:42
PAY001384,EMP001348,CLI002617,IN,REG000610,360813,122676,238137,INR,2023-06-03,failed,Non-Compliant,2023-06-03 00:00:00,
PAY001385,EMP005188,CLI003413,DE,REG000015,525914,0,525914,EUR,2025-02-11,pending,Non-Compliant,2025-02-11 00:00:00,
PAY001386,EMP000216,CLI001342,BR,REG002635,607305,0,607305,BRL,2024-10-11,failed,Non-Compliant,2024-10-11 00:00:00,
PAY001387,EMP004875,CLI004812,ZA,REG000353,419863,50384,369479,ZAR,2023-12-26,pending,Non-Compliant,2023-12-26 00:00:00,
PAY001388,EMP003987,CLI000131,AU,REG002388,978856,0,978856,AUD,2024-04-24,completed,Compliant,2024-04-24 00:00:00,2024-04-24 00:52:42
PAY001389,EMP004686,CLI004756,IN,REG002800,942223,188445,753778,INR,2024-01-16,failed,Non-Compliant,2024-01-16 00:00:00,
PAY001390,EMP000940,CLI001899,AU,REG002985,495175,103987,391188,AUD,2023-05-31,completed,Compliant,2023-05-31 00:00:00,2023-05-31 00:39:59
PAY001391,EMP003185,CLI003614,UK,REG002173,284487,76811,207676,GBP,2024-07-12,pending,Non-Compliant,2024-07-12 00:00:00,
PAY001392,EMP005288,CLI003689,CA,REG002532,415067,0,415067,CAD,2024-09-16,failed,Non-Compliant,2024-09-16 00:00:00,
PAY001393,EMP006604,CLI002837,AU,REG001455,772757,77276,695481,AUD,2024-07-24,failed,Non-Compliant,2024-07-24 00:00:00,
PAY001394,EMP005362,CLI000927,AU,REG001743,204822,0,204822,AUD,2024-03-11,pending,Non-Compliant,2024-03-11 00:00:00,
PAY001395,EMP006551,CLI004922,BR,REG001280,337551,81012,256539,BRL,2024-10-31,pending,Non-Compliant,2024-10-31 00:00:00,
PAY001396,EMP003197,CLI004624,IN,REG000341,318842,121160,197682,INR,2023-11-09,pending,Non-Compliant,2023-11-09 00:00:00,
PAY001397,EMP002622,CLI003911,AU,REG000882,531003,159301,371702,AUD,2024-04-03,pending,Non-Compliant,2024-04-03 00:00:00,
PAY001398,EMP003905,CLI001292,UK,REG002409,313303,0,313303,GBP,2025-01-08,pending,Non-Compliant,2025-01-08 00:00:00,
PAY001399,EMP000650,CLI003640,JP,REG000801,556830,0,556830,JPY,2024-11-12,completed,Compliant,2024-11-12 00:00:00,2024-11-12 01:04:44
PAY001400,EMP003024,CLI000666,BR,REG002005,806905,137174,669731,BRL,2024-05-06,completed,Compliant,2024-05-06 00:00:00,2024-05-06 01:50:35
PAY001401,EMP004491,CLI003058,CA,REG002682,522167,57438,464729,CAD,2023-09-08,failed,Non-Compliant,2023-09-08 00:00:00,
PAY001402,EMP004036,CLI001809,ZA,REG002752,584080,0,584080,ZAR,2023-10-17,failed,Non-Compliant,2023-10-17 00:00:00,
PAY001403,EMP001039,CLI000233,FR,REG000976,136441,0,136441,EUR,2025-02-01,failed,Non-Compliant,2025-02-01 00:00:00,
PAY001404,EMP000489,CLI002348,ZA,REG001503,111066,0,111066,ZAR,2023-06-26,failed,Non-Compliant,2023-06-26 00:00:00,
PAY001405,EMP002872,CLI002638,FR,REG000616,307103,0,307103,EUR,2025-04-30,pending,Non-Compliant,2025-04-30 00:00:00,
PAY001406,EMP004509,CLI004647,AU,REG001755,129175,0,129175,AUD,2024-04-21,pending,Non-Compliant,2024-04-21 00:00:00,
PAY001407,EMP000550,CLI002379,ZA,REG002650,349524,0,349524,ZAR,2023-09-22,completed,Compliant,2023-09-22 00:00:00,2023-09-22 01:51:31
PAY001408,EMP003348,CLI003844,IN,REG000633,765446,206670,558776,INR,2025-01-25,failed,Non-Compliant,2025-01-25 00:00:00,
PAY001409,EMP000844,CLI000453,FR,REG000680,649061,0,649061,EUR,2023-12-08,completed,Compliant,2023-12-08 00:00:00,2023-12-08 00:34:09
PAY001410,EMP006346,CLI003046,JP,REG002353,313071,0,313071,JPY,2024-06-12,pending,Non-Compliant,2024-06-12 00:00:00,
PAY001411,EMP006483,CLI003869,FR,REG001000,431585,86317,345268,EUR,2023-09-24,failed,Non-Compliant,2023-09-24 00:00:00,
PAY001412,EMP002570,CLI004672,ZA,REG002721,587532,94005,493527,ZAR,2024-05-26,failed,Non-Compliant,2024-05-26 00:00:00,
PAY001413,EMP003243,CLI000983,ZA,REG000750,267314,0,267314,ZAR,2024-01-10,failed,Non-Compliant,2024-01-10 00:00:00,
PAY001414,EMP004869,CLI002664,IN,REG002198,572813,97378,475435,INR,2025-01-15,completed,Compliant,2025-01-15 00:00:00,2025-01-15 01:09:52
PAY001415,EMP005184,CLI004522,FR,REG002390,686477,0,686477,EUR,2024-08-27,failed,Non-Compliant,2024-08-27 00:00:00,
PAY001416,EMP001198,CLI002027,ZA,REG002219,518563,57042,461521,ZAR,2024-10-30,completed,Compliant,2024-10-30 00:00:00,2024-10-30 01:53:06
PAY001417,EMP000388,CLI004222,BR,REG002613,297543,74386,223157,BRL,2023-12-18,pending,Non-Compliant,2023-12-18 00:00:00,
PAY001418,EMP005937,CLI003374,CA,REG001145,860989,0,860989,CAD,2024-12-03,pending,Non-Compliant,2024-12-03 00:00:00,
PAY001419,EMP000223,CLI004084,FR,REG002777,691612,145239,546373,EUR,2024-10-09,pending,Non-Compliant,2024-10-09 00:00:00,
PAY001420,EMP004122,CLI000452,US,REG001871,978474,0,978474,USD,2023-07-24,pending,Non-Compliant,2023-07-24 00:00:00,
PAY001421,EMP005620,CLI000379,IN,REG001527,996358,0,996358,INR,2025-03-28,pending,Non-Compliant,2025-03-28 00:00:00,
PAY001422,EMP003634,CLI004995,AU,REG000659,459757,87354,372403,AUD,2023-05-28,failed,Non-Compliant,2023-05-28 00:00:00,
PAY001423,EMP005974,CLI003616,AU,REG000120,173521,46851,126670,AUD,2025-03-27,failed,Non-Compliant,2025-03-27 00:00:00,
PAY001424,EMP005014,CLI001208,ZA,REG001105,263770,0,263770,ZAR,2024-10-19,failed,Non-Compliant,2024-10-19 00:00:00,
PAY001425,EMP003315,CLI002372,JP,REG002050,503775,0,503775,JPY,2025-05-08,completed,Compliant,2025-05-08 00:00:00,2025-05-08 00:24:03
PAY001426,EMP003160,CLI000642,US,REG001414,399310,0,399310,USD,2024-06-03,completed,Compliant,2024-06-03 00:00:00,2024-06-03 00:40:41
PAY001427,EMP006044,CLI000554,FR,REG001760,549888,0,549888,EUR,2025-02-05,pending,Non-Compliant,2025-02-05 00:00:00,
PAY001428,EMP003758,CLI004514,US,REG002417,282967,0,282967,USD,2024-06-14,pending,Non-Compliant,2024-06-14 00:00:00,
PAY001429,EMP006882,CLI004535,IN,REG002360,350165,0,350165,INR,2023-11-18,completed,Compliant,2023-11-18 00:00:00,2023-11-18 01:18:40
PAY001430,EMP000741,CLI004145,IN,REG002942,703537,253273,450264,INR,2024-09-27,pending,Non-Compliant,2024-09-27 00:00:00,
PAY001431,EMP005498,CLI002697,IN,REG002576,106431,0,106431,INR,2025-02-27,pending,Non-Compliant,2025-02-27 00:00:00,
PAY001432,EMP005831,CLI002986,IN,REG001638,721614,216484,505130,INR,2024-08-26,completed,Compliant,2024-08-26 00:00:00,2024-08-26 01:37:56
PAY001433,EMP001603,CLI003909,US,REG002141,656729,118211,538518,USD,2023-11-08,pending,Non-Compliant,2023-11-08 00:00:00,
PAY001434,EMP001162,CLI003038,JP,REG002488,295233,0,295233,JPY,2024-07-15,failed,Non-Compliant,2024-07-15 00:00:00,
PAY001435,EMP000272,CLI000196,CA,REG002175,728393,0,728393,CAD,2023-09-02,failed,Non-Compliant,2023-09-02 00:00:00,
PAY001436,EMP002860,CLI003403,UK,REG000514,866850,0,866850,GBP,2025-02-04,completed,Compliant,2025-02-04 00:00:00,2025-02-04 00:52:36
PAY001437,EMP003673,CLI002601,FR,REG000909,801534,0,801534,EUR,2024-08-24,completed,Compliant,2024-08-24 00:00:00,2024-08-24 01:06:57
PAY001438,EMP003179,CLI001500,IN,REG002908,597512,0,597512,INR,2023-10-26,completed,Compliant,2023-10-26 00:00:00,2023-10-26 01:35:05
PAY001439,EMP003960,CLI004662,BR,REG002921,301955,57371,244584,BRL,2024-06-19,pending,Non-Compliant,2024-06-19 00:00:00,
PAY001440,EMP006670,CLI004698,US,REG002939,200475,64152,136323,USD,2025-03-10,completed,Compliant,2025-03-10 00:00:00,2025-03-10 01:57:33
PAY001441,EMP001397,CLI001977,FR,REG001587,300425,0,300425,EUR,2023-08-25,completed,Compliant,2023-08-25 00:00:00,2023-08-25 00:17:48
PAY001442,EMP000020,CLI000289,US,REG002282,272995,0,272995,USD,2023-07-08,failed,Non-Compliant,2023-07-08 00:00:00,
PAY001443,EMP006790,CLI000273,CA,REG002532,577625,0,577625,CAD,2024-04-15,pending,Non-Compliant,2024-04-15 00:00:00,
PAY001444,EMP003342,CLI004111,UK,REG002906,715121,0,715121,GBP,2024-09-25,pending,Non-Compliant,2024-09-25 00:00:00,
PAY001445,EMP001672,CLI003468,IN,REG002269,935978,0,935978,INR,2025-04-29,failed,Non-Compliant,2025-04-29 00:00:00,
PAY001446,EMP003629,CLI003389,ZA,REG000764,582157,0,582157,ZAR,2024-03-31,completed,Compliant,2024-03-31 00:00:00,2024-03-31 00:54:31
PAY001447,EMP000376,CLI002866,FR,REG001998,532674,143822,388852,EUR,2024-04-28,pending,Non-Compliant,2024-04-28 00:00:00,
PAY001448,EMP004621,CLI002679,CA,REG001752,806196,0,806196,CAD,2025-02-17,pending,Non-Compliant,2025-02-17 00:00:00,
PAY001449,EMP002380,CLI003620,US,REG000480,386606,42527,344079,USD,2024-07-04,completed,Compliant,2024-07-04 00:00:00,2024-07-04 01:30:56
PAY001450,EMP003943,CLI002405,IN,REG000695,979499,0,979499,INR,2024-12-09,pending,Non-Compliant,2024-12-09 00:00:00,
PAY001451,EMP000320,CLI004367,ZA,REG000854,719601,79156,640445,ZAR,2025-05-20,pending,Non-Compliant,2025-05-20 00:00:00,
PAY001452,EMP005332,CLI000529,ZA,REG002890,551974,0,551974,ZAR,2023-09-28,failed,Non-Compliant,2023-09-28 00:00:00,
PAY001453,EMP000211,CLI004330,UK,REG002809,825332,0,825332,GBP,2023-06-08,pending,Non-Compliant,2023-06-08 00:00:00,
PAY001454,EMP003666,CLI002947,UK,REG000769,408351,0,408351,GBP,2024-03-22,completed,Compliant,2024-03-22 00:00:00,2024-03-22 01:03:26
PAY001455,EMP006424,CLI004312,US,REG002581,234081,86610,147471,USD,2024-08-12,failed,Non-Compliant,2024-08-12 00:00:00,
PAY001456,EMP000174,CLI000134,US,REG000828,947080,0,947080,USD,2024-12-01,pending,Non-Compliant,2024-12-01 00:00:00,
PAY001457,EMP006496,CLI002481,FR,REG001446,432864,0,432864,EUR,2025-01-07,completed,Compliant,2025-01-07 00:00:00,2025-01-07 01:35:58
PAY001458,EMP004750,CLI000973,AU,REG001172,465461,0,465461,AUD,2024-07-19,completed,Compliant,2024-07-19 00:00:00,2024-07-19 00:07:34
PAY001459,EMP003507,CLI003132,AU,REG000555,408949,0,408949,AUD,2024-11-29,completed,Compliant,2024-11-29 00:00:00,2024-11-29 00:47:49
PAY001460,EMP003577,CLI002256,BR,REG000482,683113,0,683113,BRL,2025-05-20,completed,Compliant,2025-05-20 00:00:00,2025-05-20 00:07:54
PAY001461,EMP003608,CLI002554,DE,REG001739,137883,0,137883,EUR,2025-02-13,completed,Compliant,2025-02-13 00:00:00,2025-02-13 01:45:22
PAY001462,EMP002750,CLI004536,UK,REG002854,130525,18274,112251,GBP,2025-01-31,pending,Non-Compliant,2025-01-31 00:00:00,
PAY001463,EMP004810,CLI004675,ZA,REG000671,663574,112808,550766,ZAR,2024-04-30,completed,Compliant,2024-04-30 00:00:00,2024-04-30 00:08:38
PAY001464,EMP005103,CLI004972,AU,REG000173,445984,0,445984,AUD,2024-07-12,failed,Non-Compliant,2024-07-12 00:00:00,
PAY001465,EMP006468,CLI003580,IN,REG001584,317797,0,317797,INR,2024-02-21,failed,Non-Compliant,2024-02-21 00:00:00,
PAY001466,EMP005317,CLI004146,BR,REG001747,726411,0,726411,BRL,2025-01-10,failed,Non-Compliant,2025-01-10 00:00:00,
PAY001467,EMP000333,CLI004607,UK,REG001185,454367,0,454367,GBP,2024-09-17,failed,Non-Compliant,2024-09-17 00:00:00,
PAY001468,EMP001782,CLI001349,BR,REG002107,538515,0,538515,BRL,2023-07-25,pending,Non-Compliant,2023-07-25 00:00:00,
PAY001469,EMP002493,CLI000796,ZA,REG001680,794094,182642,611452,ZAR,2024-06-25,pending,Non-Compliant,2024-06-25 00:00:00,
PAY001470,EMP003969,CLI001930,JP,REG000220,756595,264808,491787,JPY,2024-10-18,failed,Non-Compliant,2024-10-18 00:00:00,
PAY001471,EMP002862,CLI001507,FR,REG000377,884060,265218,618842,EUR,2025-03-17,pending,Non-Compliant,2025-03-17 00:00:00,
PAY001472,EMP002135,CLI003333,JP,REG001618,672446,235356,437090,JPY,2024-04-03,failed,Non-Compliant,2024-04-03 00:00:00,
PAY001473,EMP003288,CLI000332,JP,REG001445,646722,0,646722,JPY,2024-07-07,failed,Non-Compliant,2024-07-07 00:00:00,
PAY001474,EMP005977,CLI004847,ZA,REG000191,421269,0,421269,ZAR,2024-09-19,pending,Non-Compliant,2024-09-19 00:00:00,
PAY001475,EMP005816,CLI004506,DE,REG002652,345903,131443,214460,EUR,2024-11-01,completed,Compliant,2024-11-01 00:00:00,2024-11-01 01:56:55
PAY001476,EMP006230,CLI001357,DE,REG002629,475407,0,475407,EUR,2024-05-15,failed,Non-Compliant,2024-05-15 00:00:00,
PAY001477,EMP006899,CLI003084,ZA,REG001465,371432,122573,248859,ZAR,2024-05-17,completed,Compliant,2024-05-17 00:00:00,2024-05-17 01:24:22
PAY001478,EMP000896,CLI003668,US,REG002374,608166,0,608166,USD,2023-09-21,completed,Compliant,2023-09-21 00:00:00,2023-09-21 01:03:14
PAY001479,EMP001726,CLI004833,ZA,REG000338,842171,0,842171,ZAR,2024-02-09,pending,Non-Compliant,2024-02-09 00:00:00,
PAY001480,EMP004104,CLI004368,ZA,REG000554,972670,0,972670,ZAR,2023-11-22,pending,Non-Compliant,2023-11-22 00:00:00,
PAY001481,EMP004595,CLI004469,BR,REG000551,903986,271196,632790,BRL,2023-06-04,completed,Compliant,2023-06-04 00:00:00,2023-06-04 00:32:12
PAY001482,EMP002408,CLI001479,DE,REG001864,197724,33613,164111,EUR,2023-10-05,failed,Non-Compliant,2023-10-05 00:00:00,
PAY001483,EMP004501,CLI003121,UK,REG000565,149184,56690,92494,GBP,2023-06-13,pending,Non-Compliant,2023-06-13 00:00:00,
PAY001484,EMP002067,CLI003154,JP,REG001894,934732,205641,729091,JPY,2024-10-07,pending,Non-Compliant,2024-10-07 00:00:00,
PAY001485,EMP001257,CLI001268,US,REG002033,308471,0,308471,USD,2024-02-10,pending,Non-Compliant,2024-02-10 00:00:00,
PAY001486,EMP002860,CLI003615,UK,REG001164,197204,35497,161707,GBP,2023-07-14,pending,Non-Compliant,2023-07-14 00:00:00,
PAY001487,EMP003296,CLI001410,DE,REG002823,507185,0,507185,EUR,2024-11-03,failed,Non-Compliant,2024-11-03 00:00:00,
PAY001488,EMP006310,CLI004081,DE,REG000819,419190,0,419190,EUR,2025-02-25,failed,Non-Compliant,2025-02-25 00:00:00,
PAY001489,EMP006486,CLI000304,UK,REG001601,352088,0,352088,GBP,2023-12-09,pending,Non-Compliant,2023-12-09 00:00:00,
PAY001490,EMP004549,CLI004141,IN,REG000329,607662,0,607662,INR,2023-10-21,failed,Non-Compliant,2023-10-21 00:00:00,
PAY001491,EMP005053,CLI001806,CA,REG002152,519623,0,519623,CAD,2023-11-16,completed,Compliant,2023-11-16 00:00:00,2023-11-16 00:32:24
PAY001492,EMP000733,CLI003475,FR,REG001720,184643,0,184643,EUR,2024-08-22,pending,Non-Compliant,2024-08-22 00:00:00,
PAY001493,EMP000301,CLI000675,IN,REG001464,444389,115541,328848,INR,2023-05-27,completed,Compliant,2023-05-27 00:00:00,2023-05-27 01:53:35
PAY001494,EMP002171,CLI003419,BR,REG001280,178807,42914,135893,BRL,2024-11-20,pending,Non-Compliant,2024-11-20 00:00:00,
PAY001495,EMP002727,CLI000858,JP,REG000213,336243,117685,218558,JPY,2024-04-08,pending,Non-Compliant,2024-04-08 00:00:00,
PAY001496,EMP003030,CLI002826,FR,REG000964,335112,0,335112,EUR,2023-10-16,pending,Non-Compliant,2023-10-16 00:00:00,
PAY001497,EMP005588,CLI004911,US,REG002678,669585,0,669585,USD,2024-06-29,failed,Non-Compliant,2024-06-29 00:00:00,
PAY001498,EMP006484,CLI003023,BR,REG002182,636462,0,636462,BRL,2023-06-16,failed,Non-Compliant,2023-06-16 00:00:00,
PAY001499,EMP002104,CLI004696,AU,REG000433,705850,0,705850,AUD,2025-05-21,failed,Non-Compliant,2025-05-21 00:00:00,
PAY001500,EMP006538,CLI004568,CA,REG000552,938824,0,938824,CAD,2024-06-06,completed,Compliant,2024-06-06 00:00:00,2024-06-06 01:39:14
PAY001501,EMP000364,CLI003510,FR,REG001322,555383,0,555383,EUR,2024-11-22,failed,Non-Compliant,2024-11-22 00:00:00,
PAY001502,EMP001106,CLI004485,BR,REG000087,270416,35154,235262,BRL,2025-01-01,failed,Non-Compliant,2025-01-01 00:00:00,
PAY001503,EMP006618,CLI003212,DE,REG000962,321877,0,321877,EUR,2023-12-02,pending,Non-Compliant,2023-12-02 00:00:00,
PAY001504,EMP002664,CLI003893,ZA,REG000818,909059,0,909059,ZAR,2023-06-27,pending,Non-Compliant,2023-06-27 00:00:00,
PAY001505,EMP005489,CLI000991,FR,REG002159,734530,0,734530,EUR,2023-12-12,completed,Compliant,2023-12-12 00:00:00,2023-12-12 01:01:23
PAY001506,EMP002547,CLI002213,IN,REG002343,860372,0,860372,INR,2024-02-07,pending,Non-Compliant,2024-02-07 00:00:00,
PAY001507,EMP000027,CLI001559,BR,REG000873,724412,231812,492600,BRL,2024-09-10,pending,Non-Compliant,2024-09-10 00:00:00,
PAY001508,EMP002886,CLI002893,US,REG001048,239430,0,239430,USD,2023-09-17,pending,Non-Compliant,2023-09-17 00:00:00,
PAY001509,EMP002797,CLI003524,IN,REG002108,601288,120258,481030,INR,2023-12-08,completed,Compliant,2023-12-08 00:00:00,2023-12-08 00:22:21
PAY001510,EMP005897,CLI001006,FR,REG000777,287040,0,287040,EUR,2024-10-25,completed,Compliant,2024-10-25 00:00:00,2024-10-25 00:35:10
PAY001511,EMP005635,CLI000072,US,REG001996,165155,62759,102396,USD,2023-08-27,pending,Non-Compliant,2023-08-27 00:00:00,
PAY001512,EMP004715,CLI002965,IN,REG001917,936760,0,936760,INR,2024-04-07,pending,Non-Compliant,2024-04-07 00:00:00,
PAY001513,EMP006330,CLI003012,IN,REG000768,405342,0,405342,INR,2025-02-24,pending,Non-Compliant,2025-02-24 00:00:00,
PAY001514,EMP003292,CLI004182,DE,REG002628,674751,0,674751,EUR,2023-07-16,failed,Non-Compliant,2023-07-16 00:00:00,
PAY001515,EMP002243,CLI003856,ZA,REG002451,727411,0,727411,ZAR,2023-08-21,completed,Compliant,2023-08-21 00:00:00,2023-08-21 00:56:00
PAY001516,EMP000588,CLI002513,US,REG000827,269333,0,269333,USD,2024-06-12,pending,Non-Compliant,2024-06-12 00:00:00,
PAY001517,EMP000267,CLI004003,FR,REG000964,656473,0,656473,EUR,2024-12-13,failed,Non-Compliant,2024-12-13 00:00:00,
PAY001518,EMP004337,CLI001240,DE,REG000509,804714,233367,571347,EUR,2025-02-16,failed,Non-Compliant,2025-02-16 00:00:00,
PAY001519,EMP003331,CLI003354,CA,REG002254,506172,0,506172,CAD,2023-07-06,completed,Compliant,2023-07-06 00:00:00,2023-07-06 00:33:47
PAY001520,EMP001027,CLI003518,IN,REG002368,924301,351234,573067,INR,2024-07-21,pending,Non-Compliant,2024-07-21 00:00:00,
PAY001521,EMP003596,CLI002750,AU,REG001388,893880,0,893880,AUD,2024-07-31,pending,Non-Compliant,2024-07-31 00:00:00,
PAY001522,EMP004150,CLI003152,AU,REG002685,622571,105837,516734,AUD,2024-08-03,completed,Compliant,2024-08-03 00:00:00,2024-08-03 01:42:17
PAY001523,EMP004402,CLI002410,DE,REG002126,735744,0,735744,EUR,2024-09-04,failed,Non-Compliant,2024-09-04 00:00:00,
PAY001524,EMP004780,CLI004973,AU,REG000691,360576,0,360576,AUD,2023-08-30,failed,Non-Compliant,2023-08-30 00:00:00,
PAY001525,EMP005001,CLI004054,UK,REG001057,281129,109640,171489,GBP,2024-07-04,completed,Compliant,2024-07-04 00:00:00,2024-07-04 01:01:45
PAY001526,EMP001286,CLI004944,AU,REG001965,554170,0,554170,AUD,2023-06-28,pending,Non-Compliant,2023-06-28 00:00:00,
PAY001527,EMP000037,CLI003597,DE,REG001642,463904,111337,352567,EUR,2023-12-26,completed,Compliant,2023-12-26 00:00:00,2023-12-26 00:54:12
PAY001528,EMP005293,CLI000619,BR,REG002811,786931,0,786931,BRL,2024-07-18,completed,Compliant,2024-07-18 00:00:00,2024-07-18 00:09:37
PAY001529,EMP003250,CLI001690,JP,REG000645,740117,0,740117,JPY,2023-08-30,failed,Non-Compliant,2023-08-30 00:00:00,
PAY001530,EMP000879,CLI002797,FR,REG002471,637186,0,637186,EUR,2025-01-14,pending,Non-Compliant,2025-01-14 00:00:00,
PAY001531,EMP001993,CLI004374,IN,REG001572,923625,0,923625,INR,2023-06-22,completed,Compliant,2023-06-22 00:00:00,2023-06-22 01:09:13
PAY001532,EMP001815,CLI000785,FR,REG000980,191628,0,191628,EUR,2024-02-22,completed,Compliant,2024-02-22 00:00:00,2024-02-22 00:42:21
PAY001533,EMP004195,CLI000092,FR,REG000085,458212,0,458212,EUR,2025-02-23,completed,Compliant,2025-02-23 00:00:00,2025-02-23 00:37:52
PAY001534,EMP001290,CLI000477,ZA,REG001199,221655,0,221655,ZAR,2024-11-04,pending,Non-Compliant,2024-11-04 00:00:00,
PAY001535,EMP000976,CLI002993,US,REG001292,575655,155427,420228,USD,2024-12-08,failed,Non-Compliant,2024-12-08 00:00:00,
PAY001536,EMP001588,CLI001974,ZA,REG000323,418250,163118,255132,ZAR,2025-02-02,completed,Compliant,2025-02-02 00:00:00,2025-02-02 01:34:20
PAY001537,EMP004615,CLI002944,UK,REG002409,918180,0,918180,GBP,2024-02-29,failed,Non-Compliant,2024-02-29 00:00:00,
PAY001538,EMP003970,CLI002601,US,REG001450,828208,0,828208,USD,2025-03-14,pending,Non-Compliant,2025-03-14 00:00:00,
PAY001539,EMP004749,CLI000100,AU,REG000413,706375,0,706375,AUD,2025-01-30,completed,Compliant,2025-01-30 00:00:00,2025-01-30 01:34:20
PAY001540,EMP004096,CLI000488,ZA,REG001983,312112,68665,243447,ZAR,2024-10-25,completed,Compliant,2024-10-25 00:00:00,2024-10-25 00:49:20
PAY001541,EMP002373,CLI001430,UK,REG002001,955517,0,955517,GBP,2023-07-08,completed,Compliant,2023-07-08 00:00:00,2023-07-08 00:52:47
PAY001542,EMP006633,CLI004050,FR,REG000721,876542,350617,525925,EUR,2024-08-12,pending,Non-Compliant,2024-08-12 00:00:00,
PAY001543,EMP004523,CLI000858,US,REG000741,939790,178560,761230,USD,2023-05-29,completed,Compliant,2023-05-29 00:00:00,2023-05-29 01:55:21
PAY001544,EMP005229,CLI003491,AU,REG002952,231775,0,231775,AUD,2025-01-06,failed,Non-Compliant,2025-01-06 00:00:00,
PAY001545,EMP005252,CLI001027,AU,REG000492,403616,84759,318857,AUD,2024-04-25,completed,Compliant,2024-04-25 00:00:00,2024-04-25 01:54:56
PAY001546,EMP000532,CLI000633,UK,REG000336,360182,0,360182,GBP,2024-06-13,failed,Non-Compliant,2024-06-13 00:00:00,
PAY001547,EMP002646,CLI004066,FR,REG002413,901007,360403,540604,EUR,2024-09-08,failed,Non-Compliant,2024-09-08 00:00:00,
PAY001548,EMP005337,CLI004288,ZA,REG000131,222353,0,222353,ZAR,2023-06-15,pending,Non-Compliant,2023-06-15 00:00:00,
PAY001549,EMP000526,CLI003912,IN,REG000211,998949,0,998949,INR,2023-12-29,failed,Non-Compliant,2023-12-29 00:00:00,
PAY001550,EMP005263,CLI003241,BR,REG001832,880533,352213,528320,BRL,2023-06-02,completed,Compliant,2023-06-02 00:00:00,2023-06-02 00:54:11
PAY001551,EMP003427,CLI004524,UK,REG001893,982558,0,982558,GBP,2024-11-21,completed,Compliant,2024-11-21 00:00:00,2024-11-21 00:30:27
PAY001552,EMP000761,CLI001343,FR,REG001966,936990,0,936990,EUR,2024-09-15,failed,Non-Compliant,2024-09-15 00:00:00,
PAY001553,EMP000931,CLI001605,CA,REG001390,498272,0,498272,CAD,2024-08-03,completed,Compliant,2024-08-03 00:00:00,2024-08-03 00:31:46
PAY001554,EMP000441,CLI000677,FR,REG002596,976296,0,976296,EUR,2025-02-23,failed,Non-Compliant,2025-02-23 00:00:00,
PAY001555,EMP002298,CLI000082,JP,REG001197,116101,42957,73144,JPY,2024-12-31,failed,Non-Compliant,2024-12-31 00:00:00,
PAY001556,EMP004937,CLI003204,US,REG000837,922070,0,922070,USD,2023-11-21,completed,Compliant,2023-11-21 00:00:00,2023-11-21 00:44:54
PAY001557,EMP001450,CLI002330,US,REG002200,534138,0,534138,USD,2024-02-10,completed,Compliant,2024-02-10 00:00:00,2024-02-10 01:18:06
PAY001558,EMP004034,CLI003677,DE,REG001410,842792,0,842792,EUR,2023-08-01,failed,Non-Compliant,2023-08-01 00:00:00,
PAY001559,EMP005109,CLI004338,BR,REG002933,580835,0,580835,BRL,2025-05-05,failed,Non-Compliant,2025-05-05 00:00:00,
PAY001560,EMP005046,CLI004365,UK,REG000907,307933,123173,184760,GBP,2023-07-08,completed,Compliant,2023-07-08 00:00:00,2023-07-08 00:58:39
PAY001561,EMP000960,CLI001697,ZA,REG001522,237409,0,237409,ZAR,2024-07-14,completed,Compliant,2024-07-14 00:00:00,2024-07-14 01:35:27
PAY001562,EMP001416,CLI001430,CA,REG000632,508162,0,508162,CAD,2025-04-08,failed,Non-Compliant,2025-04-08 00:00:00,
PAY001563,EMP006314,CLI002430,IN,REG001674,133455,24022,109433,INR,2023-07-14,pending,Non-Compliant,2023-07-14 00:00:00,
PAY001564,EMP004855,CLI002422,AU,REG001184,715542,257595,457947,AUD,2024-01-28,failed,Non-Compliant,2024-01-28 00:00:00,
PAY001565,EMP004008,CLI000698,FR,REG001862,311252,52913,258339,EUR,2023-08-05,pending,Non-Compliant,2023-08-05 00:00:00,
PAY001566,EMP004144,CLI002197,BR,REG002087,424907,110476,314431,BRL,2024-12-23,pending,Non-Compliant,2024-12-23 00:00:00,
PAY001567,EMP003723,CLI004702,UK,REG002819,151687,0,151687,GBP,2025-04-23,completed,Compliant,2025-04-23 00:00:00,2025-04-23 01:38:47
PAY001568,EMP001422,CLI003367,UK,REG001424,295017,0,295017,GBP,2023-10-18,pending,Non-Compliant,2023-10-18 00:00:00,
PAY001569,EMP004904,CLI002994,JP,REG002923,530237,0,530237,JPY,2024-07-21,completed,Compliant,2024-07-21 00:00:00,2024-07-21 00:45:57
PAY001570,EMP005311,CLI002754,JP,REG000129,848421,0,848421,JPY,2024-05-23,pending,Non-Compliant,2024-05-23 00:00:00,
PAY001571,EMP004457,CLI000316,DE,REG001211,543554,0,543554,EUR,2023-11-12,failed,Non-Compliant,2023-11-12 00:00:00,
PAY001572,EMP000111,CLI000256,IN,REG002563,518296,0,518296,INR,2024-04-08,failed,Non-Compliant,2024-04-08 00:00:00,
PAY001573,EMP005055,CLI001186,DE,REG002767,758571,75857,682714,EUR,2024-10-24,completed,Compliant,2024-10-24 00:00:00,2024-10-24 00:19:11
PAY001574,EMP000778,CLI004098,IN,REG000409,789296,0,789296,INR,2024-09-03,completed,Compliant,2024-09-03 00:00:00,2024-09-03 01:59:01
PAY001575,EMP000019,CLI003070,ZA,REG001347,288530,31738,256792,ZAR,2023-10-01,completed,Compliant,2023-10-01 00:00:00,2023-10-01 00:18:33
PAY001576,EMP005515,CLI000150,ZA,REG001983,478472,105264,373208,ZAR,2023-09-02,failed,Non-Compliant,2023-09-02 00:00:00,
PAY001577,EMP000946,CLI001637,DE,REG000233,381144,0,381144,EUR,2024-02-11,completed,Compliant,2024-02-11 00:00:00,2024-02-11 00:09:32
PAY001578,EMP001710,CLI001362,US,REG001883,106421,0,106421,USD,2024-11-23,completed,Compliant,2024-11-23 00:00:00,2024-11-23 01:52:42
PAY001579,EMP001426,CLI003176,JP,REG002183,717918,186659,531259,JPY,2024-08-08,completed,Compliant,2024-08-08 00:00:00,2024-08-08 00:29:37
PAY001580,EMP006088,CLI001857,BR,REG001405,784480,0,784480,BRL,2024-01-15,completed,Compliant,2024-01-15 00:00:00,2024-01-15 00:51:26
PAY001581,EMP001893,CLI000429,AU,REG000558,185042,0,185042,AUD,2023-11-01,pending,Non-Compliant,2023-11-01 00:00:00,
PAY001582,EMP004503,CLI000702,UK,REG000813,194863,0,194863,GBP,2023-07-15,completed,Compliant,2023-07-15 00:00:00,2023-07-15 00:13:17
PAY001583,EMP005661,CLI002592,DE,REG002138,641859,198976,442883,EUR,2023-12-10,completed,Compliant,2023-12-10 00:00:00,2023-12-10 01:12:22
PAY001584,EMP003810,CLI004691,IN,REG001254,401004,0,401004,INR,2024-01-18,completed,Compliant,2024-01-18 00:00:00,2024-01-18 00:18:34
PAY001585,EMP002965,CLI000095,IN,REG000116,166243,0,166243,INR,2024-09-07,failed,Non-Compliant,2024-09-07 00:00:00,
PAY001586,EMP000046,CLI001906,IN,REG001697,794218,0,794218,INR,2023-12-08,pending,Non-Compliant,2023-12-08 00:00:00,
PAY001587,EMP005223,CLI002988,BR,REG001851,822312,0,822312,BRL,2023-12-15,completed,Compliant,2023-12-15 00:00:00,2023-12-15 01:59:45
PAY001588,EMP004899,CLI002961,JP,REG002095,524658,0,524658,JPY,2025-03-18,completed,Compliant,2025-03-18 00:00:00,2025-03-18 00:55:16
PAY001589,EMP001491,CLI001229,CA,REG001289,315827,63165,252662,CAD,2024-05-01,completed,Compliant,2024-05-01 00:00:00,2024-05-01 01:53:45
PAY001590,EMP005771,CLI003083,DE,REG000936,805045,104656,700389,EUR,2024-07-08,failed,Non-Compliant,2024-07-08 00:00:00,
PAY001591,EMP003923,CLI003468,BR,REG000535,457167,0,457167,BRL,2023-11-14,completed,Compliant,2023-11-14 00:00:00,2023-11-14 00:43:14
PAY001592,EMP000177,CLI001583,BR,REG000864,623008,155752,467256,BRL,2024-02-15,pending,Non-Compliant,2024-02-15 00:00:00,
PAY001593,EMP003000,CLI000664,US,REG002442,499415,194772,304643,USD,2025-04-14,pending,Non-Compliant,2025-04-14 00:00:00,
PAY001594,EMP005441,CLI003856,BR,REG001520,139460,0,139460,BRL,2025-04-04,failed,Non-Compliant,2025-04-04 00:00:00,
PAY001595,EMP000700,CLI001052,CA,REG002382,272479,0,272479,CAD,2024-04-01,pending,Non-Compliant,2024-04-01 00:00:00,
PAY001596,EMP005843,CLI004040,US,REG002653,661640,224958,436682,USD,2024-10-22,failed,Non-Compliant,2024-10-22 00:00:00,
PAY001597,EMP005686,CLI004316,BR,REG001747,454389,0,454389,BRL,2023-07-09,completed,Compliant,2023-07-09 00:00:00,2023-07-09 00:19:55
PAY001598,EMP003805,CLI004293,UK,REG002701,732827,0,732827,GBP,2024-05-01,failed,Non-Compliant,2024-05-01 00:00:00,
PAY001599,EMP004872,CLI004537,UK,REG000655,834105,0,834105,GBP,2024-12-10,pending,Non-Compliant,2024-12-10 00:00:00,
PAY001600,EMP002042,CLI002598,DE,REG000478,973724,340803,632921,EUR,2024-01-16,pending,Non-Compliant,2024-01-16 00:00:00,
PAY001601,EMP000928,CLI000950,BR,REG000502,332252,89708,242544,BRL,2024-07-07,completed,Compliant,2024-07-07 00:00:00,2024-07-07 01:28:27
PAY001602,EMP001287,CLI002553,UK,REG001480,825370,231104,594266,GBP,2024-12-30,failed,Non-Compliant,2024-12-30 00:00:00,
PAY001603,EMP002984,CLI000609,UK,REG001555,495640,0,495640,GBP,2023-10-18,pending,Non-Compliant,2023-10-18 00:00:00,
PAY001604,EMP005511,CLI003849,DE,REG001015,166920,33384,133536,EUR,2023-07-12,pending,Non-Compliant,2023-07-12 00:00:00,
PAY001605,EMP006894,CLI003357,JP,REG001563,616028,0,616028,JPY,2024-09-06,completed,Compliant,2024-09-06 00:00:00,2024-09-06 01:51:07
PAY001606,EMP003295,CLI002600,BR,REG001640,914227,0,914227,BRL,2024-07-20,pending,Non-Compliant,2024-07-20 00:00:00,
PAY001607,EMP005362,CLI000040,AU,REG000294,416695,129175,287520,AUD,2025-01-01,failed,Non-Compliant,2025-01-01 00:00:00,
PAY001608,EMP001573,CLI000743,UK,REG001304,903503,0,903503,GBP,2025-05-05,completed,Compliant,2025-05-05 00:00:00,2025-05-05 01:20:03
PAY001609,EMP004038,CLI001689,UK,REG002039,515356,56689,458667,GBP,2023-08-22,completed,Compliant,2023-08-22 00:00:00,2023-08-22 00:50:07
PAY001610,EMP005326,CLI001746,FR,REG000182,193176,30908,162268,EUR,2023-10-16,completed,Compliant,2023-10-16 00:00:00,2023-10-16 00:20:20
PAY001611,EMP004360,CLI000719,IN,REG001150,698200,0,698200,INR,2025-02-07,completed,Compliant,2025-02-07 00:00:00,2025-02-07 01:05:32
PAY001612,EMP003727,CLI003851,AU,REG000803,943771,0,943771,AUD,2025-01-27,completed,Compliant,2025-01-27 00:00:00,2025-01-27 01:55:59
PAY001613,EMP004809,CLI003456,US,REG002096,959517,0,959517,USD,2023-09-23,pending,Non-Compliant,2023-09-23 00:00:00,
PAY001614,EMP002126,CLI002598,JP,REG000082,157286,48759,108527,JPY,2023-09-09,completed,Compliant,2023-09-09 00:00:00,2023-09-09 00:13:16
PAY001615,EMP002381,CLI003585,AU,REG000631,750519,262682,487837,AUD,2025-03-30,pending,Non-Compliant,2025-03-30 00:00:00,
PAY001616,EMP004529,CLI003450,JP,REG000912,167609,0,167609,JPY,2024-09-20,pending,Non-Compliant,2024-09-20 00:00:00,
PAY001617,EMP002295,CLI001413,IN,REG001032,786072,0,786072,INR,2024-04-15,pending,Non-Compliant,2024-04-15 00:00:00,
PAY001618,EMP002481,CLI002597,UK,REG000435,328131,0,328131,GBP,2023-09-12,completed,Compliant,2023-09-12 00:00:00,2023-09-12 01:59:50
PAY001619,EMP002389,CLI004326,AU,REG001918,230044,0,230044,AUD,2024-12-31,pending,Non-Compliant,2024-12-31 00:00:00,
PAY001620,EMP001194,CLI003485,FR,REG000639,957099,0,957099,EUR,2023-08-21,completed,Compliant,2023-08-21 00:00:00,2023-08-21 00:13:07
PAY001621,EMP002407,CLI000649,IN,REG000633,165958,44809,121149,INR,2025-04-16,failed,Non-Compliant,2025-04-16 00:00:00,
PAY001622,EMP003462,CLI001837,CA,REG002427,460298,0,460298,CAD,2023-12-14,pending,Non-Compliant,2023-12-14 00:00:00,
PAY001623,EMP004247,CLI002768,FR,REG002884,188017,39484,148533,EUR,2024-09-11,pending,Non-Compliant,2024-09-11 00:00:00,
PAY001624,EMP005024,CLI003202,UK,REG000765,351170,0,351170,GBP,2023-08-17,completed,Compliant,2023-08-17 00:00:00,2023-08-17 01:24:35
PAY001625,EMP002609,CLI003479,ZA,REG000714,860951,0,860951,ZAR,2023-09-06,completed,Compliant,2023-09-06 00:00:00,2023-09-06 01:02:28
PAY001626,EMP002106,CLI003548,ZA,REG001511,785125,227686,557439,ZAR,2024-01-16,completed,Compliant,2024-01-16 00:00:00,2024-01-16 00:32:38
PAY001627,EMP006160,CLI000078,US,REG001568,813260,187050,626210,USD,2025-02-08,failed,Non-Compliant,2025-02-08 00:00:00,
PAY001628,EMP003523,CLI002359,US,REG000141,681017,143014,538003,USD,2024-12-11,pending,Non-Compliant,2024-12-11 00:00:00,
PAY001629,EMP000847,CLI003897,JP,REG000508,893486,0,893486,JPY,2025-04-24,failed,Non-Compliant,2025-04-24 00:00:00,
PAY001630,EMP005351,CLI003483,IN,REG000559,677675,0,677675,INR,2024-05-03,completed,Compliant,2024-05-03 00:00:00,2024-05-03 00:39:07
PAY001631,EMP006085,CLI000097,IN,REG001210,194668,60347,134321,INR,2024-10-14,failed,Non-Compliant,2024-10-14 00:00:00,
PAY001632,EMP004066,CLI000372,FR,REG002661,863047,0,863047,EUR,2023-11-06,failed,Non-Compliant,2023-11-06 00:00:00,
PAY001633,EMP005234,CLI002631,DE,REG002300,485412,121353,364059,EUR,2024-02-26,failed,Non-Compliant,2024-02-26 00:00:00,
PAY001634,EMP003709,CLI004316,CA,REG001839,200328,0,200328,CAD,2024-04-11,completed,Compliant,2024-04-11 00:00:00,2024-04-11 01:37:16
PAY001635,EMP001863,CLI002643,DE,REG000095,195830,0,195830,EUR,2023-12-06,pending,Non-Compliant,2023-12-06 00:00:00,
PAY001636,EMP005193,CLI002510,ZA,REG001332,355133,0,355133,ZAR,2024-02-14,failed,Non-Compliant,2024-02-14 00:00:00,
PAY001637,EMP006863,CLI003040,JP,REG002844,314306,0,314306,JPY,2025-04-11,completed,Compliant,2025-04-11 00:00:00,2025-04-11 01:26:03
PAY001638,EMP005360,CLI000282,JP,REG002676,488817,0,488817,JPY,2024-03-05,completed,Compliant,2024-03-05 00:00:00,2024-03-05 01:14:44
PAY001639,EMP000768,CLI001279,UK,REG002155,794589,0,794589,GBP,2023-08-17,failed,Non-Compliant,2023-08-17 00:00:00,
PAY001640,EMP006849,CLI003962,DE,REG001782,168853,0,168853,EUR,2023-12-01,completed,Compliant,2023-12-01 00:00:00,2023-12-01 01:38:12
PAY001641,EMP006529,CLI004616,ZA,REG001485,328702,0,328702,ZAR,2024-09-13,completed,Compliant,2024-09-13 00:00:00,2024-09-13 00:06:28
PAY001642,EMP001755,CLI004246,BR,REG002616,174346,0,174346,BRL,2023-08-15,completed,Compliant,2023-08-15 00:00:00,2023-08-15 01:31:14
PAY001643,EMP002682,CLI003667,BR,REG002066,615068,67657,547411,BRL,2024-03-23,failed,Non-Compliant,2024-03-23 00:00:00,
PAY001644,EMP002200,CLI001385,AU,REG000076,658138,118465,539673,AUD,2024-03-14,failed,Non-Compliant,2024-03-14 00:00:00,
PAY001645,EMP004625,CLI002902,IN,REG000077,751834,142848,608986,INR,2023-12-20,pending,Non-Compliant,2023-12-20 00:00:00,
PAY001646,EMP000266,CLI004673,ZA,REG002758,534783,0,534783,ZAR,2025-01-16,pending,Non-Compliant,2025-01-16 00:00:00,
PAY001647,EMP001254,CLI001255,ZA,REG002363,577574,127066,450508,ZAR,2023-08-26,completed,Compliant,2023-08-26 00:00:00,2023-08-26 00:56:57
PAY001648,EMP003199,CLI001683,FR,REG001997,144665,47739,96926,EUR,2023-11-01,failed,Non-Compliant,2023-11-01 00:00:00,
PAY001649,EMP006070,CLI001408,ZA,REG002862,671595,255206,416389,ZAR,2024-03-20,failed,Non-Compliant,2024-03-20 00:00:00,
PAY001650,EMP002359,CLI000777,AU,REG000383,945917,122969,822948,AUD,2023-11-26,pending,Non-Compliant,2023-11-26 00:00:00,
PAY001651,EMP000740,CLI003123,IN,REG001838,131710,0,131710,INR,2023-10-30,pending,Non-Compliant,2023-10-30 00:00:00,
PAY001652,EMP001454,CLI000212,FR,REG002500,681473,0,681473,EUR,2024-03-06,failed,Non-Compliant,2024-03-06 00:00:00,
PAY001653,EMP004182,CLI000441,AU,REG002847,770615,0,770615,AUD,2023-08-13,failed,Non-Compliant,2023-08-13 00:00:00,
PAY001654,EMP003225,CLI000964,JP,REG002853,180127,0,180127,JPY,2023-08-12,completed,Compliant,2023-08-12 00:00:00,2023-08-12 00:19:59
PAY001655,EMP003771,CLI004541,FR,REG002820,642408,199146,443262,EUR,2024-05-08,pending,Non-Compliant,2024-05-08 00:00:00,
PAY001656,EMP001216,CLI002697,AU,REG000798,317275,120564,196711,AUD,2023-10-26,completed,Compliant,2023-10-26 00:00:00,2023-10-26 00:15:16
PAY001657,EMP003196,CLI000018,JP,REG002812,223303,0,223303,JPY,2025-04-21,pending,Non-Compliant,2025-04-21 00:00:00,
PAY001658,EMP006754,CLI003513,FR,REG001092,866181,251192,614989,EUR,2024-12-18,failed,Non-Compliant,2024-12-18 00:00:00,
PAY001659,EMP001009,CLI002139,US,REG002281,720160,0,720160,USD,2024-11-12,completed,Compliant,2024-11-12 00:00:00,2024-11-12 01:25:43
PAY001660,EMP000753,CLI004069,IN,REG000979,812042,0,812042,INR,2025-02-11,pending,Non-Compliant,2025-02-11 00:00:00,
PAY001661,EMP005346,CLI004029,US,REG002653,229577,78056,151521,USD,2024-01-28,completed,Compliant,2024-01-28 00:00:00,2024-01-28 00:41:58
PAY001662,EMP001904,CLI000829,CA,REG002333,261908,0,261908,CAD,2024-10-30,pending,Non-Compliant,2024-10-30 00:00:00,
PAY001663,EMP005539,CLI004990,US,REG001786,235955,0,235955,USD,2024-11-08,failed,Non-Compliant,2024-11-08 00:00:00,
PAY001664,EMP002069,CLI003941,ZA,REG000894,495358,0,495358,ZAR,2023-08-27,completed,Compliant,2023-08-27 00:00:00,2023-08-27 00:33:11
PAY001665,EMP002137,CLI003730,IN,REG000604,684535,0,684535,INR,2024-08-15,pending,Non-Compliant,2024-08-15 00:00:00,
PAY001666,EMP000536,CLI001175,CA,REG002931,654799,0,654799,CAD,2025-05-26,failed,Non-Compliant,2025-05-26 00:00:00,
PAY001667,EMP002804,CLI004641,JP,REG000275,396358,103053,293305,JPY,2024-11-11,failed,Non-Compliant,2024-11-11 00:00:00,
PAY001668,EMP001113,CLI000017,DE,REG001639,957091,0,957091,EUR,2023-05-28,completed,Compliant,2023-05-28 00:00:00,2023-05-28 01:49:02
PAY001669,EMP006275,CLI004484,DE,REG002762,423005,0,423005,EUR,2024-06-18,pending,Non-Compliant,2024-06-18 00:00:00,
PAY001670,EMP004027,CLI004971,JP,REG002842,820654,221577,599077,JPY,2024-08-12,failed,Non-Compliant,2024-08-12 00:00:00,
PAY001671,EMP001832,CLI001492,FR,REG001995,704265,154938,549327,EUR,2023-12-09,pending,Non-Compliant,2023-12-09 00:00:00,
PAY001672,EMP004002,CLI003717,BR,REG001039,626474,125295,501179,BRL,2024-02-16,pending,Non-Compliant,2024-02-16 00:00:00,
PAY001673,EMP001220,CLI000815,DE,REG001101,749494,0,749494,EUR,2024-06-11,failed,Non-Compliant,2024-06-11 00:00:00,
PAY001674,EMP003459,CLI002626,DE,REG000347,624696,0,624696,EUR,2023-08-04,completed,Compliant,2023-08-04 00:00:00,2023-08-04 00:15:42
PAY001675,EMP000849,CLI000603,CA,REG000490,899332,188860,710472,CAD,2025-02-19,failed,Non-Compliant,2025-02-19 00:00:00,
PAY001676,EMP001960,CLI001537,AU,REG001036,196214,0,196214,AUD,2024-08-25,completed,Compliant,2024-08-25 00:00:00,2024-08-25 01:00:12
PAY001677,EMP003055,CLI004724,BR,REG000227,881610,0,881610,BRL,2024-07-09,completed,Compliant,2024-07-09 00:00:00,2024-07-09 00:52:10
PAY001678,EMP002284,CLI000848,DE,REG002512,740319,185080,555239,EUR,2025-03-06,pending,Non-Compliant,2025-03-06 00:00:00,
PAY001679,EMP001396,CLI001868,AU,REG001054,840498,0,840498,AUD,2024-07-03,completed,Compliant,2024-07-03 00:00:00,2024-07-03 00:20:23
PAY001680,EMP001393,CLI002042,FR,REG000174,535686,101780,433906,EUR,2025-03-24,failed,Non-Compliant,2025-03-24 00:00:00,
PAY001681,EMP004290,CLI003887,JP,REG001880,874096,0,874096,JPY,2024-07-20,failed,Non-Compliant,2024-07-20 00:00:00,
PAY001682,EMP000485,CLI000858,CA,REG002746,286480,108862,177618,CAD,2024-02-29,pending,Non-Compliant,2024-02-29 00:00:00,
PAY001683,EMP002036,CLI004602,JP,REG002776,985583,0,985583,JPY,2024-12-22,completed,Compliant,2024-12-22 00:00:00,2024-12-22 01:57:09
PAY001684,EMP003601,CLI001844,BR,REG002901,531752,0,531752,BRL,2024-09-12,completed,Compliant,2024-09-12 00:00:00,2024-09-12 00:25:19
PAY001685,EMP000914,CLI001151,FR,REG002176,598504,0,598504,EUR,2024-03-12,failed,Non-Compliant,2024-03-12 00:00:00,
PAY001686,EMP003078,CLI004882,FR,REG000306,105871,0,105871,EUR,2024-08-23,failed,Non-Compliant,2024-08-23 00:00:00,
PAY001687,EMP001713,CLI000610,BR,REG002443,435139,0,435139,BRL,2023-08-20,completed,Compliant,2023-08-20 00:00:00,2023-08-20 01:17:12
PAY001688,EMP003679,CLI004903,CA,REG002592,342961,0,342961,CAD,2025-02-26,pending,Non-Compliant,2025-02-26 00:00:00,
PAY001689,EMP004460,CLI002279,UK,REG002906,586281,0,586281,GBP,2024-02-08,completed,Compliant,2024-02-08 00:00:00,2024-02-08 00:28:29
PAY001690,EMP005324,CLI004454,UK,REG002207,823554,222360,601194,GBP,2025-03-09,failed,Non-Compliant,2025-03-09 00:00:00,
PAY001691,EMP001010,CLI002049,DE,REG000468,813674,0,813674,EUR,2024-06-02,completed,Compliant,2024-06-02 00:00:00,2024-06-02 00:56:47
PAY001692,EMP004709,CLI003000,BR,REG001348,252145,0,252145,BRL,2025-02-15,pending,Non-Compliant,2025-02-15 00:00:00,
PAY001693,EMP002565,CLI000124,CA,REG001478,495659,0,495659,CAD,2024-08-21,completed,Compliant,2024-08-21 00:00:00,2024-08-21 01:01:40
PAY001694,EMP000127,CLI004159,US,REG001857,926396,0,926396,USD,2024-08-16,completed,Compliant,2024-08-16 00:00:00,2024-08-16 00:42:42
PAY001695,EMP004249,CLI000828,UK,REG000711,925497,360944,564553,GBP,2023-09-16,completed,Compliant,2023-09-16 00:00:00,2023-09-16 01:08:54
PAY001696,EMP005465,CLI004549,US,REG000709,124690,0,124690,USD,2024-06-13,failed,Non-Compliant,2024-06-13 00:00:00,
PAY001697,EMP006644,CLI001903,AU,REG000870,686719,0,686719,AUD,2024-07-03,failed,Non-Compliant,2024-07-03 00:00:00,
PAY001698,EMP004239,CLI004382,ZA,REG001495,825375,0,825375,ZAR,2024-08-28,completed,Compliant,2024-08-28 00:00:00,2024-08-28 00:21:33
PAY001699,EMP002296,CLI004532,UK,REG002462,632403,0,632403,GBP,2025-02-28,pending,Non-Compliant,2025-02-28 00:00:00,
PAY001700,EMP006256,CLI002900,FR,REG000836,563901,0,563901,EUR,2024-12-19,pending,Non-Compliant,2024-12-19 00:00:00,
PAY001701,EMP001795,CLI002414,AU,REG002457,992894,0,992894,AUD,2024-01-31,completed,Compliant,2024-01-31 00:00:00,2024-01-31 00:54:35
PAY001702,EMP000821,CLI000132,AU,REG001588,294728,82524,212204,AUD,2024-10-24,completed,Compliant,2024-10-24 00:00:00,2024-10-24 00:09:48
PAY001703,EMP003123,CLI004042,AU,REG002068,712957,0,712957,AUD,2024-02-26,pending,Non-Compliant,2024-02-26 00:00:00,
PAY001704,EMP000498,CLI000818,JP,REG002316,788996,291929,497067,JPY,2024-02-16,completed,Compliant,2024-02-16 00:00:00,2024-02-16 00:32:33
PAY001705,EMP004694,CLI000764,BR,REG000381,487674,112165,375509,BRL,2023-10-03,failed,Non-Compliant,2023-10-03 00:00:00,
PAY001706,EMP000854,CLI001804,CA,REG002818,403263,0,403263,CAD,2023-11-06,pending,Non-Compliant,2023-11-06 00:00:00,
PAY001707,EMP000209,CLI000934,UK,REG001241,285005,94052,190953,GBP,2024-09-13,pending,Non-Compliant,2024-09-13 00:00:00,
PAY001708,EMP006889,CLI001887,BR,REG000957,716661,0,716661,BRL,2024-07-19,pending,Non-Compliant,2024-07-19 00:00:00,
PAY001709,EMP003994,CLI003821,DE,REG002346,169457,52532,116925,EUR,2024-01-27,failed,Non-Compliant,2024-01-27 00:00:00,
PAY001710,EMP000068,CLI001730,CA,REG000959,615013,0,615013,CAD,2024-01-29,pending,Non-Compliant,2024-01-29 00:00:00,
PAY001711,EMP000225,CLI000416,JP,REG002362,829675,0,829675,JPY,2024-03-29,completed,Compliant,2024-03-29 00:00:00,2024-03-29 01:12:12
PAY001712,EMP000119,CLI000369,BR,REG001436,565624,152718,412906,BRL,2024-02-23,pending,Non-Compliant,2024-02-23 00:00:00,
PAY001713,EMP003906,CLI003676,DE,REG000722,452038,0,452038,EUR,2024-04-20,completed,Compliant,2024-04-20 00:00:00,2024-04-20 01:40:24
PAY001714,EMP005675,CLI003917,IN,REG001552,368699,0,368699,INR,2024-08-31,completed,Compliant,2024-08-31 00:00:00,2024-08-31 01:09:43
PAY001715,EMP001997,CLI002631,IN,REG000794,891170,0,891170,INR,2025-04-27,pending,Non-Compliant,2025-04-27 00:00:00,
PAY001716,EMP000496,CLI004714,CA,REG002044,851030,0,851030,CAD,2023-09-07,pending,Non-Compliant,2023-09-07 00:00:00,
PAY001717,EMP005411,CLI003150,FR,REG002913,401760,0,401760,EUR,2025-04-06,completed,Compliant,2025-04-06 00:00:00,2025-04-06 01:47:35
PAY001718,EMP006611,CLI001059,FR,REG002257,672162,0,672162,EUR,2024-04-21,failed,Non-Compliant,2024-04-21 00:00:00,
PAY001719,EMP000198,CLI000280,CA,REG002140,915873,0,915873,CAD,2024-02-23,completed,Compliant,2024-02-23 00:00:00,2024-02-23 01:31:16
PAY001720,EMP005090,CLI004958,DE,REG001708,593860,0,593860,EUR,2024-09-04,pending,Non-Compliant,2024-09-04 00:00:00,
PAY001721,EMP000185,CLI002628,IN,REG001196,725791,239511,486280,INR,2023-08-25,pending,Non-Compliant,2023-08-25 00:00:00,
PAY001722,EMP000091,CLI003394,US,REG002824,611533,207921,403612,USD,2024-09-20,completed,Compliant,2024-09-20 00:00:00,2024-09-20 01:31:54
PAY001723,EMP004420,CLI002675,IN,REG001330,389650,120792,268858,INR,2024-05-23,pending,Non-Compliant,2024-05-23 00:00:00,
PAY001724,EMP005767,CLI004412,JP,REG002553,727320,0,727320,JPY,2023-12-10,failed,Non-Compliant,2023-12-10 00:00:00,
PAY001725,EMP006388,CLI002411,AU,REG000388,502536,0,502536,AUD,2025-02-28,failed,Non-Compliant,2025-02-28 00:00:00,
PAY001726,EMP001519,CLI002961,ZA,REG000191,334270,0,334270,ZAR,2025-02-18,pending,Non-Compliant,2025-02-18 00:00:00,
PAY001727,EMP000695,CLI003439,ZA,REG001756,699383,0,699383,ZAR,2023-06-07,failed,Non-Compliant,2023-06-07 00:00:00,
PAY001728,EMP003967,CLI000958,JP,REG001666,607579,0,607579,JPY,2024-08-23,completed,Compliant,2024-08-23 00:00:00,2024-08-23 00:25:52
PAY001729,EMP005974,CLI002588,AU,REG001896,548573,0,548573,AUD,2025-05-24,failed,Non-Compliant,2025-05-24 00:00:00,
PAY001730,EMP004926,CLI000196,ZA,REG002756,318461,0,318461,ZAR,2023-11-18,failed,Non-Compliant,2023-11-18 00:00:00,
PAY001731,EMP000586,CLI000642,JP,REG001323,877686,0,877686,JPY,2024-03-30,pending,Non-Compliant,2024-03-30 00:00:00,
PAY001732,EMP002483,CLI004414,CA,REG000154,763954,0,763954,CAD,2024-03-22,pending,Non-Compliant,2024-03-22 00:00:00,
PAY001733,EMP000427,CLI004676,BR,REG002022,530880,0,530880,BRL,2023-09-29,failed,Non-Compliant,2023-09-29 00:00:00,
PAY001734,EMP000591,CLI002943,FR,REG001322,958090,0,958090,EUR,2025-01-18,pending,Non-Compliant,2025-01-18 00:00:00,
PAY001735,EMP002534,CLI000401,DE,REG002475,105002,0,105002,EUR,2024-01-27,pending,Non-Compliant,2024-01-27 00:00:00,
PAY001736,EMP000111,CLI002399,IN,REG000212,133669,0,133669,INR,2025-01-03,pending,Non-Compliant,2025-01-03 00:00:00,
PAY001737,EMP005842,CLI002063,BR,REG002165,864329,224726,639603,BRL,2023-09-08,pending,Non-Compliant,2023-09-08 00:00:00,
PAY001738,EMP005105,CLI001728,US,REG002521,575581,207209,368372,USD,2023-07-10,pending,Non-Compliant,2023-07-10 00:00:00,
PAY001739,EMP002422,CLI002959,IN,REG002814,415906,99817,316089,INR,2024-03-22,pending,Non-Compliant,2024-03-22 00:00:00,
PAY001740,EMP003328,CLI004518,ZA,REG000131,994171,0,994171,ZAR,2024-01-17,pending,Non-Compliant,2024-01-17 00:00:00,
PAY001741,EMP004759,CLI001102,CA,REG002880,873710,0,873710,CAD,2024-07-16,completed,Compliant,2024-07-16 00:00:00,2024-07-16 00:51:11
PAY001742,EMP002590,CLI001576,AU,REG002296,154467,26259,128208,AUD,2024-08-24,pending,Non-Compliant,2024-08-24 00:00:00,
PAY001743,EMP004344,CLI002714,BR,REG000199,523461,0,523461,BRL,2024-11-11,failed,Non-Compliant,2024-11-11 00:00:00,
PAY001744,EMP006049,CLI000874,AU,REG000388,988966,0,988966,AUD,2025-01-20,completed,Compliant,2025-01-20 00:00:00,2025-01-20 00:18:47
PAY001745,EMP006493,CLI003054,UK,REG001946,259194,0,259194,GBP,2024-10-26,pending,Non-Compliant,2024-10-26 00:00:00,
PAY001746,EMP000490,CLI004637,IN,REG002964,205752,0,205752,INR,2024-07-30,failed,Non-Compliant,2024-07-30 00:00:00,
PAY001747,EMP002702,CLI002770,IN,REG000094,316238,101196,215042,INR,2024-12-16,pending,Non-Compliant,2024-12-16 00:00:00,
PAY001748,EMP000176,CLI003545,AU,REG002275,798294,87812,710482,AUD,2024-07-08,completed,Compliant,2024-07-08 00:00:00,2024-07-08 00:35:16
PAY001749,EMP005601,CLI003966,CA,REG001310,954465,324518,629947,CAD,2024-07-25,pending,Non-Compliant,2024-07-25 00:00:00,
PAY001750,EMP006277,CLI000831,FR,REG001950,836703,0,836703,EUR,2023-11-04,completed,Compliant,2023-11-04 00:00:00,2023-11-04 01:40:59
PAY001751,EMP005126,CLI001873,CA,REG000190,966178,0,966178,CAD,2025-01-17,failed,Non-Compliant,2025-01-17 00:00:00,
PAY001752,EMP006364,CLI004783,JP,REG000982,322754,0,322754,JPY,2024-07-03,failed,Non-Compliant,2024-07-03 00:00:00,
PAY001753,EMP003756,CLI002967,ZA,REG001874,152120,0,152120,ZAR,2023-08-25,pending,Non-Compliant,2023-08-25 00:00:00,
PAY001754,EMP002517,CLI002396,JP,REG002142,471965,0,471965,JPY,2024-02-17,completed,Compliant,2024-02-17 00:00:00,2024-02-17 00:34:57
PAY001755,EMP002277,CLI002993,CA,REG001844,477478,0,477478,CAD,2024-04-11,failed,Non-Compliant,2024-04-11 00:00:00,
PAY001756,EMP006234,CLI001474,ZA,REG002364,912307,0,912307,ZAR,2023-06-14,failed,Non-Compliant,2023-06-14 00:00:00,
PAY001757,EMP002058,CLI001517,UK,REG001581,947327,0,947327,GBP,2025-01-28,completed,Compliant,2025-01-28 00:00:00,2025-01-28 01:07:49
PAY001758,EMP004165,CLI003636,BR,REG000363,870558,0,870558,BRL,2023-07-19,completed,Compliant,2023-07-19 00:00:00,2023-07-19 01:36:39
PAY001759,EMP005183,CLI002285,FR,REG000642,947554,0,947554,EUR,2023-06-18,pending,Non-Compliant,2023-06-18 00:00:00,
PAY001760,EMP006286,CLI001287,ZA,REG002307,636127,0,636127,ZAR,2024-08-05,failed,Non-Compliant,2024-08-05 00:00:00,
PAY001761,EMP006399,CLI004707,AU,REG002416,745336,0,745336,AUD,2023-08-23,failed,Non-Compliant,2023-08-23 00:00:00,
PAY001762,EMP000756,CLI004712,FR,REG001386,974268,0,974268,EUR,2025-02-13,pending,Non-Compliant,2025-02-13 00:00:00,
PAY001763,EMP002504,CLI002783,US,REG000084,616989,0,616989,USD,2024-10-20,completed,Compliant,2024-10-20 00:00:00,2024-10-20 00:41:17
PAY001764,EMP006969,CLI001922,JP,REG002997,907336,0,907336,JPY,2024-09-06,pending,Non-Compliant,2024-09-06 00:00:00,
PAY001765,EMP006517,CLI004590,JP,REG000958,773898,0,773898,JPY,2024-09-23,failed,Non-Compliant,2024-09-23 00:00:00,
PAY001766,EMP006073,CLI003904,CA,REG002394,604135,0,604135,CAD,2024-06-17,pending,Non-Compliant,2024-06-17 00:00:00,
PAY001767,EMP006159,CLI003910,JP,REG001400,457567,0,457567,JPY,2023-08-30,pending,Non-Compliant,2023-08-30 00:00:00,
PAY001768,EMP003424,CLI001685,DE,REG001245,523019,0,523019,EUR,2024-01-18,failed,Non-Compliant,2024-01-18 00:00:00,
PAY001769,EMP003709,CLI001212,CA,REG002537,389466,0,389466,CAD,2024-11-09,completed,Compliant,2024-11-09 00:00:00,2024-11-09 00:37:15
PAY001770,EMP002872,CLI004407,FR,REG000608,189654,41724,147930,EUR,2024-06-24,failed,Non-Compliant,2024-06-24 00:00:00,
PAY001771,EMP003723,CLI004409,UK,REG000664,214117,0,214117,GBP,2024-03-08,pending,Non-Compliant,2024-03-08 00:00:00,
PAY001772,EMP004682,CLI003749,US,REG002442,497386,193981,303405,USD,2025-04-23,pending,Non-Compliant,2025-04-23 00:00:00,
PAY001773,EMP003543,CLI000469,FR,REG002176,955358,0,955358,EUR,2024-02-01,failed,Non-Compliant,2024-02-01 00:00:00,
PAY001774,EMP005669,CLI001554,US,REG000346,208442,0,208442,USD,2025-05-16,failed,Non-Compliant,2025-05-16 00:00:00,
PAY001775,EMP002988,CLI001033,CA,REG000754,854743,0,854743,CAD,2025-02-16,pending,Non-Compliant,2025-02-16 00:00:00,
PAY001776,EMP002805,CLI004065,IN,REG001037,503492,0,503492,INR,2023-12-08,completed,Compliant,2023-12-08 00:00:00,2023-12-08 01:44:34
PAY001777,EMP006926,CLI003444,DE,REG000095,814195,0,814195,EUR,2024-12-07,failed,Non-Compliant,2024-12-07 00:00:00,
PAY001778,EMP006160,CLI000214,US,REG002450,617646,166764,450882,USD,2025-04-24,pending,Non-Compliant,2025-04-24 00:00:00,
PAY001779,EMP005147,CLI001741,UK,REG001893,492464,0,492464,GBP,2025-04-11,failed,Non-Compliant,2025-04-11 00:00:00,
PAY001780,EMP006524,CLI002482,US,REG002237,141767,0,141767,USD,2024-02-14,pending,Non-Compliant,2024-02-14 00:00:00,
PAY001781,EMP002273,CLI000909,BR,REG002443,969375,0,969375,BRL,2024-11-06,pending,Non-Compliant,2024-11-06 00:00:00,
PAY001782,EMP002225,CLI003834,CA,REG000154,824463,0,824463,CAD,2025-05-13,pending,Non-Compliant,2025-05-13 00:00:00,
PAY001783,EMP000453,CLI000149,IN,REG000738,996420,0,996420,INR,2024-02-23,pending,Non-Compliant,2024-02-23 00:00:00,
PAY001784,EMP005711,CLI002310,US,REG000359,431675,60435,371240,USD,2024-08-25,pending,Non-Compliant,2024-08-25 00:00:00,
PAY001785,EMP002097,CLI004409,BR,REG001417,675910,0,675910,BRL,2024-09-10,completed,Compliant,2024-09-10 00:00:00,2024-09-10 01:35:24
PAY001786,EMP002627,CLI003190,US,REG002484,218967,0,218967,USD,2023-10-31,pending,Non-Compliant,2023-10-31 00:00:00,
PAY001787,EMP005160,CLI002188,AU,REG001064,332503,0,332503,AUD,2024-09-02,pending,Non-Compliant,2024-09-02 00:00:00,
PAY001788,EMP006113,CLI002759,FR,REG002675,421243,130585,290658,EUR,2024-10-15,pending,Non-Compliant,2024-10-15 00:00:00,
PAY001789,EMP005812,CLI003358,JP,REG002683,948010,0,948010,JPY,2024-05-22,pending,Non-Compliant,2024-05-22 00:00:00,
PAY001790,EMP001724,CLI001505,UK,REG001231,720863,0,720863,GBP,2023-07-25,pending,Non-Compliant,2023-07-25 00:00:00,
PAY001791,EMP000026,CLI001767,UK,REG001707,999718,0,999718,GBP,2024-12-13,completed,Compliant,2024-12-13 00:00:00,2024-12-13 01:48:26
PAY001792,EMP006392,CLI003853,DE,REG000090,504386,0,504386,EUR,2024-07-13,failed,Non-Compliant,2024-07-13 00:00:00,
PAY001793,EMP006010,CLI001170,FR,REG002390,575175,0,575175,EUR,2023-09-14,completed,Compliant,2023-09-14 00:00:00,2023-09-14 01:26:34
PAY001794,EMP003889,CLI004157,IN,REG002122,394286,0,394286,INR,2023-06-04,failed,Non-Compliant,2023-06-04 00:00:00,
PAY001795,EMP004557,CLI002233,DE,REG002357,952081,190416,761665,EUR,2024-09-23,completed,Compliant,2024-09-23 00:00:00,2024-09-23 01:09:18
PAY001796,EMP006893,CLI003492,BR,REG000816,893262,0,893262,BRL,2025-01-30,failed,Non-Compliant,2025-01-30 00:00:00,
PAY001797,EMP006692,CLI004998,DE,REG001943,311280,0,311280,EUR,2023-07-11,completed,Compliant,2023-07-11 00:00:00,2023-07-11 01:51:28
PAY001798,EMP004426,CLI003806,JP,REG000201,268660,59105,209555,JPY,2025-04-30,failed,Non-Compliant,2025-04-30 00:00:00,
PAY001799,EMP003564,CLI004915,FR,REG001550,586862,0,586862,EUR,2023-07-05,pending,Non-Compliant,2023-07-05 00:00:00,
PAY001800,EMP006748,CLI003948,AU,REG001351,722767,0,722767,AUD,2024-03-08,completed,Compliant,2024-03-08 00:00:00,2024-03-08 00:11:16
PAY001801,EMP004941,CLI004061,BR,REG002066,489117,53803,435314,BRL,2024-06-18,completed,Compliant,2024-06-18 00:00:00,2024-06-18 00:31:32
PAY001802,EMP006397,CLI001143,CA,REG002252,572953,0,572953,CAD,2023-12-06,failed,Non-Compliant,2023-12-06 00:00:00,
PAY001803,EMP002278,CLI000529,DE,REG002339,478068,62149,415919,EUR,2024-10-04,completed,Compliant,2024-10-04 00:00:00,2024-10-04 00:38:49
PAY001804,EMP004803,CLI003508,US,REG000609,273740,101284,172456,USD,2024-05-27,pending,Non-Compliant,2024-05-27 00:00:00,
PAY001805,EMP004767,CLI001422,BR,REG001677,869077,0,869077,BRL,2023-11-02,completed,Compliant,2023-11-02 00:00:00,2023-11-02 01:24:16
PAY001806,EMP002810,CLI003180,BR,REG000897,132468,0,132468,BRL,2024-09-17,pending,Non-Compliant,2024-09-17 00:00:00,
PAY001807,EMP004967,CLI003902,US,REG000311,484383,0,484383,USD,2024-03-07,pending,Non-Compliant,2024-03-07 00:00:00,
PAY001808,EMP004343,CLI001162,BR,REG000342,662394,211966,450428,BRL,2025-01-03,pending,Non-Compliant,2025-01-03 00:00:00,
PAY001809,EMP001705,CLI000173,DE,REG000247,702902,0,702902,EUR,2023-06-01,pending,Non-Compliant,2023-06-01 00:00:00,
PAY001810,EMP004291,CLI002522,FR,REG000373,294183,0,294183,EUR,2025-05-20,completed,Compliant,2025-05-20 00:00:00,2025-05-20 01:42:53
PAY001811,EMP006756,CLI002454,UK,REG000098,287650,0,287650,GBP,2023-06-11,completed,Compliant,2023-06-11 00:00:00,2023-06-11 01:33:52
PAY001812,EMP001898,CLI001438,AU,REG000870,616796,0,616796,AUD,2024-05-07,pending,Non-Compliant,2024-05-07 00:00:00,
PAY001813,EMP006208,CLI004523,IN,REG001464,353266,91849,261417,INR,2024-09-03,failed,Non-Compliant,2024-09-03 00:00:00,
PAY001814,EMP000030,CLI004728,CA,REG000457,441401,0,441401,CAD,2024-12-11,failed,Non-Compliant,2024-12-11 00:00:00,
PAY001815,EMP005232,CLI000966,CA,REG001722,651855,0,651855,CAD,2025-01-24,failed,Non-Compliant,2025-01-24 00:00:00,
PAY001816,EMP005282,CLI003444,DE,REG000893,862345,103481,758864,EUR,2023-06-29,failed,Non-Compliant,2023-06-29 00:00:00,
PAY001817,EMP002153,CLI001275,DE,REG000181,161354,0,161354,EUR,2024-06-01,completed,Compliant,2024-06-01 00:00:00,2024-06-01 00:18:11
PAY001818,EMP004532,CLI002155,DE,REG002205,915112,0,915112,EUR,2023-08-17,failed,Non-Compliant,2023-08-17 00:00:00,
PAY001819,EMP003560,CLI000672,IN,REG001944,413991,0,413991,INR,2024-07-08,failed,Non-Compliant,2024-07-08 00:00:00,
PAY001820,EMP005353,CLI004611,AU,REG000672,828749,281775,546974,AUD,2024-01-29,completed,Compliant,2024-01-29 00:00:00,2024-01-29 01:40:13
PAY001821,EMP006665,CLI003152,DE,REG000279,642464,0,642464,EUR,2025-02-15,pending,Non-Compliant,2025-02-15 00:00:00,
PAY001822,EMP003540,CLI001263,BR,REG002297,621698,0,621698,BRL,2024-08-16,failed,Non-Compliant,2024-08-16 00:00:00,
PAY001823,EMP001776,CLI004568,ZA,REG002663,844383,236427,607956,ZAR,2024-09-14,pending,Non-Compliant,2024-09-14 00:00:00,
PAY001824,EMP005535,CLI002351,CA,REG000933,533504,0,533504,CAD,2024-01-05,failed,Non-Compliant,2024-01-05 00:00:00,
PAY001825,EMP001302,CLI001985,IN,REG002799,369919,70285,299634,INR,2023-12-31,failed,Non-Compliant,2023-12-31 00:00:00,
PAY001826,EMP003883,CLI002658,IN,REG002478,375842,116511,259331,INR,2025-02-26,completed,Compliant,2025-02-26 00:00:00,2025-02-26 01:08:41
PAY001827,EMP000439,CLI003674,UK,REG001236,834665,217013,617652,GBP,2024-04-23,completed,Compliant,2024-04-23 00:00:00,2024-04-23 01:29:20
PAY001828,EMP003890,CLI003718,UK,REG000734,813601,0,813601,GBP,2023-07-09,failed,Non-Compliant,2023-07-09 00:00:00,
PAY001829,EMP004714,CLI002703,DE,REG001015,460928,92186,368742,EUR,2023-12-20,completed,Compliant,2023-12-20 00:00:00,2023-12-20 00:46:47
PAY001830,EMP002887,CLI001193,BR,REG000989,482067,183185,298882,BRL,2024-01-10,completed,Compliant,2024-01-10 00:00:00,2024-01-10 01:16:23
PAY001831,EMP002276,CLI004186,FR,REG001550,796623,0,796623,EUR,2024-11-04,failed,Non-Compliant,2024-11-04 00:00:00,
PAY001832,EMP002015,CLI003779,DE,REG002216,455117,45512,409605,EUR,2023-10-10,completed,Compliant,2023-10-10 00:00:00,2023-10-10 01:09:40
PAY001833,EMP006244,CLI004179,US,REG002620,896548,268964,627584,USD,2024-12-25,failed,Non-Compliant,2024-12-25 00:00:00,
PAY001834,EMP005455,CLI004870,FR,REG002596,848903,0,848903,EUR,2025-02-07,failed,Non-Compliant,2025-02-07 00:00:00,
PAY001835,EMP000649,CLI003624,ZA,REG000842,970771,194154,776617,ZAR,2023-07-28,failed,Non-Compliant,2023-07-28 00:00:00,
PAY001836,EMP001357,CLI004078,FR,REG002540,532114,0,532114,EUR,2023-08-02,pending,Non-Compliant,2023-08-02 00:00:00,
PAY001837,EMP006459,CLI002413,BR,REG002005,175119,29770,145349,BRL,2023-08-06,failed,Non-Compliant,2023-08-06 00:00:00,
PAY001838,EMP000147,CLI001354,JP,REG002527,734464,279096,455368,JPY,2025-05-25,pending,Non-Compliant,2025-05-25 00:00:00,
PAY001839,EMP004889,CLI003120,UK,REG001913,961478,0,961478,GBP,2024-01-31,failed,Non-Compliant,2024-01-31 00:00:00,
PAY001840,EMP002568,CLI002594,IN,REG000931,353529,81312,272217,INR,2025-03-29,failed,Non-Compliant,2025-03-29 00:00:00,
PAY001841,EMP003981,CLI000149,IN,REG001133,699148,0,699148,INR,2025-02-04,completed,Compliant,2025-02-04 00:00:00,2025-02-04 00:11:44
PAY001842,EMP002340,CLI000065,BR,REG000087,169744,22067,147677,BRL,2023-10-24,pending,Non-Compliant,2023-10-24 00:00:00,
PAY001843,EMP003769,CLI004875,FR,REG000556,162155,53511,108644,EUR,2024-05-27,failed,Non-Compliant,2024-05-27 00:00:00,
PAY001844,EMP006353,CLI000460,DE,REG001380,808042,266654,541388,EUR,2023-06-19,completed,Compliant,2023-06-19 00:00:00,2023-06-19 00:34:20
PAY001845,EMP001474,CLI000816,IN,REG002260,494022,0,494022,INR,2024-04-23,pending,Non-Compliant,2024-04-23 00:00:00,
PAY001846,EMP002384,CLI000646,JP,REG002274,820328,0,820328,JPY,2023-06-07,completed,Compliant,2023-06-07 00:00:00,2023-06-07 00:42:14
PAY001847,EMP004771,CLI000516,BR,REG001039,288124,57625,230499,BRL,2024-03-12,pending,Non-Compliant,2024-03-12 00:00:00,
PAY001848,EMP005420,CLI004187,US,REG000315,894033,134105,759928,USD,2024-07-17,completed,Compliant,2024-07-17 00:00:00,2024-07-17 01:28:00
PAY001849,EMP002475,CLI001845,JP,REG002109,498628,154575,344053,JPY,2024-08-19,pending,Non-Compliant,2024-08-19 00:00:00,
PAY001850,EMP000750,CLI000379,ZA,REG001078,151783,0,151783,ZAR,2023-10-16,pending,Non-Compliant,2023-10-16 00:00:00,
PAY001851,EMP005930,CLI002254,CA,REG000309,723749,202650,521099,CAD,2024-04-09,failed,Non-Compliant,2024-04-09 00:00:00,
PAY001852,EMP004646,CLI003398,JP,REG001130,914671,0,914671,JPY,2025-03-15,completed,Compliant,2025-03-15 00:00:00,2025-03-15 00:57:25
PAY001853,EMP000227,CLI003647,CA,REG002382,106131,0,106131,CAD,2023-10-11,completed,Compliant,2023-10-11 00:00:00,2023-10-11 01:53:35
PAY001854,EMP001745,CLI000362,CA,REG002175,312443,0,312443,CAD,2023-06-18,completed,Compliant,2023-06-18 00:00:00,2023-06-18 01:13:54
PAY001855,EMP000683,CLI004634,IN,REG000022,694476,0,694476,INR,2023-10-11,completed,Compliant,2023-10-11 00:00:00,2023-10-11 01:53:38
PAY001856,EMP001407,CLI004518,ZA,REG001951,169074,37196,131878,ZAR,2024-02-03,completed,Compliant,2024-02-03 00:00:00,2024-02-03 01:37:04
PAY001857,EMP005051,CLI002138,US,REG000850,954367,0,954367,USD,2025-05-06,completed,Compliant,2025-05-06 00:00:00,2025-05-06 01:23:12
PAY001858,EMP000127,CLI004294,US,REG000014,169611,27138,142473,USD,2025-01-20,pending,Non-Compliant,2025-01-20 00:00:00,
PAY001859,EMP003123,CLI004862,AU,REG001629,861828,215457,646371,AUD,2023-06-27,pending,Non-Compliant,2023-06-27 00:00:00,
PAY001860,EMP003492,CLI000696,DE,REG001943,253964,0,253964,EUR,2023-06-23,completed,Compliant,2023-06-23 00:00:00,2023-06-23 01:20:08
PAY001861,EMP002218,CLI000339,CA,REG001167,588237,0,588237,CAD,2025-02-14,pending,Non-Compliant,2025-02-14 00:00:00,
PAY001862,EMP006836,CLI004563,BR,REG001405,175114,0,175114,BRL,2025-03-01,pending,Non-Compliant,2025-03-01 00:00:00,
PAY001863,EMP005826,CLI000679,US,REG000132,961169,0,961169,USD,2023-08-27,completed,Compliant,2023-08-27 00:00:00,2023-08-27 00:44:39
PAY001864,EMP002587,CLI002686,UK,REG001236,736958,191609,545349,GBP,2023-10-08,completed,Compliant,2023-10-08 00:00:00,2023-10-08 01:11:14
PAY001865,EMP005007,CLI003327,CA,REG001980,847476,93222,754254,CAD,2023-07-03,completed,Compliant,2023-07-03 00:00:00,2023-07-03 00:23:13
PAY001866,EMP004918,CLI004050,US,REG001048,876167,0,876167,USD,2025-01-03,failed,Non-Compliant,2025-01-03 00:00:00,
PAY001867,EMP003970,CLI002681,US,REG002345,144717,0,144717,USD,2024-07-25,pending,Non-Compliant,2024-07-25 00:00:00,
PAY001868,EMP002102,CLI002595,BR,REG002821,438422,153448,284974,BRL,2025-03-01,pending,Non-Compliant,2025-03-01 00:00:00,
PAY001869,EMP003868,CLI002536,UK,REG001793,853653,0,853653,GBP,2024-06-07,completed,Compliant,2024-06-07 00:00:00,2024-06-07 00:25:16
PAY001870,EMP003282,CLI004097,DE,REG001271,448111,67217,380894,EUR,2023-06-16,completed,Compliant,2023-06-16 00:00:00,2023-06-16 01:45:57
PAY001871,EMP003399,CLI002764,IN,REG000602,784073,0,784073,INR,2024-05-25,failed,Non-Compliant,2024-05-25 00:00:00,
PAY001872,EMP006985,CLI004087,AU,REG001262,764857,0,764857,AUD,2025-02-23,completed,Compliant,2025-02-23 00:00:00,2025-02-23 00:24:10
PAY001873,EMP000895,CLI000795,ZA,REG000554,605581,0,605581,ZAR,2024-04-20,pending,Non-Compliant,2024-04-20 00:00:00,
PAY001874,EMP003134,CLI000172,BR,REG000288,968059,0,968059,BRL,2025-03-10,pending,Non-Compliant,2025-03-10 00:00:00,
PAY001875,EMP000619,CLI002705,ZA,REG002640,704048,0,704048,ZAR,2023-07-10,pending,Non-Compliant,2023-07-10 00:00:00,
PAY001876,EMP002900,CLI004492,JP,REG002828,600992,0,600992,JPY,2024-09-04,completed,Compliant,2024-09-04 00:00:00,2024-09-04 00:51:46
PAY001877,EMP003124,CLI000748,US,REG001871,336388,0,336388,USD,2024-09-30,completed,Compliant,2024-09-30 00:00:00,2024-09-30 01:29:41
PAY001878,EMP002449,CLI002134,CA,REG001334,223659,64861,158798,CAD,2024-12-30,failed,Non-Compliant,2024-12-30 00:00:00,
PAY001879,EMP006273,CLI000153,CA,REG000674,463964,0,463964,CAD,2023-09-08,failed,Non-Compliant,2023-09-08 00:00:00,
PAY001880,EMP004342,CLI000530,IN,REG002829,729980,182495,547485,INR,2024-11-27,completed,Compliant,2024-11-27 00:00:00,2024-11-27 01:42:40
PAY001881,EMP002690,CLI003400,JP,REG000645,494429,0,494429,JPY,2024-10-07,completed,Compliant,2024-10-07 00:00:00,2024-10-07 01:04:21
PAY001882,EMP006315,CLI003639,ZA,REG000852,558863,0,558863,ZAR,2024-07-18,pending,Non-Compliant,2024-07-18 00:00:00,
PAY001883,EMP000352,CLI004615,ZA,REG001370,329308,0,329308,ZAR,2023-07-01,completed,Compliant,2023-07-01 00:00:00,2023-07-01 00:52:51
PAY001884,EMP005450,CLI000045,ZA,REG002364,365332,0,365332,ZAR,2024-12-04,completed,Compliant,2024-12-04 00:00:00,2024-12-04 01:45:39
PAY001885,EMP003647,CLI003597,IN,REG002091,585076,0,585076,INR,2023-07-15,failed,Non-Compliant,2023-07-15 00:00:00,
PAY001886,EMP005352,CLI002168,BR,REG000054,486256,175052,311204,BRL,2024-09-16,completed,Compliant,2024-09-16 00:00:00,2024-09-16 00:14:52
PAY001887,EMP001801,CLI001262,AU,REG002192,619103,0,619103,AUD,2023-12-01,pending,Non-Compliant,2023-12-01 00:00:00,
PAY001888,EMP005502,CLI003829,BR,REG001136,773414,255227,518187,BRL,2023-10-13,failed,Non-Compliant,2023-10-13 00:00:00,
PAY001889,EMP003206,CLI000388,FR,REG002131,194295,0,194295,EUR,2024-08-25,failed,Non-Compliant,2024-08-25 00:00:00,
PAY001890,EMP002563,CLI002641,ZA,REG001216,878992,0,878992,ZAR,2025-05-21,completed,Compliant,2025-05-21 00:00:00,2025-05-21 01:35:18
PAY001891,EMP000309,CLI000658,AU,REG000133,489178,0,489178,AUD,2025-01-24,pending,Non-Compliant,2025-01-24 00:00:00,
PAY001892,EMP005634,CLI000908,US,REG002484,781996,0,781996,USD,2024-10-29,pending,Non-Compliant,2024-10-29 00:00:00,
PAY001893,EMP005819,CLI003876,AU,REG002864,104900,0,104900,AUD,2025-04-18,completed,Compliant,2025-04-18 00:00:00,2025-04-18 00:57:10
PAY001894,EMP004535,CLI002970,JP,REG001456,556213,0,556213,JPY,2025-05-03,completed,Compliant,2025-05-03 00:00:00,2025-05-03 01:57:02
PAY001895,EMP003740,CLI003958,IN,REG002343,576527,0,576527,INR,2024-06-18,completed,Compliant,2024-06-18 00:00:00,2024-06-18 00:54:47
PAY001896,EMP003950,CLI001075,CA,REG000232,485083,101867,383216,CAD,2025-02-28,pending,Non-Compliant,2025-02-28 00:00:00,
PAY001897,EMP005636,CLI001448,US,REG000414,753515,0,753515,USD,2025-02-27,failed,Non-Compliant,2025-02-27 00:00:00,
PAY001898,EMP004532,CLI000961,DE,REG001141,627575,0,627575,EUR,2023-12-16,pending,Non-Compliant,2023-12-16 00:00:00,
PAY001899,EMP002121,CLI001237,UK,REG001129,955612,0,955612,GBP,2025-02-28,completed,Compliant,2025-02-28 00:00:00,2025-02-28 01:13:28
PAY001900,EMP000907,CLI002978,FR,REG001833,507228,0,507228,EUR,2024-10-31,completed,Compliant,2024-10-31 00:00:00,2024-10-31 00:26:08
PAY001901,EMP005096,CLI003463,ZA,REG002256,299843,0,299843,ZAR,2024-03-06,failed,Non-Compliant,2024-03-06 00:00:00,
PAY001902,EMP006789,CLI000445,JP,REG002647,806631,0,806631,JPY,2025-02-01,pending,Non-Compliant,2025-02-01 00:00:00,
PAY001903,EMP004291,CLI002828,FR,REG002805,253520,0,253520,EUR,2023-07-21,completed,Compliant,2023-07-21 00:00:00,2023-07-21 01:33:49
PAY001904,EMP004857,CLI003203,US,REG001566,719266,129468,589798,USD,2023-07-05,pending,Non-Compliant,2023-07-05 00:00:00,
PAY001905,EMP004840,CLI001444,DE,REG002580,126331,0,126331,EUR,2025-02-21,failed,Non-Compliant,2025-02-21 00:00:00,
PAY001906,EMP005498,CLI001057,IN,REG000862,779808,179356,600452,INR,2024-05-31,pending,Non-Compliant,2024-05-31 00:00:00,
PAY001907,EMP000498,CLI004582,JP,REG002975,473447,0,473447,JPY,2024-03-15,completed,Compliant,2024-03-15 00:00:00,2024-03-15 01:30:42
PAY001908,EMP004421,CLI000315,BR,REG000193,421909,0,421909,BRL,2024-01-26,completed,Compliant,2024-01-26 00:00:00,2024-01-26 01:39:55
PAY001909,EMP006489,CLI001379,UK,REG000435,887495,0,887495,GBP,2024-08-22,pending,Non-Compliant,2024-08-22 00:00:00,
PAY001910,EMP005879,CLI001973,DE,REG000233,688394,0,688394,EUR,2025-03-19,failed,Non-Compliant,2025-03-19 00:00:00,
PAY001911,EMP003749,CLI002881,FR,REG000334,911376,0,911376,EUR,2023-07-27,completed,Compliant,2023-07-27 00:00:00,2023-07-27 01:51:41
PAY001912,EMP005101,CLI003589,UK,REG000591,210925,0,210925,GBP,2023-06-29,pending,Non-Compliant,2023-06-29 00:00:00,
PAY001913,EMP003103,CLI001242,DE,REG000370,734754,0,734754,EUR,2025-04-19,pending,Non-Compliant,2025-04-19 00:00:00,
PAY001914,EMP004690,CLI003248,UK,REG002053,587519,0,587519,GBP,2025-02-19,pending,Non-Compliant,2025-02-19 00:00:00,
PAY001915,EMP006112,CLI000445,CA,REG000845,870293,104435,765858,CAD,2025-01-06,pending,Non-Compliant,2025-01-06 00:00:00,
PAY001916,EMP001087,CLI003999,BR,REG001855,982736,0,982736,BRL,2023-12-03,completed,Compliant,2023-12-03 00:00:00,2023-12-03 00:48:50
PAY001917,EMP001540,CLI002260,ZA,REG000681,656946,0,656946,ZAR,2023-07-26,completed,Compliant,2023-07-26 00:00:00,2023-07-26 00:26:16
PAY001918,EMP002945,CLI000160,CA,REG000232,994753,208898,785855,CAD,2024-10-03,failed,Non-Compliant,2024-10-03 00:00:00,
PAY001919,EMP003172,CLI003793,BR,REG001382,651279,71641,579638,BRL,2025-04-01,completed,Compliant,2025-04-01 00:00:00,2025-04-01 01:09:44
PAY001920,EMP006712,CLI004079,JP,REG001243,875884,245248,630636,JPY,2025-01-04,failed,Non-Compliant,2025-01-04 00:00:00,
PAY001921,EMP000793,CLI000960,UK,REG002791,672399,0,672399,GBP,2024-02-23,completed,Compliant,2024-02-23 00:00:00,2024-02-23 00:38:47
PAY001922,EMP006182,CLI002642,IN,REG000287,675750,0,675750,INR,2023-11-08,completed,Compliant,2023-11-08 00:00:00,2023-11-08 00:55:49
PAY001923,EMP004422,CLI001973,CA,REG001404,358477,0,358477,CAD,2023-05-30,failed,Non-Compliant,2023-05-30 00:00:00,
PAY001924,EMP006976,CLI002266,FR,REG002760,959190,0,959190,EUR,2024-06-25,completed,Compliant,2024-06-25 00:00:00,2024-06-25 01:32:14
PAY001925,EMP003527,CLI003392,UK,REG000358,731407,0,731407,GBP,2024-11-10,completed,Compliant,2024-11-10 00:00:00,2024-11-10 00:41:42
PAY001926,EMP000010,CLI002006,BR,REG002786,445432,0,445432,BRL,2025-02-11,completed,Compliant,2025-02-11 00:00:00,2025-02-11 01:10:26
PAY001927,EMP003852,CLI002331,JP,REG002120,817122,0,817122,JPY,2024-02-20,failed,Non-Compliant,2024-02-20 00:00:00,
PAY001928,EMP002315,CLI002579,AU,REG002476,979775,0,979775,AUD,2024-02-26,failed,Non-Compliant,2024-02-26 00:00:00,
PAY001929,EMP006124,CLI001036,DE,REG002697,151917,22788,129129,EUR,2024-03-22,completed,Compliant,2024-03-22 00:00:00,2024-03-22 00:59:34
PAY001930,EMP004002,CLI003731,BR,REG002968,121241,44859,76382,BRL,2023-12-18,failed,Non-Compliant,2023-12-18 00:00:00,
PAY001931,EMP003485,CLI001540,ZA,REG001297,202224,0,202224,ZAR,2024-09-12,pending,Non-Compliant,2024-09-12 00:00:00,
PAY001932,EMP000035,CLI000409,JP,REG000272,929019,157933,771086,JPY,2025-01-06,pending,Non-Compliant,2025-01-06 00:00:00,
PAY001933,EMP006998,CLI002685,JP,REG000594,590877,0,590877,JPY,2025-04-22,failed,Non-Compliant,2025-04-22 00:00:00,
PAY001934,EMP004021,CLI004441,JP,REG001929,533977,0,533977,JPY,2024-04-03,pending,Non-Compliant,2024-04-03 00:00:00,
PAY001935,EMP004161,CLI003970,JP,REG000005,354475,0,354475,JPY,2024-01-04,failed,Non-Compliant,2024-01-04 00:00:00,
PAY001936,EMP002518,CLI001348,BR,REG000102,243922,0,243922,BRL,2024-02-02,pending,Non-Compliant,2024-02-02 00:00:00,
PAY001937,EMP004107,CLI001832,BR,REG001645,499971,0,499971,BRL,2024-06-10,completed,Compliant,2024-06-10 00:00:00,2024-06-10 00:45:16
PAY001938,EMP001505,CLI004392,JP,REG000082,724121,224478,499643,JPY,2025-01-29,pending,Non-Compliant,2025-01-29 00:00:00,
PAY001939,EMP002955,CLI000459,JP,REG000364,857991,274557,583434,JPY,2023-10-31,pending,Non-Compliant,2023-10-31 00:00:00,
PAY001940,EMP000959,CLI003834,JP,REG001087,241301,0,241301,JPY,2023-09-21,pending,Non-Compliant,2023-09-21 00:00:00,
PAY001941,EMP000660,CLI003882,DE,REG000430,597572,0,597572,EUR,2025-02-27,pending,Non-Compliant,2025-02-27 00:00:00,
PAY001942,EMP005509,CLI000986,US,REG001926,747599,0,747599,USD,2025-02-28,completed,Compliant,2025-02-28 00:00:00,2025-02-28 00:19:55
PAY001943,EMP004346,CLI000758,CA,REG001290,561594,0,561594,CAD,2025-05-09,completed,Compliant,2025-05-09 00:00:00,2025-05-09 00:46:54
PAY001944,EMP006731,CLI000026,FR,REG001479,214458,0,214458,EUR,2024-08-04,completed,Compliant,2024-08-04 00:00:00,2024-08-04 01:56:19
PAY001945,EMP004035,CLI002251,AU,REG001262,932525,0,932525,AUD,2023-10-21,failed,Non-Compliant,2023-10-21 00:00:00,
PAY001946,EMP006020,CLI001743,BR,REG001942,398099,0,398099,BRL,2023-12-20,completed,Compliant,2023-12-20 00:00:00,2023-12-20 01:12:11
PAY001947,EMP001771,CLI001191,BR,REG000775,466449,0,466449,BRL,2024-09-18,pending,Non-Compliant,2024-09-18 00:00:00,
PAY001948,EMP006427,CLI004783,BR,REG001988,614570,73748,540822,BRL,2024-05-29,failed,Non-Compliant,2024-05-29 00:00:00,
PAY001949,EMP002172,CLI001663,IN,REG002368,559835,212737,347098,INR,2024-04-10,completed,Compliant,2024-04-10 00:00:00,2024-04-10 01:41:27
PAY001950,EMP000344,CLI001668,AU,REG000691,432669,0,432669,AUD,2024-01-23,failed,Non-Compliant,2024-01-23 00:00:00,
PAY001951,EMP004937,CLI003006,US,REG000202,980884,0,980884,USD,2024-11-08,pending,Non-Compliant,2024-11-08 00:00:00,
PAY001952,EMP003381,CLI003595,IN,REG000998,830079,290528,539551,INR,2024-04-23,pending,Non-Compliant,2024-04-23 00:00:00,
PAY001953,EMP000663,CLI001008,US,REG000824,846494,0,846494,USD,2023-07-12,pending,Non-Compliant,2023-07-12 00:00:00,
PAY001954,EMP001667,CLI000709,AU,REG002530,648770,77852,570918,AUD,2024-01-24,completed,Compliant,2024-01-24 00:00:00,2024-01-24 00:39:52
PAY001955,EMP001121,CLI000569,CA,REG001525,989618,0,989618,CAD,2024-08-13,failed,Non-Compliant,2024-08-13 00:00:00,
PAY001956,EMP004648,CLI002352,CA,REG001021,450434,0,450434,CAD,2025-01-19,pending,Non-Compliant,2025-01-19 00:00:00,
PAY001957,EMP001553,CLI003502,JP,REG002446,286806,0,286806,JPY,2024-08-18,pending,Non-Compliant,2024-08-18 00:00:00,
PAY001958,EMP002866,CLI002581,DE,REG000963,692009,0,692009,EUR,2023-10-26,completed,Compliant,2023-10-26 00:00:00,2023-10-26 01:48:44
PAY001959,EMP005676,CLI004521,UK,REG001459,957093,0,957093,GBP,2024-04-04,pending,Non-Compliant,2024-04-04 00:00:00,
PAY001960,EMP006231,CLI004448,US,REG000661,128555,0,128555,USD,2025-05-13,pending,Non-Compliant,2025-05-13 00:00:00,
PAY001961,EMP004781,CLI001906,UK,REG001628,924532,0,924532,GBP,2024-06-21,completed,Compliant,2024-06-21 00:00:00,2024-06-21 00:49:30
PAY001962,EMP006469,CLI004510,US,REG000540,502972,155921,347051,USD,2024-07-12,failed,Non-Compliant,2024-07-12 00:00:00,
PAY001963,EMP004742,CLI001964,JP,REG002776,802950,0,802950,JPY,2024-12-06,pending,Non-Compliant,2024-12-06 00:00:00,
PAY001964,EMP005519,CLI001721,DE,REG000222,278628,50153,228475,EUR,2023-10-21,completed,Compliant,2023-10-21 00:00:00,2023-10-21 00:38:04
PAY001965,EMP001971,CLI001960,IN,REG001150,566332,0,566332,INR,2023-12-28,failed,Non-Compliant,2023-12-28 00:00:00,
PAY001966,EMP000849,CLI001189,CA,REG002702,103661,29025,74636,CAD,2023-12-29,pending,Non-Compliant,2023-12-29 00:00:00,
PAY001967,EMP002657,CLI001257,AU,REG000120,753654,203487,550167,AUD,2025-01-06,failed,Non-Compliant,2025-01-06 00:00:00,
PAY001968,EMP004060,CLI002542,US,REG000074,105191,32609,72582,USD,2024-02-09,pending,Non-Compliant,2024-02-09 00:00:00,
PAY001969,EMP002008,CLI002483,BR,REG002315,485867,145760,340107,BRL,2023-10-20,pending,Non-Compliant,2023-10-20 00:00:00,
PAY001970,EMP003828,CLI003184,US,REG000171,687085,0,687085,USD,2023-11-30,pending,Non-Compliant,2023-11-30 00:00:00,
PAY001971,EMP000350,CLI004147,BR,REG000839,383030,0,383030,BRL,2025-02-03,pending,Non-Compliant,2025-02-03 00:00:00,
PAY001972,EMP004964,CLI004124,CA,REG002025,282284,0,282284,CAD,2025-04-28,pending,Non-Compliant,2025-04-28 00:00:00,
PAY001973,EMP000237,CLI004341,DE,REG001739,973876,0,973876,EUR,2024-11-19,completed,Compliant,2024-11-19 00:00:00,2024-11-19 01:01:21
PAY001974,EMP000474,CLI000353,JP,REG002951,281123,47791,233332,JPY,2024-02-08,completed,Compliant,2024-02-08 00:00:00,2024-02-08 01:46:39
PAY001975,EMP004622,CLI004757,UK,REG002325,184031,0,184031,GBP,2025-04-27,completed,Compliant,2025-04-27 00:00:00,2025-04-27 01:36:52
PAY001976,EMP004440,CLI000412,CA,REG000782,517727,0,517727,CAD,2025-05-19,pending,Non-Compliant,2025-05-19 00:00:00,
PAY001977,EMP005168,CLI003245,UK,REG002342,189348,0,189348,GBP,2025-04-06,pending,Non-Compliant,2025-04-06 00:00:00,
PAY001978,EMP001135,CLI003391,AU,REG000499,607099,0,607099,AUD,2024-10-05,completed,Compliant,2024-10-05 00:00:00,2024-10-05 01:21:16
PAY001979,EMP006877,CLI001424,FR,REG000980,514355,0,514355,EUR,2023-08-24,pending,Non-Compliant,2023-08-24 00:00:00,
PAY001980,EMP004140,CLI004702,IN,REG000356,589999,0,589999,INR,2024-11-01,pending,Non-Compliant,2024-11-01 00:00:00,
PAY001981,EMP003172,CLI003268,BR,REG000054,440561,158602,281959,BRL,2023-07-12,completed,Compliant,2023-07-12 00:00:00,2023-07-12 01:46:48
PAY001982,EMP006992,CLI000518,UK,REG002551,917266,0,917266,GBP,2024-09-04,failed,Non-Compliant,2024-09-04 00:00:00,
PAY001983,EMP001307,CLI001338,UK,REG002436,142255,0,142255,GBP,2023-12-04,failed,Non-Compliant,2023-12-04 00:00:00,
PAY001984,EMP003026,CLI003091,UK,REG000907,704786,281914,422872,GBP,2024-02-08,failed,Non-Compliant,2024-02-08 00:00:00,
PAY001985,EMP002642,CLI003683,DE,REG002373,480061,153620,326441,EUR,2024-06-07,completed,Compliant,2024-06-07 00:00:00,2024-06-07 01:34:30
PAY001986,EMP004888,CLI004994,FR,REG000680,668166,0,668166,EUR,2023-07-24,completed,Compliant,2023-07-24 00:00:00,2023-07-24 00:17:30
PAY001987,EMP006440,CLI001777,JP,REG002587,498579,0,498579,JPY,2023-06-20,failed,Non-Compliant,2023-06-20 00:00:00,
PAY001988,EMP001010,CLI001737,DE,REG000205,156059,0,156059,EUR,2024-09-06,failed,Non-Compliant,2024-09-06 00:00:00,
PAY001989,EMP002165,CLI002832,BR,REG000046,591462,218841,372621,BRL,2024-08-25,failed,Non-Compliant,2024-08-25 00:00:00,
PAY001990,EMP005942,CLI003735,US,REG001507,917496,0,917496,USD,2023-11-21,pending,Non-Compliant,2023-11-21 00:00:00,
PAY001991,EMP004513,CLI004374,AU,REG000198,907643,0,907643,AUD,2023-06-01,pending,Non-Compliant,2023-06-01 00:00:00,
PAY001992,EMP002020,CLI002607,US,REG001052,474830,0,474830,USD,2025-05-14,pending,Non-Compliant,2025-05-14 00:00:00,
PAY001993,EMP004417,CLI001109,ZA,REG001792,512083,71692,440391,ZAR,2023-09-21,failed,Non-Compliant,2023-09-21 00:00:00,
PAY001994,EMP003169,CLI004131,DE,REG000279,189963,0,189963,EUR,2024-10-08,completed,Compliant,2024-10-08 00:00:00,2024-10-08 00:14:00
PAY001995,EMP005633,CLI003399,FR,REG000144,732909,183227,549682,EUR,2023-06-16,pending,Non-Compliant,2023-06-16 00:00:00,
PAY001996,EMP002438,CLI004963,US,REG000214,929710,0,929710,USD,2024-10-04,pending,Non-Compliant,2024-10-04 00:00:00,
PAY001997,EMP004734,CLI001823,BR,REG002617,715377,0,715377,BRL,2024-03-20,failed,Non-Compliant,2024-03-20 00:00:00,
PAY001998,EMP005245,CLI004552,BR,REG000102,548830,0,548830,BRL,2024-12-03,failed,Non-Compliant,2024-12-03 00:00:00,
PAY001999,EMP000070,CLI002739,IN,REG001053,571634,0,571634,INR,2023-07-27,pending,Non-Compliant,2023-07-27 00:00:00,
PAY002000,EMP005783,CLI003426,US,REG001438,196224,0,196224,USD,2023-08-16,pending,Non-Compliant,2023-08-16 00:00:00,
PAY002001,EMP006020,CLI002353,BR,REG002945,546842,207800,339042,BRL,2023-06-19,failed,Non-Compliant,2023-06-19 00:00:00,
PAY002002,EMP000657,CLI000806,UK,REG001707,537950,0,537950,GBP,2025-01-09,pending,Non-Compliant,2025-01-09 00:00:00,
PAY002003,EMP001924,CLI001368,US,REG002387,742965,0,742965,USD,2023-11-27,completed,Compliant,2023-11-27 00:00:00,2023-11-27 00:38:21
PAY002004,EMP000978,CLI001126,JP,REG002748,404399,0,404399,JPY,2023-09-26,failed,Non-Compliant,2023-09-26 00:00:00,
PAY002005,EMP002212,CLI002064,JP,REG002790,642060,211880,430180,JPY,2025-02-21,failed,Non-Compliant,2025-02-21 00:00:00,
PAY002006,EMP002017,CLI003682,JP,REG001192,547103,0,547103,JPY,2024-09-30,completed,Compliant,2024-09-30 00:00:00,2024-09-30 01:08:05
PAY002007,EMP001851,CLI003912,AU,REG000173,684352,0,684352,AUD,2024-02-21,pending,Non-Compliant,2024-02-21 00:00:00,
PAY002008,EMP003346,CLI000114,IN,REG002335,128823,0,128823,INR,2025-01-05,completed,Compliant,2025-01-05 00:00:00,2025-01-05 00:41:13
PAY002009,EMP003608,CLI003284,DE,REG002477,743484,0,743484,EUR,2025-04-20,pending,Non-Compliant,2025-04-20 00:00:00,
PAY002010,EMP002073,CLI003328,ZA,REG000096,398848,151562,247286,ZAR,2024-02-14,completed,Compliant,2024-02-14 00:00:00,2024-02-14 00:57:11
PAY002011,EMP003163,CLI004186,ZA,REG000676,639909,0,639909,ZAR,2024-10-09,completed,Compliant,2024-10-09 00:00:00,2024-10-09 01:25:34
PAY002012,EMP005424,CLI001025,US,REG001842,408650,0,408650,USD,2024-04-19,pending,Non-Compliant,2024-04-19 00:00:00,
PAY002013,EMP002589,CLI001226,AU,REG001663,868633,0,868633,AUD,2024-11-09,failed,Non-Compliant,2024-11-09 00:00:00,
PAY002014,EMP002155,CLI003292,AU,REG001629,809424,202356,607068,AUD,2024-04-14,failed,Non-Compliant,2024-04-14 00:00:00,
PAY002015,EMP003722,CLI004973,DE,REG000893,260790,31295,229495,EUR,2025-01-11,failed,Non-Compliant,2025-01-11 00:00:00,
PAY002016,EMP000449,CLI003868,DE,REG002213,221744,0,221744,EUR,2023-10-20,completed,Compliant,2023-10-20 00:00:00,2023-10-20 01:27:55
PAY002017,EMP005045,CLI002575,UK,REG001424,490109,0,490109,GBP,2024-02-17,completed,Compliant,2024-02-17 00:00:00,2024-02-17 00:08:41
PAY002018,EMP006336,CLI001911,US,REG001508,304898,54882,250016,USD,2024-06-25,completed,Compliant,2024-06-25 00:00:00,2024-06-25 00:24:40
PAY002019,EMP004563,CLI001791,FR,REG002051,583792,0,583792,EUR,2025-02-28,failed,Non-Compliant,2025-02-28 00:00:00,
PAY002020,EMP001938,CLI004962,US,REG000759,850885,0,850885,USD,2024-04-15,completed,Compliant,2024-04-15 00:00:00,2024-04-15 01:21:58
PAY002021,EMP004298,CLI002071,AU,REG001870,239622,47924,191698,AUD,2024-10-23,completed,Compliant,2024-10-23 00:00:00,2024-10-23 01:19:45
PAY002022,EMP003466,CLI004612,JP,REG002852,479141,0,479141,JPY,2024-06-18,failed,Non-Compliant,2024-06-18 00:00:00,
PAY002023,EMP003377,CLI003055,UK,REG002162,154356,0,154356,GBP,2024-03-27,completed,Compliant,2024-03-27 00:00:00,2024-03-27 00:47:05
PAY002024,EMP004073,CLI004583,ZA,REG001321,599177,0,599177,ZAR,2025-04-27,failed,Non-Compliant,2025-04-27 00:00:00,
PAY002025,EMP002557,CLI000648,ZA,REG000965,686641,254057,432584,ZAR,2024-12-12,pending,Non-Compliant,2024-12-12 00:00:00,
PAY002026,EMP005783,CLI001193,US,REG001779,244838,46519,198319,USD,2024-02-22,failed,Non-Compliant,2024-02-22 00:00:00,
PAY002027,EMP003940,CLI003266,IN,REG001182,429069,0,429069,INR,2025-01-13,failed,Non-Compliant,2025-01-13 00:00:00,
PAY002028,EMP000257,CLI003505,IN,REG000282,169434,0,169434,INR,2024-01-14,failed,Non-Compliant,2024-01-14 00:00:00,
PAY002029,EMP003379,CLI000297,AU,REG001351,673027,0,673027,AUD,2024-08-01,pending,Non-Compliant,2024-08-01 00:00:00,
PAY002030,EMP004796,CLI004641,ZA,REG002029,356269,0,356269,ZAR,2024-12-26,completed,Compliant,2024-12-26 00:00:00,2024-12-26 01:35:17
PAY002031,EMP000684,CLI002913,UK,REG000042,637563,0,637563,GBP,2023-08-28,completed,Compliant,2023-08-28 00:00:00,2023-08-28 00:54:59
PAY002032,EMP006836,CLI002547,BR,REG001641,405837,0,405837,BRL,2023-09-26,pending,Non-Compliant,2023-09-26 00:00:00,
PAY002033,EMP005900,CLI004251,JP,REG001447,149211,0,149211,JPY,2023-12-05,completed,Compliant,2023-12-05 00:00:00,2023-12-05 01:00:06
PAY002034,EMP002201,CLI002442,JP,REG002313,689072,0,689072,JPY,2023-12-08,completed,Compliant,2023-12-08 00:00:00,2023-12-08 01:45:05
PAY002035,EMP006221,CLI001069,AU,REG000779,920200,0,920200,AUD,2023-11-23,completed,Compliant,2023-11-23 00:00:00,2023-11-23 00:41:53
PAY002036,EMP002784,CLI003749,US,REG002910,555802,0,555802,USD,2023-10-22,failed,Non-Compliant,2023-10-22 00:00:00,
PAY002037,EMP005623,CLI001293,CA,REG000911,549167,0,549167,CAD,2024-06-21,completed,Compliant,2024-06-21 00:00:00,2024-06-21 01:55:15
PAY002038,EMP000892,CLI003275,JP,REG002355,436165,52340,383825,JPY,2024-04-23,pending,Non-Compliant,2024-04-23 00:00:00,
PAY002039,EMP004665,CLI004359,IN,REG000579,774535,0,774535,INR,2024-03-12,completed,Compliant,2024-03-12 00:00:00,2024-03-12 00:12:45
PAY002040,EMP005560,CLI000763,JP,REG002320,878078,0,878078,JPY,2024-12-10,completed,Compliant,2024-12-10 00:00:00,2024-12-10 01:38:46
PAY002041,EMP001748,CLI000183,BR,REG001280,675397,162095,513302,BRL,2023-07-03,completed,Compliant,2023-07-03 00:00:00,2023-07-03 00:46:46
PAY002042,EMP003335,CLI003444,AU,REG001284,232925,0,232925,AUD,2024-01-26,completed,Compliant,2024-01-26 00:00:00,2024-01-26 00:58:16
PAY002043,EMP006463,CLI002511,JP,REG001494,379100,109939,269161,JPY,2025-03-07,completed,Compliant,2025-03-07 00:00:00,2025-03-07 01:11:35
PAY002044,EMP006248,CLI003531,IN,REG002235,226134,0,226134,INR,2023-10-02,pending,Non-Compliant,2023-10-02 00:00:00,
PAY002045,EMP005518,CLI002330,UK,REG001803,862630,0,862630,GBP,2025-04-08,completed,Compliant,2025-04-08 00:00:00,2025-04-08 01:56:56
PAY002046,EMP004088,CLI000651,US,REG002643,864795,190255,674540,USD,2024-11-13,failed,Non-Compliant,2024-11-13 00:00:00,
PAY002047,EMP000669,CLI004694,UK,REG002076,241266,0,241266,GBP,2024-01-25,completed,Compliant,2024-01-25 00:00:00,2024-01-25 00:48:38
PAY002048,EMP002886,CLI004500,US,REG001052,854638,0,854638,USD,2024-04-23,failed,Non-Compliant,2024-04-23 00:00:00,
PAY002049,EMP004403,CLI004595,BR,REG002789,423235,0,423235,BRL,2025-02-11,pending,Non-Compliant,2025-02-11 00:00:00,
PAY002050,EMP004043,CLI001534,DE,REG001573,938794,0,938794,EUR,2024-03-31,failed,Non-Compliant,2024-03-31 00:00:00,
PAY002051,EMP000486,CLI002820,AU,REG001267,162777,0,162777,AUD,2025-05-22,failed,Non-Compliant,2025-05-22 00:00:00,
PAY002052,EMP002647,CLI001349,BR,REG000846,763980,0,763980,BRL,2024-01-31,failed,Non-Compliant,2024-01-31 00:00:00,
PAY002053,EMP006248,CLI002242,IN,REG001170,825241,0,825241,INR,2023-09-08,completed,Compliant,2023-09-08 00:00:00,2023-09-08 00:17:17
PAY002054,EMP005968,CLI001096,ZA,REG001105,919261,0,919261,ZAR,2025-02-12,completed,Compliant,2025-02-12 00:00:00,2025-02-12 00:34:03
PAY002055,EMP004940,CLI002415,ZA,REG002310,734417,271734,462683,ZAR,2024-04-14,pending,Non-Compliant,2024-04-14 00:00:00,
PAY002056,EMP005270,CLI001191,US,REG001715,305111,61022,244089,USD,2024-06-24,completed,Compliant,2024-06-24 00:00:00,2024-06-24 01:27:48
PAY002057,EMP004859,CLI004303,US,REG001786,711195,0,711195,USD,2023-11-24,pending,Non-Compliant,2023-11-24 00:00:00,
PAY002058,EMP003510,CLI002313,IN,REG002563,679198,0,679198,INR,2024-04-08,failed,Non-Compliant,2024-04-08 00:00:00,
PAY002059,EMP005794,CLI003870,FR,REG000306,997405,0,997405,EUR,2023-06-30,pending,Non-Compliant,2023-06-30 00:00:00,
PAY002060,EMP003722,CLI003222,DE,REG000694,672661,0,672661,EUR,2024-07-20,pending,Non-Compliant,2024-07-20 00:00:00,
PAY002061,EMP005893,CLI004177,UK,REG001441,532744,0,532744,GBP,2025-02-24,failed,Non-Compliant,2025-02-24 00:00:00,
PAY002062,EMP001729,CLI003691,DE,REG001482,606628,242651,363977,EUR,2024-11-17,completed,Compliant,2024-11-17 00:00:00,2024-11-17 00:07:09
PAY002063,EMP005143,CLI004579,ZA,REG000353,128972,15477,113495,ZAR,2024-10-24,completed,Compliant,2024-10-24 00:00:00,2024-10-24 01:11:14
PAY002064,EMP002388,CLI004668,JP,REG001719,652248,0,652248,JPY,2025-03-28,completed,Compliant,2025-03-28 00:00:00,2025-03-28 00:24:49
PAY002065,EMP002028,CLI001074,IN,REG000341,672449,255531,416918,INR,2023-11-28,pending,Non-Compliant,2023-11-28 00:00:00,
PAY002066,EMP000992,CLI002912,ZA,REG000599,213983,0,213983,ZAR,2024-07-04,failed,Non-Compliant,2024-07-04 00:00:00,
PAY002067,EMP004144,CLI000412,BR,REG001747,522850,0,522850,BRL,2024-11-20,failed,Non-Compliant,2024-11-20 00:00:00,
PAY002068,EMP006279,CLI000585,AU,REG000882,564146,169244,394902,AUD,2023-09-02,pending,Non-Compliant,2023-09-02 00:00:00,
PAY002069,EMP000014,CLI004618,CA,REG001672,427355,0,427355,CAD,2025-03-25,failed,Non-Compliant,2025-03-25 00:00:00,
PAY002070,EMP004693,CLI004331,IN,REG000475,790317,0,790317,INR,2025-02-03,pending,Non-Compliant,2025-02-03 00:00:00,
PAY002071,EMP006089,CLI003103,DE,REG001271,338049,50707,287342,EUR,2025-03-30,completed,Compliant,2025-03-30 00:00:00,2025-03-30 01:58:38
PAY002072,EMP002869,CLI001826,DE,REG000615,232648,0,232648,EUR,2024-12-08,failed,Non-Compliant,2024-12-08 00:00:00,
PAY002073,EMP002349,CLI003828,CA,REG000925,347710,0,347710,CAD,2023-12-06,pending,Non-Compliant,2023-12-06 00:00:00,
PAY002074,EMP005667,CLI003394,CA,REG000138,794955,135142,659813,CAD,2024-12-24,failed,Non-Compliant,2024-12-24 00:00:00,
PAY002075,EMP006990,CLI002693,UK,REG001151,945991,0,945991,GBP,2023-10-29,completed,Compliant,2023-10-29 00:00:00,2023-10-29 00:33:17
PAY002076,EMP004999,CLI002207,CA,REG001404,390410,0,390410,CAD,2024-02-13,completed,Compliant,2024-02-13 00:00:00,2024-02-13 00:57:17
PAY002077,EMP002671,CLI001011,DE,REG002963,768184,268864,499320,EUR,2024-06-09,completed,Compliant,2024-06-09 00:00:00,2024-06-09 00:29:52
PAY002078,EMP001278,CLI000584,CA,REG002515,165992,0,165992,CAD,2025-04-24,completed,Compliant,2025-04-24 00:00:00,2025-04-24 00:17:30
PAY002079,EMP001494,CLI000775,US,REG002158,673649,0,673649,USD,2023-10-30,pending,Non-Compliant,2023-10-30 00:00:00,
PAY002080,EMP005406,CLI004061,JP,REG002871,387402,0,387402,JPY,2025-01-20,completed,Compliant,2025-01-20 00:00:00,2025-01-20 00:35:56
PAY002081,EMP004535,CLI003804,JP,REG002857,295668,0,295668,JPY,2025-03-14,failed,Non-Compliant,2025-03-14 00:00:00,
PAY002082,EMP005207,CLI000231,BR,REG002492,538834,0,538834,BRL,2024-08-06,completed,Compliant,2024-08-06 00:00:00,2024-08-06 00:48:10
PAY002083,EMP003636,CLI000163,UK,REG000111,433924,0,433924,GBP,2025-04-12,failed,Non-Compliant,2025-04-12 00:00:00,
PAY002084,EMP005230,CLI003635,UK,REG002023,446347,0,446347,GBP,2023-09-27,completed,Compliant,2023-09-27 00:00:00,2023-09-27 00:30:46
PAY002085,EMP003315,CLI001656,JP,REG001068,742415,0,742415,JPY,2024-12-19,pending,Non-Compliant,2024-12-19 00:00:00,
PAY002086,EMP001064,CLI000027,UK,REG002155,507704,0,507704,GBP,2024-09-04,pending,Non-Compliant,2024-09-04 00:00:00,
PAY002087,EMP006299,CLI002091,BR,REG002780,572748,0,572748,BRL,2024-07-01,failed,Non-Compliant,2024-07-01 00:00:00,
PAY002088,EMP006051,CLI001979,FR,REG002505,533137,0,533137,EUR,2023-09-14,completed,Compliant,2023-09-14 00:00:00,2023-09-14 01:16:51
PAY002089,EMP003612,CLI002693,BR,REG002876,545169,0,545169,BRL,2023-11-18,pending,Non-Compliant,2023-11-18 00:00:00,
PAY002090,EMP001335,CLI003560,FR,REG000993,630026,0,630026,EUR,2024-08-12,failed,Non-Compliant,2024-08-12 00:00:00,
PAY002091,EMP006846,CLI000891,ZA,REG000941,609141,0,609141,ZAR,2023-11-02,pending,Non-Compliant,2023-11-02 00:00:00,
PAY002092,EMP006641,CLI002193,CA,REG002498,425754,0,425754,CAD,2024-05-03,pending,Non-Compliant,2024-05-03 00:00:00,
PAY002093,EMP000881,CLI004152,IN,REG002889,302078,102707,199371,INR,2024-05-20,failed,Non-Compliant,2024-05-20 00:00:00,
PAY002094,EMP002968,CLI001258,FR,REG002301,901266,0,901266,EUR,2025-03-27,failed,Non-Compliant,2025-03-27 00:00:00,
PAY002095,EMP004319,CLI004953,UK,REG000886,827716,0,827716,GBP,2024-09-27,pending,Non-Compliant,2024-09-27 00:00:00,
PAY002096,EMP000146,CLI002882,UK,REG000568,822945,0,822945,GBP,2024-07-19,pending,Non-Compliant,2024-07-19 00:00:00,
PAY002097,EMP000857,CLI002569,FR,REG001627,751149,0,751149,EUR,2024-12-13,failed,Non-Compliant,2024-12-13 00:00:00,
PAY002098,EMP001359,CLI004451,BR,REG002688,501700,0,501700,BRL,2023-10-12,pending,Non-Compliant,2023-10-12 00:00:00,
PAY002099,EMP006808,CLI001834,JP,REG002841,425006,153002,272004,JPY,2024-06-04,completed,Compliant,2024-06-04 00:00:00,2024-06-04 00:43:47
PAY002100,EMP001581,CLI001865,DE,REG001015,978417,195683,782734,EUR,2024-03-15,completed,Compliant,2024-03-15 00:00:00,2024-03-15 00:56:50
PAY002101,EMP000583,CLI004055,JP,REG001263,368883,0,368883,JPY,2024-04-07,failed,Non-Compliant,2024-04-07 00:00:00,
PAY002102,EMP002699,CLI000776,JP,REG002183,654635,170205,484430,JPY,2024-05-29,completed,Compliant,2024-05-29 00:00:00,2024-05-29 00:54:13
PAY002103,EMP003807,CLI001167,JP,REG002166,667403,0,667403,JPY,2023-07-28,pending,Non-Compliant,2023-07-28 00:00:00,
PAY002104,EMP000922,CLI004328,BR,REG000087,807306,104950,702356,BRL,2023-12-06,completed,Compliant,2023-12-06 00:00:00,2023-12-06 00:25:34
PAY002105,EMP003474,CLI004612,FR,REG001570,649725,116950,532775,EUR,2023-10-24,failed,Non-Compliant,2023-10-24 00:00:00,
PAY002106,EMP002922,CLI003801,JP,REG002923,923722,0,923722,JPY,2023-05-28,failed,Non-Compliant,2023-05-28 00:00:00,
PAY002107,EMP000462,CLI001025,FR,REG000024,208562,56312,152250,EUR,2023-10-18,pending,Non-Compliant,2023-10-18 00:00:00,
PAY002108,EMP002667,CLI000437,AU,REG001115,907727,99850,807877,AUD,2024-11-02,failed,Non-Compliant,2024-11-02 00:00:00,
PAY002109,EMP005322,CLI002710,CA,REG002027,185998,0,185998,CAD,2023-06-28,completed,Compliant,2023-06-28 00:00:00,2023-06-28 01:25:50
PAY002110,EMP001767,CLI001705,CA,REG002356,987649,0,987649,CAD,2025-04-12,pending,Non-Compliant,2025-04-12 00:00:00,
PAY002111,EMP001397,CLI001374,FR,REG002709,670327,248021,422306,EUR,2024-05-15,pending,Non-Compliant,2024-05-15 00:00:00,
PAY002112,EMP005807,CLI003152,ZA,REG002318,707971,0,707971,ZAR,2023-09-28,pending,Non-Compliant,2023-09-28 00:00:00,
PAY002113,EMP006346,CLI003897,JP,REG001082,455700,173166,282534,JPY,2023-10-23,completed,Compliant,2023-10-23 00:00:00,2023-10-23 01:04:47
PAY002114,EMP002598,CLI001339,UK,REG001057,169040,65926,103114,GBP,2024-06-18,completed,Compliant,2024-06-18 00:00:00,2024-06-18 01:46:32
PAY002115,EMP005474,CLI000215,IN,REG001325,585153,0,585153,INR,2025-04-16,completed,Compliant,2025-04-16 00:00:00,2025-04-16 00:21:16
PAY002116,EMP003641,CLI000794,ZA,REG001511,642333,186277,456056,ZAR,2023-08-26,pending,Non-Compliant,2023-08-26 00:00:00,
PAY002117,EMP002543,CLI002192,US,REG001758,688726,234167,454559,USD,2024-07-04,pending,Non-Compliant,2024-07-04 00:00:00,
PAY002118,EMP006629,CLI003076,IN,REG000607,735833,161883,573950,INR,2024-02-19,failed,Non-Compliant,2024-02-19 00:00:00,
PAY002119,EMP005404,CLI004707,UK,REG001424,972166,0,972166,GBP,2024-05-30,pending,Non-Compliant,2024-05-30 00:00:00,
PAY002120,EMP006223,CLI004529,AU,REG001853,669695,214302,455393,AUD,2023-10-18,completed,Compliant,2023-10-18 00:00:00,2023-10-18 01:22:16
PAY002121,EMP002276,CLI001155,FR,REG000038,953069,0,953069,EUR,2025-05-19,failed,Non-Compliant,2025-05-19 00:00:00,
PAY002122,EMP006282,CLI000609,AU,REG002618,947128,0,947128,AUD,2024-09-07,pending,Non-Compliant,2024-09-07 00:00:00,
PAY002123,EMP006912,CLI001872,FR,REG001771,868351,156303,712048,EUR,2024-01-26,pending,Non-Compliant,2024-01-26 00:00:00,
PAY002124,EMP005453,CLI003642,IN,REG002235,398272,0,398272,INR,2023-07-24,failed,Non-Compliant,2023-07-24 00:00:00,
PAY002125,EMP000481,CLI004437,UK,REG001632,198827,47718,151109,GBP,2025-03-13,failed,Non-Compliant,2025-03-13 00:00:00,
PAY002126,EMP001278,CLI000250,CA,REG001692,681682,0,681682,CAD,2025-02-14,completed,Compliant,2025-02-14 00:00:00,2025-02-14 00:19:31
PAY002127,EMP001568,CLI003710,UK,REG000541,578128,98282,479846,GBP,2024-11-19,failed,Non-Compliant,2024-11-19 00:00:00,
PAY002128,EMP001069,CLI000863,CA,REG000107,419615,0,419615,CAD,2025-03-09,pending,Non-Compliant,2025-03-09 00:00:00,
PAY002129,EMP002243,CLI003519,ZA,REG001332,435957,0,435957,ZAR,2023-07-31,failed,Non-Compliant,2023-07-31 00:00:00,
PAY002130,EMP000632,CLI003083,UK,REG002057,755378,0,755378,GBP,2024-10-18,pending,Non-Compliant,2024-10-18 00:00:00,
PAY002131,EMP006522,CLI002214,DE,REG000052,747928,0,747928,EUR,2025-03-24,completed,Compliant,2025-03-24 00:00:00,2025-03-24 00:12:14
PAY002132,EMP001921,CLI001518,FR,REG001402,791831,0,791831,EUR,2023-10-17,completed,Compliant,2023-10-17 00:00:00,2023-10-17 00:06:07
PAY002133,EMP003212,CLI002491,IN,REG002058,508242,0,508242,INR,2024-10-25,pending,Non-Compliant,2024-10-25 00:00:00,
PAY002134,EMP003780,CLI003234,DE,REG001816,859742,0,859742,EUR,2023-06-21,pending,Non-Compliant,2023-06-21 00:00:00,
PAY002135,EMP002971,CLI003904,BR,REG002496,752606,0,752606,BRL,2024-02-09,completed,Compliant,2024-02-09 00:00:00,2024-02-09 01:13:01
PAY002136,EMP003929,CLI003548,ZA,REG001401,788063,0,788063,ZAR,2024-12-10,completed,Compliant,2024-12-10 00:00:00,2024-12-10 00:44:29
PAY002137,EMP004256,CLI001244,IN,REG001658,118911,23782,95129,INR,2024-04-23,failed,Non-Compliant,2024-04-23 00:00:00,
PAY002138,EMP001976,CLI003491,AU,REG001162,650762,247290,403472,AUD,2024-01-01,completed,Compliant,2024-01-01 00:00:00,2024-01-01 00:39:51
PAY002139,EMP006232,CLI000191,FR,REG000976,379557,0,379557,EUR,2024-09-02,completed,Compliant,2024-09-02 00:00:00,2024-09-02 01:01:19
PAY002140,EMP003425,CLI002739,IN,REG000522,955696,133797,821899,INR,2025-02-02,pending,Non-Compliant,2025-02-02 00:00:00,
PAY002141,EMP001804,CLI002637,IN,REG002426,852724,213181,639543,INR,2024-09-11,completed,Compliant,2024-09-11 00:00:00,2024-09-11 01:36:07
PAY002142,EMP001669,CLI004020,UK,REG001487,588855,135437,453418,GBP,2024-08-03,completed,Compliant,2024-08-03 00:00:00,2024-08-03 00:06:00
PAY002143,EMP005810,CLI001220,JP,REG002957,671451,0,671451,JPY,2025-05-22,completed,Compliant,2025-05-22 00:00:00,2025-05-22 01:40:52
PAY002144,EMP004741,CLI003095,DE,REG001006,941098,0,941098,EUR,2024-01-13,completed,Compliant,2024-01-13 00:00:00,2024-01-13 01:37:33
PAY002145,EMP000912,CLI000413,JP,REG002040,531103,0,531103,JPY,2025-05-16,completed,Compliant,2025-05-16 00:00:00,2025-05-16 01:43:53
PAY002146,EMP003537,CLI003550,BR,REG002066,457577,50333,407244,BRL,2025-01-06,completed,Compliant,2025-01-06 00:00:00,2025-01-06 00:12:13
PAY002147,EMP006941,CLI000970,CA,REG002229,398495,0,398495,CAD,2025-03-08,completed,Compliant,2025-03-08 00:00:00,2025-03-08 00:12:41
PAY002148,EMP000979,CLI003844,FR,REG002344,855868,239643,616225,EUR,2025-04-06,failed,Non-Compliant,2025-04-06 00:00:00,
PAY002149,EMP003629,CLI000851,ZA,REG002869,707260,0,707260,ZAR,2024-08-24,pending,Non-Compliant,2024-08-24 00:00:00,
PAY002150,EMP004869,CLI004650,IN,REG001474,498848,0,498848,INR,2023-10-24,pending,Non-Compliant,2023-10-24 00:00:00,
PAY002151,EMP005094,CLI003778,ZA,REG001802,143821,0,143821,ZAR,2024-06-01,failed,Non-Compliant,2024-06-01 00:00:00,
PAY002152,EMP002221,CLI001218,DE,REG002925,844658,0,844658,EUR,2025-03-02,pending,Non-Compliant,2025-03-02 00:00:00,
PAY002153,EMP001225,CLI004014,IN,REG002659,116559,0,116559,INR,2024-10-22,completed,Compliant,2024-10-22 00:00:00,2024-10-22 01:22:19
PAY002154,EMP004432,CLI003705,JP,REG002899,740935,0,740935,JPY,2023-07-10,pending,Non-Compliant,2023-07-10 00:00:00,
PAY002155,EMP006959,CLI004134,AU,REG002996,557597,195159,362438,AUD,2025-02-21,failed,Non-Compliant,2025-02-21 00:00:00,
PAY002156,EMP001254,CLI004350,ZA,REG001268,509742,0,509742,ZAR,2024-06-21,completed,Compliant,2024-06-21 00:00:00,2024-06-21 01:16:53
PAY002157,EMP006068,CLI001449,IN,REG002128,717903,0,717903,INR,2024-12-29,failed,Non-Compliant,2024-12-29 00:00:00,
PAY002158,EMP003661,CLI001919,ZA,REG001227,268656,0,268656,ZAR,2025-02-07,failed,Non-Compliant,2025-02-07 00:00:00,
PAY002159,EMP000100,CLI000530,DE,REG000170,741727,0,741727,EUR,2024-07-23,failed,Non-Compliant,2024-07-23 00:00:00,
PAY002160,EMP002657,CLI004836,AU,REG001255,832936,0,832936,AUD,2023-11-02,pending,Non-Compliant,2023-11-02 00:00:00,
PAY002161,EMP002907,CLI001770,DE,REG000101,831171,124676,706495,EUR,2025-05-10,completed,Compliant,2025-05-10 00:00:00,2025-05-10 00:28:09
PAY002162,EMP003151,CLI002683,IN,REG002377,754141,0,754141,INR,2023-12-23,completed,Compliant,2023-12-23 00:00:00,2023-12-23 00:16:01
PAY002163,EMP003128,CLI000541,UK,REG002258,569694,148120,421574,GBP,2025-02-04,failed,Non-Compliant,2025-02-04 00:00:00,
PAY002164,EMP002269,CLI004380,JP,REG000134,243443,0,243443,JPY,2025-02-27,failed,Non-Compliant,2025-02-27 00:00:00,
PAY002165,EMP001495,CLI004989,ZA,REG001370,377727,0,377727,ZAR,2024-11-16,pending,Non-Compliant,2024-11-16 00:00:00,
PAY002166,EMP005263,CLI000653,BR,REG000612,315978,0,315978,BRL,2023-09-06,failed,Non-Compliant,2023-09-06 00:00:00,
PAY002167,EMP003441,CLI001373,DE,REG001623,611109,97777,513332,EUR,2024-02-16,completed,Compliant,2024-02-16 00:00:00,2024-02-16 01:22:24
PAY002168,EMP005438,CLI004669,US,REG001208,195250,50765,144485,USD,2024-03-05,failed,Non-Compliant,2024-03-05 00:00:00,
PAY002169,EMP003344,CLI000702,FR,REG001215,985053,0,985053,EUR,2024-05-07,pending,Non-Compliant,2024-05-07 00:00:00,
PAY002170,EMP006523,CLI000513,CA,REG001025,893788,0,893788,CAD,2024-08-30,completed,Compliant,2024-08-30 00:00:00,2024-08-30 01:40:35
PAY002171,EMP002986,CLI001976,AU,REG000511,754413,0,754413,AUD,2024-06-08,failed,Non-Compliant,2024-06-08 00:00:00,
PAY002172,EMP003122,CLI004867,DE,REG002767,123700,12370,111330,EUR,2025-02-08,completed,Compliant,2025-02-08 00:00:00,2025-02-08 01:48:54
PAY002173,EMP000394,CLI002305,IN,REG001575,760294,0,760294,INR,2024-02-12,pending,Non-Compliant,2024-02-12 00:00:00,
PAY002174,EMP004902,CLI004475,DE,REG001273,792989,222037,570952,EUR,2024-05-16,completed,Compliant,2024-05-16 00:00:00,2024-05-16 01:23:47
PAY002175,EMP000531,CLI002088,DE,REG001639,644363,0,644363,EUR,2024-11-21,completed,Compliant,2024-11-21 00:00:00,2024-11-21 00:31:23
PAY002176,EMP001275,CLI000762,FR,REG002518,608170,97307,510863,EUR,2025-04-19,failed,Non-Compliant,2025-04-19 00:00:00,
PAY002177,EMP005761,CLI001315,FR,REG000404,979659,166542,813117,EUR,2024-09-27,failed,Non-Compliant,2024-09-27 00:00:00,
PAY002178,EMP003555,CLI004100,FR,REG002634,148912,38717,110195,EUR,2023-09-05,failed,Non-Compliant,2023-09-05 00:00:00,
PAY002179,EMP006913,CLI003463,AU,REG002192,144982,0,144982,AUD,2024-09-04,failed,Non-Compliant,2024-09-04 00:00:00,
PAY002180,EMP006773,CLI002525,AU,REG002763,903285,117427,785858,AUD,2023-05-31,completed,Compliant,2023-05-31 00:00:00,2023-05-31 01:40:55
PAY002181,EMP000661,CLI003184,JP,REG002430,483977,0,483977,JPY,2024-11-27,failed,Non-Compliant,2024-11-27 00:00:00,
PAY002182,EMP000786,CLI001246,JP,REG000527,783316,0,783316,JPY,2024-03-10,pending,Non-Compliant,2024-03-10 00:00:00,
PAY002183,EMP006842,CLI003840,BR,REG001413,973314,330927,642387,BRL,2023-08-05,completed,Compliant,2023-08-05 00:00:00,2023-08-05 00:52:39
PAY002184,EMP000410,CLI002823,JP,REG000201,766341,168595,597746,JPY,2025-01-21,pending,Non-Compliant,2025-01-21 00:00:00,
PAY002185,EMP004541,CLI000095,CA,REG000698,999036,0,999036,CAD,2024-11-26,pending,Non-Compliant,2024-11-26 00:00:00,
PAY002186,EMP002088,CLI004828,DE,REG002978,531658,0,531658,EUR,2024-08-25,failed,Non-Compliant,2024-08-25 00:00:00,
PAY002187,EMP005752,CLI002333,JP,REG001891,535746,0,535746,JPY,2023-07-10,failed,Non-Compliant,2023-07-10 00:00:00,
PAY002188,EMP000055,CLI000528,IN,REG000178,152848,47383,105465,INR,2024-05-27,completed,Compliant,2024-05-27 00:00:00,2024-05-27 00:15:31
PAY002189,EMP006114,CLI002847,CA,REG002506,183128,0,183128,CAD,2024-03-22,pending,Non-Compliant,2024-03-22 00:00:00,
PAY002190,EMP004829,CLI001247,FR,REG002725,491683,0,491683,EUR,2025-04-11,failed,Non-Compliant,2025-04-11 00:00:00,
PAY002191,EMP005621,CLI003835,FR,REG001587,373374,0,373374,EUR,2024-08-20,failed,Non-Compliant,2024-08-20 00:00:00,
PAY002192,EMP003435,CLI004997,FR,REG001376,963730,337306,626424,EUR,2024-03-27,failed,Non-Compliant,2024-03-27 00:00:00,
PAY002193,EMP002215,CLI001483,AU,REG001667,938983,197186,741797,AUD,2024-07-06,failed,Non-Compliant,2024-07-06 00:00:00,
PAY002194,EMP002972,CLI000677,US,REG000313,615330,190752,424578,USD,2024-11-22,failed,Non-Compliant,2024-11-22 00:00:00,
PAY002195,EMP000082,CLI002149,BR,REG000706,309165,74200,234965,BRL,2024-10-30,pending,Non-Compliant,2024-10-30 00:00:00,
PAY002196,EMP005101,CLI003878,UK,REG000724,498760,194516,304244,GBP,2023-08-03,completed,Compliant,2023-08-03 00:00:00,2023-08-03 01:31:43
PAY002197,EMP000449,CLI001355,DE,REG002567,619530,117711,501819,EUR,2023-12-06,pending,Non-Compliant,2023-12-06 00:00:00,
PAY002198,EMP003462,CLI002952,CA,REG002401,311309,34244,277065,CAD,2024-05-24,completed,Compliant,2024-05-24 00:00:00,2024-05-24 01:21:05
PAY002199,EMP006073,CLI002279,CA,REG001819,278656,52945,225711,CAD,2023-11-24,pending,Non-Compliant,2023-11-24 00:00:00,
PAY002200,EMP002097,CLI000960,BR,REG000921,316938,0,316938,BRL,2023-12-11,completed,Compliant,2023-12-11 00:00:00,2023-12-11 01:18:14
PAY002201,EMP000988,CLI003909,FR,REG001596,871925,0,871925,EUR,2023-09-25,failed,Non-Compliant,2023-09-25 00:00:00,
PAY002202,EMP003321,CLI000840,US,REG001625,704980,0,704980,USD,2024-12-28,completed,Compliant,2024-12-28 00:00:00,2024-12-28 00:48:16
PAY002203,EMP001726,CLI002969,ZA,REG002917,786528,133710,652818,ZAR,2024-07-15,failed,Non-Compliant,2024-07-15 00:00:00,
PAY002204,EMP003018,CLI002962,FR,REG001274,915096,0,915096,EUR,2025-02-02,completed,Compliant,2025-02-02 00:00:00,2025-02-02 00:29:20
PAY002205,EMP000114,CLI003791,JP,REG002857,648814,0,648814,JPY,2023-07-08,completed,Compliant,2023-07-08 00:00:00,2023-07-08 00:33:37
PAY002206,EMP002618,CLI001805,AU,REG000821,234688,0,234688,AUD,2025-01-26,pending,Non-Compliant,2025-01-26 00:00:00,
PAY002207,EMP001205,CLI001675,DE,REG001359,326004,0,326004,EUR,2025-02-24,completed,Compliant,2025-02-24 00:00:00,2025-02-24 00:22:30
PAY002208,EMP004660,CLI004719,ZA,REG001602,534298,170975,363323,ZAR,2024-02-07,failed,Non-Compliant,2024-02-07 00:00:00,
PAY002209,EMP003542,CLI000053,CA,REG001591,249202,0,249202,CAD,2023-08-15,pending,Non-Compliant,2023-08-15 00:00:00,
PAY002210,EMP004020,CLI002121,BR,REG000989,436407,165835,270572,BRL,2024-07-24,completed,Compliant,2024-07-24 00:00:00,2024-07-24 00:07:25
PAY002211,EMP005658,CLI000362,UK,REG001657,748388,224516,523872,GBP,2024-10-13,pending,Non-Compliant,2024-10-13 00:00:00,
PAY002212,EMP002497,CLI003898,US,REG002728,651790,0,651790,USD,2023-10-20,completed,Compliant,2023-10-20 00:00:00,2023-10-20 00:39:22
PAY002213,EMP005560,CLI002845,JP,REG002995,567453,0,567453,JPY,2024-02-02,completed,Compliant,2024-02-02 00:00:00,2024-02-02 00:27:20
PAY002214,EMP004272,CLI001550,DE,REG002106,261730,81136,180594,EUR,2024-01-04,failed,Non-Compliant,2024-01-04 00:00:00,
PAY002215,EMP006000,CLI001288,BR,REG002461,789537,0,789537,BRL,2024-03-01,completed,Compliant,2024-03-01 00:00:00,2024-03-01 01:45:56
PAY002216,EMP005161,CLI001782,ZA,REG001661,956571,0,956571,ZAR,2025-03-07,failed,Non-Compliant,2025-03-07 00:00:00,
PAY002217,EMP003117,CLI002884,IN,REG000069,154439,0,154439,INR,2023-10-11,failed,Non-Compliant,2023-10-11 00:00:00,
PAY002218,EMP004411,CLI001176,UK,REG000724,222295,86695,135600,GBP,2024-04-28,failed,Non-Compliant,2024-04-28 00:00:00,
PAY002219,EMP006190,CLI003348,ZA,REG000978,697954,0,697954,ZAR,2023-10-30,failed,Non-Compliant,2023-10-30 00:00:00,
PAY002220,EMP003769,CLI001111,FR,REG001882,157165,0,157165,EUR,2023-07-14,completed,Compliant,2023-07-14 00:00:00,2023-07-14 00:48:11
PAY002221,EMP005209,CLI001761,ZA,REG002102,122010,0,122010,ZAR,2023-07-31,failed,Non-Compliant,2023-07-31 00:00:00,
PAY002222,EMP006844,CLI003635,IN,REG001559,846488,186227,660261,INR,2023-09-03,completed,Compliant,2023-09-03 00:00:00,2023-09-03 01:45:41
PAY002223,EMP003905,CLI004463,UK,REG001711,866066,138571,727495,GBP,2024-07-24,pending,Non-Compliant,2024-07-24 00:00:00,
PAY002224,EMP004172,CLI003601,US,REG002263,762499,274500,487999,USD,2023-08-15,completed,Compliant,2023-08-15 00:00:00,2023-08-15 00:16:14
PAY002225,EMP004834,CLI000254,US,REG002824,107111,36418,70693,USD,2024-05-25,pending,Non-Compliant,2024-05-25 00:00:00,
PAY002226,EMP006625,CLI004778,ZA,REG001528,555290,0,555290,ZAR,2025-05-22,completed,Compliant,2025-05-22 00:00:00,2025-05-22 01:07:31
PAY002227,EMP004511,CLI001826,UK,REG000464,734009,0,734009,GBP,2024-03-19,completed,Compliant,2024-03-19 00:00:00,2024-03-19 01:20:38
PAY002228,EMP005398,CLI002979,IN,REG002122,507611,0,507611,INR,2023-07-09,pending,Non-Compliant,2023-07-09 00:00:00,
PAY002229,EMP006922,CLI003186,US,REG001095,538049,134512,403537,USD,2024-12-20,failed,Non-Compliant,2024-12-20 00:00:00,
PAY002230,EMP002210,CLI002684,US,REG001715,202395,40479,161916,USD,2023-07-17,pending,Non-Compliant,2023-07-17 00:00:00,
PAY002231,EMP003141,CLI001683,IN,REG000817,237873,40438,197435,INR,2023-08-26,completed,Compliant,2023-08-26 00:00:00,2023-08-26 01:07:45
PAY002232,EMP006430,CLI002202,AU,REG001298,848009,0,848009,AUD,2024-05-31,pending,Non-Compliant,2024-05-31 00:00:00,
PAY002233,EMP006553,CLI003167,CA,REG000596,609200,207128,402072,CAD,2023-06-22,failed,Non-Compliant,2023-06-22 00:00:00,
PAY002234,EMP000999,CLI000615,BR,REG001039,151193,30239,120954,BRL,2024-07-30,failed,Non-Compliant,2024-07-30 00:00:00,
PAY002235,EMP004579,CLI004854,US,REG002049,924245,0,924245,USD,2023-06-27,completed,Compliant,2023-06-27 00:00:00,2023-06-27 00:55:19
PAY002236,EMP006532,CLI002784,BR,REG001022,638942,159736,479206,BRL,2025-04-10,failed,Non-Compliant,2025-04-10 00:00:00,
PAY002237,EMP000608,CLI004335,UK,REG000218,692221,0,692221,GBP,2023-08-26,pending,Non-Compliant,2023-08-26 00:00:00,
PAY002238,EMP001635,CLI001154,IN,REG002729,236766,0,236766,INR,2025-01-30,failed,Non-Compliant,2025-01-30 00:00:00,
PAY002239,EMP000578,CLI003094,CA,REG001847,976922,283307,693615,CAD,2023-08-03,completed,Compliant,2023-08-03 00:00:00,2023-08-03 01:04:52
PAY002240,EMP000120,CLI004152,US,REG001779,266987,50728,216259,USD,2024-10-08,failed,Non-Compliant,2024-10-08 00:00:00,
PAY002241,EMP003057,CLI001561,FR,REG002518,775180,124029,651151,EUR,2024-06-19,completed,Compliant,2024-06-19 00:00:00,2024-06-19 00:33:59
PAY002242,EMP005193,CLI002728,ZA,REG000096,438944,166799,272145,ZAR,2024-05-12,pending,Non-Compliant,2024-05-12 00:00:00,
PAY002243,EMP005335,CLI004761,FR,REG002153,384381,0,384381,EUR,2025-03-18,completed,Compliant,2025-03-18 00:00:00,2025-03-18 00:09:56
PAY002244,EMP003140,CLI001755,ZA,REG002890,165986,0,165986,ZAR,2024-06-21,pending,Non-Compliant,2024-06-21 00:00:00,
PAY002245,EMP002614,CLI004771,BR,REG000864,575828,143957,431871,BRL,2024-03-12,failed,Non-Compliant,2024-03-12 00:00:00,
PAY002246,EMP005530,CLI004492,JP,REG000005,969588,0,969588,JPY,2025-01-02,failed,Non-Compliant,2025-01-02 00:00:00,
PAY002247,EMP004214,CLI004303,JP,REG002914,786274,78627,707647,JPY,2025-01-07,pending,Non-Compliant,2025-01-07 00:00:00,
PAY002248,EMP000561,CLI001428,UK,REG000542,514351,195453,318898,GBP,2023-12-29,completed,Compliant,2023-12-29 00:00:00,2023-12-29 00:38:11
PAY002249,EMP001673,CLI004188,IN,REG002145,320038,89611,230427,INR,2023-08-22,completed,Compliant,2023-08-22 00:00:00,2023-08-22 01:56:57
PAY002250,EMP000240,CLI004574,BR,REG002830,400325,0,400325,BRL,2024-03-10,failed,Non-Compliant,2024-03-10 00:00:00,
PAY002251,EMP005425,CLI002228,US,REG002691,334964,33496,301468,USD,2024-09-20,pending,Non-Compliant,2024-09-20 00:00:00,
PAY002252,EMP001715,CLI001423,DE,REG002324,801614,224452,577162,EUR,2025-05-19,completed,Compliant,2025-05-19 00:00:00,2025-05-19 01:41:48
PAY002253,EMP003535,CLI001740,AU,REG002625,868310,0,868310,AUD,2024-05-11,pending,Non-Compliant,2024-05-11 00:00:00,
PAY002254,EMP004579,CLI004131,US,REG001316,743593,252822,490771,USD,2023-09-10,completed,Compliant,2023-09-10 00:00:00,2023-09-10 00:14:39
PAY002255,EMP000449,CLI001971,DE,REG001493,561229,218879,342350,EUR,2023-12-25,completed,Compliant,2023-12-25 00:00:00,2023-12-25 00:39:52
PAY002256,EMP000382,CLI002698,IN,REG002447,971708,0,971708,INR,2024-11-15,failed,Non-Compliant,2024-11-15 00:00:00,
PAY002257,EMP006318,CLI002141,ZA,REG001781,744373,89325,655048,ZAR,2024-10-24,failed,Non-Compliant,2024-10-24 00:00:00,
PAY002258,EMP001446,CLI000269,AU,REG000566,209376,46063,163313,AUD,2024-02-24,failed,Non-Compliant,2024-02-24 00:00:00,
PAY002259,EMP000538,CLI003790,BR,REG002945,525272,199603,325669,BRL,2023-07-29,failed,Non-Compliant,2023-07-29 00:00:00,
PAY002260,EMP001360,CLI001871,US,REG000382,958299,0,958299,USD,2023-09-04,failed,Non-Compliant,2023-09-04 00:00:00,
PAY002261,EMP000858,CLI003610,UK,REG000664,968072,0,968072,GBP,2025-01-09,completed,Compliant,2025-01-09 00:00:00,2025-01-09 00:46:41
PAY002262,EMP002532,CLI001740,ZA,REG001802,295483,0,295483,ZAR,2025-02-09,completed,Compliant,2025-02-09 00:00:00,2025-02-09 00:20:57
PAY002263,EMP000875,CLI000138,JP,REG000752,540389,0,540389,JPY,2024-02-04,completed,Compliant,2024-02-04 00:00:00,2024-02-04 00:18:56
PAY002264,EMP002526,CLI001151,JP,REG001058,320048,32005,288043,JPY,2024-01-11,failed,Non-Compliant,2024-01-11 00:00:00,
PAY002265,EMP004046,CLI000752,UK,REG001610,589999,0,589999,GBP,2024-06-29,failed,Non-Compliant,2024-06-29 00:00:00,
PAY002266,EMP000650,CLI001366,JP,REG002975,649930,0,649930,JPY,2025-05-22,pending,Non-Compliant,2025-05-22 00:00:00,
PAY002267,EMP000198,CLI003121,CA,REG001994,121875,0,121875,CAD,2023-11-01,completed,Compliant,2023-11-01 00:00:00,2023-11-01 00:35:50
PAY002268,EMP002818,CLI003246,US,REG000737,250718,0,250718,USD,2025-04-26,pending,Non-Compliant,2025-04-26 00:00:00,
PAY002269,EMP000732,CLI000348,BR,REG000551,617315,185194,432121,BRL,2025-01-01,completed,Compliant,2025-01-01 00:00:00,2025-01-01 00:31:41
PAY002270,EMP000152,CLI001481,JP,REG000349,641770,0,641770,JPY,2025-04-09,pending,Non-Compliant,2025-04-09 00:00:00,
PAY002271,EMP006207,CLI001391,FR,REG001649,302952,0,302952,EUR,2024-12-29,completed,Compliant,2024-12-29 00:00:00,2024-12-29 01:44:53
PAY002272,EMP001278,CLI000615,CA,REG000869,687109,0,687109,CAD,2024-02-16,failed,Non-Compliant,2024-02-16 00:00:00,
PAY002273,EMP001763,CLI004587,FR,REG002289,258964,0,258964,EUR,2023-10-11,completed,Compliant,2023-10-11 00:00:00,2023-10-11 01:42:58
PAY002274,EMP006940,CLI000612,UK,REG000542,380562,144614,235948,GBP,2025-04-30,failed,Non-Compliant,2025-04-30 00:00:00,
PAY002275,EMP006189,CLI000674,ZA,REG001331,654518,0,654518,ZAR,2025-02-14,pending,Non-Compliant,2025-02-14 00:00:00,
PAY002276,EMP005771,CLI003812,DE,REG001154,132269,0,132269,EUR,2024-12-11,pending,Non-Compliant,2024-12-11 00:00:00,
PAY002277,EMP004057,CLI002312,FR,REG000721,241048,96419,144629,EUR,2025-05-10,pending,Non-Compliant,2025-05-10 00:00:00,
PAY002278,EMP002985,CLI004517,DE,REG000233,741703,0,741703,EUR,2023-11-01,failed,Non-Compliant,2023-11-01 00:00:00,
PAY002279,EMP000058,CLI001676,ZA,REG002029,858238,0,858238,ZAR,2024-01-27,failed,Non-Compliant,2024-01-27 00:00:00,
PAY002280,EMP005651,CLI000223,US,REG001941,316880,53870,263010,USD,2023-08-21,completed,Compliant,2023-08-21 00:00:00,2023-08-21 00:29:35
PAY002281,EMP000917,CLI001081,UK,REG002023,268744,0,268744,GBP,2025-01-10,failed,Non-Compliant,2025-01-10 00:00:00,
PAY002282,EMP002666,CLI002229,BR,REG000363,381078,0,381078,BRL,2024-08-13,completed,Compliant,2024-08-13 00:00:00,2024-08-13 01:41:02
PAY002283,EMP003095,CLI002975,FR,REG000628,319828,0,319828,EUR,2024-07-02,pending,Non-Compliant,2024-07-02 00:00:00,
PAY002284,EMP005452,CLI000823,US,REG000313,952849,295383,657466,USD,2024-12-05,failed,Non-Compliant,2024-12-05 00:00:00,
PAY002285,EMP001695,CLI004847,IN,REG001150,213018,0,213018,INR,2024-04-02,failed,Non-Compliant,2024-04-02 00:00:00,
PAY002286,EMP003242,CLI004804,US,REG002417,149599,0,149599,USD,2023-08-06,completed,Compliant,2023-08-06 00:00:00,2023-08-06 01:44:35
PAY002287,EMP006839,CLI003913,CA,REG000677,977918,0,977918,CAD,2025-04-04,pending,Non-Compliant,2025-04-04 00:00:00,
PAY002288,EMP002534,CLI002768,DE,REG000430,858230,0,858230,EUR,2024-01-12,failed,Non-Compliant,2024-01-12 00:00:00,
PAY002289,EMP004645,CLI001937,CA,REG002025,403691,0,403691,CAD,2025-04-19,pending,Non-Compliant,2025-04-19 00:00:00,
PAY002290,EMP004615,CLI004239,UK,REG000296,815821,0,815821,GBP,2024-01-14,completed,Compliant,2024-01-14 00:00:00,2024-01-14 00:31:41
PAY002291,EMP002964,CLI004956,BR,REG002688,280551,0,280551,BRL,2024-07-11,pending,Non-Compliant,2024-07-11 00:00:00,
PAY002292,EMP000828,CLI000159,CA,REG002803,886234,0,886234,CAD,2025-04-03,pending,Non-Compliant,2025-04-03 00:00:00,
PAY002293,EMP005755,CLI003210,BR,REG000054,815867,293712,522155,BRL,2024-11-24,completed,Compliant,2024-11-24 00:00:00,2024-11-24 00:40:01
PAY002294,EMP001160,CLI000757,IN,REG002084,424522,0,424522,INR,2024-11-24,pending,Non-Compliant,2024-11-24 00:00:00,
PAY002295,EMP005843,CLI000993,US,REG001786,567564,0,567564,USD,2025-04-15,pending,Non-Compliant,2025-04-15 00:00:00,
PAY002296,EMP002195,CLI000145,ZA,REG001834,104895,0,104895,ZAR,2024-07-29,pending,Non-Compliant,2024-07-29 00:00:00,
PAY002297,EMP001844,CLI003032,DE,REG002765,791684,0,791684,EUR,2024-06-23,pending,Non-Compliant,2024-06-23 00:00:00,
PAY002298,EMP006898,CLI002379,JP,REG002059,744949,275631,469318,JPY,2024-07-17,failed,Non-Compliant,2024-07-17 00:00:00,
PAY002299,EMP003182,CLI000800,IN,REG001515,245203,61301,183902,INR,2023-12-16,failed,Non-Compliant,2023-12-16 00:00:00,
PAY002300,EMP004112,CLI000174,IN,REG000579,923372,0,923372,INR,2024-09-05,failed,Non-Compliant,2024-09-05 00:00:00,
PAY002301,EMP001150,CLI002851,US,REG001200,101972,18355,83617,USD,2025-01-30,completed,Compliant,2025-01-30 00:00:00,2025-01-30 00:48:47
PAY002302,EMP000861,CLI000057,UK,REG002701,938186,0,938186,GBP,2024-12-04,failed,Non-Compliant,2024-12-04 00:00:00,
PAY002303,EMP003325,CLI003986,JP,REG000129,200882,0,200882,JPY,2024-05-05,failed,Non-Compliant,2024-05-05 00:00:00,
PAY002304,EMP006272,CLI004738,UK,REG001780,510794,0,510794,GBP,2024-12-13,completed,Compliant,2024-12-13 00:00:00,2024-12-13 00:45:10
PAY002305,EMP001323,CLI002902,BR,REG002041,525844,0,525844,BRL,2024-12-20,pending,Non-Compliant,2024-12-20 00:00:00,
PAY002306,EMP006573,CLI003206,CA,REG000119,461118,142947,318171,CAD,2023-07-09,pending,Non-Compliant,2023-07-09 00:00:00,
PAY002307,EMP005304,CLI004220,JP,REG000986,230830,0,230830,JPY,2024-12-23,failed,Non-Compliant,2024-12-23 00:00:00,
PAY002308,EMP005138,CLI002832,DE,REG001408,760032,0,760032,EUR,2023-05-29,completed,Compliant,2023-05-29 00:00:00,2023-05-29 01:22:50
PAY002309,EMP003481,CLI004571,CA,REG002554,883355,167837,715518,CAD,2024-08-28,failed,Non-Compliant,2024-08-28 00:00:00,
PAY002310,EMP006812,CLI002106,DE,REG002369,109142,0,109142,EUR,2023-05-30,completed,Compliant,2023-05-30 00:00:00,2023-05-30 01:47:16
PAY002311,EMP006924,CLI000244,DE,REG002699,172299,0,172299,EUR,2024-04-04,pending,Non-Compliant,2024-04-04 00:00:00,
PAY002312,EMP006786,CLI002780,JP,REG001341,804695,0,804695,JPY,2024-03-04,pending,Non-Compliant,2024-03-04 00:00:00,
PAY002313,EMP001863,CLI002419,DE,REG001408,438935,0,438935,EUR,2023-06-17,pending,Non-Compliant,2023-06-17 00:00:00,
PAY002314,EMP000724,CLI003842,DE,REG001244,806675,193602,613073,EUR,2025-04-02,pending,Non-Compliant,2025-04-02 00:00:00,
PAY002315,EMP000942,CLI000527,JP,REG002494,403404,0,403404,JPY,2024-11-04,pending,Non-Compliant,2024-11-04 00:00:00,
PAY002316,EMP002429,CLI000125,DE,REG001808,431383,86277,345106,EUR,2024-04-10,failed,Non-Compliant,2024-04-10 00:00:00,
PAY002317,EMP004586,CLI000151,DE,REG000246,230633,0,230633,EUR,2024-11-26,completed,Compliant,2024-11-26 00:00:00,2024-11-26 01:16:22
PAY002318,EMP003494,CLI001603,DE,REG002769,374509,0,374509,EUR,2025-04-23,pending,Non-Compliant,2025-04-23 00:00:00,
PAY002319,EMP002581,CLI003678,FR,REG002176,221708,0,221708,EUR,2024-08-24,pending,Non-Compliant,2024-08-24 00:00:00,
PAY002320,EMP005635,CLI003381,US,REG000780,328786,0,328786,USD,2024-09-20,failed,Non-Compliant,2024-09-20 00:00:00,
PAY002321,EMP005154,CLI004632,DE,REG000430,958541,0,958541,EUR,2024-09-14,completed,Compliant,2024-09-14 00:00:00,2024-09-14 01:15:33
PAY002322,EMP004265,CLI004272,DE,REG000814,391061,129050,262011,EUR,2024-02-18,pending,Non-Compliant,2024-02-18 00:00:00,
PAY002323,EMP000953,CLI002434,FR,REG001376,487546,170641,316905,EUR,2024-11-23,failed,Non-Compliant,2024-11-23 00:00:00,
PAY002324,EMP003620,CLI003601,JP,REG000252,852435,0,852435,JPY,2024-06-17,completed,Compliant,2024-06-17 00:00:00,2024-06-17 00:53:41
PAY002325,EMP002421,CLI003505,US,REG000609,153324,56730,96594,USD,2024-08-21,pending,Non-Compliant,2024-08-21 00:00:00,
PAY002326,EMP000104,CLI001656,FR,REG000871,426705,0,426705,EUR,2024-06-05,completed,Compliant,2024-06-05 00:00:00,2024-06-05 00:44:16
PAY002327,EMP005412,CLI003450,DE,REG000374,329145,46080,283065,EUR,2023-08-20,completed,Compliant,2023-08-20 00:00:00,2023-08-20 00:16:38
PAY002328,EMP001527,CLI004718,US,REG001033,125348,38858,86490,USD,2024-06-12,failed,Non-Compliant,2024-06-12 00:00:00,
PAY002329,EMP002837,CLI000258,CA,REG001428,542608,0,542608,CAD,2025-03-13,completed,Compliant,2025-03-13 00:00:00,2025-03-13 00:36:19
PAY002330,EMP000788,CLI000296,DE,REG001889,979719,0,979719,EUR,2024-08-11,completed,Compliant,2024-08-11 00:00:00,2024-08-11 00:57:12
PAY002331,EMP002875,CLI004535,DE,REG002654,599021,0,599021,EUR,2024-03-08,pending,Non-Compliant,2024-03-08 00:00:00,
PAY002332,EMP000930,CLI003326,US,REG002442,652208,254361,397847,USD,2023-08-06,completed,Compliant,2023-08-06 00:00:00,2023-08-06 00:30:05
PAY002333,EMP005066,CLI004449,CA,REG000490,784756,164799,619957,CAD,2024-07-13,completed,Compliant,2024-07-13 00:00:00,2024-07-13 01:55:24
PAY002334,EMP001340,CLI002899,IN,REG002260,694863,0,694863,INR,2023-08-24,failed,Non-Compliant,2023-08-24 00:00:00,
PAY002335,EMP003555,CLI003135,FR,REG000580,830968,207742,623226,EUR,2025-04-20,completed,Compliant,2025-04-20 00:00:00,2025-04-20 01:35:05
PAY002336,EMP002333,CLI003928,IN,REG002108,748767,149753,599014,INR,2023-07-09,pending,Non-Compliant,2023-07-09 00:00:00,
PAY002337,EMP003080,CLI002913,DE,REG001269,599503,149876,449627,EUR,2023-09-05,pending,Non-Compliant,2023-09-05 00:00:00,
PAY002338,EMP003132,CLI004547,UK,REG000904,909065,309082,599983,GBP,2023-12-02,pending,Non-Compliant,2023-12-02 00:00:00,
PAY002339,EMP002142,CLI002504,AU,REG001689,770211,0,770211,AUD,2024-05-04,completed,Compliant,2024-05-04 00:00:00,2024-05-04 00:14:52
PAY002340,EMP002030,CLI002917,DE,REG002754,608307,121661,486646,EUR,2024-10-22,failed,Non-Compliant,2024-10-22 00:00:00,
PAY002341,EMP003838,CLI001397,DE,REG000095,621056,0,621056,EUR,2025-05-05,failed,Non-Compliant,2025-05-05 00:00:00,
PAY002342,EMP004215,CLI002743,BR,REG002297,107456,0,107456,BRL,2023-10-09,completed,Compliant,2023-10-09 00:00:00,2023-10-09 01:05:23
PAY002343,EMP006264,CLI001254,JP,REG000532,314576,125830,188746,JPY,2024-08-14,pending,Non-Compliant,2024-08-14 00:00:00,
PAY002344,EMP002640,CLI004436,IN,REG001697,110086,0,110086,INR,2024-05-05,completed,Compliant,2024-05-05 00:00:00,2024-05-05 00:27:10
PAY002345,EMP006236,CLI000965,BR,REG002135,849593,0,849593,BRL,2024-04-12,pending,Non-Compliant,2024-04-12 00:00:00,
PAY002346,EMP004396,CLI004334,UK,REG000664,812490,0,812490,GBP,2024-05-15,failed,Non-Compliant,2024-05-15 00:00:00,
PAY002347,EMP000289,CLI004953,JP,REG002016,577075,0,577075,JPY,2024-01-25,completed,Compliant,2024-01-25 00:00:00,2024-01-25 00:29:24
PAY002348,EMP006319,CLI003547,JP,REG000252,275286,0,275286,JPY,2024-03-07,pending,Non-Compliant,2024-03-07 00:00:00,
PAY002349,EMP004005,CLI000434,AU,REG001084,760557,0,760557,AUD,2024-06-17,completed,Compliant,2024-06-17 00:00:00,2024-06-17 01:07:42
PAY002350,EMP001859,CLI000856,CA,REG002674,360558,0,360558,CAD,2023-06-29,failed,Non-Compliant,2023-06-29 00:00:00,
PAY002351,EMP006042,CLI003291,US,REG002305,527281,0,527281,USD,2023-12-12,failed,Non-Compliant,2023-12-12 00:00:00,
PAY002352,EMP004853,CLI000533,ZA,REG000679,719768,0,719768,ZAR,2023-10-15,failed,Non-Compliant,2023-10-15 00:00:00,
PAY002353,EMP004765,CLI000104,AU,REG000585,115640,30066,85574,AUD,2024-07-18,failed,Non-Compliant,2024-07-18 00:00:00,
PAY002354,EMP006918,CLI002899,DE,REG002330,620776,0,620776,EUR,2024-08-19,completed,Compliant,2024-08-19 00:00:00,2024-08-19 00:09:59
PAY002355,EMP003973,CLI002272,US,REG001751,413515,119919,293596,USD,2024-10-26,pending,Non-Compliant,2024-10-26 00:00:00,
PAY002356,EMP000200,CLI000953,US,REG002345,949330,0,949330,USD,2024-11-01,failed,Non-Compliant,2024-11-01 00:00:00,
PAY002357,EMP002534,CLI003555,DE,REG001214,509138,0,509138,EUR,2024-02-05,failed,Non-Compliant,2024-02-05 00:00:00,
PAY002358,EMP003856,CLI002012,BR,REG001038,679165,0,679165,BRL,2024-11-29,failed,Non-Compliant,2024-11-29 00:00:00,
PAY002359,EMP000953,CLI003384,FR,REG001631,820887,131342,689545,EUR,2025-01-25,failed,Non-Compliant,2025-01-25 00:00:00,
PAY002360,EMP004057,CLI003783,FR,REG002176,383017,0,383017,EUR,2023-11-14,failed,Non-Compliant,2023-11-14 00:00:00,
PAY002361,EMP005119,CLI003350,IN,REG000857,439420,0,439420,INR,2024-05-30,failed,Non-Compliant,2024-05-30 00:00:00,
PAY002362,EMP001856,CLI001371,ZA,REG000818,528281,0,528281,ZAR,2025-03-07,failed,Non-Compliant,2025-03-07 00:00:00,
PAY002363,EMP002166,CLI001561,AU,REG001115,780441,85849,694592,AUD,2024-06-23,pending,Non-Compliant,2024-06-23 00:00:00,
PAY002364,EMP005540,CLI000330,BR,REG000402,700099,147021,553078,BRL,2025-01-09,failed,Non-Compliant,2025-01-09 00:00:00,
PAY002365,EMP002674,CLI000894,BR,REG002135,788311,0,788311,BRL,2023-07-07,pending,Non-Compliant,2023-07-07 00:00:00,
PAY002366,EMP002175,CLI001566,US,REG000260,310216,31022,279194,USD,2025-02-21,failed,Non-Compliant,2025-02-21 00:00:00,
PAY002367,EMP000172,CLI001889,AU,REG002319,566527,0,566527,AUD,2024-08-04,pending,Non-Compliant,2024-08-04 00:00:00,
PAY002368,EMP001231,CLI004483,CA,REG002757,499562,94917,404645,CAD,2024-01-09,failed,Non-Compliant,2024-01-09 00:00:00,
PAY002369,EMP000703,CLI000710,FR,REG002199,939347,319378,619969,EUR,2025-03-10,completed,Compliant,2025-03-10 00:00:00,2025-03-10 01:38:22
PAY002370,EMP004776,CLI001311,US,REG000515,813196,0,813196,USD,2025-02-22,pending,Non-Compliant,2025-02-22 00:00:00,
PAY002371,EMP005576,CLI001968,ZA,REG001321,879128,0,879128,ZAR,2024-11-04,completed,Compliant,2024-11-04 00:00:00,2024-11-04 00:54:46
PAY002372,EMP003616,CLI003788,AU,REG001202,695426,0,695426,AUD,2024-01-30,failed,Non-Compliant,2024-01-30 00:00:00,
PAY002373,EMP002042,CLI004305,DE,REG002580,160644,0,160644,EUR,2024-10-09,completed,Compliant,2024-10-09 00:00:00,2024-10-09 01:56:34
PAY002374,EMP002152,CLI002821,JP,REG001165,167564,0,167564,JPY,2024-10-27,pending,Non-Compliant,2024-10-27 00:00:00,
PAY002375,EMP005521,CLI003583,IN,REG002486,207388,58069,149319,INR,2024-02-22,failed,Non-Compliant,2024-02-22 00:00:00,
PAY002376,EMP006140,CLI002350,FR,REG002727,472649,0,472649,EUR,2023-08-01,completed,Compliant,2023-08-01 00:00:00,2023-08-01 00:13:27
PAY002377,EMP003778,CLI003778,ZA,REG001797,122655,33117,89538,ZAR,2024-06-05,completed,Compliant,2024-06-05 00:00:00,2024-06-05 00:29:22
PAY002378,EMP004412,CLI002298,DE,REG002298,759687,0,759687,EUR,2023-09-01,completed,Compliant,2023-09-01 00:00:00,2023-09-01 00:41:34
PAY002379,EMP006756,CLI003420,UK,REG001644,814151,276811,537340,GBP,2024-12-27,pending,Non-Compliant,2024-12-27 00:00:00,
PAY002380,EMP002501,CLI003247,UK,REG002287,157790,45759,112031,GBP,2025-02-06,completed,Compliant,2025-02-06 00:00:00,2025-02-06 00:17:08
PAY002381,EMP004193,CLI003313,FR,REG002634,633208,164634,468574,EUR,2024-02-25,pending,Non-Compliant,2024-02-25 00:00:00,
PAY002382,EMP003296,CLI000154,DE,REG001120,673379,0,673379,EUR,2023-09-16,pending,Non-Compliant,2023-09-16 00:00:00,
PAY002383,EMP000113,CLI004951,UK,REG002819,570415,0,570415,GBP,2024-01-27,failed,Non-Compliant,2024-01-27 00:00:00,
PAY002384,EMP002199,CLI001020,DE,REG001102,274910,57731,217179,EUR,2024-01-30,failed,Non-Compliant,2024-01-30 00:00:00,
PAY002385,EMP002442,CLI004154,FR,REG002671,429318,158848,270470,EUR,2024-01-30,failed,Non-Compliant,2024-01-30 00:00:00,
PAY002386,EMP006027,CLI003551,BR,REG000557,436170,87234,348936,BRL,2025-03-01,pending,Non-Compliant,2025-03-01 00:00:00,
PAY002387,EMP000080,CLI002167,JP,REG002914,971181,97118,874063,JPY,2024-08-28,failed,Non-Compliant,2024-08-28 00:00:00,
PAY002388,EMP000561,CLI001063,UK,REG002598,658739,0,658739,GBP,2024-01-05,failed,Non-Compliant,2024-01-05 00:00:00,
PAY002389,EMP002304,CLI001512,DE,REG001408,825786,0,825786,EUR,2024-04-19,pending,Non-Compliant,2024-04-19 00:00:00,
PAY002390,EMP004552,CLI002148,IN,REG002784,489007,48901,440106,INR,2024-08-05,completed,Compliant,2024-08-05 00:00:00,2024-08-05 00:59:16
PAY002391,EMP005672,CLI003747,AU,REG001835,934755,0,934755,AUD,2025-03-17,completed,Compliant,2025-03-17 00:00:00,2025-03-17 01:38:31
PAY002392,EMP001782,CLI000767,BR,REG002315,170373,51112,119261,BRL,2024-05-09,completed,Compliant,2024-05-09 00:00:00,2024-05-09 01:10:18
PAY002393,EMP004229,CLI001242,IN,REG000450,506281,0,506281,INR,2024-03-24,completed,Compliant,2024-03-24 00:00:00,2024-03-24 00:21:15
PAY002394,EMP004828,CLI000056,FR,REG001050,769983,0,769983,EUR,2024-06-11,failed,Non-Compliant,2024-06-11 00:00:00,
PAY002395,EMP002502,CLI004297,ZA,REG001561,684940,0,684940,ZAR,2024-08-22,completed,Compliant,2024-08-22 00:00:00,2024-08-22 00:06:22
PAY002396,EMP006448,CLI000662,ZA,REG001098,610917,177166,433751,ZAR,2023-06-02,pending,Non-Compliant,2023-06-02 00:00:00,
PAY002397,EMP003291,CLI004756,DE,REG001410,471177,0,471177,EUR,2025-05-07,pending,Non-Compliant,2025-05-07 00:00:00,
PAY002398,EMP001514,CLI004546,FR,REG002412,604778,0,604778,EUR,2023-11-15,completed,Compliant,2023-11-15 00:00:00,2023-11-15 01:57:01
PAY002399,EMP006634,CLI003891,ZA,REG000436,890011,0,890011,ZAR,2023-10-02,completed,Compliant,2023-10-02 00:00:00,2023-10-02 01:51:32
PAY002400,EMP005316,CLI003992,CA,REG000596,245229,83378,161851,CAD,2025-05-04,failed,Non-Compliant,2025-05-04 00:00:00,
PAY002401,EMP006634,CLI001700,ZA,REG002599,602439,0,602439,ZAR,2023-10-20,completed,Compliant,2023-10-20 00:00:00,2023-10-20 00:47:28
PAY002402,EMP005399,CLI004382,AU,REG000908,719538,280620,438918,AUD,2024-01-10,pending,Non-Compliant,2024-01-10 00:00:00,
PAY002403,EMP002040,CLI000519,US,REG000141,179535,37702,141833,USD,2024-08-02,completed,Compliant,2024-08-02 00:00:00,2024-08-02 00:51:19
PAY002404,EMP003343,CLI004125,IN,REG000282,314670,0,314670,INR,2024-01-02,failed,Non-Compliant,2024-01-02 00:00:00,
PAY002405,EMP002546,CLI004268,FR,REG000404,526205,89455,436750,EUR,2024-07-25,failed,Non-Compliant,2024-07-25 00:00:00,
PAY002406,EMP003727,CLI004897,AU,REG001965,239086,0,239086,AUD,2025-01-13,completed,Compliant,2025-01-13 00:00:00,2025-01-13 01:02:13
PAY002407,EMP000117,CLI002055,IN,REG002448,472274,70841,401433,INR,2024-03-19,completed,Compliant,2024-03-19 00:00:00,2024-03-19 01:24:46
PAY002408,EMP004347,CLI002033,US,REG002698,103421,33095,70326,USD,2024-04-26,completed,Compliant,2024-04-26 00:00:00,2024-04-26 01:25:13
PAY002409,EMP004814,CLI000610,ZA,REG000412,532695,186443,346252,ZAR,2023-12-11,pending,Non-Compliant,2023-12-11 00:00:00,
PAY002410,EMP001422,CLI003639,UK,REG002733,702280,189616,512664,GBP,2024-12-21,failed,Non-Compliant,2024-12-21 00:00:00,
PAY002411,EMP004993,CLI002694,IN,REG001150,683307,0,683307,INR,2024-09-16,failed,Non-Compliant,2024-09-16 00:00:00,
PAY002412,EMP005195,CLI004556,DE,REG002742,947591,0,947591,EUR,2023-10-23,completed,Compliant,2023-10-23 00:00:00,2023-10-23 01:59:29
PAY002413,EMP001271,CLI004234,ZA,REG000894,681623,0,681623,ZAR,2024-06-29,pending,Non-Compliant,2024-06-29 00:00:00,
PAY002414,EMP000789,CLI002047,ZA,REG001329,614956,0,614956,ZAR,2024-03-24,pending,Non-Compliant,2024-03-24 00:00:00,
PAY002415,EMP004862,CLI004231,IN,REG001647,844782,0,844782,INR,2024-02-15,completed,Compliant,2024-02-15 00:00:00,2024-02-15 00:54:04
PAY002416,EMP005972,CLI000350,AU,REG000686,951780,276016,675764,AUD,2024-12-29,completed,Compliant,2024-12-29 00:00:00,2024-12-29 01:34:30
PAY002417,EMP003593,CLI004191,DE,REG000874,370461,0,370461,EUR,2025-02-10,failed,Non-Compliant,2025-02-10 00:00:00,
PAY002418,EMP003394,CLI003537,FR,REG000525,176947,0,176947,EUR,2024-11-19,failed,Non-Compliant,2024-11-19 00:00:00,
PAY002419,EMP006551,CLI003185,BR,REG000829,994059,208752,785307,BRL,2024-12-09,completed,Compliant,2024-12-09 00:00:00,2024-12-09 01:39:12
PAY002420,EMP004082,CLI004024,JP,REG000201,711255,156476,554779,JPY,2025-03-08,completed,Compliant,2025-03-08 00:00:00,2025-03-08 00:37:51
PAY002421,EMP000306,CLI000634,UK,REG000517,733379,0,733379,GBP,2024-02-22,pending,Non-Compliant,2024-02-22 00:00:00,
PAY002422,EMP006953,CLI000007,BR,REG000763,898638,179728,718910,BRL,2024-09-06,failed,Non-Compliant,2024-09-06 00:00:00,
PAY002423,EMP002091,CLI001298,BR,REG001468,194674,0,194674,BRL,2023-08-16,pending,Non-Compliant,2023-08-16 00:00:00,
PAY002424,EMP000304,CLI004493,DE,REG002715,781553,0,781553,EUR,2024-04-14,completed,Compliant,2024-04-14 00:00:00,2024-04-14 00:20:36
PAY002425,EMP003657,CLI001522,UK,REG001581,396754,0,396754,GBP,2024-04-14,failed,Non-Compliant,2024-04-14 00:00:00,
PAY002426,EMP001753,CLI004556,IN,REG002368,681886,259117,422769,INR,2024-08-19,failed,Non-Compliant,2024-08-19 00:00:00,
PAY002427,EMP003487,CLI001064,CA,REG000361,934001,0,934001,CAD,2024-04-03,pending,Non-Compliant,2024-04-03 00:00:00,
PAY002428,EMP006535,CLI000207,FR,REG002301,971976,0,971976,EUR,2024-11-12,pending,Non-Compliant,2024-11-12 00:00:00,
PAY002429,EMP005763,CLI002718,CA,REG001994,650099,0,650099,CAD,2024-11-29,completed,Compliant,2024-11-29 00:00:00,2024-11-29 01:20:07
PAY002430,EMP005247,CLI004565,AU,REG000357,316161,0,316161,AUD,2024-03-25,failed,Non-Compliant,2024-03-25 00:00:00,
PAY002431,EMP004661,CLI003887,US,REG000207,423760,161029,262731,USD,2025-01-16,pending,Non-Compliant,2025-01-16 00:00:00,
PAY002432,EMP002390,CLI004495,JP,REG000391,471596,51876,419720,JPY,2024-05-20,failed,Non-Compliant,2024-05-20 00:00:00,
PAY002433,EMP002056,CLI001996,US,REG001276,464199,134618,329581,USD,2024-12-21,pending,Non-Compliant,2024-12-21 00:00:00,
PAY002434,EMP005533,CLI003043,JP,REG001445,767204,0,767204,JPY,2023-07-20,pending,Non-Compliant,2023-07-20 00:00:00,
PAY002435,EMP003411,CLI001813,DE,REG000408,345123,0,345123,EUR,2025-03-22,failed,Non-Compliant,2025-03-22 00:00:00,
PAY002436,EMP002807,CLI004062,BR,REG002688,533494,0,533494,BRL,2024-08-03,pending,Non-Compliant,2024-08-03 00:00:00,
PAY002437,EMP004297,CLI004992,BR,REG001856,224287,82986,141301,BRL,2023-06-12,failed,Non-Compliant,2023-06-12 00:00:00,
PAY002438,EMP002265,CLI000603,DE,REG001671,310342,0,310342,EUR,2023-10-03,failed,Non-Compliant,2023-10-03 00:00:00,
PAY002439,EMP004388,CLI002389,BR,REG002855,272666,0,272666,BRL,2024-03-11,failed,Non-Compliant,2024-03-11 00:00:00,
PAY002440,EMP002556,CLI001557,FR,REG002658,913575,155308,758267,EUR,2024-06-12,failed,Non-Compliant,2024-06-12 00:00:00,
PAY002441,EMP006214,CLI002657,JP,REG002160,353843,0,353843,JPY,2023-07-17,completed,Compliant,2023-07-17 00:00:00,2023-07-17 00:36:37
PAY002442,EMP000035,CLI003194,JP,REG001075,849344,0,849344,JPY,2024-02-19,pending,Non-Compliant,2024-02-19 00:00:00,
PAY002443,EMP004067,CLI004235,ZA,REG000299,208488,0,208488,ZAR,2024-08-06,completed,Compliant,2024-08-06 00:00:00,2024-08-06 01:00:39
PAY002444,EMP001417,CLI000586,AU,REG001615,599852,0,599852,AUD,2025-03-10,failed,Non-Compliant,2025-03-10 00:00:00,
PAY002445,EMP003260,CLI001918,FR,REG000580,103031,25758,77273,EUR,2023-08-21,failed,Non-Compliant,2023-08-21 00:00:00,
PAY002446,EMP003589,CLI000020,JP,REG002355,787651,94518,693133,JPY,2024-10-24,completed,Compliant,2024-10-24 00:00:00,2024-10-24 01:13:10
PAY002447,EMP001825,CLI002490,IN,REG002636,961223,0,961223,INR,2024-10-10,failed,Non-Compliant,2024-10-10 00:00:00,
PAY002448,EMP001752,CLI001284,JP,REG002836,181024,0,181024,JPY,2023-12-25,pending,Non-Compliant,2023-12-25 00:00:00,
PAY002449,EMP003580,CLI004198,FR,REG002940,944033,0,944033,EUR,2023-08-28,failed,Non-Compliant,2023-08-28 00:00:00,
PAY002450,EMP005989,CLI000984,UK,REG001912,387119,0,387119,GBP,2024-01-09,pending,Non-Compliant,2024-01-09 00:00:00,
PAY002451,EMP000124,CLI000832,DE,REG002512,799029,199757,599272,EUR,2024-09-06,pending,Non-Compliant,2024-09-06 00:00:00,
PAY002452,EMP005035,CLI000025,FR,REG002874,926148,0,926148,EUR,2025-01-03,pending,Non-Compliant,2025-01-03 00:00:00,
PAY002453,EMP004063,CLI000655,ZA,REG002363,662181,145680,516501,ZAR,2024-02-07,completed,Compliant,2024-02-07 00:00:00,2024-02-07 00:29:33
PAY002454,EMP001924,CLI001363,US,REG000733,373591,104605,268986,USD,2023-11-21,failed,Non-Compliant,2023-11-21 00:00:00,
PAY002455,EMP005539,CLI001487,US,REG002581,629248,232822,396426,USD,2024-11-02,pending,Non-Compliant,2024-11-02 00:00:00,
PAY002456,EMP002940,CLI003672,AU,REG000188,898616,215668,682948,AUD,2023-12-26,completed,Compliant,2023-12-26 00:00:00,2023-12-26 00:52:00
PAY002457,EMP002985,CLI004271,DE,REG001808,527301,105460,421841,EUR,2024-02-09,pending,Non-Compliant,2024-02-09 00:00:00,
PAY002458,EMP003096,CLI000583,US,REG001191,233615,0,233615,USD,2023-08-12,failed,Non-Compliant,2023-08-12 00:00:00,
PAY002459,EMP000088,CLI000026,AU,REG002625,773394,0,773394,AUD,2024-07-10,failed,Non-Compliant,2024-07-10 00:00:00,
PAY002460,EMP006424,CLI002763,US,REG001914,153387,0,153387,USD,2025-01-05,pending,Non-Compliant,2025-01-05 00:00:00,
PAY002461,EMP002576,CLI002325,JP,REG002776,571034,0,571034,JPY,2024-09-11,completed,Compliant,2024-09-11 00:00:00,2024-09-11 01:17:19
PAY002462,EMP000948,CLI000234,IN,REG000282,464254,0,464254,INR,2025-01-18,failed,Non-Compliant,2025-01-18 00:00:00,
PAY002463,EMP006114,CLI003342,CA,REG002086,845243,0,845243,CAD,2023-07-24,pending,Non-Compliant,2023-07-24 00:00:00,
PAY002464,EMP006587,CLI000649,DE,REG000340,408585,0,408585,EUR,2025-03-08,failed,Non-Compliant,2025-03-08 00:00:00,
PAY002465,EMP003608,CLI001347,DE,REG001859,118762,0,118762,EUR,2025-01-12,pending,Non-Compliant,2025-01-12 00:00:00,
PAY002466,EMP002402,CLI004921,ZA,REG001368,437073,0,437073,ZAR,2024-07-16,failed,Non-Compliant,2024-07-16 00:00:00,
PAY002467,EMP003793,CLI001744,IN,REG000477,176160,45802,130358,INR,2023-12-10,failed,Non-Compliant,2023-12-10 00:00:00,
PAY002468,EMP001885,CLI002688,IN,REG002113,977604,0,977604,INR,2025-05-24,failed,Non-Compliant,2025-05-24 00:00:00,
PAY002469,EMP003753,CLI000136,FR,REG001698,336572,50486,286086,EUR,2024-09-15,pending,Non-Compliant,2024-09-15 00:00:00,
PAY002470,EMP003149,CLI003423,UK,REG002887,341490,112692,228798,GBP,2023-09-05,completed,Compliant,2023-09-05 00:00:00,2023-09-05 01:59:56
PAY002471,EMP000175,CLI001289,AU,REG001799,311920,53026,258894,AUD,2023-07-27,completed,Compliant,2023-07-27 00:00:00,2023-07-27 01:05:51
PAY002472,EMP006659,CLI003565,FR,REG001587,733987,0,733987,EUR,2023-05-28,failed,Non-Compliant,2023-05-28 00:00:00,
PAY002473,EMP004820,CLI004478,DE,REG001930,753341,75334,678007,EUR,2024-01-19,pending,Non-Compliant,2024-01-19 00:00:00,
PAY002474,EMP005768,CLI002623,CA,REG000561,519627,0,519627,CAD,2025-05-14,failed,Non-Compliant,2025-05-14 00:00:00,
PAY002475,EMP004239,CLI000160,ZA,REG002597,359603,0,359603,ZAR,2024-04-03,completed,Compliant,2024-04-03 00:00:00,2024-04-03 00:38:57
PAY002476,EMP001580,CLI002130,IN,REG002245,943909,0,943909,INR,2025-01-11,completed,Compliant,2025-01-11 00:00:00,2025-01-11 01:06:00
PAY002477,EMP002733,CLI004618,ZA,REG000486,821796,0,821796,ZAR,2023-08-07,completed,Compliant,2023-08-07 00:00:00,2023-08-07 00:50:30
PAY002478,EMP001975,CLI001349,CA,REG002140,150871,0,150871,CAD,2023-08-27,failed,Non-Compliant,2023-08-27 00:00:00,
PAY002479,EMP001295,CLI002385,FR,REG002913,891256,0,891256,EUR,2023-07-23,completed,Compliant,2023-07-23 00:00:00,2023-07-23 01:14:28
PAY002480,EMP002410,CLI001616,DE,REG001071,717857,201000,516857,EUR,2024-08-15,completed,Compliant,2024-08-15 00:00:00,2024-08-15 00:15:40
PAY002481,EMP002250,CLI004969,US,REG001863,848259,0,848259,USD,2023-09-14,pending,Non-Compliant,2023-09-14 00:00:00,
PAY002482,EMP005003,CLI002806,FR,REG002884,927726,194822,732904,EUR,2024-04-16,completed,Compliant,2024-04-16 00:00:00,2024-04-16 01:00:12
PAY002483,EMP003285,CLI002044,IN,REG002113,536602,0,536602,INR,2023-10-15,failed,Non-Compliant,2023-10-15 00:00:00,
PAY002484,EMP000470,CLI003433,UK,REG001939,288766,0,288766,GBP,2024-03-29,failed,Non-Compliant,2024-03-29 00:00:00,
PAY002485,EMP002854,CLI003621,BR,REG002443,977686,0,977686,BRL,2024-04-09,failed,Non-Compliant,2024-04-09 00:00:00,
PAY002486,EMP005716,CLI000894,JP,REG000364,712910,228131,484779,JPY,2024-10-06,failed,Non-Compliant,2024-10-06 00:00:00,
PAY002487,EMP006451,CLI003268,FR,REG000289,189139,35936,153203,EUR,2023-10-07,pending,Non-Compliant,2023-10-07 00:00:00,
PAY002488,EMP003978,CLI003986,JP,REG002587,958955,0,958955,JPY,2024-02-23,pending,Non-Compliant,2024-02-23 00:00:00,
PAY002489,EMP004966,CLI001652,ZA,REG001661,690785,0,690785,ZAR,2024-04-28,failed,Non-Compliant,2024-04-28 00:00:00,
PAY002490,EMP006089,CLI002222,DE,REG000693,956948,143542,813406,EUR,2023-06-18,failed,Non-Compliant,2023-06-18 00:00:00,
PAY002491,EMP004927,CLI000651,IN,REG002093,296310,0,296310,INR,2024-03-25,pending,Non-Compliant,2024-03-25 00:00:00,
PAY002492,EMP004827,CLI003699,AU,REG002148,382247,0,382247,AUD,2025-01-31,pending,Non-Compliant,2025-01-31 00:00:00,
PAY002493,EMP004772,CLI002740,UK,REG000660,127097,0,127097,GBP,2024-12-02,completed,Compliant,2024-12-02 00:00:00,2024-12-02 01:14:56
PAY002494,EMP002162,CLI002275,BR,REG000102,584284,0,584284,BRL,2023-05-28,completed,Compliant,2023-05-28 00:00:00,2023-05-28 01:17:12
PAY002495,EMP002442,CLI004328,FR,REG001055,933189,0,933189,EUR,2025-02-08,failed,Non-Compliant,2025-02-08 00:00:00,
PAY002496,EMP001132,CLI004681,UK,REG001913,502185,0,502185,GBP,2023-10-27,failed,Non-Compliant,2023-10-27 00:00:00,
PAY002497,EMP002284,CLI002208,DE,REG000626,707582,0,707582,EUR,2025-01-10,completed,Compliant,2025-01-10 00:00:00,2025-01-10 00:50:07
PAY002498,EMP006279,CLI004146,AU,REG002944,483790,0,483790,AUD,2024-03-30,failed,Non-Compliant,2024-03-30 00:00:00,
PAY002499,EMP004950,CLI000066,DE,REG002769,642271,0,642271,EUR,2024-03-23,pending,Non-Compliant,2024-03-23 00:00:00,
PAY002500,EMP004254,CLI004627,IN,REG002478,481489,149262,332227,INR,2023-12-22,failed,Non-Compliant,2023-12-22 00:00:00,
PAY002501,EMP000644,CLI004784,FR,REG001529,585308,0,585308,EUR,2025-02-22,completed,Compliant,2025-02-22 00:00:00,2025-02-22 00:33:17
PAY002502,EMP000312,CLI002305,US,REG001702,147645,0,147645,USD,2023-12-14,failed,Non-Compliant,2023-12-14 00:00:00,
PAY002503,EMP006471,CLI001525,UK,REG001480,519818,145549,374269,GBP,2024-02-29,pending,Non-Compliant,2024-02-29 00:00:00,
PAY002504,EMP003752,CLI002458,FR,REG000306,223937,0,223937,EUR,2024-02-25,pending,Non-Compliant,2024-02-25 00:00:00,
PAY002505,EMP002233,CLI004593,IN,REG001807,235505,0,235505,INR,2024-11-27,failed,Non-Compliant,2024-11-27 00:00:00,
PAY002506,EMP003374,CLI001336,JP,REG000322,641413,0,641413,JPY,2023-10-23,completed,Compliant,2023-10-23 00:00:00,2023-10-23 00:34:47
PAY002507,EMP004502,CLI003738,AU,REG002514,914348,0,914348,AUD,2024-10-10,pending,Non-Compliant,2024-10-10 00:00:00,
PAY002508,EMP002601,CLI001015,CA,REG000457,321119,0,321119,CAD,2023-08-24,failed,Non-Compliant,2023-08-24 00:00:00,
PAY002509,EMP002068,CLI004578,ZA,REG001797,315310,85134,230176,ZAR,2024-10-07,completed,Compliant,2024-10-07 00:00:00,2024-10-07 01:08:16
PAY002510,EMP000253,CLI004901,FR,REG001152,472515,0,472515,EUR,2025-03-03,pending,Non-Compliant,2025-03-03 00:00:00,
PAY002511,EMP004991,CLI004586,IN,REG000607,913653,201004,712649,INR,2024-07-17,failed,Non-Compliant,2024-07-17 00:00:00,
PAY002512,EMP005342,CLI003760,FR,REG001875,545327,0,545327,EUR,2025-01-30,failed,Non-Compliant,2025-01-30 00:00:00,
PAY002513,EMP000003,CLI001567,JP,REG002676,126463,0,126463,JPY,2024-04-04,pending,Non-Compliant,2024-04-04 00:00:00,
PAY002514,EMP004716,CLI002640,UK,REG001151,665131,0,665131,GBP,2023-10-18,failed,Non-Compliant,2023-10-18 00:00:00,
PAY002515,EMP003225,CLI003916,JP,REG002578,937296,253070,684226,JPY,2023-06-27,failed,Non-Compliant,2023-06-27 00:00:00,
PAY002516,EMP005665,CLI002005,AU,REG001497,828919,0,828919,AUD,2025-03-09,failed,Non-Compliant,2025-03-09 00:00:00,
PAY002517,EMP000753,CLI003303,IN,REG002478,160344,49707,110637,INR,2025-02-23,pending,Non-Compliant,2025-02-23 00:00:00,
PAY002518,EMP001485,CLI004321,AU,REG002028,758007,0,758007,AUD,2023-07-24,pending,Non-Compliant,2023-07-24 00:00:00,
PAY002519,EMP003368,CLI001855,IN,REG000367,911833,255313,656520,INR,2025-01-13,pending,Non-Compliant,2025-01-13 00:00:00,
PAY002520,EMP006271,CLI004375,DE,REG002715,286867,0,286867,EUR,2025-03-18,pending,Non-Compliant,2025-03-18 00:00:00,
PAY002521,EMP000977,CLI003359,JP,REG001392,944608,0,944608,JPY,2024-03-24,completed,Compliant,2024-03-24 00:00:00,2024-03-24 00:22:14
PAY002522,EMP001063,CLI004224,ZA,REG001411,837337,0,837337,ZAR,2024-05-04,failed,Non-Compliant,2024-05-04 00:00:00,
PAY002523,EMP003451,CLI003000,CA,REG001454,649038,84375,564663,CAD,2023-11-24,completed,Compliant,2023-11-24 00:00:00,2023-11-24 00:51:52
PAY002524,EMP006628,CLI000248,JP,REG001643,537860,0,537860,JPY,2023-07-09,failed,Non-Compliant,2023-07-09 00:00:00,
PAY002525,EMP006371,CLI002035,BR,REG001546,454733,0,454733,BRL,2023-12-16,completed,Compliant,2023-12-16 00:00:00,2023-12-16 00:36:40
PAY002526,EMP006693,CLI002353,BR,REG001306,684855,0,684855,BRL,2024-03-26,failed,Non-Compliant,2024-03-26 00:00:00,
PAY002527,EMP000845,CLI000396,AU,REG000638,687480,123746,563734,AUD,2025-04-30,completed,Compliant,2025-04-30 00:00:00,2025-04-30 00:49:21
PAY002528,EMP004430,CLI002044,IN,REG000143,730568,0,730568,INR,2024-04-12,completed,Compliant,2024-04-12 00:00:00,2024-04-12 01:44:30
PAY002529,EMP002086,CLI004826,CA,REG002401,579372,63731,515641,CAD,2023-08-09,completed,Compliant,2023-08-09 00:00:00,2023-08-09 01:50:33
PAY002530,EMP001334,CLI003156,AU,REG000076,321486,57867,263619,AUD,2024-05-21,pending,Non-Compliant,2024-05-21 00:00:00,
PAY002531,EMP002632,CLI003271,AU,REG000120,669686,180815,488871,AUD,2025-05-04,pending,Non-Compliant,2025-05-04 00:00:00,
PAY002532,EMP004297,CLI000323,BR,REG002266,476890,90609,386281,BRL,2024-09-07,failed,Non-Compliant,2024-09-07 00:00:00,
PAY002533,EMP000314,CLI001789,DE,REG000371,252467,47969,204498,EUR,2023-10-12,failed,Non-Compliant,2023-10-12 00:00:00,
PAY002534,EMP001541,CLI002461,DE,REG000421,219730,0,219730,EUR,2025-05-24,pending,Non-Compliant,2025-05-24 00:00:00,
PAY002535,EMP000119,CLI002679,BR,REG001393,935067,243117,691950,BRL,2024-06-10,completed,Compliant,2024-06-10 00:00:00,2024-06-10 01:18:39
PAY002536,EMP004210,CLI003786,IN,REG001369,821371,320335,501036,INR,2024-04-15,failed,Non-Compliant,2024-04-15 00:00:00,
PAY002537,EMP003466,CLI000763,JP,REG002899,978454,0,978454,JPY,2023-07-30,pending,Non-Compliant,2023-07-30 00:00:00,
PAY002538,EMP005338,CLI004674,BR,REG000896,504159,0,504159,BRL,2024-02-11,pending,Non-Compliant,2024-02-11 00:00:00,
PAY002539,EMP006084,CLI003570,US,REG001117,303580,0,303580,USD,2024-11-30,completed,Compliant,2024-11-30 00:00:00,2024-11-30 01:40:30
PAY002540,EMP006893,CLI002101,BR,REG001534,117931,11793,106138,BRL,2024-07-10,completed,Compliant,2024-07-10 00:00:00,2024-07-10 01:08:51
PAY002541,EMP006525,CLI003098,AU,REG001588,454364,127222,327142,AUD,2023-10-03,pending,Non-Compliant,2023-10-03 00:00:00,
PAY002542,EMP000687,CLI001435,UK,REG002085,701638,147344,554294,GBP,2024-04-03,failed,Non-Compliant,2024-04-03 00:00:00,
PAY002543,EMP004712,CLI000113,JP,REG002067,758222,181973,576249,JPY,2025-02-22,completed,Compliant,2025-02-22 00:00:00,2025-02-22 00:38:04
PAY002544,EMP001751,CLI003988,UK,REG000465,376228,0,376228,GBP,2024-02-21,failed,Non-Compliant,2024-02-21 00:00:00,
PAY002545,EMP002012,CLI001151,FR,REG000902,467147,0,467147,EUR,2024-02-24,failed,Non-Compliant,2024-02-24 00:00:00,
PAY002546,EMP001736,CLI003026,AU,REG001235,999248,0,999248,AUD,2024-02-27,failed,Non-Compliant,2024-02-27 00:00:00,
PAY002547,EMP005743,CLI000520,UK,REG001828,486539,0,486539,GBP,2023-06-27,pending,Non-Compliant,2023-06-27 00:00:00,
PAY002548,EMP001044,CLI003369,UK,REG000358,784759,0,784759,GBP,2023-07-03,completed,Compliant,2023-07-03 00:00:00,2023-07-03 01:07:44
PAY002549,EMP003727,CLI000424,AU,REG000856,334278,0,334278,AUD,2023-06-30,pending,Non-Compliant,2023-06-30 00:00:00,
PAY002550,EMP000623,CLI004179,UK,REG002623,255597,0,255597,GBP,2023-11-12,failed,Non-Compliant,2023-11-12 00:00:00,
PAY002551,EMP004928,CLI002735,FR,REG000616,711683,0,711683,EUR,2023-05-31,pending,Non-Compliant,2023-05-31 00:00:00,
PAY002552,EMP001736,CLI001475,AU,REG001637,335934,0,335934,AUD,2024-11-10,failed,Non-Compliant,2024-11-10 00:00:00,
PAY002553,EMP002808,CLI003463,FR,REG002199,846460,287796,558664,EUR,2024-11-28,completed,Compliant,2024-11-28 00:00:00,2024-11-28 01:06:45
PAY002554,EMP006603,CLI004187,FR,REG000006,724207,173810,550397,EUR,2025-01-20,pending,Non-Compliant,2025-01-20 00:00:00,
PAY002555,EMP000693,CLI003724,FR,REG001274,355353,0,355353,EUR,2023-08-21,failed,Non-Compliant,2023-08-21 00:00:00,
PAY002556,EMP006513,CLI000355,CA,REG001603,320377,0,320377,CAD,2023-07-15,completed,Compliant,2023-07-15 00:00:00,2023-07-15 01:33:10
PAY002557,EMP003794,CLI002599,JP,REG001618,179389,62786,116603,JPY,2023-09-12,failed,Non-Compliant,2023-09-12 00:00:00,
PAY002558,EMP000151,CLI001135,IN,REG002073,889244,329020,560224,INR,2023-12-29,failed,Non-Compliant,2023-12-29 00:00:00,
PAY002559,EMP005487,CLI002582,BR,REG001335,782391,0,782391,BRL,2024-05-21,completed,Compliant,2024-05-21 00:00:00,2024-05-21 01:22:34
PAY002560,EMP006298,CLI000639,BR,REG001382,741175,81529,659646,BRL,2023-09-01,pending,Non-Compliant,2023-09-01 00:00:00,
PAY002561,EMP001074,CLI003528,AU,REG000327,655140,0,655140,AUD,2024-02-24,pending,Non-Compliant,2024-02-24 00:00:00,
PAY002562,EMP000890,CLI002857,IN,REG000519,952114,0,952114,INR,2024-10-02,failed,Non-Compliant,2024-10-02 00:00:00,
PAY002563,EMP006318,CLI003601,ZA,REG002752,296672,0,296672,ZAR,2024-10-10,pending,Non-Compliant,2024-10-10 00:00:00,
PAY002564,EMP001274,CLI002585,FR,REG001693,811606,0,811606,EUR,2024-02-29,completed,Compliant,2024-02-29 00:00:00,2024-02-29 00:32:28
PAY002565,EMP004383,CLI004881,FR,REG001402,378438,0,378438,EUR,2024-12-14,pending,Non-Compliant,2024-12-14 00:00:00,
PAY002566,EMP006410,CLI001046,US,REG001477,902834,99312,803522,USD,2024-12-07,pending,Non-Compliant,2024-12-07 00:00:00,
PAY002567,EMP004481,CLI000138,JP,REG000129,388375,0,388375,JPY,2024-04-16,failed,Non-Compliant,2024-04-16 00:00:00,
PAY002568,EMP000501,CLI001726,DE,REG002794,801664,312649,489015,EUR,2025-03-30,completed,Compliant,2025-03-30 00:00:00,2025-03-30 01:29:23
PAY002569,EMP000880,CLI001990,IN,REG001922,960254,0,960254,INR,2024-02-14,completed,Compliant,2024-02-14 00:00:00,2024-02-14 01:09:52
PAY002570,EMP000123,CLI000220,FR,REG001731,270054,0,270054,EUR,2024-01-03,failed,Non-Compliant,2024-01-03 00:00:00,
PAY002571,EMP006956,CLI001713,UK,REG000234,783105,0,783105,GBP,2024-11-12,completed,Compliant,2024-11-12 00:00:00,2024-11-12 01:18:17
PAY002572,EMP001525,CLI002710,DE,REG002969,891938,0,891938,EUR,2024-05-09,completed,Compliant,2024-05-09 00:00:00,2024-05-09 00:22:12
PAY002573,EMP005581,CLI002836,CA,REG001791,430922,0,430922,CAD,2025-02-27,failed,Non-Compliant,2025-02-27 00:00:00,
PAY002574,EMP005937,CLI004078,CA,REG001847,899302,260798,638504,CAD,2025-01-27,completed,Compliant,2025-01-27 00:00:00,2025-01-27 00:40:22
PAY002575,EMP003043,CLI003625,DE,REG001878,759912,265969,493943,EUR,2025-03-21,pending,Non-Compliant,2025-03-21 00:00:00,
PAY002576,EMP004475,CLI002369,FR,REG001126,634869,0,634869,EUR,2024-12-08,completed,Compliant,2024-12-08 00:00:00,2024-12-08 01:14:40
PAY002577,EMP001700,CLI004419,IN,REG000401,620517,0,620517,INR,2023-12-30,completed,Compliant,2023-12-30 00:00:00,2023-12-30 00:46:02
PAY002578,EMP004133,CLI004480,BR,REG002832,785673,117851,667822,BRL,2024-04-05,pending,Non-Compliant,2024-04-05 00:00:00,
PAY002579,EMP003603,CLI000123,FR,REG002609,806691,0,806691,EUR,2024-12-22,completed,Compliant,2024-12-22 00:00:00,2024-12-22 01:06:21
PAY002580,EMP005561,CLI004175,UK,REG002959,534067,0,534067,GBP,2024-05-02,pending,Non-Compliant,2024-05-02 00:00:00,
PAY002581,EMP001984,CLI000583,AU,REG002309,278719,108700,170019,AUD,2025-03-17,failed,Non-Compliant,2025-03-17 00:00:00,
PAY002582,EMP004594,CLI004821,BR,REG002297,668046,0,668046,BRL,2024-05-22,pending,Non-Compliant,2024-05-22 00:00:00,
PAY002583,EMP006282,CLI000145,AU,REG002763,463791,60293,403498,AUD,2025-04-30,pending,Non-Compliant,2025-04-30 00:00:00,
PAY002584,EMP006820,CLI003436,CA,REG002140,407325,0,407325,CAD,2025-01-09,pending,Non-Compliant,2025-01-09 00:00:00,
PAY002585,EMP001289,CLI003831,ZA,REG001485,771793,0,771793,ZAR,2024-07-28,failed,Non-Compliant,2024-07-28 00:00:00,
PAY002586,EMP000029,CLI004158,UK,REG001138,502758,85469,417289,GBP,2025-03-04,completed,Compliant,2025-03-04 00:00:00,2025-03-04 01:53:05
PAY002587,EMP003663,CLI002688,JP,REG002050,506799,0,506799,JPY,2024-10-26,failed,Non-Compliant,2024-10-26 00:00:00,
PAY002588,EMP000437,CLI003978,JP,REG000204,218942,0,218942,JPY,2024-12-31,failed,Non-Compliant,2024-12-31 00:00:00,
PAY002589,EMP002796,CLI004795,ZA,REG000595,326875,0,326875,ZAR,2023-09-08,completed,Compliant,2023-09-08 00:00:00,2023-09-08 01:36:25
PAY002590,EMP000384,CLI000170,IN,REG002426,287341,71835,215506,INR,2025-02-23,pending,Non-Compliant,2025-02-23 00:00:00,
PAY002591,EMP005183,CLI002059,FR,REG001998,927635,250461,677174,EUR,2024-09-12,pending,Non-Compliant,2024-09-12 00:00:00,
PAY002592,EMP003932,CLI002440,FR,REG002518,652490,104398,548092,EUR,2023-11-03,completed,Compliant,2023-11-03 00:00:00,2023-11-03 00:10:44
PAY002593,EMP005153,CLI003913,BR,REG001287,111728,0,111728,BRL,2023-06-08,pending,Non-Compliant,2023-06-08 00:00:00,
PAY002594,EMP001929,CLI004435,AU,REG000494,535408,0,535408,AUD,2024-04-10,failed,Non-Compliant,2024-04-10 00:00:00,
PAY002595,EMP005347,CLI000989,CA,REG002976,705392,84647,620745,CAD,2023-06-26,failed,Non-Compliant,2023-06-26 00:00:00,
PAY002596,EMP000553,CLI004000,CA,REG000810,781561,0,781561,CAD,2023-07-25,completed,Compliant,2023-07-25 00:00:00,2023-07-25 01:32:20
PAY002597,EMP001472,CLI000589,CA,REG002911,973358,0,973358,CAD,2024-09-24,failed,Non-Compliant,2024-09-24 00:00:00,
PAY002598,EMP006020,CLI002069,BR,REG002056,824921,272224,552697,BRL,2025-05-06,failed,Non-Compliant,2025-05-06 00:00:00,
PAY002599,EMP001026,CLI003213,UK,REG002164,980919,0,980919,GBP,2023-08-14,completed,Compliant,2023-08-14 00:00:00,2023-08-14 01:34:32
PAY002600,EMP003400,CLI000239,FR,REG002169,535074,0,535074,EUR,2023-08-29,pending,Non-Compliant,2023-08-29 00:00:00,
PAY002601,EMP004003,CLI003443,US,REG002993,411911,0,411911,USD,2024-09-29,completed,Compliant,2024-09-29 00:00:00,2024-09-29 00:56:30
PAY002602,EMP003003,CLI004454,ZA,REG000667,736524,220957,515567,ZAR,2025-04-02,failed,Non-Compliant,2025-04-02 00:00:00,
PAY002603,EMP002031,CLI001579,UK,REG000591,910981,0,910981,GBP,2024-02-09,failed,Non-Compliant,2024-02-09 00:00:00,
PAY002604,EMP000093,CLI004299,UK,REG000031,762860,267001,495859,GBP,2024-01-04,completed,Compliant,2024-01-04 00:00:00,2024-01-04 00:15:07
PAY002605,EMP001812,CLI000382,AU,REG000870,397477,0,397477,AUD,2023-10-14,completed,Compliant,2023-10-14 00:00:00,2023-10-14 01:58:46
PAY002606,EMP000486,CLI003139,AU,REG002618,162519,0,162519,AUD,2025-04-18,pending,Non-Compliant,2025-04-18 00:00:00,
PAY002607,EMP003092,CLI000198,IN,REG001379,954461,0,954461,INR,2023-11-27,completed,Compliant,2023-11-27 00:00:00,2023-11-27 01:08:41
PAY002608,EMP006576,CLI000789,JP,REG001741,600597,0,600597,JPY,2023-11-05,completed,Compliant,2023-11-05 00:00:00,2023-11-05 01:21:38
PAY002609,EMP003258,CLI002463,ZA,REG002293,291034,0,291034,ZAR,2024-01-14,completed,Compliant,2024-01-14 00:00:00,2024-01-14 01:43:03
PAY002610,EMP003129,CLI000312,FR,REG001283,526776,0,526776,EUR,2024-11-04,pending,Non-Compliant,2024-11-04 00:00:00,
PAY002611,EMP003119,CLI003720,IN,REG000254,155176,0,155176,INR,2024-06-02,pending,Non-Compliant,2024-06-02 00:00:00,
PAY002612,EMP005274,CLI004328,BR,REG001195,917098,183420,733678,BRL,2023-11-05,pending,Non-Compliant,2023-11-05 00:00:00,
PAY002613,EMP004355,CLI000322,IN,REG000862,330073,75917,254156,INR,2024-09-20,completed,Compliant,2024-09-20 00:00:00,2024-09-20 01:07:56
PAY002614,EMP000491,CLI002107,UK,REG002325,825687,0,825687,GBP,2023-06-14,completed,Compliant,2023-06-14 00:00:00,2023-06-14 00:08:54
PAY002615,EMP003857,CLI000857,DE,REG002963,747995,261798,486197,EUR,2023-12-12,failed,Non-Compliant,2023-12-12 00:00:00,
PAY002616,EMP005368,CLI002824,DE,REG000441,154858,0,154858,EUR,2024-12-14,pending,Non-Compliant,2024-12-14 00:00:00,
PAY002617,EMP006286,CLI003510,ZA,REG001834,518456,0,518456,ZAR,2024-05-28,pending,Non-Compliant,2024-05-28 00:00:00,
PAY002618,EMP006063,CLI003723,CA,REG001600,666815,160036,506779,CAD,2023-10-18,failed,Non-Compliant,2023-10-18 00:00:00,
PAY002619,EMP006195,CLI001845,AU,REG001755,633309,0,633309,AUD,2025-05-11,pending,Non-Compliant,2025-05-11 00:00:00,
PAY002620,EMP006599,CLI002623,BR,REG001136,665589,219644,445945,BRL,2024-07-07,pending,Non-Compliant,2024-07-07 00:00:00,
PAY002621,EMP005187,CLI004007,ZA,REG002741,929213,334517,594696,ZAR,2023-11-21,failed,Non-Compliant,2023-11-21 00:00:00,
PAY002622,EMP004941,CLI004783,BR,REG000423,836506,0,836506,BRL,2025-04-01,completed,Compliant,2025-04-01 00:00:00,2025-04-01 01:32:45
PAY002623,EMP006868,CLI003957,BR,REG001100,842155,286333,555822,BRL,2024-11-05,failed,Non-Compliant,2024-11-05 00:00:00,
PAY002624,EMP004335,CLI003294,ZA,REG001347,744608,81907,662701,ZAR,2024-04-27,failed,Non-Compliant,2024-04-27 00:00:00,
PAY002625,EMP002576,CLI002367,JP,REG000990,793821,0,793821,JPY,2025-01-10,completed,Compliant,2025-01-10 00:00:00,2025-01-10 01:07:20
PAY002626,EMP002587,CLI002160,UK,REG001147,338108,67622,270486,GBP,2024-10-11,completed,Compliant,2024-10-11 00:00:00,2024-10-11 00:30:11
PAY002627,EMP005012,CLI000264,DE,REG002629,123436,0,123436,EUR,2025-02-13,completed,Compliant,2025-02-13 00:00:00,2025-02-13 00:58:47
PAY002628,EMP000017,CLI002863,DE,REG000139,453384,0,453384,EUR,2024-05-10,completed,Compliant,2024-05-10 00:00:00,2024-05-10 01:33:41
PAY002629,EMP002765,CLI003556,ZA,REG001297,412496,0,412496,ZAR,2023-10-09,pending,Non-Compliant,2023-10-09 00:00:00,
PAY002630,EMP006594,CLI003476,JP,REG001718,180424,30672,149752,JPY,2025-03-28,failed,Non-Compliant,2025-03-28 00:00:00,
PAY002631,EMP001727,CLI001155,UK,REG002722,407349,73323,334026,GBP,2024-06-18,completed,Compliant,2024-06-18 00:00:00,2024-06-18 00:17:52
PAY002632,EMP006719,CLI004152,BR,REG001022,273213,68303,204910,BRL,2024-07-04,completed,Compliant,2024-07-04 00:00:00,2024-07-04 01:38:15
PAY002633,EMP001342,CLI001435,DE,REG000421,821357,0,821357,EUR,2023-06-10,pending,Non-Compliant,2023-06-10 00:00:00,
PAY002634,EMP003180,CLI000239,ZA,REG001093,323377,45273,278104,ZAR,2023-12-29,failed,Non-Compliant,2023-12-29 00:00:00,
PAY002635,EMP004457,CLI004533,DE,REG000247,926222,0,926222,EUR,2024-07-15,failed,Non-Compliant,2024-07-15 00:00:00,
PAY002636,EMP006905,CLI004223,DE,REG000093,900124,0,900124,EUR,2024-04-13,failed,Non-Compliant,2024-04-13 00:00:00,
PAY002637,EMP005844,CLI001362,UK,REG002156,171167,35945,135222,GBP,2024-03-29,failed,Non-Compliant,2024-03-29 00:00:00,
PAY002638,EMP006322,CLI002494,UK,REG001869,118628,0,118628,GBP,2024-05-03,failed,Non-Compliant,2024-05-03 00:00:00,
PAY002639,EMP005751,CLI003804,US,REG001363,458027,59544,398483,USD,2023-12-24,completed,Compliant,2023-12-24 00:00:00,2023-12-24 00:42:19
PAY002640,EMP003962,CLI003315,BR,REG000673,189931,0,189931,BRL,2025-02-24,completed,Compliant,2025-02-24 00:00:00,2025-02-24 00:56:46
PAY002641,EMP004231,CLI003718,IN,REG000579,608200,0,608200,INR,2024-06-02,completed,Compliant,2024-06-02 00:00:00,2024-06-02 01:48:35
PAY002642,EMP003404,CLI002734,DE,REG002069,921573,0,921573,EUR,2024-02-20,completed,Compliant,2024-02-20 00:00:00,2024-02-20 00:20:40
PAY002643,EMP001247,CLI003699,FR,REG002161,281779,0,281779,EUR,2025-05-24,pending,Non-Compliant,2025-05-24 00:00:00,
PAY002644,EMP000938,CLI003235,DE,REG000350,506800,0,506800,EUR,2023-06-19,completed,Compliant,2023-06-19 00:00:00,2023-06-19 00:06:45
PAY002645,EMP004375,CLI002245,DE,REG002010,680301,0,680301,EUR,2025-04-21,failed,Non-Compliant,2025-04-21 00:00:00,
PAY002646,EMP003433,CLI002866,US,REG001785,361742,130227,231515,USD,2024-10-05,completed,Compliant,2024-10-05 00:00:00,2024-10-05 01:47:03
PAY002647,EMP004971,CLI002749,DE,REG001536,594330,0,594330,EUR,2023-10-10,pending,Non-Compliant,2023-10-10 00:00:00,
PAY002648,EMP001568,CLI002808,UK,REG002342,979305,0,979305,GBP,2023-12-26,pending,Non-Compliant,2023-12-26 00:00:00,
PAY002649,EMP001412,CLI003111,FR,REG001631,499832,79973,419859,EUR,2024-12-04,pending,Non-Compliant,2024-12-04 00:00:00,
PAY002650,EMP004410,CLI003951,US,REG002972,725263,275600,449663,USD,2024-05-15,failed,Non-Compliant,2024-05-15 00:00:00,
PAY002651,EMP006645,CLI003063,US,REG001292,846665,228600,618065,USD,2025-02-23,failed,Non-Compliant,2025-02-23 00:00:00,
PAY002652,EMP000724,CLI000278,DE,REG001889,910460,0,910460,EUR,2024-05-19,failed,Non-Compliant,2024-05-19 00:00:00,
PAY002653,EMP001839,CLI003935,AU,REG000798,685732,260578,425154,AUD,2023-08-19,failed,Non-Compliant,2023-08-19 00:00:00,
PAY002654,EMP006058,CLI002891,ZA,REG000185,338535,111717,226818,ZAR,2024-03-16,completed,Compliant,2024-03-16 00:00:00,2024-03-16 01:28:35
PAY002655,EMP005836,CLI000628,US,REG000235,495906,173567,322339,USD,2025-03-29,failed,Non-Compliant,2025-03-29 00:00:00,
PAY002656,EMP002876,CLI003112,JP,REG000508,648929,0,648929,JPY,2023-09-26,failed,Non-Compliant,2023-09-26 00:00:00,
PAY002657,EMP005967,CLI003994,DE,REG001101,301237,0,301237,EUR,2024-03-10,completed,Compliant,2024-03-10 00:00:00,2024-03-10 01:20:09
PAY002658,EMP004024,CLI003428,US,REG000827,745959,0,745959,USD,2024-09-30,pending,Non-Compliant,2024-09-30 00:00:00,
PAY002659,EMP000616,CLI004985,US,REG000382,674770,0,674770,USD,2024-10-30,pending,Non-Compliant,2024-10-30 00:00:00,
PAY002660,EMP005776,CLI001883,BR,REG001744,716252,0,716252,BRL,2025-03-04,failed,Non-Compliant,2025-03-04 00:00:00,
PAY002661,EMP001885,CLI001029,IN,REG002593,182463,0,182463,INR,2023-08-16,pending,Non-Compliant,2023-08-16 00:00:00,
PAY002662,EMP006199,CLI000141,DE,REG002766,975069,126759,848310,EUR,2024-06-09,failed,Non-Compliant,2024-06-09 00:00:00,
PAY002663,EMP003558,CLI004168,UK,REG000967,761599,0,761599,GBP,2024-08-14,failed,Non-Compliant,2024-08-14 00:00:00,
PAY002664,EMP000713,CLI003347,CA,REG001562,726032,101644,624388,CAD,2023-10-20,failed,Non-Compliant,2023-10-20 00:00:00,
PAY002665,EMP003257,CLI001581,CA,REG000280,845505,287472,558033,CAD,2024-06-29,failed,Non-Compliant,2024-06-29 00:00:00,
PAY002666,EMP000218,CLI000686,ZA,REG002686,152187,0,152187,ZAR,2024-02-11,failed,Non-Compliant,2024-02-11 00:00:00,
PAY002667,EMP005233,CLI004648,AU,REG002763,336753,43778,292975,AUD,2023-06-18,completed,Compliant,2023-06-18 00:00:00,2023-06-18 00:28:48
PAY002668,EMP001677,CLI004278,CA,REG001980,389558,42851,346707,CAD,2025-01-07,completed,Compliant,2025-01-07 00:00:00,2025-01-07 01:06:08
PAY002669,EMP004085,CLI002038,CA,REG002117,666096,0,666096,CAD,2024-12-30,failed,Non-Compliant,2024-12-30 00:00:00,
PAY002670,EMP002329,CLI000770,BR,REG002718,365314,0,365314,BRL,2023-09-05,completed,Compliant,2023-09-05 00:00:00,2023-09-05 01:25:56
PAY002671,EMP005765,CLI000772,BR,REG002240,448876,0,448876,BRL,2025-01-22,pending,Non-Compliant,2025-01-22 00:00:00,
PAY002672,EMP006559,CLI000168,BR,REG002761,361207,0,361207,BRL,2025-02-19,failed,Non-Compliant,2025-02-19 00:00:00,
PAY002673,EMP005056,CLI001068,FR,REG002051,549799,0,549799,EUR,2024-06-15,pending,Non-Compliant,2024-06-15 00:00:00,
PAY002674,EMP004937,CLI002472,US,REG001124,451755,81316,370439,USD,2024-10-06,completed,Compliant,2024-10-06 00:00:00,2024-10-06 00:32:56
PAY002675,EMP004280,CLI001411,FR,REG002471,643632,0,643632,EUR,2023-08-09,completed,Compliant,2023-08-09 00:00:00,2023-08-09 01:54:17
PAY002676,EMP004781,CLI004826,UK,REG001710,478562,0,478562,GBP,2024-06-29,completed,Compliant,2024-06-29 00:00:00,2024-06-29 00:25:14
PAY002677,EMP000331,CLI001264,JP,REG001788,338332,0,338332,JPY,2024-08-31,pending,Non-Compliant,2024-08-31 00:00:00,
PAY002678,EMP003093,CLI001685,ZA,REG000676,529099,0,529099,ZAR,2023-07-08,pending,Non-Compliant,2023-07-08 00:00:00,
PAY002679,EMP001828,CLI004590,US,REG000515,403857,0,403857,USD,2024-03-01,completed,Compliant,2024-03-01 00:00:00,2024-03-01 00:16:58
PAY002680,EMP003808,CLI000057,IN,REG002129,300647,60129,240518,INR,2024-04-25,pending,Non-Compliant,2024-04-25 00:00:00,
PAY002681,EMP002098,CLI002066,AU,REG000499,498092,0,498092,AUD,2023-06-22,failed,Non-Compliant,2023-06-22 00:00:00,
PAY002682,EMP002140,CLI001491,FR,REG002381,406968,0,406968,EUR,2024-01-06,pending,Non-Compliant,2024-01-06 00:00:00,
PAY002683,EMP006961,CLI003285,BR,REG000692,460842,0,460842,BRL,2024-08-25,pending,Non-Compliant,2024-08-25 00:00:00,
PAY002684,EMP004227,CLI003904,FR,REG001695,471001,0,471001,EUR,2024-08-31,completed,Compliant,2024-08-31 00:00:00,2024-08-31 00:26:17
PAY002685,EMP003036,CLI003043,FR,REG000393,193881,0,193881,EUR,2024-01-30,pending,Non-Compliant,2024-01-30 00:00:00,
PAY002686,EMP005633,CLI002684,FR,REG000721,598036,239214,358822,EUR,2024-02-21,failed,Non-Compliant,2024-02-21 00:00:00,
PAY002687,EMP002134,CLI000058,BR,REG002483,740523,118484,622039,BRL,2023-11-25,completed,Compliant,2023-11-25 00:00:00,2023-11-25 01:41:04
PAY002688,EMP005125,CLI003601,ZA,REG000150,825019,99002,726017,ZAR,2025-02-20,pending,Non-Compliant,2025-02-20 00:00:00,
PAY002689,EMP002128,CLI000356,DE,REG001648,573891,0,573891,EUR,2025-02-27,failed,Non-Compliant,2025-02-27 00:00:00,
PAY002690,EMP003970,CLI003765,US,REG002237,381163,0,381163,USD,2024-08-10,pending,Non-Compliant,2024-08-10 00:00:00,
PAY002691,EMP004240,CLI000974,JP,REG001748,303260,0,303260,JPY,2024-11-23,completed,Compliant,2024-11-23 00:00:00,2024-11-23 01:21:59
PAY002692,EMP001464,CLI004389,US,REG002482,141816,0,141816,USD,2023-06-25,pending,Non-Compliant,2023-06-25 00:00:00,
PAY002693,EMP006332,CLI001445,JP,REG001375,415133,0,415133,JPY,2025-02-11,completed,Compliant,2025-02-11 00:00:00,2025-02-11 00:38:37
PAY002694,EMP005219,CLI002350,DE,REG000693,426077,63912,362165,EUR,2025-04-16,pending,Non-Compliant,2025-04-16 00:00:00,
PAY002695,EMP006767,CLI001548,BR,REG000612,885386,0,885386,BRL,2025-01-15,pending,Non-Compliant,2025-01-15 00:00:00,
PAY002696,EMP002986,CLI003472,AU,REG001184,197095,70954,126141,AUD,2024-01-20,pending,Non-Compliant,2024-01-20 00:00:00,
PAY002697,EMP005735,CLI002146,CA,REG001722,466646,0,466646,CAD,2023-10-15,pending,Non-Compliant,2023-10-15 00:00:00,
PAY002698,EMP000808,CLI000894,US,REG000515,789070,0,789070,USD,2023-07-12,failed,Non-Compliant,2023-07-12 00:00:00,
PAY002699,EMP000267,CLI003788,FR,REG000548,706225,0,706225,EUR,2024-11-10,pending,Non-Compliant,2024-11-10 00:00:00,
PAY002700,EMP001821,CLI004726,IN,REG000418,252478,93417,159061,INR,2024-10-06,failed,Non-Compliant,2024-10-06 00:00:00,
PAY002701,EMP004148,CLI002307,FR,REG001215,567800,0,567800,EUR,2024-01-21,pending,Non-Compliant,2024-01-21 00:00:00,
PAY002702,EMP004587,CLI003757,BR,REG000048,189147,0,189147,BRL,2025-04-24,failed,Non-Compliant,2025-04-24 00:00:00,
PAY002703,EMP003889,CLI000861,IN,REG000403,897978,0,897978,INR,2025-01-06,completed,Compliant,2025-01-06 00:00:00,2025-01-06 01:57:41
PAY002704,EMP002635,CLI002769,US,REG002123,551712,0,551712,USD,2025-03-06,failed,Non-Compliant,2025-03-06 00:00:00,
PAY002705,EMP001594,CLI003693,BR,REG000046,186500,69005,117495,BRL,2023-10-29,failed,Non-Compliant,2023-10-29 00:00:00,
PAY002706,EMP002308,CLI002067,JP,REG001586,612930,0,612930,JPY,2024-05-18,pending,Non-Compliant,2024-05-18 00:00:00,
PAY002707,EMP000114,CLI004406,JP,REG002951,691317,117524,573793,JPY,2025-01-05,completed,Compliant,2025-01-05 00:00:00,2025-01-05 00:09:17
PAY002708,EMP004875,CLI003296,ZA,REG000758,609557,164580,444977,ZAR,2023-12-21,completed,Compliant,2023-12-21 00:00:00,2023-12-21 00:11:06
PAY002709,EMP002141,CLI003187,UK,REG000565,655947,249260,406687,GBP,2023-12-06,failed,Non-Compliant,2023-12-06 00:00:00,
PAY002710,EMP002668,CLI001266,FR,REG002709,365874,135373,230501,EUR,2024-02-07,failed,Non-Compliant,2024-02-07 00:00:00,
PAY002711,EMP005689,CLI001038,DE,REG002739,518125,67356,450769,EUR,2023-10-19,completed,Compliant,2023-10-19 00:00:00,2023-10-19 00:34:43
PAY002712,EMP006729,CLI003708,ZA,REG001960,387087,108384,278703,ZAR,2025-02-19,failed,Non-Compliant,2025-02-19 00:00:00,
PAY002713,EMP001060,CLI003152,IN,REG002775,935918,0,935918,INR,2025-02-27,completed,Compliant,2025-02-27 00:00:00,2025-02-27 00:33:08
PAY002714,EMP002623,CLI000109,ZA,REG001964,991623,0,991623,ZAR,2023-05-28,completed,Compliant,2023-05-28 00:00:00,2023-05-28 00:11:00
PAY002715,EMP004541,CLI000210,CA,REG000051,621653,0,621653,CAD,2024-05-04,pending,Non-Compliant,2024-05-04 00:00:00,
PAY002716,EMP005481,CLI004189,ZA,REG000576,791565,0,791565,ZAR,2023-09-30,failed,Non-Compliant,2023-09-30 00:00:00,
PAY002717,EMP000110,CLI000003,IN,REG000028,322686,0,322686,INR,2023-11-05,failed,Non-Compliant,2023-11-05 00:00:00,
PAY002718,EMP002721,CLI004474,CA,REG000869,584272,0,584272,CAD,2023-08-07,pending,Non-Compliant,2023-08-07 00:00:00,
PAY002719,EMP003254,CLI001312,AU,REG002774,531156,207151,324005,AUD,2023-08-18,failed,Non-Compliant,2023-08-18 00:00:00,
PAY002720,EMP006438,CLI000082,US,REG000837,917515,0,917515,USD,2024-04-24,completed,Compliant,2024-04-24 00:00:00,2024-04-24 01:59:50
PAY002721,EMP003721,CLI003474,IN,REG000401,986541,0,986541,INR,2023-07-23,completed,Compliant,2023-07-23 00:00:00,2023-07-23 01:07:50
PAY002722,EMP004678,CLI003828,BR,REG000873,284562,91060,193502,BRL,2025-02-24,completed,Compliant,2025-02-24 00:00:00,2025-02-24 01:26:40
PAY002723,EMP003100,CLI002854,IN,REG002128,201564,0,201564,INR,2023-06-17,completed,Compliant,2023-06-17 00:00:00,2023-06-17 00:36:41
PAY002724,EMP006973,CLI000487,IN,REG000356,992921,0,992921,INR,2023-06-08,failed,Non-Compliant,2023-06-08 00:00:00,
PAY002725,EMP003648,CLI003721,BR,REG000019,905292,208217,697075,BRL,2024-10-31,failed,Non-Compliant,2024-10-31 00:00:00,
PAY002726,EMP006011,CLI004868,ZA,REG000629,696838,111494,585344,ZAR,2024-05-22,failed,Non-Compliant,2024-05-22 00:00:00,
PAY002727,EMP002525,CLI001774,IN,REG000817,602745,102467,500278,INR,2024-12-31,failed,Non-Compliant,2024-12-31 00:00:00,
PAY002728,EMP002720,CLI003198,CA,REG002554,375716,71386,304330,CAD,2024-12-25,completed,Compliant,2024-12-25 00:00:00,2024-12-25 00:25:06
PAY002729,EMP001640,CLI004428,ZA,REG002611,794223,0,794223,ZAR,2025-04-06,failed,Non-Compliant,2025-04-06 00:00:00,
PAY002730,EMP003992,CLI004988,IN,REG001379,391424,0,391424,INR,2024-10-22,failed,Non-Compliant,2024-10-22 00:00:00,
PAY002731,EMP000724,CLI001881,DE,REG000247,226716,0,226716,EUR,2023-11-21,failed,Non-Compliant,2023-11-21 00:00:00,
PAY002732,EMP001964,CLI004130,ZA,REG001661,864263,0,864263,ZAR,2023-12-27,pending,Non-Compliant,2023-12-27 00:00:00,
PAY002733,EMP002854,CLI002150,BR,REG002492,903005,0,903005,BRL,2023-05-27,completed,Compliant,2023-05-27 00:00:00,2023-05-27 01:20:02
PAY002734,EMP003276,CLI004988,AU,REG001064,564076,0,564076,AUD,2024-07-17,failed,Non-Compliant,2024-07-17 00:00:00,
PAY002735,EMP000798,CLI002631,UK,REG002168,696351,0,696351,GBP,2025-04-01,completed,Compliant,2025-04-01 00:00:00,2025-04-01 00:09:03
PAY002736,EMP004547,CLI001225,US,REG002620,287161,86148,201013,USD,2024-11-22,pending,Non-Compliant,2024-11-22 00:00:00,
PAY002737,EMP004808,CLI000467,BR,REG002135,344687,0,344687,BRL,2024-12-15,completed,Compliant,2024-12-15 00:00:00,2024-12-15 01:12:42
PAY002738,EMP006467,CLI001284,BR,REG001502,485736,0,485736,BRL,2023-10-05,completed,Compliant,2023-10-05 00:00:00,2023-10-05 01:10:34
PAY002739,EMP005341,CLI004161,AU,REG000188,517781,124267,393514,AUD,2024-11-03,completed,Compliant,2024-11-03 00:00:00,2024-11-03 01:35:00
PAY002740,EMP005039,CLI002156,US,REG000463,395469,0,395469,USD,2023-07-26,pending,Non-Compliant,2023-07-26 00:00:00,
PAY002741,EMP004435,CLI000991,US,REG000346,606182,0,606182,USD,2024-05-05,completed,Compliant,2024-05-05 00:00:00,2024-05-05 01:16:13
PAY002742,EMP003876,CLI004227,BR,REG000839,351606,0,351606,BRL,2023-08-08,failed,Non-Compliant,2023-08-08 00:00:00,
PAY002743,EMP002464,CLI004807,US,REG002802,535281,0,535281,USD,2024-08-06,failed,Non-Compliant,2024-08-06 00:00:00,
PAY002744,EMP002109,CLI001506,AU,REG000188,618685,148484,470201,AUD,2025-02-08,completed,Compliant,2025-02-08 00:00:00,2025-02-08 00:25:52
PAY002745,EMP004527,CLI004424,DE,REG002470,411935,144177,267758,EUR,2023-10-26,pending,Non-Compliant,2023-10-26 00:00:00,
PAY002746,EMP006883,CLI000175,CA,REG000127,691107,165866,525241,CAD,2024-12-06,pending,Non-Compliant,2024-12-06 00:00:00,
PAY002747,EMP006784,CLI000184,ZA,REG000268,673961,0,673961,ZAR,2024-10-06,failed,Non-Compliant,2024-10-06 00:00:00,
PAY002748,EMP002912,CLI002336,IN,REG002384,172300,0,172300,INR,2024-10-20,completed,Compliant,2024-10-20 00:00:00,2024-10-20 01:49:00
PAY002749,EMP001722,CLI001203,CA,REG001562,389359,54510,334849,CAD,2025-02-16,pending,Non-Compliant,2025-02-16 00:00:00,
PAY002750,EMP005387,CLI003060,JP,REG000653,409459,0,409459,JPY,2024-12-11,pending,Non-Compliant,2024-12-11 00:00:00,
PAY002751,EMP005212,CLI004482,ZA,REG001983,122042,26849,95193,ZAR,2024-05-06,failed,Non-Compliant,2024-05-06 00:00:00,
PAY002752,EMP002199,CLI000011,DE,REG002060,756027,0,756027,EUR,2024-01-14,failed,Non-Compliant,2024-01-14 00:00:00,
PAY002753,EMP000851,CLI000911,IN,REG001766,687981,220154,467827,INR,2023-09-07,failed,Non-Compliant,2023-09-07 00:00:00,
PAY002754,EMP001046,CLI002238,DE,REG001059,871470,0,871470,EUR,2024-07-13,pending,Non-Compliant,2024-07-13 00:00:00,
PAY002755,EMP005764,CLI002338,AU,REG000926,658610,0,658610,AUD,2023-10-11,pending,Non-Compliant,2023-10-11 00:00:00,
PAY002756,EMP006428,CLI001109,AU,REG002562,133454,0,133454,AUD,2024-11-28,failed,Non-Compliant,2024-11-28 00:00:00,
PAY002757,EMP002825,CLI003220,CA,REG000561,723357,0,723357,CAD,2024-09-02,failed,Non-Compliant,2024-09-02 00:00:00,
PAY002758,EMP005331,CLI003481,IN,REG002368,377439,143427,234012,INR,2023-08-09,completed,Compliant,2023-08-09 00:00:00,2023-08-09 00:36:42
PAY002759,EMP000414,CLI001305,FR,REG001830,720186,0,720186,EUR,2024-06-11,pending,Non-Compliant,2024-06-11 00:00:00,
PAY002760,EMP006861,CLI002366,IN,REG001515,531284,132821,398463,INR,2025-01-18,failed,Non-Compliant,2025-01-18 00:00:00,
PAY002761,EMP003752,CLI004353,FR,REG001935,957381,0,957381,EUR,2025-03-13,completed,Compliant,2025-03-13 00:00:00,2025-03-13 01:55:06
PAY002762,EMP001741,CLI004395,CA,REG001603,218828,0,218828,CAD,2024-03-14,pending,Non-Compliant,2024-03-14 00:00:00,
PAY002763,EMP004941,CLI000465,BR,REG000149,185041,0,185041,BRL,2023-09-18,failed,Non-Compliant,2023-09-18 00:00:00,
PAY002764,EMP000302,CLI000659,UK,REG002092,340331,88486,251845,GBP,2025-03-24,completed,Compliant,2025-03-24 00:00:00,2025-03-24 00:58:28
PAY002765,EMP004136,CLI001102,ZA,REG000105,900439,0,900439,ZAR,2025-04-23,pending,Non-Compliant,2025-04-23 00:00:00,
PAY002766,EMP000373,CLI004617,UK,REG000808,275280,0,275280,GBP,2024-07-08,completed,Compliant,2024-07-08 00:00:00,2024-07-08 00:42:02
PAY002767,EMP003905,CLI003544,UK,REG001761,324273,0,324273,GBP,2023-12-31,pending,Non-Compliant,2023-12-31 00:00:00,
PAY002768,EMP004548,CLI003097,AU,REG000926,864076,0,864076,AUD,2023-11-06,failed,Non-Compliant,2023-11-06 00:00:00,
PAY002769,EMP002819,CLI002842,AU,REG002388,754901,0,754901,AUD,2023-09-17,pending,Non-Compliant,2023-09-17 00:00:00,
PAY002770,EMP001136,CLI002652,US,REG001887,472259,0,472259,USD,2024-12-08,failed,Non-Compliant,2024-12-08 00:00:00,
PAY002771,EMP003147,CLI003491,ZA,REG002495,122023,0,122023,ZAR,2025-04-09,pending,Non-Compliant,2025-04-09 00:00:00,
PAY002772,EMP006243,CLI004103,UK,REG001946,987185,0,987185,GBP,2024-11-29,pending,Non-Compliant,2024-11-29 00:00:00,
PAY002773,EMP003907,CLI004179,ZA,REG002449,692058,173014,519044,ZAR,2025-01-23,completed,Compliant,2025-01-23 00:00:00,2025-01-23 00:41:20
PAY002774,EMP003874,CLI002813,US,REG000609,140466,51972,88494,USD,2025-03-19,completed,Compliant,2025-03-19 00:00:00,2025-03-19 00:12:08
PAY002775,EMP002886,CLI002789,US,REG001508,676967,121854,555113,USD,2023-10-10,pending,Non-Compliant,2023-10-10 00:00:00,
PAY002776,EMP006950,CLI002860,DE,REG001229,357143,0,357143,EUR,2024-12-08,completed,Compliant,2024-12-08 00:00:00,2024-12-08 01:16:52
PAY002777,EMP001116,CLI004167,DE,REG002794,671891,262037,409854,EUR,2024-05-30,pending,Non-Compliant,2024-05-30 00:00:00,
PAY002778,EMP002344,CLI000968,AU,REG001365,105448,31634,73814,AUD,2024-05-31,pending,Non-Compliant,2024-05-31 00:00:00,
PAY002779,EMP005647,CLI003159,BR,REG001534,131704,13170,118534,BRL,2024-06-08,pending,Non-Compliant,2024-06-08 00:00:00,
PAY002780,EMP001736,CLI004942,AU,REG000975,136335,0,136335,AUD,2024-10-27,pending,Non-Compliant,2024-10-27 00:00:00,
PAY002781,EMP002743,CLI000988,DE,REG000512,570318,0,570318,EUR,2023-08-31,completed,Compliant,2023-08-31 00:00:00,2023-08-31 01:13:19
PAY002782,EMP001620,CLI002981,ZA,REG002481,496787,0,496787,ZAR,2023-10-14,failed,Non-Compliant,2023-10-14 00:00:00,
PAY002783,EMP005365,CLI001339,BR,REG001747,607463,0,607463,BRL,2025-03-08,pending,Non-Compliant,2025-03-08 00:00:00,
PAY002784,EMP001459,CLI001243,IN,REG002775,698654,0,698654,INR,2024-01-26,completed,Compliant,2024-01-26 00:00:00,2024-01-26 00:34:04
PAY002785,EMP002365,CLI003770,IN,REG000409,700960,0,700960,INR,2024-02-25,failed,Non-Compliant,2024-02-25 00:00:00,
PAY002786,EMP006939,CLI004258,IN,REG002426,178409,44602,133807,INR,2024-03-30,failed,Non-Compliant,2024-03-30 00:00:00,
PAY002787,EMP000047,CLI003616,IN,REG000601,724189,0,724189,INR,2024-12-09,failed,Non-Compliant,2024-12-09 00:00:00,
PAY002788,EMP005710,CLI001586,US,REG002502,946751,0,946751,USD,2023-11-13,pending,Non-Compliant,2023-11-13 00:00:00,
PAY002789,EMP003104,CLI000020,IN,REG000282,590954,0,590954,INR,2025-04-25,pending,Non-Compliant,2025-04-25 00:00:00,
PAY002790,EMP004858,CLI003592,JP,REG002915,643253,205841,437412,JPY,2024-08-18,pending,Non-Compliant,2024-08-18 00:00:00,
PAY002791,EMP000813,CLI002222,BR,REG001312,716007,0,716007,BRL,2024-12-12,completed,Compliant,2024-12-12 00:00:00,2024-12-12 01:11:22
PAY002792,EMP003852,CLI002504,JP,REG001461,284945,0,284945,JPY,2023-11-28,failed,Non-Compliant,2023-11-28 00:00:00,
PAY002793,EMP006353,CLI004233,DE,REG002290,727518,0,727518,EUR,2025-03-08,pending,Non-Compliant,2025-03-08 00:00:00,
PAY002794,EMP004368,CLI003202,CA,REG002781,743796,0,743796,CAD,2024-09-09,completed,Compliant,2024-09-09 00:00:00,2024-09-09 00:53:39
PAY002795,EMP005176,CLI003936,FR,REG000489,930265,372106,558159,EUR,2025-03-01,failed,Non-Compliant,2025-03-01 00:00:00,
PAY002796,EMP006595,CLI002591,AU,REG002422,376415,143038,233377,AUD,2025-03-07,pending,Non-Compliant,2025-03-07 00:00:00,
PAY002797,EMP004288,CLI000665,AU,REG000300,363623,0,363623,AUD,2023-06-03,failed,Non-Compliant,2023-06-03 00:00:00,
PAY002798,EMP006466,CLI000551,BR,REG002182,386260,0,386260,BRL,2023-11-14,failed,Non-Compliant,2023-11-14 00:00:00,
PAY002799,EMP005687,CLI000226,AU,REG002309,762450,297356,465094,AUD,2025-03-22,failed,Non-Compliant,2025-03-22 00:00:00,
PAY002800,EMP002631,CLI003439,US,REG001095,158308,39577,118731,USD,2024-06-26,failed,Non-Compliant,2024-06-26 00:00:00,
PAY002801,EMP000162,CLI004014,CA,REG001819,727221,138172,589049,CAD,2024-05-17,pending,Non-Compliant,2024-05-17 00:00:00,
PAY002802,EMP002450,CLI004354,AU,REG000344,916013,0,916013,AUD,2024-10-03,completed,Compliant,2024-10-03 00:00:00,2024-10-03 01:59:26
PAY002803,EMP006164,CLI004405,DE,REG001491,659054,0,659054,EUR,2024-01-09,pending,Non-Compliant,2024-01-09 00:00:00,
PAY002804,EMP006246,CLI003066,IN,REG002360,615903,0,615903,INR,2025-01-07,pending,Non-Compliant,2025-01-07 00:00:00,
PAY002805,EMP004630,CLI004225,ZA,REG000431,253513,25351,228162,ZAR,2023-11-14,failed,Non-Compliant,2023-11-14 00:00:00,
PAY002806,EMP000741,CLI001717,IN,REG001170,546398,0,546398,INR,2024-11-20,completed,Compliant,2024-11-20 00:00:00,2024-11-20 00:33:34
PAY002807,EMP000894,CLI002855,IN,REG002735,720808,0,720808,INR,2024-07-21,failed,Non-Compliant,2024-07-21 00:00:00,
PAY002808,EMP004763,CLI002143,JP,REG001777,253944,0,253944,JPY,2024-09-26,completed,Compliant,2024-09-26 00:00:00,2024-09-26 00:32:54
PAY002809,EMP002685,CLI004229,AU,REG000856,258797,0,258797,AUD,2025-03-12,completed,Compliant,2025-03-12 00:00:00,2025-03-12 00:48:09
PAY002810,EMP000457,CLI004095,FR,REG000902,412776,0,412776,EUR,2023-10-06,pending,Non-Compliant,2023-10-06 00:00:00,
PAY002811,EMP000635,CLI003811,DE,REG000497,994435,318219,676216,EUR,2024-07-26,pending,Non-Compliant,2024-07-26 00:00:00,
PAY002812,EMP002211,CLI002318,ZA,REG001003,192416,0,192416,ZAR,2024-12-11,pending,Non-Compliant,2024-12-11 00:00:00,
PAY002813,EMP004890,CLI001647,CA,REG000583,839456,0,839456,CAD,2024-04-25,failed,Non-Compliant,2024-04-25 00:00:00,
PAY002814,EMP001096,CLI001683,ZA,REG002310,149239,55218,94021,ZAR,2025-05-04,failed,Non-Compliant,2025-05-04 00:00:00,
PAY002815,EMP000816,CLI000272,UK,REG002338,670554,0,670554,GBP,2024-10-21,pending,Non-Compliant,2024-10-21 00:00:00,
PAY002816,EMP001062,CLI003115,UK,REG002708,166841,60063,106778,GBP,2023-07-11,failed,Non-Compliant,2023-07-11 00:00:00,
PAY002817,EMP000023,CLI002430,JP,REG002812,309174,0,309174,JPY,2025-04-26,pending,Non-Compliant,2025-04-26 00:00:00,
PAY002818,EMP002242,CLI001486,ZA,REG001003,351851,0,351851,ZAR,2023-09-27,completed,Compliant,2023-09-27 00:00:00,2023-09-27 00:53:19
PAY002819,EMP005321,CLI002275,IN,REG002075,321075,64215,256860,INR,2025-01-10,completed,Compliant,2025-01-10 00:00:00,2025-01-10 00:47:47
PAY002820,EMP000604,CLI004483,UK,REG002039,261305,28744,232561,GBP,2023-09-30,failed,Non-Compliant,2023-09-30 00:00:00,
PAY002821,EMP005439,CLI000775,ZA,REG002310,830378,307240,523138,ZAR,2025-04-13,completed,Compliant,2025-04-13 00:00:00,2025-04-13 00:43:42
PAY002822,EMP002949,CLI001865,US,REG000372,710209,0,710209,USD,2024-02-02,pending,Non-Compliant,2024-02-02 00:00:00,
PAY002823,EMP002875,CLI001621,DE,REG000441,217636,0,217636,EUR,2024-05-25,pending,Non-Compliant,2024-05-25 00:00:00,
PAY002824,EMP005476,CLI002156,FR,REG001919,429270,0,429270,EUR,2024-10-15,failed,Non-Compliant,2024-10-15 00:00:00,
PAY002825,EMP005981,CLI003182,CA,REG001504,427297,0,427297,CAD,2025-05-26,failed,Non-Compliant,2025-05-26 00:00:00,
PAY002826,EMP000420,CLI002734,JP,REG000801,992523,0,992523,JPY,2024-08-30,failed,Non-Compliant,2024-08-30 00:00:00,
PAY002827,EMP002353,CLI002617,FR,REG002390,889522,0,889522,EUR,2023-08-28,completed,Compliant,2023-08-28 00:00:00,2023-08-28 00:35:15
PAY002828,EMP005933,CLI000629,CA,REG001764,140913,47910,93003,CAD,2025-03-25,completed,Compliant,2025-03-25 00:00:00,2025-03-25 00:52:14
PAY002829,EMP000949,CLI002181,ZA,REG001093,115304,16143,99161,ZAR,2024-03-10,failed,Non-Compliant,2024-03-10 00:00:00,
PAY002830,EMP002994,CLI002980,US,REG002770,221684,46554,175130,USD,2024-10-18,failed,Non-Compliant,2024-10-18 00:00:00,
PAY002831,EMP006927,CLI000292,DE,REG000855,341162,0,341162,EUR,2024-06-08,completed,Compliant,2024-06-08 00:00:00,2024-06-08 01:03:45
PAY002832,EMP006160,CLI001847,US,REG002036,606168,72740,533428,USD,2024-09-22,pending,Non-Compliant,2024-09-22 00:00:00,
PAY002833,EMP001793,CLI003291,JP,REG001959,955020,200554,754466,JPY,2024-12-10,pending,Non-Compliant,2024-12-10 00:00:00,
PAY002834,EMP001964,CLI000518,ZA,REG002404,631060,0,631060,ZAR,2024-10-05,pending,Non-Compliant,2024-10-05 00:00:00,
PAY002835,EMP004307,CLI001719,AU,REG000773,334572,0,334572,AUD,2025-04-12,failed,Non-Compliant,2025-04-12 00:00:00,
PAY002836,EMP005017,CLI003191,CA,REG002682,367379,40412,326967,CAD,2024-01-19,pending,Non-Compliant,2024-01-19 00:00:00,
PAY002837,EMP004750,CLI002945,AU,REG002990,139416,0,139416,AUD,2024-06-12,completed,Compliant,2024-06-12 00:00:00,2024-06-12 00:45:22
PAY002838,EMP004000,CLI001030,US,REG001175,916696,0,916696,USD,2023-06-02,completed,Compliant,2023-06-02 00:00:00,2023-06-02 00:06:22
PAY002839,EMP003326,CLI002490,JP,REG002239,620205,229476,390729,JPY,2023-12-14,completed,Compliant,2023-12-14 00:00:00,2023-12-14 00:38:56
PAY002840,EMP002063,CLI003727,DE,REG002177,123604,24721,98883,EUR,2025-03-05,pending,Non-Compliant,2025-03-05 00:00:00,
PAY002841,EMP006613,CLI003208,IN,REG001638,399833,119950,279883,INR,2024-10-17,completed,Compliant,2024-10-17 00:00:00,2024-10-17 01:23:27
PAY002842,EMP002842,CLI000318,DE,REG001614,635728,0,635728,EUR,2024-12-10,failed,Non-Compliant,2024-12-10 00:00:00,
PAY002843,EMP005288,CLI003251,CA,REG001925,581417,0,581417,CAD,2023-10-22,pending,Non-Compliant,2023-10-22 00:00:00,
PAY002844,EMP004839,CLI001090,BR,REG002786,740576,0,740576,BRL,2024-11-27,failed,Non-Compliant,2024-11-27 00:00:00,
PAY002845,EMP001341,CLI001967,IN,REG001024,360526,86526,274000,INR,2023-06-29,completed,Compliant,2023-06-29 00:00:00,2023-06-29 00:10:48
PAY002846,EMP000148,CLI000524,IN,REG000331,315171,59882,255289,INR,2023-05-29,pending,Non-Compliant,2023-05-29 00:00:00,
PAY002847,EMP004703,CLI003844,AU,REG000499,843954,0,843954,AUD,2023-06-05,completed,Compliant,2023-06-05 00:00:00,2023-06-05 01:43:11
PAY002848,EMP006865,CLI003127,UK,REG000568,862969,0,862969,GBP,2023-07-24,failed,Non-Compliant,2023-07-24 00:00:00,
PAY002849,EMP006216,CLI000744,UK,REG001231,632562,0,632562,GBP,2023-08-01,pending,Non-Compliant,2023-08-01 00:00:00,
PAY002850,EMP006923,CLI000404,DE,REG001491,232286,0,232286,EUR,2024-02-12,failed,Non-Compliant,2024-02-12 00:00:00,
PAY002851,EMP006851,CLI001094,DE,REG000784,458106,155756,302350,EUR,2024-11-08,failed,Non-Compliant,2024-11-08 00:00:00,
PAY002852,EMP006682,CLI000988,IN,REG000778,241944,0,241944,INR,2024-04-06,completed,Compliant,2024-04-06 00:00:00,2024-04-06 00:52:53
PAY002853,EMP002208,CLI002355,CA,REG000016,794318,198580,595738,CAD,2024-02-17,failed,Non-Compliant,2024-02-17 00:00:00,
PAY002854,EMP002702,CLI001279,IN,REG001552,231078,0,231078,INR,2023-10-27,completed,Compliant,2023-10-27 00:00:00,2023-10-27 01:30:09
PAY002855,EMP001399,CLI001077,UK,REG001475,120123,15616,104507,GBP,2023-06-15,completed,Compliant,2023-06-15 00:00:00,2023-06-15 00:32:23
PAY002856,EMP006340,CLI003666,JP,REG000297,124506,0,124506,JPY,2024-11-01,completed,Compliant,2024-11-01 00:00:00,2024-11-01 00:27:44
PAY002857,EMP004312,CLI001319,BR,REG000873,693365,221877,471488,BRL,2024-01-11,failed,Non-Compliant,2024-01-11 00:00:00,
PAY002858,EMP002168,CLI004800,FR,REG001215,155235,0,155235,EUR,2025-02-07,pending,Non-Compliant,2025-02-07 00:00:00,
PAY002859,EMP006849,CLI001911,DE,REG002330,186294,0,186294,EUR,2024-05-11,failed,Non-Compliant,2024-05-11 00:00:00,
PAY002860,EMP002749,CLI000954,AU,REG001121,643749,212437,431312,AUD,2024-07-04,completed,Compliant,2024-07-04 00:00:00,2024-07-04 01:56:56
PAY002861,EMP005211,CLI002299,UK,REG002419,265414,0,265414,GBP,2025-02-27,pending,Non-Compliant,2025-02-27 00:00:00,
PAY002862,EMP006033,CLI003999,IN,REG002729,467109,0,467109,INR,2024-10-03,pending,Non-Compliant,2024-10-03 00:00:00,
PAY002863,EMP006552,CLI004402,CA,REG001839,150404,0,150404,CAD,2024-12-16,pending,Non-Compliant,2024-12-16 00:00:00,
PAY002864,EMP006173,CLI002972,ZA,REG002756,512535,0,512535,ZAR,2025-01-12,pending,Non-Compliant,2025-01-12 00:00:00,
PAY002865,EMP001765,CLI001550,ZA,REG001781,914595,109751,804844,ZAR,2025-02-16,completed,Compliant,2025-02-16 00:00:00,2025-02-16 00:06:24
PAY002866,EMP000002,CLI001945,IN,REG002437,637673,0,637673,INR,2024-06-06,completed,Compliant,2024-06-06 00:00:00,2024-06-06 00:50:42
PAY002867,EMP003086,CLI000999,UK,REG000324,536639,0,536639,GBP,2023-11-13,completed,Compliant,2023-11-13 00:00:00,2023-11-13 00:27:24
PAY002868,EMP005909,CLI001342,JP,REG001959,522895,109808,413087,JPY,2024-12-15,pending,Non-Compliant,2024-12-15 00:00:00,
PAY002869,EMP003452,CLI001620,US,REG000277,771298,0,771298,USD,2025-02-19,pending,Non-Compliant,2025-02-19 00:00:00,
PAY002870,EMP003517,CLI002631,JP,REG001082,231022,87788,143234,JPY,2024-05-15,failed,Non-Compliant,2024-05-15 00:00:00,
PAY002871,EMP006649,CLI003855,CA,REG002868,590691,236276,354415,CAD,2023-09-26,failed,Non-Compliant,2023-09-26 00:00:00,
PAY002872,EMP005797,CLI001493,CA,REG002140,275934,0,275934,CAD,2025-04-11,pending,Non-Compliant,2025-04-11 00:00:00,
PAY002873,EMP005662,CLI002288,DE,REG001488,951710,0,951710,EUR,2023-09-05,completed,Compliant,2023-09-05 00:00:00,2023-09-05 00:23:48
PAY002874,EMP003540,CLI001524,BR,REG000860,243981,0,243981,BRL,2024-02-04,failed,Non-Compliant,2024-02-04 00:00:00,
PAY002875,EMP001315,CLI000677,AU,REG002817,277114,58194,218920,AUD,2025-03-21,completed,Compliant,2025-03-21 00:00:00,2025-03-21 01:28:10
PAY002876,EMP001612,CLI001338,ZA,REG002323,258942,0,258942,ZAR,2025-02-01,pending,Non-Compliant,2025-02-01 00:00:00,
PAY002877,EMP001781,CLI003152,FR,REG001720,994952,0,994952,EUR,2025-04-13,failed,Non-Compliant,2025-04-13 00:00:00,
PAY002878,EMP001184,CLI004758,DE,REG002317,124666,0,124666,EUR,2024-10-01,failed,Non-Compliant,2024-10-01 00:00:00,
PAY002879,EMP005778,CLI002276,IN,REG001527,889702,0,889702,INR,2025-05-21,completed,Compliant,2025-05-21 00:00:00,2025-05-21 01:24:22
PAY002880,EMP002451,CLI001519,BR,REG000397,380350,136926,243424,BRL,2024-10-12,completed,Compliant,2024-10-12 00:00:00,2024-10-12 01:51:23
PAY002881,EMP004835,CLI003177,IN,REG000817,829875,141079,688796,INR,2023-12-27,pending,Non-Compliant,2023-12-27 00:00:00,
PAY002882,EMP003627,CLI004647,AU,REG000120,698808,188678,510130,AUD,2023-06-15,failed,Non-Compliant,2023-06-15 00:00:00,
PAY002883,EMP001806,CLI002854,FR,REG002801,304025,0,304025,EUR,2024-09-12,failed,Non-Compliant,2024-09-12 00:00:00,
PAY002884,EMP000283,CLI001549,AU,REG001298,917990,0,917990,AUD,2024-10-22,pending,Non-Compliant,2024-10-22 00:00:00,
PAY002885,EMP001610,CLI001611,AU,REG002422,201643,76624,125019,AUD,2025-03-03,pending,Non-Compliant,2025-03-03 00:00:00,
PAY002886,EMP002801,CLI001919,FR,REG002707,896355,116526,779829,EUR,2024-07-25,failed,Non-Compliant,2024-07-25 00:00:00,
PAY002887,EMP001697,CLI004771,FR,REG002586,557618,0,557618,EUR,2023-11-14,pending,Non-Compliant,2023-11-14 00:00:00,
PAY002888,EMP002991,CLI004992,JP,REG000425,915081,0,915081,JPY,2024-12-23,failed,Non-Compliant,2024-12-23 00:00:00,
PAY002889,EMP000177,CLI002195,BR,REG001704,786200,259446,526754,BRL,2024-06-06,completed,Compliant,2024-06-06 00:00:00,2024-06-06 01:12:02
PAY002890,EMP002787,CLI002830,FR,REG002727,425268,0,425268,EUR,2025-04-30,pending,Non-Compliant,2025-04-30 00:00:00,
PAY002891,EMP000484,CLI002829,AU,REG002685,992170,168669,823501,AUD,2024-10-28,failed,Non-Compliant,2024-10-28 00:00:00,
PAY002892,EMP006624,CLI001565,JP,REG002748,302496,0,302496,JPY,2023-08-04,completed,Compliant,2023-08-04 00:00:00,2023-08-04 01:30:29
PAY002893,EMP000114,CLI003451,JP,REG000039,104031,0,104031,JPY,2025-01-05,pending,Non-Compliant,2025-01-05 00:00:00,
PAY002894,EMP000573,CLI002486,IN,REG002964,642704,0,642704,INR,2024-06-09,pending,Non-Compliant,2024-06-09 00:00:00,
PAY002895,EMP004120,CLI002335,JP,REG001748,713144,0,713144,JPY,2025-01-17,pending,Non-Compliant,2025-01-17 00:00:00,
PAY002896,EMP003820,CLI004486,UK,REG001793,768839,0,768839,GBP,2024-07-08,completed,Compliant,2024-07-08 00:00:00,2024-07-08 00:17:10
PAY002897,EMP002044,CLI002974,US,REG002021,442741,0,442741,USD,2023-10-22,failed,Non-Compliant,2023-10-22 00:00:00,
PAY002898,EMP000338,CLI004680,UK,REG002887,793997,262019,531978,GBP,2024-04-01,failed,Non-Compliant,2024-04-01 00:00:00,
PAY002899,EMP001117,CLI000005,IN,REG000766,859998,0,859998,INR,2024-09-18,pending,Non-Compliant,2024-09-18 00:00:00,
PAY002900,EMP006113,CLI003022,FR,REG000888,836885,0,836885,EUR,2024-12-29,pending,Non-Compliant,2024-12-29 00:00:00,
PAY002901,EMP006576,CLI000905,JP,REG001563,192973,0,192973,JPY,2024-06-05,failed,Non-Compliant,2024-06-05 00:00:00,
PAY002902,EMP006111,CLI003362,IN,REG000331,419578,79720,339858,INR,2023-08-08,pending,Non-Compliant,2023-08-08 00:00:00,
PAY002903,EMP001457,CLI003651,JP,REG001765,228551,0,228551,JPY,2024-11-14,completed,Compliant,2024-11-14 00:00:00,2024-11-14 01:21:13
PAY002904,EMP003447,CLI002173,JP,REG002860,807357,0,807357,JPY,2025-02-20,completed,Compliant,2025-02-20 00:00:00,2025-02-20 01:52:25
PAY002905,EMP000404,CLI003963,DE,REG001543,462067,0,462067,EUR,2023-07-03,failed,Non-Compliant,2023-07-03 00:00:00,
PAY002906,EMP000290,CLI002367,AU,REG001184,481866,173472,308394,AUD,2024-04-24,completed,Compliant,2024-04-24 00:00:00,2024-04-24 00:36:24
PAY002907,EMP006900,CLI003523,AU,REG001595,980572,0,980572,AUD,2024-10-29,completed,Compliant,2024-10-29 00:00:00,2024-10-29 00:23:46
PAY002908,EMP002622,CLI001148,AU,REG001284,759253,0,759253,AUD,2025-02-15,failed,Non-Compliant,2025-02-15 00:00:00,
PAY002909,EMP003342,CLI002444,UK,REG000420,989690,0,989690,GBP,2024-10-07,pending,Non-Compliant,2024-10-07 00:00:00,
PAY002910,EMP000480,CLI001223,DE,REG001031,164076,0,164076,EUR,2024-09-11,pending,Non-Compliant,2024-09-11 00:00:00,
PAY002911,EMP006896,CLI000532,US,REG001560,815393,269080,546313,USD,2023-05-31,completed,Compliant,2023-05-31 00:00:00,2023-05-31 00:10:54
PAY002912,EMP002745,CLI000247,ZA,REG001938,322713,0,322713,ZAR,2024-11-07,failed,Non-Compliant,2024-11-07 00:00:00,
PAY002913,EMP005071,CLI001526,JP,REG002067,753946,180947,572999,JPY,2024-11-16,completed,Compliant,2024-11-16 00:00:00,2024-11-16 01:54:06
PAY002914,EMP001339,CLI002258,CA,REG001791,763865,0,763865,CAD,2023-06-14,completed,Compliant,2023-06-14 00:00:00,2023-06-14 01:33:56
PAY002915,EMP004804,CLI003797,CA,REG002124,494225,103787,390438,CAD,2023-10-20,pending,Non-Compliant,2023-10-20 00:00:00,
PAY002916,EMP000505,CLI003123,BR,REG002315,685473,205642,479831,BRL,2024-12-18,pending,Non-Compliant,2024-12-18 00:00:00,
PAY002917,EMP002379,CLI001906,IN,REG001471,555637,177804,377833,INR,2025-04-11,completed,Compliant,2025-04-11 00:00:00,2025-04-11 01:17:31
PAY002918,EMP000303,CLI003769,CA,REG002249,763347,0,763347,CAD,2025-03-29,failed,Non-Compliant,2025-03-29 00:00:00,
PAY002919,EMP004294,CLI000566,FR,REG000447,135814,0,135814,EUR,2024-01-09,failed,Non-Compliant,2024-01-09 00:00:00,
PAY002920,EMP006006,CLI002375,IN,REG000200,221686,0,221686,INR,2024-07-23,completed,Compliant,2024-07-23 00:00:00,2024-07-23 01:59:57
PAY002921,EMP004290,CLI002435,JP,REG000057,452556,63358,389198,JPY,2024-11-23,pending,Non-Compliant,2024-11-23 00:00:00,
PAY002922,EMP001055,CLI004803,JP,REG000528,765002,0,765002,JPY,2024-07-20,completed,Compliant,2024-07-20 00:00:00,2024-07-20 01:01:00
PAY002923,EMP005348,CLI000447,JP,REG000142,351519,0,351519,JPY,2025-02-06,completed,Compliant,2025-02-06 00:00:00,2025-02-06 01:12:36
PAY002924,EMP005389,CLI001575,IN,REG000331,252594,47993,204601,INR,2024-12-27,pending,Non-Compliant,2024-12-27 00:00:00,
PAY002925,EMP005633,CLI002403,FR,REG000393,855958,0,855958,EUR,2024-01-15,failed,Non-Compliant,2024-01-15 00:00:00,
PAY002926,EMP004669,CLI000133,US,REG000944,354906,0,354906,USD,2024-02-20,completed,Compliant,2024-02-20 00:00:00,2024-02-20 01:14:31
PAY002927,EMP005840,CLI002170,IN,REG002238,150939,0,150939,INR,2024-05-03,pending,Non-Compliant,2024-05-03 00:00:00,
PAY002928,EMP000701,CLI002248,UK,REG000711,153097,59708,93389,GBP,2023-06-13,completed,Compliant,2023-06-13 00:00:00,2023-06-13 00:10:34
PAY002929,EMP005611,CLI000076,JP,REG001246,126299,0,126299,JPY,2024-04-23,completed,Compliant,2024-04-23 00:00:00,2024-04-23 00:45:41
PAY002930,EMP001777,CLI004207,BR,REG000482,755146,0,755146,BRL,2024-07-07,pending,Non-Compliant,2024-07-07 00:00:00,
PAY002931,EMP003733,CLI003401,UK,REG002835,135007,0,135007,GBP,2025-05-06,pending,Non-Compliant,2025-05-06 00:00:00,
PAY002932,EMP000126,CLI002930,CA,REG002086,969999,0,969999,CAD,2024-02-21,pending,Non-Compliant,2024-02-21 00:00:00,
PAY002933,EMP005304,CLI004279,JP,REG000577,204414,0,204414,JPY,2023-05-29,pending,Non-Compliant,2023-05-29 00:00:00,
PAY002934,EMP001867,CLI002876,BR,REG001744,398918,0,398918,BRL,2023-07-15,completed,Compliant,2023-07-15 00:00:00,2023-07-15 00:08:24
PAY002935,EMP000986,CLI003750,BR,REG001348,218431,0,218431,BRL,2023-09-14,failed,Non-Compliant,2023-09-14 00:00:00,
PAY002936,EMP003884,CLI002807,JP,REG000291,240473,0,240473,JPY,2024-07-26,failed,Non-Compliant,2024-07-26 00:00:00,
PAY002937,EMP006376,CLI000857,ZA,REG001098,449453,130341,319112,ZAR,2025-01-07,failed,Non-Compliant,2025-01-07 00:00:00,
PAY002938,EMP002743,CLI001426,DE,REG000648,171345,65111,106234,EUR,2023-07-05,completed,Compliant,2023-07-05 00:00:00,2023-07-05 01:26:52
PAY002939,EMP005938,CLI001579,IN,REG002448,330449,49567,280882,INR,2024-09-10,completed,Compliant,2024-09-10 00:00:00,2024-09-10 01:31:39
PAY002940,EMP002156,CLI003455,FR,REG000608,453598,99792,353806,EUR,2023-07-19,completed,Compliant,2023-07-19 00:00:00,2023-07-19 01:19:46
PAY002941,EMP002667,CLI004087,AU,REG000032,329280,0,329280,AUD,2023-06-15,failed,Non-Compliant,2023-06-15 00:00:00,
PAY002942,EMP001530,CLI000295,BR,REG001582,293906,58781,235125,BRL,2024-05-07,pending,Non-Compliant,2024-05-07 00:00:00,
PAY002943,EMP004069,CLI001531,FR,REG001028,907020,0,907020,EUR,2024-06-30,pending,Non-Compliant,2024-06-30 00:00:00,
PAY002944,EMP001192,CLI000260,US,REG000026,230528,0,230528,USD,2024-05-18,pending,Non-Compliant,2024-05-18 00:00:00,
PAY002945,EMP004470,CLI001448,AU,REG001501,832316,0,832316,AUD,2025-05-14,pending,Non-Compliant,2025-05-14 00:00:00,
PAY002946,EMP002462,CLI000282,FR,REG000106,565804,124477,441327,EUR,2025-03-19,failed,Non-Compliant,2025-03-19 00:00:00,
PAY002947,EMP006059,CLI001051,DE,REG002905,706828,0,706828,EUR,2025-04-05,pending,Non-Compliant,2025-04-05 00:00:00,
PAY002948,EMP002601,CLI000122,CA,REG001062,466759,140028,326731,CAD,2024-08-19,completed,Compliant,2024-08-19 00:00:00,2024-08-19 00:17:18
PAY002949,EMP004770,CLI000805,US,REG001414,849836,0,849836,USD,2024-12-10,completed,Compliant,2024-12-10 00:00:00,2024-12-10 01:13:21
PAY002950,EMP006332,CLI004137,JP,REG001583,123166,45571,77595,JPY,2024-02-07,completed,Compliant,2024-02-07 00:00:00,2024-02-07 01:13:50
PAY002951,EMP000936,CLI003700,AU,REG000820,875288,0,875288,AUD,2023-09-08,failed,Non-Compliant,2023-09-08 00:00:00,
PAY002952,EMP005794,CLI001513,FR,REG000600,222146,0,222146,EUR,2024-09-19,failed,Non-Compliant,2024-09-19 00:00:00,
PAY002953,EMP004229,CLI002505,IN,REG002735,871858,0,871858,INR,2024-04-24,pending,Non-Compliant,2024-04-24 00:00:00,
PAY002954,EMP006004,CLI002104,ZA,REG000386,738980,0,738980,ZAR,2025-01-05,pending,Non-Compliant,2025-01-05 00:00:00,
PAY002955,EMP005100,CLI001570,FR,REG000757,338220,0,338220,EUR,2023-11-30,pending,Non-Compliant,2023-11-30 00:00:00,
PAY002956,EMP002440,CLI001423,FR,REG001695,233784,0,233784,EUR,2025-04-01,completed,Compliant,2025-04-01 00:00:00,2025-04-01 00:54:36
PAY002957,EMP003925,CLI003551,FR,REG001237,943161,0,943161,EUR,2024-01-16,failed,Non-Compliant,2024-01-16 00:00:00,
PAY002958,EMP005122,CLI002281,DE,REG002839,855862,0,855862,EUR,2024-05-31,pending,Non-Compliant,2024-05-31 00:00:00,
PAY002959,EMP004494,CLI001401,UK,REG000375,133773,0,133773,GBP,2024-05-12,completed,Compliant,2024-05-12 00:00:00,2024-05-12 00:13:59
PAY002960,EMP004632,CLI001215,AU,REG000652,890171,0,890171,AUD,2024-12-09,failed,Non-Compliant,2024-12-09 00:00:00,
PAY002961,EMP006710,CLI003856,ZA,REG001326,117307,25808,91499,ZAR,2023-11-30,completed,Compliant,2023-11-30 00:00:00,2023-11-30 00:54:34
PAY002962,EMP004077,CLI004158,FR,REG002573,696900,0,696900,EUR,2023-07-06,completed,Compliant,2023-07-06 00:00:00,2023-07-06 00:57:56
PAY002963,EMP000545,CLI001103,CA,REG000058,102740,36986,65754,CAD,2024-01-11,pending,Non-Compliant,2024-01-11 00:00:00,
PAY002964,EMP002059,CLI001827,US,REG000210,648712,0,648712,USD,2024-01-15,failed,Non-Compliant,2024-01-15 00:00:00,
PAY002965,EMP005185,CLI001793,ZA,REG001620,744273,0,744273,ZAR,2024-02-16,completed,Compliant,2024-02-16 00:00:00,2024-02-16 01:44:11
PAY002966,EMP001564,CLI001461,IN,REG000519,508965,0,508965,INR,2023-06-11,pending,Non-Compliant,2023-06-11 00:00:00,
PAY002967,EMP000448,CLI003156,UK,REG002930,704650,0,704650,GBP,2024-04-11,completed,Compliant,2024-04-11 00:00:00,2024-04-11 01:36:14
PAY002968,EMP000687,CLI000674,UK,REG001967,247578,42088,205490,GBP,2023-06-01,failed,Non-Compliant,2023-06-01 00:00:00,
PAY002969,EMP003655,CLI002665,FR,REG000767,830389,0,830389,EUR,2024-03-12,failed,Non-Compliant,2024-03-12 00:00:00,
PAY002970,EMP006008,CLI003286,JP,REG000577,226381,0,226381,JPY,2024-09-26,failed,Non-Compliant,2024-09-26 00:00:00,
PAY002971,EMP000474,CLI000904,JP,REG002383,480943,0,480943,JPY,2024-07-23,failed,Non-Compliant,2024-07-23 00:00:00,
PAY002972,EMP000716,CLI001960,AU,REG000091,343782,0,343782,AUD,2023-11-23,failed,Non-Compliant,2023-11-23 00:00:00,
PAY002973,EMP005118,CLI003911,US,REG000115,611188,0,611188,USD,2024-04-23,failed,Non-Compliant,2024-04-23 00:00:00,
PAY002974,EMP003203,CLI004330,CA,REG002312,781669,0,781669,CAD,2025-01-17,completed,Compliant,2025-01-17 00:00:00,2025-01-17 00:08:21
PAY002975,EMP003419,CLI002838,FR,REG001157,296690,0,296690,EUR,2024-08-15,completed,Compliant,2024-08-15 00:00:00,2024-08-15 01:12:29
PAY002976,EMP000360,CLI004040,IN,REG002128,731988,0,731988,INR,2024-07-15,pending,Non-Compliant,2024-07-15 00:00:00,
PAY002977,EMP003507,CLI000162,AU,REG000027,406332,0,406332,AUD,2023-09-05,failed,Non-Compliant,2023-09-05 00:00:00,
PAY002978,EMP004310,CLI000398,JP,REG000175,133226,0,133226,JPY,2023-10-18,failed,Non-Compliant,2023-10-18 00:00:00,
PAY002979,EMP005560,CLI003408,JP,REG000293,296302,0,296302,JPY,2025-05-01,failed,Non-Compliant,2025-05-01 00:00:00,
PAY002980,EMP005126,CLI004837,CA,REG002936,424636,0,424636,CAD,2025-04-28,completed,Compliant,2025-04-28 00:00:00,2025-04-28 01:24:52
PAY002981,EMP006239,CLI003037,ZA,REG002364,416336,0,416336,ZAR,2024-10-23,completed,Compliant,2024-10-23 00:00:00,2024-10-23 01:57:16
PAY002982,EMP003531,CLI004792,ZA,REG001373,819987,155798,664189,ZAR,2025-04-04,pending,Non-Compliant,2025-04-04 00:00:00,
PAY002983,EMP004701,CLI003422,IN,REG001515,859801,214950,644851,INR,2024-07-27,completed,Compliant,2024-07-27 00:00:00,2024-07-27 00:35:47
PAY002984,EMP000539,CLI004884,US,REG002141,434622,78232,356390,USD,2024-11-26,completed,Compliant,2024-11-26 00:00:00,2024-11-26 01:25:43
PAY002985,EMP005207,CLI004761,BR,REG000203,459035,0,459035,BRL,2024-07-03,pending,Non-Compliant,2024-07-03 00:00:00,
PAY002986,EMP000963,CLI004395,UK,REG002551,767778,0,767778,GBP,2024-02-09,completed,Compliant,2024-02-09 00:00:00,2024-02-09 01:48:37
PAY002987,EMP001724,CLI004996,UK,REG002082,569689,0,569689,GBP,2023-12-21,pending,Non-Compliant,2023-12-21 00:00:00,
PAY002988,EMP000117,CLI003624,IN,REG001205,853827,307378,546449,INR,2023-09-12,completed,Compliant,2023-09-12 00:00:00,2023-09-12 00:16:41
PAY002989,EMP002286,CLI000974,FR,REG002760,184218,0,184218,EUR,2024-10-09,failed,Non-Compliant,2024-10-09 00:00:00,
PAY002990,EMP006281,CLI003042,BR,REG002635,494998,0,494998,BRL,2023-12-11,pending,Non-Compliant,2023-12-11 00:00:00,
PAY002991,EMP000190,CLI004044,BR,REG000199,269448,0,269448,BRL,2025-02-11,pending,Non-Compliant,2025-02-11 00:00:00,
PAY002992,EMP002777,CLI002723,CA,REG000911,887042,0,887042,CAD,2025-05-23,failed,Non-Compliant,2025-05-23 00:00:00,
PAY002993,EMP006705,CLI001083,BR,REG002443,680162,0,680162,BRL,2025-04-14,pending,Non-Compliant,2025-04-14 00:00:00,
PAY002994,EMP001452,CLI004410,DE,REG002963,147193,51518,95675,EUR,2024-11-16,pending,Non-Compliant,2024-11-16 00:00:00,
PAY002995,EMP002029,CLI000482,JP,REG002270,916473,0,916473,JPY,2024-09-15,completed,Compliant,2024-09-15 00:00:00,2024-09-15 01:53:56
PAY002996,EMP001744,CLI003517,FR,REG002176,362024,0,362024,EUR,2023-05-27,pending,Non-Compliant,2023-05-27 00:00:00,
PAY002997,EMP003621,CLI003008,US,REG001996,524783,199418,325365,USD,2024-11-04,pending,Non-Compliant,2024-11-04 00:00:00,
PAY002998,EMP006991,CLI002584,AU,REG001004,948249,0,948249,AUD,2025-03-19,pending,Non-Compliant,2025-03-19 00:00:00,
PAY002999,EMP002034,CLI004045,AU,REG001262,728849,0,728849,AUD,2025-03-26,failed,Non-Compliant,2025-03-26 00:00:00,
PAY003000,EMP002330,CLI004067,DE,REG001006,940675,0,940675,EUR,2023-07-17,failed,Non-Compliant,2023-07-17 00:00:00,
PAY003001,EMP000008,CLI000366,JP,REG002914,253702,25370,228332,JPY,2023-11-27,completed,Compliant,2023-11-27 00:00:00,2023-11-27 00:58:14
PAY003002,EMP006246,CLI000017,IN,REG000113,543322,70632,472690,INR,2024-08-09,completed,Compliant,2024-08-09 00:00:00,2024-08-09 00:16:08
PAY003003,EMP000947,CLI000045,AU,REG000003,670611,0,670611,AUD,2024-12-07,completed,Compliant,2024-12-07 00:00:00,2024-12-07 01:37:27
PAY003004,EMP004118,CLI003317,BR,REG000763,331375,66275,265100,BRL,2024-06-14,completed,Compliant,2024-06-14 00:00:00,2024-06-14 00:17:02
PAY003005,EMP000078,CLI004006,UK,REG000111,517634,0,517634,GBP,2023-10-20,failed,Non-Compliant,2023-10-20 00:00:00,
PAY003006,EMP005769,CLI002896,JP,REG002915,825976,264312,561664,JPY,2025-05-05,failed,Non-Compliant,2025-05-05 00:00:00,
PAY003007,EMP000932,CLI000151,ZA,REG001874,175931,0,175931,ZAR,2024-10-14,pending,Non-Compliant,2024-10-14 00:00:00,
PAY003008,EMP004085,CLI004908,CA,REG001923,381187,0,381187,CAD,2023-07-11,pending,Non-Compliant,2023-07-11 00:00:00,
PAY003009,EMP000393,CLI003265,JP,REG001666,805669,0,805669,JPY,2024-04-14,completed,Compliant,2024-04-14 00:00:00,2024-04-14 00:38:56
PAY003010,EMP005877,CLI001157,ZA,REG000353,962749,115530,847219,ZAR,2023-10-04,pending,Non-Compliant,2023-10-04 00:00:00,
PAY003011,EMP001025,CLI003636,CA,REG000782,720836,0,720836,CAD,2023-11-28,pending,Non-Compliant,2023-11-28 00:00:00,
PAY003012,EMP001083,CLI000308,JP,REG002446,116789,0,116789,JPY,2023-12-04,completed,Compliant,2023-12-04 00:00:00,2023-12-04 00:36:37
PAY003013,EMP001387,CLI002476,IN,REG002091,771100,0,771100,INR,2025-05-19,completed,Compliant,2025-05-19 00:00:00,2025-05-19 00:26:31
PAY003014,EMP006974,CLI004790,CA,REG001991,748928,134807,614121,CAD,2024-08-22,pending,Non-Compliant,2024-08-22 00:00:00,
PAY003015,EMP001164,CLI002597,JP,REG000461,577361,207850,369511,JPY,2023-06-06,failed,Non-Compliant,2023-06-06 00:00:00,
PAY003016,EMP003138,CLI002049,US,REG002834,827471,0,827471,USD,2025-03-19,failed,Non-Compliant,2025-03-19 00:00:00,
PAY003017,EMP005118,CLI002248,US,REG001221,701808,0,701808,USD,2024-05-23,completed,Compliant,2024-05-23 00:00:00,2024-05-23 00:57:17
PAY003018,EMP002885,CLI004360,AU,REG000960,967050,0,967050,AUD,2023-07-18,failed,Non-Compliant,2023-07-18 00:00:00,
PAY003019,EMP000349,CLI003363,JP,REG001058,586986,58699,528287,JPY,2025-03-11,completed,Compliant,2025-03-11 00:00:00,2025-03-11 01:09:26
PAY003020,EMP000690,CLI001839,ZA,REG001411,329515,0,329515,ZAR,2024-02-07,pending,Non-Compliant,2024-02-07 00:00:00,
PAY003021,EMP005485,CLI000303,UK,REG002231,439968,0,439968,GBP,2024-01-31,completed,Compliant,2024-01-31 00:00:00,2024-01-31 01:19:26
PAY003022,EMP005082,CLI002780,JP,REG000320,396359,0,396359,JPY,2024-07-11,failed,Non-Compliant,2024-07-11 00:00:00,
PAY003023,EMP001824,CLI003214,IN,REG002440,375364,0,375364,INR,2024-10-27,failed,Non-Compliant,2024-10-27 00:00:00,
PAY003024,EMP006174,CLI002088,BR,REG001069,575765,0,575765,BRL,2024-02-03,completed,Compliant,2024-02-03 00:00:00,2024-02-03 00:30:50
PAY003025,EMP001472,CLI004863,CA,REG002717,111726,0,111726,CAD,2023-08-10,completed,Compliant,2023-08-10 00:00:00,2023-08-10 00:38:33
PAY003026,EMP001359,CLI002800,BR,REG002718,943150,0,943150,BRL,2024-05-25,failed,Non-Compliant,2024-05-25 00:00:00,
PAY003027,EMP001286,CLI000642,AU,REG000987,459545,68932,390613,AUD,2024-04-20,pending,Non-Compliant,2024-04-20 00:00:00,
PAY003028,EMP002599,CLI004029,US,REG000277,200226,0,200226,USD,2023-09-01,completed,Compliant,2023-09-01 00:00:00,2023-09-01 01:38:49
PAY003029,EMP003303,CLI003349,CA,REG000021,938241,0,938241,CAD,2024-02-08,failed,Non-Compliant,2024-02-08 00:00:00,
PAY003030,EMP000362,CLI002599,ZA,REG000412,440285,154100,286185,ZAR,2024-07-14,completed,Compliant,2024-07-14 00:00:00,2024-07-14 01:47:43
PAY003031,EMP004142,CLI001311,CA,REG002936,551834,0,551834,CAD,2023-08-16,pending,Non-Compliant,2023-08-16 00:00:00,
PAY003032,EMP005780,CLI002953,CA,REG001490,761543,167539,594004,CAD,2023-12-26,completed,Compliant,2023-12-26 00:00:00,2023-12-26 01:42:37
PAY003033,EMP004524,CLI002700,IN,REG000695,296679,0,296679,INR,2024-03-28,failed,Non-Compliant,2024-03-28 00:00:00,
PAY003034,EMP002052,CLI002413,BR,REG000203,693127,0,693127,BRL,2025-01-27,failed,Non-Compliant,2025-01-27 00:00:00,
PAY003035,EMP005128,CLI004509,UK,REG001711,720477,115276,605201,GBP,2024-09-09,completed,Compliant,2024-09-09 00:00:00,2024-09-09 01:46:28
PAY003036,EMP003271,CLI001626,UK,REG001057,895222,349137,546085,GBP,2025-05-05,failed,Non-Compliant,2025-05-05 00:00:00,
PAY003037,EMP006115,CLI003195,IN,REG001257,982081,0,982081,INR,2025-05-25,pending,Non-Compliant,2025-05-25 00:00:00,
PAY003038,EMP004937,CLI002109,US,REG000088,207823,41565,166258,USD,2024-05-19,failed,Non-Compliant,2024-05-19 00:00:00,
PAY003039,EMP002410,CLI000356,DE,REG002896,452172,90434,361738,EUR,2025-03-13,failed,Non-Compliant,2025-03-13 00:00:00,
PAY003040,EMP001125,CLI002709,DE,REG002872,463984,0,463984,EUR,2024-02-03,failed,Non-Compliant,2024-02-03 00:00:00,
PAY003041,EMP001844,CLI001826,DE,REG000934,600304,0,600304,EUR,2025-05-07,failed,Non-Compliant,2025-05-07 00:00:00,
PAY003042,EMP000628,CLI000181,CA,REG001687,942007,103621,838386,CAD,2023-09-01,failed,Non-Compliant,2023-09-01 00:00:00,
PAY003043,EMP003927,CLI000855,US,REG000074,902826,279876,622950,USD,2024-03-25,pending,Non-Compliant,2024-03-25 00:00:00,
PAY003044,EMP005062,CLI004064,US,REG000184,734918,0,734918,USD,2024-06-13,pending,Non-Compliant,2024-06-13 00:00:00,
PAY003045,EMP004230,CLI001850,DE,REG002060,168132,0,168132,EUR,2024-07-18,completed,Compliant,2024-07-18 00:00:00,2024-07-18 00:13:04
PAY003046,EMP001955,CLI004965,UK,REG001442,163395,42483,120912,GBP,2023-09-28,pending,Non-Compliant,2023-09-28 00:00:00,
PAY003047,EMP004323,CLI002060,CA,REG000677,992606,0,992606,CAD,2024-10-12,failed,Non-Compliant,2024-10-12 00:00:00,
PAY003048,EMP002843,CLI004064,UK,REG001425,557157,0,557157,GBP,2025-03-19,completed,Compliant,2025-03-19 00:00:00,2025-03-19 00:28:44
PAY003049,EMP004588,CLI002519,US,REG002730,373887,0,373887,USD,2024-11-04,completed,Compliant,2024-11-04 00:00:00,2024-11-04 01:02:02
PAY003050,EMP001185,CLI001821,AU,REG001683,512071,153621,358450,AUD,2024-03-15,completed,Compliant,2024-03-15 00:00:00,2024-03-15 01:50:18
PAY003051,EMP004311,CLI000487,DE,REG000699,838702,184514,654188,EUR,2024-06-05,completed,Compliant,2024-06-05 00:00:00,2024-06-05 01:13:49
PAY003052,EMP005327,CLI003663,US,REG000214,557526,0,557526,USD,2023-09-10,pending,Non-Compliant,2023-09-10 00:00:00,
PAY003053,EMP003657,CLI002628,UK,REG001707,100528,0,100528,GBP,2024-11-03,pending,Non-Compliant,2024-11-03 00:00:00,
PAY003054,EMP001557,CLI003143,UK,REG001628,815884,0,815884,GBP,2024-08-16,pending,Non-Compliant,2024-08-16 00:00:00,
PAY003055,EMP005840,CLI003705,IN,REG000329,297952,0,297952,INR,2024-01-04,failed,Non-Compliant,2024-01-04 00:00:00,
PAY003056,EMP001711,CLI001480,UK,REG001153,161166,0,161166,GBP,2024-10-26,pending,Non-Compliant,2024-10-26 00:00:00,
PAY003057,EMP002074,CLI002918,CA,REG002271,176082,22891,153191,CAD,2023-11-18,pending,Non-Compliant,2023-11-18 00:00:00,
PAY003058,EMP006262,CLI001227,DE,REG000430,761126,0,761126,EUR,2024-03-02,pending,Non-Compliant,2024-03-02 00:00:00,
PAY003059,EMP005044,CLI000527,CA,REG001535,474169,0,474169,CAD,2023-08-12,pending,Non-Compliant,2023-08-12 00:00:00,
PAY003060,EMP005253,CLI001280,CA,REG001310,892872,303576,589296,CAD,2024-06-24,failed,Non-Compliant,2024-06-24 00:00:00,
PAY003061,EMP005729,CLI002471,AU,REG001272,317869,0,317869,AUD,2024-09-30,failed,Non-Compliant,2024-09-30 00:00:00,
PAY003062,EMP004470,CLI003683,AU,REG001663,499253,0,499253,AUD,2024-01-15,completed,Compliant,2024-01-15 00:00:00,2024-01-15 00:24:28
PAY003063,EMP005580,CLI001662,UK,REG001828,545910,0,545910,GBP,2025-05-09,failed,Non-Compliant,2025-05-09 00:00:00,
PAY003064,EMP000492,CLI000241,ZA,REG001802,334389,0,334389,ZAR,2024-06-20,completed,Compliant,2024-06-20 00:00:00,2024-06-20 01:50:01
PAY003065,EMP000655,CLI000704,IN,REG002546,329425,0,329425,INR,2024-09-21,failed,Non-Compliant,2024-09-21 00:00:00,
PAY003066,EMP004878,CLI000493,ZA,REG001792,123086,17232,105854,ZAR,2023-10-16,pending,Non-Compliant,2023-10-16 00:00:00,
PAY003067,EMP000503,CLI004184,BR,REG000791,471087,70663,400424,BRL,2025-03-02,pending,Non-Compliant,2025-03-02 00:00:00,
PAY003068,EMP006472,CLI004919,AU,REG000987,397046,59557,337489,AUD,2023-06-23,failed,Non-Compliant,2023-06-23 00:00:00,
PAY003069,EMP005363,CLI004561,ZA,REG001999,501498,170509,330989,ZAR,2025-05-03,completed,Compliant,2025-05-03 00:00:00,2025-05-03 00:34:26
PAY003070,EMP003881,CLI002135,DE,REG002265,444183,0,444183,EUR,2025-05-24,pending,Non-Compliant,2025-05-24 00:00:00,
PAY003071,EMP000001,CLI000994,BR,REG000705,367895,0,367895,BRL,2025-05-11,completed,Compliant,2025-05-11 00:00:00,2025-05-11 01:59:43
PAY003072,EMP002319,CLI000053,FR,REG001735,897353,134603,762750,EUR,2024-01-02,completed,Compliant,2024-01-02 00:00:00,2024-01-02 00:57:30
PAY003073,EMP006386,CLI001338,IN,REG000654,682743,0,682743,INR,2024-12-08,failed,Non-Compliant,2024-12-08 00:00:00,
PAY003074,EMP003425,CLI002800,IN,REG001944,794358,0,794358,INR,2025-03-28,failed,Non-Compliant,2025-03-28 00:00:00,
PAY003075,EMP001481,CLI002965,CA,REG002702,921778,258098,663680,CAD,2025-01-04,completed,Compliant,2025-01-04 00:00:00,2025-01-04 00:48:55
PAY003076,EMP003182,CLI002062,IN,REG000916,432851,0,432851,INR,2024-05-21,pending,Non-Compliant,2024-05-21 00:00:00,
PAY003077,EMP002793,CLI004179,IN,REG001307,310928,74623,236305,INR,2025-05-22,completed,Compliant,2025-05-22 00:00:00,2025-05-22 00:40:46
PAY003078,EMP006193,CLI002932,FR,REG002795,644551,0,644551,EUR,2023-09-13,completed,Compliant,2023-09-13 00:00:00,2023-09-13 00:47:11
PAY003079,EMP002697,CLI001388,DE,REG001156,691032,96744,594288,EUR,2024-07-20,pending,Non-Compliant,2024-07-20 00:00:00,
PAY003080,EMP001484,CLI000275,IN,REG000270,335803,0,335803,INR,2023-08-25,failed,Non-Compliant,2023-08-25 00:00:00,
PAY003081,EMP002717,CLI003258,IN,REG001291,545388,0,545388,INR,2024-05-19,pending,Non-Compliant,2024-05-19 00:00:00,
PAY003082,EMP002933,CLI004999,UK,REG002551,728471,0,728471,GBP,2024-10-09,failed,Non-Compliant,2024-10-09 00:00:00,
PAY003083,EMP005419,CLI003837,IN,REG000049,950380,0,950380,INR,2024-05-15,completed,Compliant,2024-05-15 00:00:00,2024-05-15 01:29:04
PAY003084,EMP003154,CLI001966,ZA,REG002862,851339,323509,527830,ZAR,2024-09-18,completed,Compliant,2024-09-18 00:00:00,2024-09-18 00:13:07
PAY003085,EMP004189,CLI001202,ZA,REG002495,914230,0,914230,ZAR,2023-12-15,pending,Non-Compliant,2023-12-15 00:00:00,
PAY003086,EMP004255,CLI004241,FR,REG002291,866160,0,866160,EUR,2024-09-07,completed,Compliant,2024-09-07 00:00:00,2024-09-07 00:46:16
PAY003087,EMP001911,CLI002183,IN,REG001383,975163,0,975163,INR,2024-03-07,failed,Non-Compliant,2024-03-07 00:00:00,
PAY003088,EMP001840,CLI003818,US,REG000103,840672,285828,554844,USD,2024-03-11,completed,Compliant,2024-03-11 00:00:00,2024-03-11 01:16:40
PAY003089,EMP005872,CLI002214,FR,REG001220,386128,69503,316625,EUR,2023-07-03,failed,Non-Compliant,2023-07-03 00:00:00,
PAY003090,EMP006940,CLI002126,UK,REG000943,154619,0,154619,GBP,2025-04-20,pending,Non-Compliant,2025-04-20 00:00:00,
PAY003091,EMP006718,CLI004302,AU,REG002864,371389,0,371389,AUD,2025-05-01,completed,Compliant,2025-05-01 00:00:00,2025-05-01 00:54:22
PAY003092,EMP003155,CLI004570,ZA,REG002956,740121,103617,636504,ZAR,2024-12-19,failed,Non-Compliant,2024-12-19 00:00:00,
PAY003093,EMP005212,CLI001633,ZA,REG002917,585337,99507,485830,ZAR,2024-07-28,completed,Compliant,2024-07-28 00:00:00,2024-07-28 00:57:28
PAY003094,EMP006887,CLI001356,IN,REG001265,256689,64172,192517,INR,2024-01-04,failed,Non-Compliant,2024-01-04 00:00:00,
PAY003095,EMP002517,CLI002875,JP,REG002494,193240,0,193240,JPY,2025-03-22,pending,Non-Compliant,2025-03-22 00:00:00,
PAY003096,EMP003648,CLI000696,BR,REG002492,532383,0,532383,BRL,2024-07-23,completed,Compliant,2024-07-23 00:00:00,2024-07-23 01:53:29
PAY003097,EMP002796,CLI000532,ZA,REG001907,855007,0,855007,ZAR,2023-07-16,completed,Compliant,2023-07-16 00:00:00,2023-07-16 00:52:01
PAY003098,EMP006066,CLI000702,CA,REG002333,440277,0,440277,CAD,2024-04-07,completed,Compliant,2024-04-07 00:00:00,2024-04-07 01:00:00
PAY003099,EMP001921,CLI000516,FR,REG002604,545721,54572,491149,EUR,2023-10-05,failed,Non-Compliant,2023-10-05 00:00:00,
PAY003100,EMP002390,CLI001765,JP,REG000142,675827,0,675827,JPY,2025-02-25,failed,Non-Compliant,2025-02-25 00:00:00,
PAY003101,EMP000617,CLI003258,ZA,REG002641,859132,0,859132,ZAR,2023-08-12,failed,Non-Compliant,2023-08-12 00:00:00,
PAY003102,EMP003482,CLI001389,US,REG002237,208259,0,208259,USD,2024-08-09,failed,Non-Compliant,2024-08-09 00:00:00,
PAY003103,EMP002545,CLI004282,UK,REG002001,751942,0,751942,GBP,2024-06-19,failed,Non-Compliant,2024-06-19 00:00:00,
PAY003104,EMP005922,CLI003221,JP,REG002446,891902,0,891902,JPY,2025-01-13,pending,Non-Compliant,2025-01-13 00:00:00,
PAY003105,EMP001411,CLI002556,UK,REG000464,224755,0,224755,GBP,2023-07-30,failed,Non-Compliant,2023-07-30 00:00:00,
PAY003106,EMP003804,CLI001031,FR,REG002777,666997,140069,526928,EUR,2024-12-11,failed,Non-Compliant,2024-12-11 00:00:00,
PAY003107,EMP002110,CLI004522,BR,REG002779,687028,0,687028,BRL,2025-05-11,pending,Non-Compliant,2025-05-11 00:00:00,
PAY003108,EMP003470,CLI003214,FR,REG002257,988212,0,988212,EUR,2023-12-05,completed,Compliant,2023-12-05 00:00:00,2023-12-05 00:57:58
PAY003109,EMP006898,CLI004675,JP,REG002527,674079,256150,417929,JPY,2023-08-22,completed,Compliant,2023-08-22 00:00:00,2023-08-22 01:05:08
PAY003110,EMP002943,CLI003736,ZA,REG002163,226849,0,226849,ZAR,2024-03-19,failed,Non-Compliant,2024-03-19 00:00:00,
PAY003111,EMP004397,CLI002584,ZA,REG001756,255280,0,255280,ZAR,2025-05-15,failed,Non-Compliant,2025-05-15 00:00:00,
PAY003112,EMP001239,CLI000212,DE,REG002848,149645,0,149645,EUR,2023-07-29,failed,Non-Compliant,2023-07-29 00:00:00,
PAY003113,EMP006431,CLI001824,BR,REG000947,782619,258264,524355,BRL,2024-06-18,pending,Non-Compliant,2024-06-18 00:00:00,
PAY003114,EMP006367,CLI002342,DE,REG002115,326021,0,326021,EUR,2024-06-12,completed,Compliant,2024-06-12 00:00:00,2024-06-12 00:36:42
PAY003115,EMP003918,CLI001521,FR,REG000504,411276,0,411276,EUR,2025-05-04,completed,Compliant,2025-05-04 00:00:00,2025-05-04 00:41:53
PAY003116,EMP001480,CLI004634,FR,REG000377,201946,60584,141362,EUR,2023-11-02,failed,Non-Compliant,2023-11-02 00:00:00,
PAY003117,EMP002729,CLI004945,BR,REG000432,182871,0,182871,BRL,2024-07-14,pending,Non-Compliant,2024-07-14 00:00:00,
PAY003118,EMP000015,CLI003501,BR,REG002445,491306,181783,309523,BRL,2023-08-03,completed,Compliant,2023-08-03 00:00:00,2023-08-03 00:59:49
PAY003119,EMP005467,CLI003204,US,REG001117,288579,0,288579,USD,2023-10-14,completed,Compliant,2023-10-14 00:00:00,2023-10-14 01:36:26
PAY003120,EMP002439,CLI002424,BR,REG001546,598183,0,598183,BRL,2024-04-05,completed,Compliant,2024-04-05 00:00:00,2024-04-05 00:28:01
PAY003121,EMP001321,CLI001826,FR,REG001746,988947,118674,870273,EUR,2025-02-04,pending,Non-Compliant,2025-02-04 00:00:00,
PAY003122,EMP002955,CLI001432,JP,REG001440,724929,0,724929,JPY,2023-10-16,completed,Compliant,2023-10-16 00:00:00,2023-10-16 01:30:06
PAY003123,EMP006679,CLI002456,UK,REG000541,190209,32336,157873,GBP,2023-06-20,completed,Compliant,2023-06-20 00:00:00,2023-06-20 00:44:27
PAY003124,EMP005718,CLI004880,AU,REG001965,394755,0,394755,AUD,2024-06-05,pending,Non-Compliant,2024-06-05 00:00:00,
PAY003125,EMP000565,CLI004958,BR,REG001458,629887,0,629887,BRL,2024-09-23,failed,Non-Compliant,2024-09-23 00:00:00,
PAY003126,EMP002934,CLI000780,JP,REG002557,138050,0,138050,JPY,2024-12-12,pending,Non-Compliant,2024-12-12 00:00:00,
PAY003127,EMP005758,CLI001031,FR,REG002413,424338,169735,254603,EUR,2024-09-23,completed,Compliant,2024-09-23 00:00:00,2024-09-23 01:06:44
PAY003128,EMP003028,CLI002177,ZA,REG002569,267949,0,267949,ZAR,2023-10-02,completed,Compliant,2023-10-02 00:00:00,2023-10-02 00:13:38
PAY003129,EMP006566,CLI003181,BR,REG001069,375955,0,375955,BRL,2023-12-09,pending,Non-Compliant,2023-12-09 00:00:00,
PAY003130,EMP006591,CLI004180,ZA,REG000920,887312,248447,638865,ZAR,2024-10-26,pending,Non-Compliant,2024-10-26 00:00:00,
PAY003131,EMP004223,CLI001927,BR,REG001160,550497,209189,341308,BRL,2025-02-12,pending,Non-Compliant,2025-02-12 00:00:00,
PAY003132,EMP003435,CLI002534,FR,REG001542,380711,0,380711,EUR,2024-09-02,failed,Non-Compliant,2024-09-02 00:00:00,
PAY003133,EMP004747,CLI001589,US,REG002692,127322,29284,98038,USD,2023-07-05,completed,Compliant,2023-07-05 00:00:00,2023-07-05 00:52:02
PAY003134,EMP006157,CLI001580,CA,REG000596,873492,296987,576505,CAD,2024-05-26,pending,Non-Compliant,2024-05-26 00:00:00,
PAY003135,EMP004624,CLI000188,UK,REG000740,124409,0,124409,GBP,2024-09-30,failed,Non-Compliant,2024-09-30 00:00:00,
PAY003136,EMP002250,CLI004995,US,REG000780,365074,0,365074,USD,2025-03-20,failed,Non-Compliant,2025-03-20 00:00:00,
PAY003137,EMP001148,CLI003660,BR,REG000399,652785,0,652785,BRL,2024-08-10,completed,Compliant,2024-08-10 00:00:00,2024-08-10 00:25:56
PAY003138,EMP002151,CLI002795,AU,REG001054,785091,0,785091,AUD,2023-11-11,failed,Non-Compliant,2023-11-11 00:00:00,
PAY003139,EMP000410,CLI004435,JP,REG002446,697331,0,697331,JPY,2024-03-30,failed,Non-Compliant,2024-03-30 00:00:00,
PAY003140,EMP001388,CLI001696,BR,REG000339,621124,0,621124,BRL,2024-07-14,failed,Non-Compliant,2024-07-14 00:00:00,
PAY003141,EMP004117,CLI000151,CA,REG002306,887367,0,887367,CAD,2023-11-21,completed,Compliant,2023-11-21 00:00:00,2023-11-21 00:16:46
PAY003142,EMP001765,CLI001572,ZA,REG002415,750966,0,750966,ZAR,2025-01-24,completed,Compliant,2025-01-24 00:00:00,2025-01-24 01:16:08
PAY003143,EMP004812,CLI003010,JP,REG000236,432173,90756,341417,JPY,2025-01-31,completed,Compliant,2025-01-31 00:00:00,2025-01-31 00:06:17
PAY003144,EMP005092,CLI003488,UK,REG001780,541064,0,541064,GBP,2024-02-18,pending,Non-Compliant,2024-02-18 00:00:00,
PAY003145,EMP000644,CLI000498,FR,REG002209,988854,0,988854,EUR,2023-07-13,failed,Non-Compliant,2023-07-13 00:00:00,
PAY003146,EMP005923,CLI001945,AU,REG001865,130993,45848,85145,AUD,2024-09-14,failed,Non-Compliant,2024-09-14 00:00:00,
PAY003147,EMP000312,CLI000252,US,REG001786,970230,0,970230,USD,2025-02-21,failed,Non-Compliant,2025-02-21 00:00:00,
PAY003148,EMP000050,CLI002212,ZA,REG001512,984657,0,984657,ZAR,2024-10-16,failed,Non-Compliant,2024-10-16 00:00:00,
PAY003149,EMP003440,CLI001643,IN,REG002735,171320,0,171320,INR,2023-10-23,completed,Compliant,2023-10-23 00:00:00,2023-10-23 01:25:53
PAY003150,EMP000970,CLI002930,US,REG001598,925888,0,925888,USD,2024-07-15,completed,Compliant,2024-07-15 00:00:00,2024-07-15 00:53:27
PAY003151,EMP004043,CLI000882,DE,REG001273,267189,74813,192376,EUR,2024-04-30,completed,Compliant,2024-04-30 00:00:00,2024-04-30 01:29:50
PAY003152,EMP000980,CLI001065,AU,REG001664,616885,0,616885,AUD,2025-05-22,pending,Non-Compliant,2025-05-22 00:00:00,
PAY003153,EMP004734,CLI000882,BR,REG000410,526579,0,526579,BRL,2024-10-08,failed,Non-Compliant,2024-10-08 00:00:00,
PAY003154,EMP004885,CLI000386,IN,REG002089,819393,0,819393,INR,2023-06-11,failed,Non-Compliant,2023-06-11 00:00:00,
PAY003155,EMP004933,CLI003410,UK,REG000420,441348,0,441348,GBP,2023-11-22,completed,Compliant,2023-11-22 00:00:00,2023-11-22 00:13:30
PAY003156,EMP002596,CLI004701,BR,REG000689,917891,0,917891,BRL,2024-07-02,completed,Compliant,2024-07-02 00:00:00,2024-07-02 01:40:15
PAY003157,EMP002479,CLI003259,AU,REG002909,283586,42538,241048,AUD,2023-07-10,failed,Non-Compliant,2023-07-10 00:00:00,
PAY003158,EMP000205,CLI003445,CA,REG002702,900868,252243,648625,CAD,2024-09-27,completed,Compliant,2024-09-27 00:00:00,2024-09-27 01:58:31
PAY003159,EMP006754,CLI001775,FR,REG002585,196673,45235,151438,EUR,2025-02-20,completed,Compliant,2025-02-20 00:00:00,2025-02-20 00:15:22
PAY003160,EMP006077,CLI004984,IN,REG002243,661661,0,661661,INR,2023-08-21,completed,Compliant,2023-08-21 00:00:00,2023-08-21 00:39:18
PAY003161,EMP002452,CLI001602,BR,REG001873,860167,0,860167,BRL,2024-08-02,failed,Non-Compliant,2024-08-02 00:00:00,
PAY003162,EMP005367,CLI001033,ZA,REG001302,543611,0,543611,ZAR,2025-03-29,failed,Non-Compliant,2025-03-29 00:00:00,
PAY003163,EMP000481,CLI000954,UK,REG000009,472648,0,472648,GBP,2025-03-28,failed,Non-Compliant,2025-03-28 00:00:00,
PAY003164,EMP003044,CLI000237,UK,REG001065,281315,0,281315,GBP,2024-09-02,pending,Non-Compliant,2024-09-02 00:00:00,
PAY003165,EMP002939,CLI003539,ZA,REG001078,814948,0,814948,ZAR,2025-03-18,completed,Compliant,2025-03-18 00:00:00,2025-03-18 00:45:13
PAY003166,EMP006103,CLI004592,ZA,REG000847,709443,0,709443,ZAR,2025-03-16,pending,Non-Compliant,2025-03-16 00:00:00,
PAY003167,EMP004479,CLI004419,IN,REG002977,969608,0,969608,INR,2024-08-30,failed,Non-Compliant,2024-08-30 00:00:00,
PAY003168,EMP000142,CLI002168,IN,REG001559,545910,120100,425810,INR,2024-11-01,failed,Non-Compliant,2024-11-01 00:00:00,
PAY003169,EMP003373,CLI002707,UK,REG001442,895125,232732,662393,GBP,2024-04-07,failed,Non-Compliant,2024-04-07 00:00:00,
PAY003170,EMP002643,CLI001722,ZA,REG001619,714839,0,714839,ZAR,2023-08-25,completed,Compliant,2023-08-25 00:00:00,2023-08-25 01:11:00
PAY003171,EMP001335,CLI003690,FR,REG001437,859054,0,859054,EUR,2023-07-16,completed,Compliant,2023-07-16 00:00:00,2023-07-16 01:47:43
PAY003172,EMP006199,CLI001678,DE,REG001432,172497,0,172497,EUR,2024-12-12,completed,Compliant,2024-12-12 00:00:00,2024-12-12 01:18:59
PAY003173,EMP003027,CLI000012,UK,REG001066,188330,0,188330,GBP,2024-06-19,failed,Non-Compliant,2024-06-19 00:00:00,
PAY003174,EMP001920,CLI000602,DE,REG002453,798494,0,798494,EUR,2025-02-06,failed,Non-Compliant,2025-02-06 00:00:00,
PAY003175,EMP005682,CLI000217,AU,REG001918,547852,0,547852,AUD,2023-07-07,pending,Non-Compliant,2023-07-07 00:00:00,
PAY003176,EMP005115,CLI002721,ZA,REG001661,165255,0,165255,ZAR,2024-12-05,completed,Compliant,2024-12-05 00:00:00,2024-12-05 01:03:50
PAY003177,EMP005541,CLI000350,US,REG002691,577579,57758,519821,USD,2024-05-11,pending,Non-Compliant,2024-05-11 00:00:00,
PAY003178,EMP002139,CLI004832,US,REG001042,334386,0,334386,USD,2025-04-09,failed,Non-Compliant,2025-04-09 00:00:00,
PAY003179,EMP000114,CLI004350,JP,REG000204,709207,0,709207,JPY,2025-03-19,failed,Non-Compliant,2025-03-19 00:00:00,
PAY003180,EMP004808,CLI004422,BR,REG000728,796297,135370,660927,BRL,2025-03-27,pending,Non-Compliant,2025-03-27 00:00:00,
PAY003181,EMP006786,CLI001637,JP,REG001894,562530,123757,438773,JPY,2023-09-02,pending,Non-Compliant,2023-09-02 00:00:00,
PAY003182,EMP004986,CLI003704,AU,REG002938,272556,0,272556,AUD,2023-06-20,completed,Compliant,2023-06-20 00:00:00,2023-06-20 00:08:42
PAY003183,EMP003862,CLI004520,CA,REG000930,238064,0,238064,CAD,2024-07-06,completed,Compliant,2024-07-06 00:00:00,2024-07-06 00:47:59
PAY003184,EMP006472,CLI002505,AU,REG002984,610184,0,610184,AUD,2023-12-24,pending,Non-Compliant,2023-12-24 00:00:00,
PAY003185,EMP004254,CLI004263,IN,REG001922,722714,0,722714,INR,2024-05-13,completed,Compliant,2024-05-13 00:00:00,2024-05-13 00:58:05
PAY003186,EMP003758,CLI000183,US,REG002926,823403,296425,526978,USD,2023-11-25,completed,Compliant,2023-11-25 00:00:00,2023-11-25 00:35:13
PAY003187,EMP005921,CLI002242,BR,REG001747,688447,0,688447,BRL,2024-05-26,failed,Non-Compliant,2024-05-26 00:00:00,
PAY003188,EMP000116,CLI001988,UK,REG001628,769262,0,769262,GBP,2023-11-10,completed,Compliant,2023-11-10 00:00:00,2023-11-10 01:09:06
PAY003189,EMP005819,CLI000304,AU,REG001858,544840,65381,479459,AUD,2024-11-10,completed,Compliant,2024-11-10 00:00:00,2024-11-10 00:09:49
PAY003190,EMP002262,CLI000894,FR,REG002564,373978,112193,261785,EUR,2024-07-13,pending,Non-Compliant,2024-07-13 00:00:00,
PAY003191,EMP005928,CLI002054,AU,REG000652,273073,0,273073,AUD,2024-07-08,failed,Non-Compliant,2024-07-08 00:00:00,
PAY003192,EMP004147,CLI002665,JP,REG000528,887218,0,887218,JPY,2024-06-16,completed,Compliant,2024-06-16 00:00:00,2024-06-16 01:12:25
PAY003193,EMP001355,CLI004687,DE,REG001573,895678,0,895678,EUR,2025-05-21,pending,Non-Compliant,2025-05-21 00:00:00,
PAY003194,EMP003155,CLI003533,ZA,REG000701,857681,0,857681,ZAR,2024-06-23,pending,Non-Compliant,2024-06-23 00:00:00,
PAY003195,EMP000641,CLI001272,IN,REG001394,191015,32473,158542,INR,2024-06-25,pending,Non-Compliant,2024-06-25 00:00:00,
PAY003196,EMP005432,CLI000479,JP,REG002995,155121,0,155121,JPY,2025-04-03,pending,Non-Compliant,2025-04-03 00:00:00,
PAY003197,EMP005014,CLI002730,ZA,REG000917,216282,45419,170863,ZAR,2025-03-18,failed,Non-Compliant,2025-03-18 00:00:00,
PAY003198,EMP001193,CLI000906,IN,REG001265,546627,136657,409970,INR,2024-06-07,completed,Compliant,2024-06-07 00:00:00,2024-06-07 00:55:10
PAY003199,EMP000788,CLI001290,DE,REG001513,972570,0,972570,EUR,2024-05-22,failed,Non-Compliant,2024-05-22 00:00:00,
PAY003200,EMP002052,CLI002808,BR,REG000193,465601,0,465601,BRL,2024-12-02,failed,Non-Compliant,2024-12-02 00:00:00,
PAY003201,EMP006202,CLI000625,FR,REG000682,470194,164568,305626,EUR,2025-02-09,failed,Non-Compliant,2025-02-09 00:00:00,
PAY003202,EMP001079,CLI003382,IN,REG000627,836025,0,836025,INR,2025-04-16,pending,Non-Compliant,2025-04-16 00:00:00,
PAY003203,EMP005851,CLI000494,UK,REG002943,564638,141160,423478,GBP,2023-11-23,pending,Non-Compliant,2023-11-23 00:00:00,
PAY003204,EMP000015,CLI000187,BR,REG000399,248227,0,248227,BRL,2023-07-18,completed,Compliant,2023-07-18 00:00:00,2023-07-18 00:29:36
PAY003205,EMP001004,CLI003125,JP,REG002383,621733,0,621733,JPY,2023-08-09,pending,Non-Compliant,2023-08-09 00:00:00,
PAY003206,EMP002762,CLI003806,IN,REG002030,988253,0,988253,INR,2023-10-07,failed,Non-Compliant,2023-10-07 00:00:00,
PAY003207,EMP002013,CLI001574,UK,REG000968,593517,0,593517,GBP,2025-04-21,completed,Compliant,2025-04-21 00:00:00,2025-04-21 01:19:47
PAY003208,EMP003180,CLI001973,ZA,REG002364,189497,0,189497,ZAR,2023-09-16,pending,Non-Compliant,2023-09-16 00:00:00,
PAY003209,EMP002517,CLI001435,JP,REG001670,901836,207422,694414,JPY,2023-10-14,pending,Non-Compliant,2023-10-14 00:00:00,
PAY003210,EMP006569,CLI004937,JP,REG002857,774970,0,774970,JPY,2023-09-12,completed,Compliant,2023-09-12 00:00:00,2023-09-12 00:36:05
PAY003211,EMP005268,CLI004197,UK,REG000324,983263,0,983263,GBP,2023-11-08,pending,Non-Compliant,2023-11-08 00:00:00,
PAY003212,EMP005520,CLI003008,UK,REG000070,757108,280130,476978,GBP,2024-08-03,pending,Non-Compliant,2024-08-03 00:00:00,
PAY003213,EMP000060,CLI004451,JP,REG001586,572238,0,572238,JPY,2024-01-22,completed,Compliant,2024-01-22 00:00:00,2024-01-22 00:13:50
PAY003214,EMP001895,CLI001467,UK,REG002001,398223,0,398223,GBP,2024-11-16,completed,Compliant,2024-11-16 00:00:00,2024-11-16 00:56:48
PAY003215,EMP000702,CLI001515,FR,REG000128,551732,0,551732,EUR,2023-08-10,failed,Non-Compliant,2023-08-10 00:00:00,
PAY003216,EMP003824,CLI003053,BR,REG001436,958083,258682,699401,BRL,2024-05-22,completed,Compliant,2024-05-22 00:00:00,2024-05-22 01:40:56
PAY003217,EMP004775,CLI004690,BR,REG000402,767041,161079,605962,BRL,2024-12-05,pending,Non-Compliant,2024-12-05 00:00:00,
PAY003218,EMP004169,CLI000746,DE,REG000408,405615,0,405615,EUR,2023-06-07,pending,Non-Compliant,2023-06-07 00:00:00,
PAY003219,EMP004520,CLI003015,CA,REG001504,421560,0,421560,CAD,2024-02-27,failed,Non-Compliant,2024-02-27 00:00:00,
PAY003220,EMP001371,CLI002600,US,REG002281,322137,0,322137,USD,2024-05-04,pending,Non-Compliant,2024-05-04 00:00:00,
PAY003221,EMP001151,CLI002502,IN,REG000749,535522,0,535522,INR,2024-12-22,completed,Compliant,2024-12-22 00:00:00,2024-12-22 00:20:37
PAY003222,EMP001159,CLI001405,FR,REG001376,531591,186057,345534,EUR,2024-11-16,failed,Non-Compliant,2024-11-16 00:00:00,
PAY003223,EMP004640,CLI001269,US,REG002793,696839,236925,459914,USD,2024-02-15,completed,Compliant,2024-02-15 00:00:00,2024-02-15 00:08:34
PAY003224,EMP005056,CLI001411,FR,REG000419,936261,0,936261,EUR,2024-02-05,failed,Non-Compliant,2024-02-05 00:00:00,
PAY003225,EMP003145,CLI002152,BR,REG001546,688394,0,688394,BRL,2024-11-09,completed,Compliant,2024-11-09 00:00:00,2024-11-09 00:33:49
PAY003226,EMP001192,CLI004019,US,REG000137,662608,152400,510208,USD,2024-09-17,pending,Non-Compliant,2024-09-17 00:00:00,
PAY003227,EMP004224,CLI003110,DE,REG000538,196021,49005,147016,EUR,2023-10-28,completed,Compliant,2023-10-28 00:00:00,2023-10-28 00:47:22
PAY003228,EMP001123,CLI001134,JP,REG002120,154501,0,154501,JPY,2024-12-29,completed,Compliant,2024-12-29 00:00:00,2024-12-29 00:12:54
PAY003229,EMP002298,CLI001727,JP,REG000328,114097,0,114097,JPY,2024-02-13,completed,Compliant,2024-02-13 00:00:00,2024-02-13 00:19:11
PAY003230,EMP000539,CLI002518,US,REG001678,372131,0,372131,USD,2024-02-08,pending,Non-Compliant,2024-02-08 00:00:00,
PAY003231,EMP001514,CLI003916,FR,REG000458,323501,0,323501,EUR,2025-05-22,pending,Non-Compliant,2025-05-22 00:00:00,
PAY003232,EMP004113,CLI001131,FR,REG000135,402235,0,402235,EUR,2024-07-16,pending,Non-Compliant,2024-07-16 00:00:00,
PAY003233,EMP006053,CLI000192,IN,REG000725,969201,0,969201,INR,2024-08-08,pending,Non-Compliant,2024-08-08 00:00:00,
PAY003234,EMP005411,CLI002504,FR,REG000639,147767,0,147767,EUR,2023-06-08,pending,Non-Compliant,2023-06-08 00:00:00,
PAY003235,EMP004615,CLI003875,UK,REG002342,660655,0,660655,GBP,2024-04-11,pending,Non-Compliant,2024-04-11 00:00:00,
PAY003236,EMP005018,CLI002879,IN,REG002729,726248,0,726248,INR,2024-10-18,pending,Non-Compliant,2024-10-18 00:00:00,
PAY003237,EMP003300,CLI002504,FR,REG002866,683169,0,683169,EUR,2025-02-21,pending,Non-Compliant,2025-02-21 00:00:00,
PAY003238,EMP000637,CLI003559,IN,REG000335,412895,0,412895,INR,2023-11-02,completed,Compliant,2023-11-02 00:00:00,2023-11-02 01:43:22
PAY003239,EMP006441,CLI003700,CA,REG001390,660307,0,660307,CAD,2023-08-14,failed,Non-Compliant,2023-08-14 00:00:00,
PAY003240,EMP001375,CLI001783,BR,REG002443,462590,0,462590,BRL,2024-09-09,failed,Non-Compliant,2024-09-09 00:00:00,
PAY003241,EMP004626,CLI000328,ZA,REG001938,123660,0,123660,ZAR,2025-03-04,failed,Non-Compliant,2025-03-04 00:00:00,
PAY003242,EMP003628,CLI002573,JP,REG000545,654361,0,654361,JPY,2023-08-24,completed,Compliant,2023-08-24 00:00:00,2023-08-24 00:38:13
PAY003243,EMP000390,CLI000372,UK,REG001803,265613,0,265613,GBP,2023-07-07,failed,Non-Compliant,2023-07-07 00:00:00,
PAY003244,EMP000779,CLI003961,UK,REG000378,895923,0,895923,GBP,2024-09-30,completed,Compliant,2024-09-30 00:00:00,2024-09-30 01:35:52
PAY003245,EMP006672,CLI001053,IN,REG000030,353759,0,353759,INR,2024-07-02,failed,Non-Compliant,2024-07-02 00:00:00,
PAY003246,EMP005731,CLI001928,UK,REG001872,752479,150496,601983,GBP,2023-08-19,failed,Non-Compliant,2023-08-19 00:00:00,
PAY003247,EMP005316,CLI002494,CA,REG000635,787562,0,787562,CAD,2024-11-27,completed,Compliant,2024-11-27 00:00:00,2024-11-27 00:15:46
PAY003248,EMP001902,CLI000609,UK,REG001146,465653,0,465653,GBP,2024-07-17,completed,Compliant,2024-07-17 00:00:00,2024-07-17 01:57:22
PAY003249,EMP003533,CLI003863,FR,REG002045,876324,0,876324,EUR,2024-02-18,failed,Non-Compliant,2024-02-18 00:00:00,
PAY003250,EMP002518,CLI000324,BR,REG001530,623993,0,623993,BRL,2024-04-29,pending,Non-Compliant,2024-04-29 00:00:00,
PAY003251,EMP003995,CLI004751,UK,REG000640,643266,122221,521045,GBP,2025-03-10,completed,Compliant,2025-03-10 00:00:00,2025-03-10 01:06:05
PAY003252,EMP002707,CLI003716,FR,REG000384,205934,0,205934,EUR,2025-04-27,completed,Compliant,2025-04-27 00:00:00,2025-04-27 01:02:20
PAY003253,EMP001051,CLI001615,FR,REG001220,154026,27725,126301,EUR,2023-05-30,failed,Non-Compliant,2023-05-30 00:00:00,
PAY003254,EMP004052,CLI004225,ZA,REG000569,682464,0,682464,ZAR,2023-07-04,pending,Non-Compliant,2023-07-04 00:00:00,
PAY003255,EMP003282,CLI003303,DE,REG000090,462109,0,462109,EUR,2024-12-26,completed,Compliant,2024-12-26 00:00:00,2024-12-26 00:20:50
PAY003256,EMP001456,CLI004405,FR,REG001545,817292,0,817292,EUR,2025-02-19,pending,Non-Compliant,2025-02-19 00:00:00,
PAY003257,EMP005908,CLI004757,IN,REG001506,438694,0,438694,INR,2025-01-29,failed,Non-Compliant,2025-01-29 00:00:00,
PAY003258,EMP006968,CLI002303,CA,REG000930,162270,0,162270,CAD,2024-01-19,pending,Non-Compliant,2024-01-19 00:00:00,
PAY003259,EMP003782,CLI000211,IN,REG002928,411757,49411,362346,INR,2023-05-27,pending,Non-Compliant,2023-05-27 00:00:00,
PAY003260,EMP004252,CLI003764,ZA,REG000150,681522,81783,599739,ZAR,2023-10-29,pending,Non-Compliant,2023-10-29 00:00:00,
PAY003261,EMP005136,CLI004077,BR,REG000354,900075,0,900075,BRL,2024-11-11,completed,Compliant,2024-11-11 00:00:00,2024-11-11 01:39:23
PAY003262,EMP004330,CLI000402,UK,REG001313,376128,0,376128,GBP,2025-05-03,failed,Non-Compliant,2025-05-03 00:00:00,
PAY003263,EMP000495,CLI002133,CA,REG000710,538613,0,538613,CAD,2025-03-23,failed,Non-Compliant,2025-03-23 00:00:00,
PAY003264,EMP006339,CLI002262,FR,REG002547,329940,0,329940,EUR,2024-07-01,failed,Non-Compliant,2024-07-01 00:00:00,
PAY003265,EMP002513,CLI001678,UK,REG001207,646689,0,646689,GBP,2023-09-24,pending,Non-Compliant,2023-09-24 00:00:00,
PAY003266,EMP003326,CLI002347,JP,REG002242,961196,0,961196,JPY,2025-03-03,pending,Non-Compliant,2025-03-03 00:00:00,
PAY003267,EMP002535,CLI003756,AU,REG002875,807235,104941,702294,AUD,2024-08-19,pending,Non-Compliant,2024-08-19 00:00:00,
PAY003268,EMP000956,CLI003335,IN,REG000618,571623,0,571623,INR,2024-11-21,failed,Non-Compliant,2024-11-21 00:00:00,
PAY003269,EMP000555,CLI001804,FR,REG002596,765844,0,765844,EUR,2024-05-09,completed,Compliant,2024-05-09 00:00:00,2024-05-09 01:27:44
PAY003270,EMP002423,CLI003421,CA,REG002132,359402,0,359402,CAD,2024-03-16,pending,Non-Compliant,2024-03-16 00:00:00,
PAY003271,EMP003589,CLI001027,JP,REG002914,362516,36252,326264,JPY,2024-10-13,failed,Non-Compliant,2024-10-13 00:00:00,
PAY003272,EMP003791,CLI000838,US,REG001377,988905,0,988905,USD,2024-05-28,failed,Non-Compliant,2024-05-28 00:00:00,
PAY003273,EMP005247,CLI003402,AU,REG002738,194099,0,194099,AUD,2023-11-19,failed,Non-Compliant,2023-11-19 00:00:00,
PAY003274,EMP004059,CLI001749,UK,REG001665,208817,54292,154525,GBP,2025-02-24,pending,Non-Compliant,2025-02-24 00:00:00,
PAY003275,EMP006481,CLI002882,BR,REG001681,665083,0,665083,BRL,2023-09-03,pending,Non-Compliant,2023-09-03 00:00:00,
PAY003276,EMP002814,CLI000244,BR,REG002375,511095,0,511095,BRL,2023-08-23,failed,Non-Compliant,2023-08-23 00:00:00,
PAY003277,EMP005930,CLI000499,CA,REG002229,805317,0,805317,CAD,2024-08-24,failed,Non-Compliant,2024-08-24 00:00:00,
PAY003278,EMP003900,CLI002529,US,REG002417,149743,0,149743,USD,2024-10-12,failed,Non-Compliant,2024-10-12 00:00:00,
PAY003279,EMP005168,CLI000219,UK,REG001893,971840,0,971840,GBP,2023-12-06,pending,Non-Compliant,2023-12-06 00:00:00,
PAY003280,EMP000161,CLI002147,CA,REG000366,276256,0,276256,CAD,2024-08-28,pending,Non-Compliant,2024-08-28 00:00:00,
PAY003281,EMP000854,CLI002879,CA,REG000678,254880,81562,173318,CAD,2025-02-17,pending,Non-Compliant,2025-02-17 00:00:00,
PAY003282,EMP004814,CLI004540,ZA,REG000851,674483,0,674483,ZAR,2024-09-15,completed,Compliant,2024-09-15 00:00:00,2024-09-15 01:11:31
PAY003283,EMP002927,CLI002116,BR,REG001988,721587,86590,634997,BRL,2025-02-03,pending,Non-Compliant,2025-02-03 00:00:00,
PAY003284,EMP000428,CLI001331,ZA,REG001733,407737,0,407737,ZAR,2024-09-23,pending,Non-Compliant,2024-09-23 00:00:00,
PAY003285,EMP002674,CLI004356,BR,REG000557,522232,104446,417786,BRL,2025-03-18,pending,Non-Compliant,2025-03-18 00:00:00,
PAY003286,EMP002909,CLI003305,IN,REG002327,240412,0,240412,INR,2024-03-17,pending,Non-Compliant,2024-03-17 00:00:00,
PAY003287,EMP002523,CLI003586,FR,REG000785,342695,34270,308425,EUR,2025-01-29,failed,Non-Compliant,2025-01-29 00:00:00,
PAY003288,EMP002521,CLI001260,JP,REG000958,769970,0,769970,JPY,2023-09-23,failed,Non-Compliant,2023-09-23 00:00:00,
PAY003289,EMP000193,CLI003427,CA,REG000823,146159,39463,106696,CAD,2024-04-20,completed,Compliant,2024-04-20 00:00:00,2024-04-20 00:14:19
PAY003290,EMP002396,CLI001281,JP,REG002340,511848,0,511848,JPY,2025-02-16,completed,Compliant,2025-02-16 00:00:00,2025-02-16 00:48:51
PAY003291,EMP005849,CLI002282,US,REG000235,196168,68659,127509,USD,2024-09-25,failed,Non-Compliant,2024-09-25 00:00:00,
PAY003292,EMP004206,CLI003368,DE,REG002205,142389,0,142389,EUR,2023-06-22,pending,Non-Compliant,2023-06-22 00:00:00,
PAY003293,EMP003697,CLI000274,UK,REG001207,253217,0,253217,GBP,2023-10-13,pending,Non-Compliant,2023-10-13 00:00:00,
PAY003294,EMP000450,CLI002805,JP,REG001381,976818,195364,781454,JPY,2024-07-27,completed,Compliant,2024-07-27 00:00:00,2024-07-27 01:29:46
PAY003295,EMP003192,CLI000008,DE,REG002969,810298,0,810298,EUR,2024-06-21,completed,Compliant,2024-06-21 00:00:00,2024-06-21 00:12:45
PAY003296,EMP003460,CLI000929,US,REG001927,457265,0,457265,USD,2024-01-27,completed,Compliant,2024-01-27 00:00:00,2024-01-27 01:10:48
PAY003297,EMP005513,CLI002232,JP,REG001959,567853,119249,448604,JPY,2024-11-16,failed,Non-Compliant,2024-11-16 00:00:00,
PAY003298,EMP005484,CLI002165,ZA,REG001606,295679,0,295679,ZAR,2024-08-29,completed,Compliant,2024-08-29 00:00:00,2024-08-29 00:34:30
PAY003299,EMP000591,CLI000272,FR,REG000556,124528,41094,83434,EUR,2024-11-01,failed,Non-Compliant,2024-11-01 00:00:00,
PAY003300,EMP006510,CLI003308,IN,REG000884,583992,0,583992,INR,2023-06-29,completed,Compliant,2023-06-29 00:00:00,2023-06-29 00:48:47
PAY003301,EMP006117,CLI003374,FR,REG000174,152629,29000,123629,EUR,2025-01-26,pending,Non-Compliant,2025-01-26 00:00:00,
PAY003302,EMP001177,CLI003819,JP,REG001440,186932,0,186932,JPY,2023-06-09,completed,Compliant,2023-06-09 00:00:00,2023-06-09 00:47:20
PAY003303,EMP002580,CLI004835,FR,REG000637,438677,0,438677,EUR,2024-12-03,failed,Non-Compliant,2024-12-03 00:00:00,
PAY003304,EMP006493,CLI002763,UK,REG000949,466970,102733,364237,GBP,2023-08-24,failed,Non-Compliant,2023-08-24 00:00:00,
PAY003305,EMP004284,CLI002216,UK,REG002162,310920,0,310920,GBP,2023-11-14,pending,Non-Compliant,2023-11-14 00:00:00,
PAY003306,EMP005560,CLI001470,JP,REG001260,908941,118162,790779,JPY,2024-01-08,pending,Non-Compliant,2024-01-08 00:00:00,
PAY003307,EMP000268,CLI000370,AU,REG002625,911875,0,911875,AUD,2025-05-09,completed,Compliant,2025-05-09 00:00:00,2025-05-09 00:30:44
PAY003308,EMP003730,CLI002079,UK,REG002314,249372,34912,214460,GBP,2024-12-09,completed,Compliant,2024-12-09 00:00:00,2024-12-09 01:10:00
PAY003309,EMP005061,CLI003278,AU,REG001615,609770,0,609770,AUD,2024-03-05,failed,Non-Compliant,2024-03-05 00:00:00,
PAY003310,EMP003986,CLI000672,BR,REG001468,586663,0,586663,BRL,2023-11-29,completed,Compliant,2023-11-29 00:00:00,2023-11-29 00:51:19
PAY003311,EMP003982,CLI004340,DE,REG001899,677032,0,677032,EUR,2023-10-25,failed,Non-Compliant,2023-10-25 00:00:00,
PAY003312,EMP003688,CLI004226,CA,REG000954,786682,94402,692280,CAD,2025-03-17,failed,Non-Compliant,2025-03-17 00:00:00,
PAY003313,EMP000469,CLI002867,DE,REG000622,157366,0,157366,EUR,2025-03-07,completed,Compliant,2025-03-07 00:00:00,2025-03-07 00:29:34
PAY003314,EMP001410,CLI002982,FR,REG002810,950482,0,950482,EUR,2024-06-06,completed,Compliant,2024-06-06 00:00:00,2024-06-06 01:06:23
PAY003315,EMP001346,CLI002209,JP,REG000849,518912,0,518912,JPY,2023-10-20,completed,Compliant,2023-10-20 00:00:00,2023-10-20 00:44:14
PAY003316,EMP002347,CLI001532,AU,REG002774,457780,178534,279246,AUD,2023-06-16,completed,Compliant,2023-06-16 00:00:00,2023-06-16 00:33:37
PAY003317,EMP002162,CLI003269,BR,REG001413,713138,242467,470671,BRL,2024-03-13,failed,Non-Compliant,2024-03-13 00:00:00,
PAY003318,EMP004496,CLI000898,AU,REG001202,131179,0,131179,AUD,2024-03-12,pending,Non-Compliant,2024-03-12 00:00:00,
PAY003319,EMP005840,CLI003001,IN,REG000872,194347,36926,157421,INR,2025-03-19,pending,Non-Compliant,2025-03-19 00:00:00,
PAY003320,EMP002661,CLI004816,UK,REG001605,520375,0,520375,GBP,2025-01-15,completed,Compliant,2025-01-15 00:00:00,2025-01-15 00:34:13
PAY003321,EMP004676,CLI002439,CA,REG002254,219047,0,219047,CAD,2025-05-26,completed,Compliant,2025-05-26 00:00:00,2025-05-26 01:47:13
PAY003322,EMP005491,CLI000285,UK,REG001939,767137,0,767137,GBP,2024-03-23,completed,Compliant,2024-03-23 00:00:00,2024-03-23 01:15:50
PAY003323,EMP002554,CLI000413,UK,REG002391,442050,172400,269650,GBP,2025-03-07,failed,Non-Compliant,2025-03-07 00:00:00,
PAY003324,EMP001219,CLI003004,AU,REG002192,782059,0,782059,AUD,2024-11-23,failed,Non-Compliant,2024-11-23 00:00:00,
PAY003325,EMP002158,CLI002172,JP,REG001728,628301,201056,427245,JPY,2023-07-26,completed,Compliant,2023-07-26 00:00:00,2023-07-26 00:11:04
PAY003326,EMP001625,CLI001367,IN,REG002536,880185,0,880185,INR,2023-08-01,pending,Non-Compliant,2023-08-01 00:00:00,
PAY003327,EMP005062,CLI000269,US,REG002237,932168,0,932168,USD,2024-04-23,pending,Non-Compliant,2024-04-23 00:00:00,
PAY003328,EMP002704,CLI001379,AU,REG000032,389248,0,389248,AUD,2024-09-14,completed,Compliant,2024-09-14 00:00:00,2024-09-14 01:34:45
PAY003329,EMP001946,CLI002199,AU,REG002388,982326,0,982326,AUD,2025-01-06,completed,Compliant,2025-01-06 00:00:00,2025-01-06 00:37:16
PAY003330,EMP006321,CLI004401,US,REG001871,108648,0,108648,USD,2024-11-26,pending,Non-Compliant,2024-11-26 00:00:00,
PAY003331,EMP006226,CLI003314,BR,REG001837,176525,0,176525,BRL,2023-12-22,completed,Compliant,2023-12-22 00:00:00,2023-12-22 01:13:37
PAY003332,EMP002623,CLI001524,ZA,REG001841,311788,0,311788,ZAR,2023-11-16,failed,Non-Compliant,2023-11-16 00:00:00,
PAY003333,EMP005515,CLI000945,ZA,REG001888,644682,70915,573767,ZAR,2024-04-22,pending,Non-Compliant,2024-04-22 00:00:00,
PAY003334,EMP000630,CLI001472,US,REG002643,403107,88684,314423,USD,2024-01-22,failed,Non-Compliant,2024-01-22 00:00:00,
PAY003335,EMP002847,CLI003720,CA,REG002878,254229,55930,198299,CAD,2024-11-16,failed,Non-Compliant,2024-11-16 00:00:00,
PAY003336,EMP001462,CLI001143,FR,REG002810,464879,0,464879,EUR,2023-10-19,completed,Compliant,2023-10-19 00:00:00,2023-10-19 00:39:12
PAY003337,EMP006248,CLI002852,IN,REG000792,892304,0,892304,INR,2024-01-30,completed,Compliant,2024-01-30 00:00:00,2024-01-30 01:15:12
PAY003338,EMP002021,CLI003629,FR,REG002668,163620,0,163620,EUR,2024-05-07,pending,Non-Compliant,2024-05-07 00:00:00,
PAY003339,EMP002706,CLI003319,FR,REG002412,177975,0,177975,EUR,2024-04-10,pending,Non-Compliant,2024-04-10 00:00:00,
PAY003340,EMP003066,CLI002982,ZA,REG002256,243889,0,243889,ZAR,2023-08-03,completed,Compliant,2023-08-03 00:00:00,2023-08-03 00:35:27
PAY003341,EMP006886,CLI001929,DE,REG002477,979174,0,979174,EUR,2024-03-05,failed,Non-Compliant,2024-03-05 00:00:00,
PAY003342,EMP003571,CLI001924,US,REG002311,549686,0,549686,USD,2025-01-04,completed,Compliant,2025-01-04 00:00:00,2025-01-04 01:09:47
PAY003343,EMP005430,CLI001593,UK,REG001463,562399,0,562399,GBP,2025-05-14,completed,Compliant,2025-05-14 00:00:00,2025-05-14 01:29:34
PAY003344,EMP003865,CLI002880,AU,REG002700,453129,0,453129,AUD,2023-11-07,completed,Compliant,2023-11-07 00:00:00,2023-11-07 01:18:26
PAY003345,EMP006825,CLI003324,JP,REG001075,473183,0,473183,JPY,2025-04-23,pending,Non-Compliant,2025-04-23 00:00:00,
PAY003346,EMP003133,CLI004823,BR,REG002901,587885,0,587885,BRL,2024-05-04,completed,Compliant,2024-05-04 00:00:00,2024-05-04 00:08:31
PAY003347,EMP003024,CLI000206,BR,REG002185,314723,107006,207717,BRL,2024-11-16,pending,Non-Compliant,2024-11-16 00:00:00,
PAY003348,EMP000405,CLI001652,ZA,REG000899,536084,0,536084,ZAR,2025-02-08,completed,Compliant,2025-02-08 00:00:00,2025-02-08 00:47:34
PAY003349,EMP005668,CLI002301,IN,REG002220,832791,0,832791,INR,2024-04-22,failed,Non-Compliant,2024-04-22 00:00:00,
PAY003350,EMP003853,CLI000292,JP,REG000039,239850,0,239850,JPY,2025-02-21,failed,Non-Compliant,2025-02-21 00:00:00,
PAY003351,EMP001923,CLI002169,JP,REG001319,821551,0,821551,JPY,2024-01-11,pending,Non-Compliant,2024-01-11 00:00:00,
PAY003352,EMP001163,CLI001446,IN,REG000604,824029,0,824029,INR,2023-06-17,completed,Compliant,2023-06-17 00:00:00,2023-06-17 00:38:55
PAY003353,EMP004086,CLI003339,CA,REG002702,620906,173854,447052,CAD,2025-04-26,completed,Compliant,2025-04-26 00:00:00,2025-04-26 01:17:55
PAY003354,EMP005929,CLI004674,BR,REG002821,350489,122671,227818,BRL,2023-08-17,failed,Non-Compliant,2023-08-17 00:00:00,
PAY003355,EMP002684,CLI001031,ZA,REG001296,548871,54887,493984,ZAR,2025-05-20,completed,Compliant,2025-05-20 00:00:00,2025-05-20 00:53:30
PAY003356,EMP005003,CLI002019,FR,REG001261,756014,0,756014,EUR,2024-03-27,failed,Non-Compliant,2024-03-27 00:00:00,
PAY003357,EMP003237,CLI003861,IN,REG002659,227178,0,227178,INR,2023-06-02,completed,Compliant,2023-06-02 00:00:00,2023-06-02 00:41:16
PAY003358,EMP001424,CLI002831,FR,REG002564,803782,241135,562647,EUR,2024-09-04,completed,Compliant,2024-09-04 00:00:00,2024-09-04 01:16:21
PAY003359,EMP005011,CLI000616,AU,REG002672,667562,0,667562,AUD,2024-09-18,completed,Compliant,2024-09-18 00:00:00,2024-09-18 01:22:03
PAY003360,EMP005445,CLI000252,UK,REG002511,630572,239617,390955,GBP,2023-08-27,completed,Compliant,2023-08-27 00:00:00,2023-08-27 01:03:42
PAY003361,EMP004913,CLI002152,IN,REG002807,751448,0,751448,INR,2024-01-19,failed,Non-Compliant,2024-01-19 00:00:00,
PAY003362,EMP000159,CLI003584,ZA,REG002932,308012,0,308012,ZAR,2023-07-09,completed,Compliant,2023-07-09 00:00:00,2023-07-09 01:28:27
PAY003363,EMP001200,CLI001040,UK,REG001422,396379,126841,269538,GBP,2024-06-08,pending,Non-Compliant,2024-06-08 00:00:00,
PAY003364,EMP001521,CLI001114,FR,REG002471,642064,0,642064,EUR,2025-04-23,pending,Non-Compliant,2025-04-23 00:00:00,
PAY003365,EMP003192,CLI003967,DE,REG002330,817534,0,817534,EUR,2025-02-23,completed,Compliant,2025-02-23 00:00:00,2025-02-23 01:24:36
PAY003366,EMP001470,CLI002853,UK,REG000967,191718,0,191718,GBP,2025-01-23,completed,Compliant,2025-01-23 00:00:00,2025-01-23 00:41:58
PAY003367,EMP001950,CLI000789,AU,REG000672,145166,49356,95810,AUD,2023-07-15,pending,Non-Compliant,2023-07-15 00:00:00,
PAY003368,EMP003214,CLI002077,IN,REG000942,610028,0,610028,INR,2023-06-02,completed,Compliant,2023-06-02 00:00:00,2023-06-02 01:49:28
PAY003369,EMP002961,CLI000561,ZA,REG000436,734159,0,734159,ZAR,2024-09-04,completed,Compliant,2024-09-04 00:00:00,2024-09-04 00:51:00
PAY003370,EMP003457,CLI002426,UK,REG000031,459082,160679,298403,GBP,2024-09-28,failed,Non-Compliant,2024-09-28 00:00:00,
PAY003371,EMP006825,CLI003490,JP,REG001894,302264,66498,235766,JPY,2024-10-09,completed,Compliant,2024-10-09 00:00:00,2024-10-09 01:12:15
PAY003372,EMP006662,CLI003803,ZA,REG000033,955335,0,955335,ZAR,2023-09-14,failed,Non-Compliant,2023-09-14 00:00:00,
PAY003373,EMP002651,CLI003236,DE,REG000739,617466,0,617466,EUR,2024-10-19,failed,Non-Compliant,2024-10-19 00:00:00,
PAY003374,EMP006093,CLI000765,DE,REG001510,159127,0,159127,EUR,2025-03-19,pending,Non-Compliant,2025-03-19 00:00:00,
PAY003375,EMP004194,CLI000031,JP,REG000454,921310,0,921310,JPY,2025-02-21,completed,Compliant,2025-02-21 00:00:00,2025-02-21 00:21:21
PAY003376,EMP003714,CLI000714,JP,REG000958,763137,0,763137,JPY,2024-11-01,completed,Compliant,2024-11-01 00:00:00,2024-11-01 00:19:32
PAY003377,EMP004401,CLI002989,AU,REG001270,396655,0,396655,AUD,2023-12-14,pending,Non-Compliant,2023-12-14 00:00:00,
PAY003378,EMP000444,CLI004166,FR,REG002131,489368,0,489368,EUR,2025-05-13,completed,Compliant,2025-05-13 00:00:00,2025-05-13 01:25:14
PAY003379,EMP002787,CLI003444,FR,REG000373,512314,0,512314,EUR,2025-02-08,pending,Non-Compliant,2025-02-08 00:00:00,
PAY003380,EMP005315,CLI004755,UK,REG001810,658047,210575,447472,GBP,2023-08-25,pending,Non-Compliant,2023-08-25 00:00:00,
PAY003381,EMP000616,CLI003325,US,REG002096,626771,0,626771,USD,2024-09-06,pending,Non-Compliant,2024-09-06 00:00:00,
PAY003382,EMP000503,CLI002509,BR,REG000929,277580,0,277580,BRL,2025-02-11,completed,Compliant,2025-02-11 00:00:00,2025-02-11 00:37:19
PAY003383,EMP004686,CLI002370,IN,REG001838,193727,0,193727,INR,2023-10-19,failed,Non-Compliant,2023-10-19 00:00:00,
PAY003384,EMP001920,CLI002203,DE,REG002144,104077,35386,68691,EUR,2024-09-15,failed,Non-Compliant,2024-09-15 00:00:00,
PAY003385,EMP001614,CLI003425,AU,REG001202,367082,0,367082,AUD,2023-06-03,completed,Compliant,2023-06-03 00:00:00,2023-06-03 00:17:49
PAY003386,EMP001272,CLI002224,ZA,REG002020,207677,0,207677,ZAR,2024-09-19,completed,Compliant,2024-09-19 00:00:00,2024-09-19 00:59:20
PAY003387,EMP005801,CLI001523,BR,REG001393,262996,68379,194617,BRL,2024-04-24,completed,Compliant,2024-04-24 00:00:00,2024-04-24 00:17:15
PAY003388,EMP005568,CLI004836,BR,REG001520,970356,0,970356,BRL,2023-08-28,completed,Compliant,2023-08-28 00:00:00,2023-08-28 00:18:17
PAY003389,EMP006892,CLI004721,FR,REG002413,975958,390383,585575,EUR,2024-09-27,completed,Compliant,2024-09-27 00:00:00,2024-09-27 00:16:34
PAY003390,EMP000231,CLI000851,US,REG001371,499381,0,499381,USD,2023-09-15,pending,Non-Compliant,2023-09-15 00:00:00,
PAY003391,EMP003716,CLI002992,FR,REG001685,128129,23063,105066,EUR,2024-02-10,completed,Compliant,2024-02-10 00:00:00,2024-02-10 00:26:08
PAY003392,EMP004427,CLI000120,CA,REG001103,603567,223320,380247,CAD,2024-12-27,failed,Non-Compliant,2024-12-27 00:00:00,
PAY003393,EMP004146,CLI002444,IN,REG001032,251462,0,251462,INR,2023-11-29,completed,Compliant,2023-11-29 00:00:00,2023-11-29 00:17:32
PAY003394,EMP002572,CLI000717,CA,REG000933,960378,0,960378,CAD,2023-09-03,failed,Non-Compliant,2023-09-03 00:00:00,
PAY003395,EMP001782,CLI001652,BR,REG001582,483841,96768,387073,BRL,2023-09-15,failed,Non-Compliant,2023-09-15 00:00:00,
PAY003396,EMP005505,CLI000637,BR,REG001468,158895,0,158895,BRL,2024-05-27,completed,Compliant,2024-05-27 00:00:00,2024-05-27 00:56:06
PAY003397,EMP004959,CLI001602,UK,REG000378,307210,0,307210,GBP,2024-04-14,pending,Non-Compliant,2024-04-14 00:00:00,
PAY003398,EMP006223,CLI000697,AU,REG001669,501616,80259,421357,AUD,2024-07-21,pending,Non-Compliant,2024-07-21 00:00:00,
PAY003399,EMP005747,CLI001729,CA,REG001759,878816,0,878816,CAD,2024-05-09,pending,Non-Compliant,2024-05-09 00:00:00,
PAY003400,EMP001991,CLI003360,JP,REG002860,391282,0,391282,JPY,2024-03-02,completed,Compliant,2024-03-02 00:00:00,2024-03-02 00:18:17
PAY003401,EMP004460,CLI000267,UK,REG000744,706638,0,706638,GBP,2024-09-24,failed,Non-Compliant,2024-09-24 00:00:00,
PAY003402,EMP003260,CLI002086,FR,REG002656,612651,73518,539133,EUR,2024-02-10,completed,Compliant,2024-02-10 00:00:00,2024-02-10 01:19:31
PAY003403,EMP002793,CLI004196,IN,REG002928,137399,16488,120911,INR,2023-07-14,failed,Non-Compliant,2023-07-14 00:00:00,
PAY003404,EMP002487,CLI004560,ZA,REG001592,206647,61994,144653,ZAR,2025-01-04,pending,Non-Compliant,2025-01-04 00:00:00,
PAY003405,EMP003421,CLI004212,UK,REG000568,697429,0,697429,GBP,2025-01-28,failed,Non-Compliant,2025-01-28 00:00:00,
PAY003406,EMP000698,CLI002403,FR,REG002186,258396,0,258396,EUR,2025-04-10,failed,Non-Compliant,2025-04-10 00:00:00,
PAY003407,EMP004889,CLI003426,UK,REG001065,928253,0,928253,GBP,2025-04-09,completed,Compliant,2025-04-09 00:00:00,2025-04-09 00:42:44
PAY003408,EMP002774,CLI003552,US,REG000480,295286,32481,262805,USD,2023-10-20,completed,Compliant,2023-10-20 00:00:00,2023-10-20 01:04:58
PAY003409,EMP000909,CLI002382,AU,REG001107,519351,0,519351,AUD,2024-03-15,pending,Non-Compliant,2024-03-15 00:00:00,
PAY003410,EMP006952,CLI000088,AU,REG001858,487968,58556,429412,AUD,2025-04-29,completed,Compliant,2025-04-29 00:00:00,2025-04-29 00:54:57
PAY003411,EMP002610,CLI003965,US,REG001571,303865,0,303865,USD,2024-09-16,completed,Compliant,2024-09-16 00:00:00,2024-09-16 01:23:45
PAY003412,EMP006163,CLI001040,ZA,REG001159,522658,67946,454712,ZAR,2023-06-25,pending,Non-Compliant,2023-06-25 00:00:00,
PAY003413,EMP004080,CLI004960,US,REG001507,103655,0,103655,USD,2025-01-16,pending,Non-Compliant,2025-01-16 00:00:00,
PAY003414,EMP006167,CLI003714,US,REG002036,824129,98895,725234,USD,2025-05-10,completed,Compliant,2025-05-10 00:00:00,2025-05-10 00:25:51
PAY003415,EMP006467,CLI000003,BR,REG002962,372319,89357,282962,BRL,2023-06-20,failed,Non-Compliant,2023-06-20 00:00:00,
PAY003416,EMP005431,CLI001150,BR,REG002022,792652,0,792652,BRL,2024-04-10,failed,Non-Compliant,2024-04-10 00:00:00,
PAY003417,EMP004866,CLI000431,AU,REG002192,987359,0,987359,AUD,2024-06-23,pending,Non-Compliant,2024-06-23 00:00:00,
PAY003418,EMP002235,CLI001600,IN,REG000475,487030,0,487030,INR,2024-10-24,failed,Non-Compliant,2024-10-24 00:00:00,
PAY003419,EMP000533,CLI003635,US,REG000534,439313,0,439313,USD,2025-01-14,failed,Non-Compliant,2025-01-14 00:00:00,
PAY003420,EMP004521,CLI004572,BR,REG002461,769050,0,769050,BRL,2023-08-01,pending,Non-Compliant,2023-08-01 00:00:00,
PAY003421,EMP003154,CLI000116,ZA,REG001275,968114,212985,755129,ZAR,2024-04-17,pending,Non-Compliant,2024-04-17 00:00:00,
PAY003422,EMP006382,CLI002978,ZA,REG000554,838600,0,838600,ZAR,2023-09-04,failed,Non-Compliant,2023-09-04 00:00:00,
PAY003423,EMP002822,CLI000009,US,REG001467,507746,0,507746,USD,2025-01-02,completed,Compliant,2025-01-02 00:00:00,2025-01-02 00:44:11
PAY003424,EMP002133,CLI001916,JP,REG002264,491011,0,491011,JPY,2024-10-25,completed,Compliant,2024-10-25 00:00:00,2024-10-25 00:39:38
PAY003425,EMP004435,CLI001029,US,REG001571,304025,0,304025,USD,2024-10-03,completed,Compliant,2024-10-03 00:00:00,2024-10-03 01:45:32
PAY003426,EMP006925,CLI002831,AU,REG001835,402670,0,402670,AUD,2024-05-14,pending,Non-Compliant,2024-05-14 00:00:00,
PAY003427,EMP003604,CLI004766,IN,REG002245,669030,0,669030,INR,2024-11-21,failed,Non-Compliant,2024-11-21 00:00:00,
PAY003428,EMP002410,CLI000506,DE,REG000421,216576,0,216576,EUR,2024-09-06,pending,Non-Compliant,2024-09-06 00:00:00,
PAY003429,EMP005050,CLI000460,CA,REG001722,276959,0,276959,CAD,2024-11-11,pending,Non-Compliant,2024-11-11 00:00:00,
PAY003430,EMP001786,CLI001314,JP,REG002867,681693,0,681693,JPY,2023-12-07,pending,Non-Compliant,2023-12-07 00:00:00,
PAY003431,EMP004154,CLI001217,BR,REG002933,270846,0,270846,BRL,2024-04-01,completed,Compliant,2024-04-01 00:00:00,2024-04-01 01:53:13
PAY003432,EMP005060,CLI002528,UK,REG002155,560568,0,560568,GBP,2024-02-01,pending,Non-Compliant,2024-02-01 00:00:00,
PAY003433,EMP001660,CLI002988,UK,REG001804,729352,0,729352,GBP,2023-11-19,failed,Non-Compliant,2023-11-19 00:00:00,
PAY003434,EMP005059,CLI003818,US,REG000540,516918,160245,356673,USD,2023-10-14,failed,Non-Compliant,2023-10-14 00:00:00,
PAY003435,EMP003352,CLI003209,CA,REG001145,425775,0,425775,CAD,2023-11-07,failed,Non-Compliant,2023-11-07 00:00:00,
PAY003436,EMP005763,CLI002209,CA,REG002746,227583,86482,141101,CAD,2025-04-03,completed,Compliant,2025-04-03 00:00:00,2025-04-03 01:27:14
PAY003437,EMP001856,CLI003448,ZA,REG002267,466287,0,466287,ZAR,2025-03-31,failed,Non-Compliant,2025-03-31 00:00:00,
PAY003438,EMP003319,CLI000629,FR,REG000891,547592,65711,481881,EUR,2025-03-26,failed,Non-Compliant,2025-03-26 00:00:00,
PAY003439,EMP003780,CLI001738,DE,REG000615,433823,0,433823,EUR,2024-06-26,pending,Non-Compliant,2024-06-26 00:00:00,
PAY003440,EMP005217,CLI002843,FR,REG001731,781645,0,781645,EUR,2024-09-17,failed,Non-Compliant,2024-09-17 00:00:00,
PAY003441,EMP001599,CLI000390,DE,REG002896,932721,186544,746177,EUR,2024-01-06,pending,Non-Compliant,2024-01-06 00:00:00,
PAY003442,EMP003481,CLI004116,CA,REG002695,653802,0,653802,CAD,2024-03-17,failed,Non-Compliant,2024-03-17 00:00:00,
PAY003443,EMP006376,CLI003383,ZA,REG000599,337302,0,337302,ZAR,2024-04-21,failed,Non-Compliant,2024-04-21 00:00:00,
PAY003444,EMP001928,CLI003782,AU,REG000344,616362,0,616362,AUD,2024-11-24,failed,Non-Compliant,2024-11-24 00:00:00,
PAY003445,EMP005766,CLI002266,AU,REG000691,400173,0,400173,AUD,2025-04-16,failed,Non-Compliant,2025-04-16 00:00:00,
PAY003446,EMP000994,CLI002451,IN,REG002367,283938,0,283938,INR,2025-04-04,failed,Non-Compliant,2025-04-04 00:00:00,
PAY003447,EMP001796,CLI000972,US,REG000359,907386,127034,780352,USD,2023-06-25,pending,Non-Compliant,2023-06-25 00:00:00,
PAY003448,EMP002157,CLI000271,ZA,REG000758,420601,113562,307039,ZAR,2024-07-13,completed,Compliant,2024-07-13 00:00:00,2024-07-13 00:41:21
PAY003449,EMP004749,CLI001204,AU,REG001958,858371,326181,532190,AUD,2024-12-05,pending,Non-Compliant,2024-12-05 00:00:00,
PAY003450,EMP002550,CLI002955,BR,REG000728,958573,162957,795616,BRL,2025-04-07,failed,Non-Compliant,2025-04-07 00:00:00,
PAY003451,EMP004051,CLI003031,UK,REG001327,378314,75663,302651,GBP,2023-10-23,completed,Compliant,2023-10-23 00:00:00,2023-10-23 01:54:08
PAY003452,EMP001301,CLI000161,UK,REG002419,721655,0,721655,GBP,2024-04-17,failed,Non-Compliant,2024-04-17 00:00:00,
PAY003453,EMP001647,CLI003530,BR,REG001903,928813,0,928813,BRL,2024-06-02,pending,Non-Compliant,2024-06-02 00:00:00,
PAY003454,EMP003115,CLI003617,CA,REG001081,968253,358254,609999,CAD,2025-01-26,completed,Compliant,2025-01-26 00:00:00,2025-01-26 01:35:59
PAY003455,EMP004672,CLI000003,UK,REG002460,169226,0,169226,GBP,2024-12-10,pending,Non-Compliant,2024-12-10 00:00:00,
PAY003456,EMP004774,CLI002896,CA,REG000145,733594,286102,447492,CAD,2024-12-25,pending,Non-Compliant,2024-12-25 00:00:00,
PAY003457,EMP006279,CLI000189,AU,REG000492,865747,181807,683940,AUD,2023-07-23,failed,Non-Compliant,2023-07-23 00:00:00,
PAY003458,EMP003994,CLI000840,DE,REG000881,352441,0,352441,EUR,2023-11-16,completed,Compliant,2023-11-16 00:00:00,2023-11-16 01:37:44
PAY003459,EMP002970,CLI000512,FR,REG000230,206509,78473,128036,EUR,2024-10-13,pending,Non-Compliant,2024-10-13 00:00:00,
PAY003460,EMP004088,CLI001241,US,REG000207,237646,90305,147341,USD,2024-04-08,failed,Non-Compliant,2024-04-08 00:00:00,
PAY003461,EMP001139,CLI002602,ZA,REG000250,229184,0,229184,ZAR,2024-06-27,failed,Non-Compliant,2024-06-27 00:00:00,
PAY003462,EMP000721,CLI001469,AU,REG001046,125542,0,125542,AUD,2024-01-21,failed,Non-Compliant,2024-01-21 00:00:00,
PAY003463,EMP004793,CLI002489,BR,REG001837,157623,0,157623,BRL,2024-08-31,completed,Compliant,2024-08-31 00:00:00,2024-08-31 01:29:55
PAY003464,EMP003614,CLI003651,UK,REG001305,846072,329968,516104,GBP,2024-01-19,failed,Non-Compliant,2024-01-19 00:00:00,
PAY003465,EMP001445,CLI003032,AU,REG000300,412692,0,412692,AUD,2024-12-04,failed,Non-Compliant,2024-12-04 00:00:00,
PAY003466,EMP002637,CLI000228,JP,REG000651,533425,0,533425,JPY,2024-04-02,completed,Compliant,2024-04-02 00:00:00,2024-04-02 00:27:24
PAY003467,EMP002068,CLI002399,ZA,REG002885,410439,0,410439,ZAR,2024-07-20,pending,Non-Compliant,2024-07-20 00:00:00,
PAY003468,EMP002566,CLI001117,AU,REG001827,354879,46134,308745,AUD,2024-09-16,failed,Non-Compliant,2024-09-16 00:00:00,
PAY003469,EMP006755,CLI002012,AU,REG001846,276022,0,276022,AUD,2025-01-16,completed,Compliant,2025-01-16 00:00:00,2025-01-16 01:39:52
PAY003470,EMP006363,CLI003394,US,REG002939,902462,288788,613674,USD,2023-06-08,failed,Non-Compliant,2023-06-08 00:00:00,
PAY003471,EMP002806,CLI001697,AU,REG000357,927024,0,927024,AUD,2025-03-19,failed,Non-Compliant,2025-03-19 00:00:00,
PAY003472,EMP005840,CLI000434,IN,REG001519,279847,103543,176304,INR,2024-06-21,failed,Non-Compliant,2024-06-21 00:00:00,
PAY003473,EMP004580,CLI000337,ZA,REG000671,180276,30647,149629,ZAR,2023-08-18,pending,Non-Compliant,2023-08-18 00:00:00,
PAY003474,EMP000962,CLI002086,AU,REG002167,465029,0,465029,AUD,2023-09-19,completed,Compliant,2023-09-19 00:00:00,2023-09-19 01:33:54
PAY003475,EMP005418,CLI002999,BR,REG001336,136918,0,136918,BRL,2024-04-19,failed,Non-Compliant,2024-04-19 00:00:00,
PAY003476,EMP005233,CLI000972,AU,REG002998,886983,0,886983,AUD,2023-07-14,completed,Compliant,2023-07-14 00:00:00,2023-07-14 00:39:08
PAY003477,EMP003975,CLI001592,DE,REG002300,895694,223924,671770,EUR,2024-01-18,failed,Non-Compliant,2024-01-18 00:00:00,
PAY003478,EMP001670,CLI001914,AU,REG001349,718542,258675,459867,AUD,2024-07-21,failed,Non-Compliant,2024-07-21 00:00:00,
PAY003479,EMP006151,CLI003718,AU,REG000188,850827,204198,646629,AUD,2024-05-07,failed,Non-Compliant,2024-05-07 00:00:00,
PAY003480,EMP000909,CLI000818,AU,REG002948,836029,292610,543419,AUD,2023-09-04,failed,Non-Compliant,2023-09-04 00:00:00,
PAY003481,EMP005124,CLI000138,JP,REG002975,182820,0,182820,JPY,2025-03-21,completed,Compliant,2025-03-21 00:00:00,2025-03-21 00:49:39
PAY003482,EMP003553,CLI001800,CA,REG000840,248466,59632,188834,CAD,2024-05-11,failed,Non-Compliant,2024-05-11 00:00:00,
PAY003483,EMP000549,CLI004268,AU,REG002813,515175,0,515175,AUD,2024-03-30,pending,Non-Compliant,2024-03-30 00:00:00,
PAY003484,EMP000929,CLI000223,ZA,REG000400,825024,0,825024,ZAR,2024-07-21,failed,Non-Compliant,2024-07-21 00:00:00,
PAY003485,EMP004456,CLI004437,BR,REG000342,932897,298527,634370,BRL,2024-06-04,completed,Compliant,2024-06-04 00:00:00,2024-06-04 00:32:51
PAY003486,EMP004563,CLI003929,FR,REG001230,997503,0,997503,EUR,2024-11-10,pending,Non-Compliant,2024-11-10 00:00:00,
PAY003487,EMP000051,CLI003684,AU,REG000659,813768,154616,659152,AUD,2024-03-03,failed,Non-Compliant,2024-03-03 00:00:00,
PAY003488,EMP004981,CLI002215,UK,REG001621,804104,0,804104,GBP,2025-04-18,completed,Compliant,2025-04-18 00:00:00,2025-04-18 00:54:14
PAY003489,EMP005401,CLI002856,IN,REG000335,645152,0,645152,INR,2023-09-18,completed,Compliant,2023-09-18 00:00:00,2023-09-18 01:23:42
PAY003490,EMP002391,CLI003200,UK,REG002287,266335,77237,189098,GBP,2024-05-25,failed,Non-Compliant,2024-05-25 00:00:00,
PAY003491,EMP002039,CLI001331,ZA,REG002752,731267,0,731267,ZAR,2024-01-27,failed,Non-Compliant,2024-01-27 00:00:00,
PAY003492,EMP002508,CLI004114,FR,REG000085,241129,0,241129,EUR,2024-12-22,failed,Non-Compliant,2024-12-22 00:00:00,
PAY003493,EMP005753,CLI001847,US,REG001533,229502,0,229502,USD,2024-01-24,failed,Non-Compliant,2024-01-24 00:00:00,
PAY003494,EMP000576,CLI000616,BR,REG002617,410504,0,410504,BRL,2024-07-25,failed,Non-Compliant,2024-07-25 00:00:00,
PAY003495,EMP002140,CLI000193,FR,REG001635,646484,0,646484,EUR,2025-04-09,completed,Compliant,2025-04-09 00:00:00,2025-04-09 01:14:34
PAY003496,EMP005364,CLI003926,CA,REG000841,707395,120257,587138,CAD,2024-04-01,failed,Non-Compliant,2024-04-01 00:00:00,
PAY003497,EMP001134,CLI002785,FR,REG002585,654142,150453,503689,EUR,2023-08-14,pending,Non-Compliant,2023-08-14 00:00:00,
PAY003498,EMP001929,CLI001855,AU,REG000445,444651,0,444651,AUD,2023-09-07,completed,Compliant,2023-09-07 00:00:00,2023-09-07 01:27:51
PAY003499,EMP001803,CLI003145,AU,REG001056,265880,0,265880,AUD,2024-08-06,failed,Non-Compliant,2024-08-06 00:00:00,
PAY003500,EMP002621,CLI000429,DE,REG001071,586216,164140,422076,EUR,2024-07-12,pending,Non-Compliant,2024-07-12 00:00:00,
PAY003501,EMP001458,CLI004269,AU,REG001455,450283,45028,405255,AUD,2023-12-20,failed,Non-Compliant,2023-12-20 00:00:00,
PAY003502,EMP005044,CLI004565,CA,REG002746,254143,96574,157569,CAD,2024-05-07,failed,Non-Compliant,2024-05-07 00:00:00,
PAY003503,EMP002967,CLI001494,IN,REG002908,752098,0,752098,INR,2023-11-19,pending,Non-Compliant,2023-11-19 00:00:00,
PAY003504,EMP000222,CLI002983,ZA,REG000338,712087,0,712087,ZAR,2025-04-09,completed,Compliant,2025-04-09 00:00:00,2025-04-09 00:18:45
PAY003505,EMP005558,CLI004510,DE,REG001532,796413,0,796413,EUR,2025-04-01,pending,Non-Compliant,2025-04-01 00:00:00,
PAY003506,EMP006956,CLI000032,UK,REG001601,635170,0,635170,GBP,2024-02-18,pending,Non-Compliant,2024-02-18 00:00:00,
PAY003507,EMP003658,CLI004500,UK,REG001424,429794,0,429794,GBP,2024-09-04,completed,Compliant,2024-09-04 00:00:00,2024-09-04 01:37:02
PAY003508,EMP003819,CLI003703,JP,REG000089,710670,0,710670,JPY,2024-10-05,completed,Compliant,2024-10-05 00:00:00,2024-10-05 00:25:23
PAY003509,EMP003737,CLI001097,CA,REG001599,651066,0,651066,CAD,2024-04-08,failed,Non-Compliant,2024-04-08 00:00:00,
PAY003510,EMP002821,CLI004890,JP,REG001456,907197,0,907197,JPY,2024-07-10,failed,Non-Compliant,2024-07-10 00:00:00,
PAY003511,EMP004338,CLI001710,ZA,REG001180,166996,0,166996,ZAR,2024-10-21,failed,Non-Compliant,2024-10-21 00:00:00,
PAY003512,EMP001441,CLI000427,DE,REG000034,346875,0,346875,EUR,2025-03-26,failed,Non-Compliant,2025-03-26 00:00:00,
PAY003513,EMP001880,CLI001230,BR,REG002718,557379,0,557379,BRL,2024-12-25,completed,Compliant,2024-12-25 00:00:00,2024-12-25 00:13:43
PAY003514,EMP006163,CLI002798,ZA,REG002756,255090,0,255090,ZAR,2023-11-21,pending,Non-Compliant,2023-11-21 00:00:00,
PAY003515,EMP006697,CLI000937,DE,REG002138,994198,308201,685997,EUR,2023-12-28,pending,Non-Compliant,2023-12-28 00:00:00,
PAY003516,EMP001275,CLI004045,FR,REG002199,516977,175772,341205,EUR,2024-07-05,completed,Compliant,2024-07-05 00:00:00,2024-07-05 01:19:23
PAY003517,EMP006247,CLI001702,AU,REG002192,770205,0,770205,AUD,2025-02-14,failed,Non-Compliant,2025-02-14 00:00:00,
PAY003518,EMP005750,CLI003171,BR,REG000092,242525,0,242525,BRL,2024-11-06,completed,Compliant,2024-11-06 00:00:00,2024-11-06 00:17:48
PAY003519,EMP003517,CLI001427,JP,REG002488,660694,0,660694,JPY,2025-01-15,failed,Non-Compliant,2025-01-15 00:00:00,
PAY003520,EMP000967,CLI001313,US,REG000877,357104,0,357104,USD,2023-07-02,pending,Non-Compliant,2023-07-02 00:00:00,
PAY003521,EMP000808,CLI002847,US,REG001175,372605,0,372605,USD,2024-10-08,completed,Compliant,2024-10-08 00:00:00,2024-10-08 01:11:48
PAY003522,EMP004601,CLI003010,UK,REG000943,660307,0,660307,GBP,2024-02-21,failed,Non-Compliant,2024-02-21 00:00:00,
PAY003523,EMP003259,CLI004751,AU,REG001683,243657,73097,170560,AUD,2024-03-16,pending,Non-Compliant,2024-03-16 00:00:00,
PAY003524,EMP001401,CLI004643,JP,REG001894,129590,28510,101080,JPY,2025-04-16,failed,Non-Compliant,2025-04-16 00:00:00,
PAY003525,EMP002489,CLI001704,AU,REG001426,775635,0,775635,AUD,2023-08-09,completed,Compliant,2023-08-09 00:00:00,2023-08-09 01:02:50
PAY003526,EMP006234,CLI003701,ZA,REG002037,861374,0,861374,ZAR,2024-06-20,pending,Non-Compliant,2024-06-20 00:00:00,
PAY003527,EMP006232,CLI001436,FR,REG002709,981172,363034,618138,EUR,2025-02-08,failed,Non-Compliant,2025-02-08 00:00:00,
PAY003528,EMP002857,CLI002899,IN,REG002243,792683,0,792683,INR,2023-10-07,pending,Non-Compliant,2023-10-07 00:00:00,
PAY003529,EMP004451,CLI003579,DE,REG002069,995629,0,995629,EUR,2023-07-14,pending,Non-Compliant,2023-07-14 00:00:00,
PAY003530,EMP003421,CLI004068,UK,REG001804,390932,0,390932,GBP,2025-03-13,failed,Non-Compliant,2025-03-13 00:00:00,
PAY003531,EMP003982,CLI003332,DE,REG000025,205850,53521,152329,EUR,2024-04-19,pending,Non-Compliant,2024-04-19 00:00:00,
PAY003532,EMP002992,CLI004760,IN,REG000282,517563,0,517563,INR,2024-04-28,pending,Non-Compliant,2024-04-28 00:00:00,
PAY003533,EMP003387,CLI003064,JP,REG001666,159958,0,159958,JPY,2023-06-01,pending,Non-Compliant,2023-06-01 00:00:00,
PAY003534,EMP004799,CLI002714,CA,REG000021,654620,0,654620,CAD,2023-12-05,pending,Non-Compliant,2023-12-05 00:00:00,
PAY003535,EMP003381,CLI001357,IN,REG002579,102500,0,102500,INR,2023-08-09,pending,Non-Compliant,2023-08-09 00:00:00,
PAY003536,EMP003479,CLI004092,BR,REG001336,961685,0,961685,BRL,2024-03-30,pending,Non-Compliant,2024-03-30 00:00:00,
PAY003537,EMP005057,CLI002452,DE,REG001739,863270,0,863270,EUR,2025-01-05,completed,Compliant,2025-01-05 00:00:00,2025-01-05 01:08:11
PAY003538,EMP005641,CLI003192,UK,REG002001,855336,0,855336,GBP,2023-11-11,pending,Non-Compliant,2023-11-11 00:00:00,
PAY003539,EMP001805,CLI001503,CA,REG002401,803987,88439,715548,CAD,2025-05-15,failed,Non-Compliant,2025-05-15 00:00:00,
PAY003540,EMP004133,CLI001165,BR,REG001933,744423,0,744423,BRL,2025-04-27,completed,Compliant,2025-04-27 00:00:00,2025-04-27 00:17:39
PAY003541,EMP006250,CLI001333,IN,REG002432,100052,0,100052,INR,2025-03-24,pending,Non-Compliant,2025-03-24 00:00:00,
PAY003542,EMP000226,CLI001836,IN,REG000838,401167,148432,252735,INR,2023-08-26,completed,Compliant,2023-08-26 00:00:00,2023-08-26 00:18:31
PAY003543,EMP004596,CLI002307,CA,REG000063,622766,230423,392343,CAD,2024-06-25,completed,Compliant,2024-06-25 00:00:00,2024-06-25 01:22:37
PAY003544,EMP002174,CLI002655,ZA,REG001797,908226,245221,663005,ZAR,2024-02-17,completed,Compliant,2024-02-17 00:00:00,2024-02-17 00:49:06
PAY003545,EMP005889,CLI002159,AU,REG000484,560345,0,560345,AUD,2024-01-23,pending,Non-Compliant,2024-01-23 00:00:00,
PAY003546,EMP004834,CLI000799,US,REG002581,182449,67506,114943,USD,2023-07-31,failed,Non-Compliant,2023-07-31 00:00:00,
PAY003547,EMP001077,CLI004590,US,REG001884,432733,0,432733,USD,2023-11-15,pending,Non-Compliant,2023-11-15 00:00:00,
PAY003548,EMP004901,CLI002565,JP,REG001392,986352,0,986352,JPY,2024-10-24,failed,Non-Compliant,2024-10-24 00:00:00,
PAY003549,EMP001831,CLI002402,ZA,REG002967,398347,0,398347,ZAR,2023-10-18,completed,Compliant,2023-10-18 00:00:00,2023-10-18 01:44:27
PAY003550,EMP004673,CLI001825,BR,REG000363,631351,0,631351,BRL,2025-02-18,pending,Non-Compliant,2025-02-18 00:00:00,
PAY003551,EMP002852,CLI001093,CA,REG002877,405773,0,405773,CAD,2024-08-26,failed,Non-Compliant,2024-08-26 00:00:00,
PAY003552,EMP004506,CLI000648,CA,REG002277,711595,120971,590624,CAD,2024-12-15,failed,Non-Compliant,2024-12-15 00:00:00,
PAY003553,EMP001062,CLI000538,UK,REG000042,723703,0,723703,GBP,2023-06-16,failed,Non-Compliant,2023-06-16 00:00:00,
PAY003554,EMP004490,CLI004711,CA,REG000449,700630,0,700630,CAD,2024-10-18,pending,Non-Compliant,2024-10-18 00:00:00,
PAY003555,EMP003747,CLI004974,UK,REG001253,210250,0,210250,GBP,2023-08-21,completed,Compliant,2023-08-21 00:00:00,2023-08-21 00:38:44
PAY003556,EMP003467,CLI004446,US,REG001420,481268,0,481268,USD,2024-04-30,completed,Compliant,2024-04-30 00:00:00,2024-04-30 00:08:54
PAY003557,EMP004998,CLI002639,IN,REG000519,383058,0,383058,INR,2023-08-16,completed,Compliant,2023-08-16 00:00:00,2023-08-16 00:06:20
PAY003558,EMP004957,CLI003705,CA,REG001908,864640,0,864640,CAD,2024-07-28,failed,Non-Compliant,2024-07-28 00:00:00,
PAY003559,EMP005315,CLI004020,UK,REG001422,125199,40064,85135,GBP,2024-04-01,completed,Compliant,2024-04-01 00:00:00,2024-04-01 01:26:21
PAY003560,EMP003006,CLI002382,DE,REG002477,335553,0,335553,EUR,2023-12-20,completed,Compliant,2023-12-20 00:00:00,2023-12-20 01:22:39
PAY003561,EMP002929,CLI001334,US,REG001571,180111,0,180111,USD,2023-10-04,completed,Compliant,2023-10-04 00:00:00,2023-10-04 01:27:38
PAY003562,EMP000136,CLI004208,ZA,REG002404,832280,0,832280,ZAR,2023-09-13,pending,Non-Compliant,2023-09-13 00:00:00,
PAY003563,EMP001531,CLI003334,DE,REG002649,933597,121368,812229,EUR,2024-11-08,failed,Non-Compliant,2024-11-08 00:00:00,
PAY003564,EMP002625,CLI003811,JP,REG001586,132436,0,132436,JPY,2024-08-04,failed,Non-Compliant,2024-08-04 00:00:00,
PAY003565,EMP004482,CLI003057,IN,REG002360,391988,0,391988,INR,2025-05-17,completed,Compliant,2025-05-17 00:00:00,2025-05-17 00:09:58
PAY003566,EMP002546,CLI000989,FR,REG000628,993379,0,993379,EUR,2024-09-02,pending,Non-Compliant,2024-09-02 00:00:00,
PAY003567,EMP004966,CLI003028,ZA,REG000245,284556,0,284556,ZAR,2024-08-11,failed,Non-Compliant,2024-08-11 00:00:00,
PAY003568,EMP006839,CLI003627,CA,REG002133,983244,0,983244,CAD,2025-05-08,pending,Non-Compliant,2025-05-08 00:00:00,
PAY003569,EMP006786,CLI003292,JP,REG002166,912425,0,912425,JPY,2023-08-25,failed,Non-Compliant,2023-08-25 00:00:00,
PAY003570,EMP000759,CLI001730,CA,REG002038,348035,0,348035,CAD,2023-06-02,failed,Non-Compliant,2023-06-02 00:00:00,
PAY003571,EMP006229,CLI004559,IN,REG002003,254652,48384,206268,INR,2025-03-19,completed,Compliant,2025-03-19 00:00:00,2025-03-19 01:07:48
PAY003572,EMP001679,CLI002949,US,REG002096,381851,0,381851,USD,2024-07-24,failed,Non-Compliant,2024-07-24 00:00:00,
PAY003573,EMP004816,CLI003968,US,REG002009,972461,0,972461,USD,2023-08-27,failed,Non-Compliant,2023-08-27 00:00:00,
PAY003574,EMP003793,CLI001076,IN,REG000331,468305,88978,379327,INR,2023-08-08,failed,Non-Compliant,2023-08-08 00:00:00,
PAY003575,EMP001117,CLI000904,IN,REG002238,854924,0,854924,INR,2024-01-05,failed,Non-Compliant,2024-01-05 00:00:00,
PAY003576,EMP006722,CLI002062,AU,REG001806,607018,0,607018,AUD,2023-09-16,pending,Non-Compliant,2023-09-16 00:00:00,
PAY003577,EMP004899,CLI004290,JP,REG000187,897776,242400,655376,JPY,2023-05-27,pending,Non-Compliant,2023-05-27 00:00:00,
PAY003578,EMP005283,CLI000159,CA,REG000807,482246,0,482246,CAD,2024-11-05,pending,Non-Compliant,2024-11-05 00:00:00,
PAY003579,EMP000088,CLI000630,AU,REG000833,302784,75696,227088,AUD,2024-02-11,failed,Non-Compliant,2024-02-11 00:00:00,
PAY003580,EMP005390,CLI002120,DE,REG000715,930605,0,930605,EUR,2023-09-30,completed,Compliant,2023-09-30 00:00:00,2023-09-30 01:32:57
PAY003581,EMP002993,CLI003844,JP,REG002183,198710,51665,147045,JPY,2023-12-26,failed,Non-Compliant,2023-12-26 00:00:00,
PAY003582,EMP001683,CLI001594,DE,REG001271,335219,50283,284936,EUR,2025-03-31,failed,Non-Compliant,2025-03-31 00:00:00,
PAY003583,EMP004607,CLI001641,UK,REG001778,694402,97216,597186,GBP,2023-10-02,failed,Non-Compliant,2023-10-02 00:00:00,
PAY003584,EMP001675,CLI004193,BR,REG002635,610380,0,610380,BRL,2023-12-09,pending,Non-Compliant,2023-12-09 00:00:00,
PAY003585,EMP005693,CLI001988,ZA,REG001321,723439,0,723439,ZAR,2024-05-07,failed,Non-Compliant,2024-05-07 00:00:00,
PAY003586,EMP005999,CLI004331,US,REG002834,526197,0,526197,USD,2024-10-06,failed,Non-Compliant,2024-10-06 00:00:00,
PAY003587,EMP004079,CLI000716,IN,REG000008,605046,0,605046,INR,2024-11-19,completed,Compliant,2024-11-19 00:00:00,2024-11-19 00:16:06
PAY003588,EMP000982,CLI001309,JP,REG001355,816735,0,816735,JPY,2025-03-15,completed,Compliant,2025-03-15 00:00:00,2025-03-15 01:15:33
PAY003589,EMP001707,CLI000667,ZA,REG000978,339354,0,339354,ZAR,2025-03-18,completed,Compliant,2025-03-18 00:00:00,2025-03-18 00:24:58
PAY003590,EMP005156,CLI000805,IN,REG002360,702248,0,702248,INR,2024-03-04,completed,Compliant,2024-03-04 00:00:00,2024-03-04 01:46:08
PAY003591,EMP001184,CLI004929,DE,REG002330,536644,0,536644,EUR,2025-04-23,failed,Non-Compliant,2025-04-23 00:00:00,
PAY003592,EMP003409,CLI000335,ZA,REG001178,771111,0,771111,ZAR,2024-04-27,completed,Compliant,2024-04-27 00:00:00,2024-04-27 01:01:20
PAY003593,EMP006895,CLI001410,IN,REG002660,161733,30729,131004,INR,2024-03-13,failed,Non-Compliant,2024-03-13 00:00:00,
PAY003594,EMP001414,CLI001483,BR,REG000251,944411,339988,604423,BRL,2023-10-11,failed,Non-Compliant,2023-10-11 00:00:00,
PAY003595,EMP000443,CLI001959,DE,REG001510,567153,0,567153,EUR,2023-07-27,pending,Non-Compliant,2023-07-27 00:00:00,
PAY003596,EMP002605,CLI004602,AU,REG000553,541728,108346,433382,AUD,2024-09-10,failed,Non-Compliant,2024-09-10 00:00:00,
PAY003597,EMP000803,CLI003897,IN,REG002238,627516,0,627516,INR,2024-12-30,pending,Non-Compliant,2024-12-30 00:00:00,
PAY003598,EMP000912,CLI002791,JP,REG000206,975151,156024,819127,JPY,2025-01-19,pending,Non-Compliant,2025-01-19 00:00:00,
PAY003599,EMP005096,CLI001526,ZA,REG002749,113374,0,113374,ZAR,2024-11-01,completed,Compliant,2024-11-01 00:00:00,2024-11-01 01:35:07
PAY003600,EMP004187,CLI004084,CA,REG001407,219800,52752,167048,CAD,2025-05-02,completed,Compliant,2025-05-02 00:00:00,2025-05-02 01:33:11
PAY003601,EMP000358,CLI001828,CA,REG000573,820646,0,820646,CAD,2024-03-06,failed,Non-Compliant,2024-03-06 00:00:00,
PAY003602,EMP006978,CLI002259,DE,REG002994,314703,0,314703,EUR,2023-07-28,completed,Compliant,2023-07-28 00:00:00,2023-07-28 01:02:07
PAY003603,EMP001717,CLI000485,IN,REG001291,301749,0,301749,INR,2023-08-14,completed,Compliant,2023-08-14 00:00:00,2023-08-14 01:47:26
PAY003604,EMP006878,CLI004701,FR,REG001726,700812,0,700812,EUR,2024-07-03,failed,Non-Compliant,2024-07-03 00:00:00,
PAY003605,EMP001397,CLI000744,FR,REG001698,826162,123924,702238,EUR,2023-07-10,failed,Non-Compliant,2023-07-10 00:00:00,
PAY003606,EMP004079,CLI000943,IN,REG001155,321336,0,321336,INR,2024-03-12,completed,Compliant,2024-03-12 00:00:00,2024-03-12 00:45:36
PAY003607,EMP001905,CLI001329,FR,REG002083,246963,76559,170404,EUR,2023-08-18,failed,Non-Compliant,2023-08-18 00:00:00,
PAY003608,EMP000384,CLI001277,IN,REG000442,890721,0,890721,INR,2025-01-06,failed,Non-Compliant,2025-01-06 00:00:00,
PAY003609,EMP005023,CLI003014,JP,REG002826,476610,0,476610,JPY,2023-12-15,failed,Non-Compliant,2023-12-15 00:00:00,
PAY003610,EMP002357,CLI003700,IN,REG002198,173200,29444,143756,INR,2023-12-08,completed,Compliant,2023-12-08 00:00:00,2023-12-08 00:49:56
PAY003611,EMP000071,CLI001121,ZA,REG002971,475356,161621,313735,ZAR,2025-02-18,completed,Compliant,2025-02-18 00:00:00,2025-02-18 00:10:58
PAY003612,EMP000866,CLI003092,JP,REG000704,108872,23952,84920,JPY,2023-12-31,pending,Non-Compliant,2023-12-31 00:00:00,
PAY003613,EMP003544,CLI002767,UK,REG001466,673045,0,673045,GBP,2025-02-15,failed,Non-Compliant,2025-02-15 00:00:00,
PAY003614,EMP005470,CLI004710,US,REG001200,237129,42683,194446,USD,2024-11-07,pending,Non-Compliant,2024-11-07 00:00:00,
PAY003615,EMP001047,CLI002725,UK,REG000655,320715,0,320715,GBP,2023-09-11,failed,Non-Compliant,2023-09-11 00:00:00,
PAY003616,EMP000359,CLI004962,US,REG000480,315839,34742,281097,USD,2023-08-03,completed,Compliant,2023-08-03 00:00:00,2023-08-03 00:35:13
PAY003617,EMP003088,CLI004751,IN,REG002851,980936,156950,823986,INR,2023-12-03,failed,Non-Compliant,2023-12-03 00:00:00,
PAY003618,EMP002672,CLI004615,FR,REG000128,219326,0,219326,EUR,2023-06-22,failed,Non-Compliant,2023-06-22 00:00:00,
PAY003619,EMP000676,CLI004796,JP,REG002951,557861,94836,463025,JPY,2025-02-28,pending,Non-Compliant,2025-02-28 00:00:00,
PAY003620,EMP004861,CLI004783,UK,REG001305,344418,134323,210095,GBP,2025-01-01,pending,Non-Compliant,2025-01-01 00:00:00,
PAY003621,EMP002277,CLI002414,CA,REG002850,226720,0,226720,CAD,2024-03-21,pending,Non-Compliant,2024-03-21 00:00:00,
PAY003622,EMP003819,CLI000451,JP,REG000849,909353,0,909353,JPY,2024-01-30,failed,Non-Compliant,2024-01-30 00:00:00,
PAY003623,EMP002366,CLI002511,CA,REG002333,808195,0,808195,CAD,2025-04-22,pending,Non-Compliant,2025-04-22 00:00:00,
PAY003624,EMP001028,CLI003374,CA,REG000498,852970,290010,562960,CAD,2025-01-14,pending,Non-Compliant,2025-01-14 00:00:00,
PAY003625,EMP001891,CLI002153,UK,REG002989,628120,0,628120,GBP,2024-05-23,pending,Non-Compliant,2024-05-23 00:00:00,
PAY003626,EMP006662,CLI002322,ZA,REG001800,190802,0,190802,ZAR,2024-05-15,pending,Non-Compliant,2024-05-15 00:00:00,
PAY003627,EMP002466,CLI002974,JP,REG001498,478580,0,478580,JPY,2023-07-19,pending,Non-Compliant,2023-07-19 00:00:00,
PAY003628,EMP003973,CLI002395,US,REG001786,161399,0,161399,USD,2023-09-05,failed,Non-Compliant,2023-09-05 00:00:00,
PAY003629,EMP006055,CLI004191,FR,REG001631,385366,61659,323707,EUR,2024-12-26,completed,Compliant,2024-12-26 00:00:00,2024-12-26 01:26:11
PAY003630,EMP006194,CLI003226,AU,REG002700,699707,0,699707,AUD,2024-11-18,failed,Non-Compliant,2024-11-18 00:00:00,
PAY003631,EMP002441,CLI004589,US,REG002096,878131,0,878131,USD,2024-10-23,pending,Non-Compliant,2024-10-23 00:00:00,
PAY003632,EMP005000,CLI003896,AU,REG001121,325002,107251,217751,AUD,2024-12-27,completed,Compliant,2024-12-27 00:00:00,2024-12-27 01:57:52
PAY003633,EMP004571,CLI000802,UK,REG001483,168797,0,168797,GBP,2024-04-18,completed,Compliant,2024-04-18 00:00:00,2024-04-18 01:53:03
PAY003634,EMP001833,CLI004089,IN,REG002343,648428,0,648428,INR,2024-12-19,failed,Non-Compliant,2024-12-19 00:00:00,
PAY003635,EMP002787,CLI001758,FR,REG001360,296910,0,296910,EUR,2023-06-02,failed,Non-Compliant,2023-06-02 00:00:00,
PAY003636,EMP003995,CLI001085,UK,REG002419,905912,0,905912,GBP,2024-07-10,pending,Non-Compliant,2024-07-10 00:00:00,
PAY003637,EMP006130,CLI002965,JP,REG002517,209784,0,209784,JPY,2023-12-28,failed,Non-Compliant,2023-12-28 00:00:00,
PAY003638,EMP002059,CLI002599,US,REG000827,331647,0,331647,USD,2024-07-30,completed,Compliant,2024-07-30 00:00:00,2024-07-30 00:24:43
PAY003639,EMP006246,CLI004317,IN,REG000007,283206,42481,240725,INR,2023-12-18,failed,Non-Compliant,2023-12-18 00:00:00,
PAY003640,EMP005549,CLI001524,US,REG001179,781543,0,781543,USD,2023-11-27,pending,Non-Compliant,2023-11-27 00:00:00,
PAY003641,EMP002359,CLI003729,AU,REG002514,262385,0,262385,AUD,2024-03-30,completed,Compliant,2024-03-30 00:00:00,2024-03-30 01:57:06
PAY003642,EMP001197,CLI000563,BR,REG000227,367770,0,367770,BRL,2024-08-29,pending,Non-Compliant,2024-08-29 00:00:00,
PAY003643,EMP004908,CLI003911,AU,REG002562,294881,0,294881,AUD,2024-04-26,pending,Non-Compliant,2024-04-26 00:00:00,
PAY003644,EMP000403,CLI001922,ZA,REG000250,312587,0,312587,ZAR,2024-08-03,pending,Non-Compliant,2024-08-03 00:00:00,
PAY003645,EMP004880,CLI004550,CA,REG002880,697637,0,697637,CAD,2024-10-21,failed,Non-Compliant,2024-10-21 00:00:00,
PAY003646,EMP004010,CLI000794,FR,REG002331,303503,0,303503,EUR,2025-02-02,completed,Compliant,2025-02-02 00:00:00,2025-02-02 00:48:31
PAY003647,EMP000005,CLI001549,US,REG002770,924460,194137,730323,USD,2024-07-22,pending,Non-Compliant,2024-07-22 00:00:00,
PAY003648,EMP005244,CLI004473,AU,REG002422,420740,159881,260859,AUD,2025-04-07,pending,Non-Compliant,2025-04-07 00:00:00,
PAY003649,EMP006433,CLI001303,IN,REG000916,949768,0,949768,INR,2024-04-16,pending,Non-Compliant,2024-04-16 00:00:00,
PAY003650,EMP000717,CLI003027,AU,REG002813,353032,0,353032,AUD,2025-02-17,failed,Non-Compliant,2025-02-17 00:00:00,
PAY003651,EMP000819,CLI004156,AU,REG000344,570987,0,570987,AUD,2025-02-11,failed,Non-Compliant,2025-02-11 00:00:00,
PAY003652,EMP004619,CLI004323,AU,REG002738,701212,0,701212,AUD,2024-12-06,failed,Non-Compliant,2024-12-06 00:00:00,
PAY003653,EMP001003,CLI001485,BR,REG000549,658319,0,658319,BRL,2025-05-12,failed,Non-Compliant,2025-05-12 00:00:00,
PAY003654,EMP004598,CLI004589,ZA,REG000576,836113,0,836113,ZAR,2025-02-06,pending,Non-Compliant,2025-02-06 00:00:00,
PAY003655,EMP001926,CLI002090,FR,REG001446,802025,0,802025,EUR,2024-03-07,completed,Compliant,2024-03-07 00:00:00,2024-03-07 00:06:15
PAY003656,EMP001554,CLI002614,BR,REG001008,926413,0,926413,BRL,2025-04-20,failed,Non-Compliant,2025-04-20 00:00:00,
PAY003657,EMP002780,CLI002324,DE,REG000946,275920,0,275920,EUR,2023-10-05,pending,Non-Compliant,2023-10-05 00:00:00,
PAY003658,EMP004618,CLI004880,UK,REG002299,188912,0,188912,GBP,2024-08-29,failed,Non-Compliant,2024-08-29 00:00:00,
PAY003659,EMP003643,CLI000413,DE,REG000693,111323,16698,94625,EUR,2023-06-18,failed,Non-Compliant,2023-06-18 00:00:00,
PAY003660,EMP006788,CLI001517,ZA,REG002638,949098,0,949098,ZAR,2023-07-12,failed,Non-Compliant,2023-07-12 00:00:00,
PAY003661,EMP002384,CLI000261,JP,REG000849,797658,0,797658,JPY,2023-09-02,pending,Non-Compliant,2023-09-02 00:00:00,
PAY003662,EMP000200,CLI003764,US,REG000346,766419,0,766419,USD,2024-05-22,failed,Non-Compliant,2024-05-22 00:00:00,
PAY003663,EMP001842,CLI001095,AU,REG000553,273444,54689,218755,AUD,2024-05-23,pending,Non-Compliant,2024-05-23 00:00:00,
PAY003664,EMP002403,CLI004079,US,REG001338,691894,0,691894,USD,2024-09-28,completed,Compliant,2024-09-28 00:00:00,2024-09-28 01:20:43
PAY003665,EMP006266,CLI004118,FR,REG000880,329043,0,329043,EUR,2024-04-23,pending,Non-Compliant,2024-04-23 00:00:00,
PAY003666,EMP001958,CLI003980,DE,REG002754,125563,25113,100450,EUR,2024-08-05,failed,Non-Compliant,2024-08-05 00:00:00,
PAY003667,EMP000973,CLI004061,DE,REG000700,919643,0,919643,EUR,2024-10-18,completed,Compliant,2024-10-18 00:00:00,2024-10-18 00:25:02
PAY003668,EMP005074,CLI000408,BR,REG002297,986202,0,986202,BRL,2024-06-20,failed,Non-Compliant,2024-06-20 00:00:00,
PAY003669,EMP001200,CLI001467,UK,REG001553,612011,0,612011,GBP,2024-07-08,completed,Compliant,2024-07-08 00:00:00,2024-07-08 01:03:21
PAY003670,EMP003856,CLI002948,BR,REG000846,361791,0,361791,BRL,2024-10-05,pending,Non-Compliant,2024-10-05 00:00:00,
PAY003671,EMP001445,CLI004775,AU,REG000173,445511,0,445511,AUD,2024-09-26,pending,Non-Compliant,2024-09-26 00:00:00,
PAY003672,EMP005148,CLI004427,AU,REG000383,229011,29771,199240,AUD,2024-09-07,pending,Non-Compliant,2024-09-07 00:00:00,
PAY003673,EMP001724,CLI004038,UK,REG000517,940588,0,940588,GBP,2025-03-27,completed,Compliant,2025-03-27 00:00:00,2025-03-27 01:10:28
PAY003674,EMP004151,CLI003323,FR,REG002805,196067,0,196067,EUR,2024-03-07,pending,Non-Compliant,2024-03-07 00:00:00,
PAY003675,EMP002935,CLI003050,FR,REG000321,891305,222826,668479,EUR,2025-01-28,completed,Compliant,2025-01-28 00:00:00,2025-01-28 00:11:30
PAY003676,EMP002261,CLI003193,BR,REG001499,776285,85391,690894,BRL,2024-06-10,completed,Compliant,2024-06-10 00:00:00,2024-06-10 00:59:12
PAY003677,EMP000484,CLI001820,AU,REG000558,878766,0,878766,AUD,2024-04-11,failed,Non-Compliant,2024-04-11 00:00:00,
PAY003678,EMP000797,CLI000754,US,REG002136,405554,52722,352832,USD,2023-07-10,completed,Compliant,2023-07-10 00:00:00,2023-07-10 00:59:44
PAY003679,EMP000200,CLI004402,US,REG000141,294046,61750,232296,USD,2023-09-17,completed,Compliant,2023-09-17 00:00:00,2023-09-17 01:44:04
PAY003680,EMP002857,CLI003889,IN,REG002448,315240,47286,267954,INR,2024-11-16,pending,Non-Compliant,2024-11-16 00:00:00,
PAY003681,EMP005266,CLI003694,JP,REG001378,343118,0,343118,JPY,2023-07-27,failed,Non-Compliant,2023-07-27 00:00:00,
PAY003682,EMP005233,CLI002207,AU,REG000459,723851,0,723851,AUD,2023-10-28,failed,Non-Compliant,2023-10-28 00:00:00,
PAY003683,EMP006569,CLI003181,JP,REG002070,167079,0,167079,JPY,2024-06-29,failed,Non-Compliant,2024-06-29 00:00:00,
PAY003684,EMP001858,CLI000637,US,REG000202,196440,0,196440,USD,2024-12-27,completed,Compliant,2024-12-27 00:00:00,2024-12-27 01:13:31
PAY003685,EMP004390,CLI003887,FR,REG000800,466343,69951,396392,EUR,2024-02-14,completed,Compliant,2024-02-14 00:00:00,2024-02-14 01:57:59
PAY003686,EMP001098,CLI004270,UK,REG001684,184034,0,184034,GBP,2023-11-19,completed,Compliant,2023-11-19 00:00:00,2023-11-19 01:13:55
PAY003687,EMP000256,CLI001263,AU,REG001011,177789,69338,108451,AUD,2023-12-03,failed,Non-Compliant,2023-12-03 00:00:00,
PAY003688,EMP003118,CLI003142,FR,REG000777,496595,0,496595,EUR,2024-12-09,completed,Compliant,2024-12-09 00:00:00,2024-12-09 00:47:23
PAY003689,EMP006408,CLI001428,FR,REG002322,365339,0,365339,EUR,2024-10-16,failed,Non-Compliant,2024-10-16 00:00:00,
PAY003690,EMP005541,CLI001308,US,REG001941,877393,149157,728236,USD,2024-11-09,completed,Compliant,2024-11-09 00:00:00,2024-11-09 00:23:22
PAY003691,EMP002670,CLI002282,AU,REG001318,403000,0,403000,AUD,2023-09-05,pending,Non-Compliant,2023-09-05 00:00:00,
PAY003692,EMP004049,CLI000755,JP,REG002142,830571,0,830571,JPY,2024-09-04,completed,Compliant,2024-09-04 00:00:00,2024-09-04 00:55:19
PAY003693,EMP002432,CLI000438,AU,REG001795,909440,245549,663891,AUD,2025-03-02,pending,Non-Compliant,2025-03-02 00:00:00,
PAY003694,EMP001690,CLI002311,DE,REG001885,302776,0,302776,EUR,2023-06-09,pending,Non-Compliant,2023-06-09 00:00:00,
PAY003695,EMP001298,CLI002094,AU,REG001004,243286,0,243286,AUD,2024-03-04,pending,Non-Compliant,2024-03-04 00:00:00,
PAY003696,EMP003579,CLI001029,AU,REG002179,880231,0,880231,AUD,2024-05-04,pending,Non-Compliant,2024-05-04 00:00:00,
PAY003697,EMP001371,CLI000605,US,REG002228,533653,85384,448269,USD,2024-09-12,failed,Non-Compliant,2024-09-12 00:00:00,
PAY003698,EMP004038,CLI000097,UK,REG001553,496194,0,496194,GBP,2024-07-09,failed,Non-Compliant,2024-07-09 00:00:00,
PAY003699,EMP002273,CLI001169,BR,REG001837,945721,0,945721,BRL,2024-12-04,pending,Non-Compliant,2024-12-04 00:00:00,
PAY003700,EMP002410,CLI004893,DE,REG000883,138912,15280,123632,EUR,2025-03-03,failed,Non-Compliant,2025-03-03 00:00:00,
PAY003701,EMP006403,CLI001206,CA,REG002072,973081,0,973081,CAD,2024-08-11,pending,Non-Compliant,2024-08-11 00:00:00,
PAY003702,EMP003000,CLI000430,US,REG001715,504905,100981,403924,USD,2025-04-17,failed,Non-Compliant,2025-04-17 00:00:00,
PAY003703,EMP003075,CLI003261,ZA,REG001328,534058,0,534058,ZAR,2024-03-23,completed,Compliant,2024-03-23 00:00:00,2024-03-23 01:16:22
PAY003704,EMP000327,CLI004190,IN,REG000942,865426,0,865426,INR,2025-02-25,pending,Non-Compliant,2025-02-25 00:00:00,
PAY003705,EMP005098,CLI001006,CA,REG002328,162185,0,162185,CAD,2025-04-09,completed,Compliant,2025-04-09 00:00:00,2025-04-09 00:54:49
PAY003706,EMP002850,CLI004637,UK,REG001924,311097,43554,267543,GBP,2024-05-31,pending,Non-Compliant,2024-05-31 00:00:00,
PAY003707,EMP004939,CLI002604,JP,REG002109,934283,289628,644655,JPY,2024-08-18,completed,Compliant,2024-08-18 00:00:00,2024-08-18 00:16:56
PAY003708,EMP002293,CLI002845,BR,REG000921,104348,0,104348,BRL,2024-11-22,pending,Non-Compliant,2024-11-22 00:00:00,
PAY003709,EMP000187,CLI000498,FR,REG001360,856557,0,856557,EUR,2024-10-09,completed,Compliant,2024-10-09 00:00:00,2024-10-09 00:59:03
PAY003710,EMP005765,CLI000219,BR,REG002937,853967,0,853967,BRL,2024-10-10,pending,Non-Compliant,2024-10-10 00:00:00,
PAY003711,EMP004351,CLI003024,BR,REG002855,404562,0,404562,BRL,2025-05-05,completed,Compliant,2025-05-05 00:00:00,2025-05-05 01:27:53
PAY003712,EMP002885,CLI001838,AU,REG002672,952640,0,952640,AUD,2025-03-07,failed,Non-Compliant,2025-03-07 00:00:00,
PAY003713,EMP003499,CLI004602,BR,REG001335,336620,0,336620,BRL,2025-01-07,pending,Non-Compliant,2025-01-07 00:00:00,
PAY003714,EMP003672,CLI004629,FR,REG001882,504056,0,504056,EUR,2023-12-26,failed,Non-Compliant,2023-12-26 00:00:00,
PAY003715,EMP006323,CLI002395,JP,REG002804,219687,21969,197718,JPY,2025-04-23,pending,Non-Compliant,2025-04-23 00:00:00,
PAY003716,EMP001327,CLI002484,AU,REG000316,791790,245455,546335,AUD,2024-12-09,failed,Non-Compliant,2024-12-09 00:00:00,
PAY003717,EMP001744,CLI003911,FR,REG001928,250819,0,250819,EUR,2024-06-10,failed,Non-Compliant,2024-06-10 00:00:00,
PAY003718,EMP002675,CLI004052,DE,REG001943,330235,0,330235,EUR,2024-09-25,failed,Non-Compliant,2024-09-25 00:00:00,
PAY003719,EMP005504,CLI003711,CA,REG002532,155558,0,155558,CAD,2024-06-18,pending,Non-Compliant,2024-06-18 00:00:00,
PAY003720,EMP004280,CLI002600,FR,REG002199,933767,317481,616286,EUR,2024-07-25,pending,Non-Compliant,2024-07-25 00:00:00,
PAY003721,EMP001905,CLI004341,FR,REG000332,196293,0,196293,EUR,2023-09-28,failed,Non-Compliant,2023-09-28 00:00:00,
PAY003722,EMP000046,CLI004279,IN,REG002888,967074,0,967074,INR,2025-02-06,pending,Non-Compliant,2025-02-06 00:00:00,
PAY003723,EMP005526,CLI000880,CA,REG002850,435819,0,435819,CAD,2025-05-06,pending,Non-Compliant,2025-05-06 00:00:00,
PAY003724,EMP006931,CLI001300,AU,REG001089,915043,292814,622229,AUD,2025-05-02,failed,Non-Compliant,2025-05-02 00:00:00,
PAY003725,EMP006581,CLI004609,FR,REG001439,534103,0,534103,EUR,2024-12-24,pending,Non-Compliant,2024-12-24 00:00:00,
PAY003726,EMP005053,CLI003597,CA,REG002845,517745,0,517745,CAD,2023-10-16,completed,Compliant,2023-10-16 00:00:00,2023-10-16 00:25:30
PAY003727,EMP000864,CLI003015,CA,REG000119,751471,232956,518515,CAD,2024-06-12,completed,Compliant,2024-06-12 00:00:00,2024-06-12 01:29:00
PAY003728,EMP005017,CLI004583,CA,REG001886,386351,119769,266582,CAD,2024-10-30,completed,Compliant,2024-10-30 00:00:00,2024-10-30 01:37:23
PAY003729,EMP006940,CLI003000,UK,REG002419,507157,0,507157,GBP,2024-11-08,pending,Non-Compliant,2024-11-08 00:00:00,
PAY003730,EMP001670,CLI000625,AU,REG000882,606443,181933,424510,AUD,2024-06-19,completed,Compliant,2024-06-19 00:00:00,2024-06-19 00:34:01
PAY003731,EMP001812,CLI002241,AU,REG000091,359660,0,359660,AUD,2023-12-06,completed,Compliant,2023-12-06 00:00:00,2023-12-06 01:37:59
PAY003732,EMP006474,CLI001291,CA,REG000498,962014,327085,634929,CAD,2023-10-15,failed,Non-Compliant,2023-10-15 00:00:00,
PAY003733,EMP005816,CLI000469,DE,REG002731,360076,0,360076,EUR,2024-04-07,failed,Non-Compliant,2024-04-07 00:00:00,
PAY003734,EMP001731,CLI000116,ZA,REG001999,395297,134401,260896,ZAR,2023-11-11,pending,Non-Compliant,2023-11-11 00:00:00,
PAY003735,EMP003175,CLI004295,IN,REG001150,738244,0,738244,INR,2025-03-22,completed,Compliant,2025-03-22 00:00:00,2025-03-22 01:34:01
PAY003736,EMP004844,CLI000635,US,REG001560,163761,54041,109720,USD,2023-07-13,completed,Compliant,2023-07-13 00:00:00,2023-07-13 00:16:25
PAY003737,EMP006819,CLI003969,CA,REG000841,775379,131814,643565,CAD,2024-10-17,completed,Compliant,2024-10-17 00:00:00,2024-10-17 01:54:16
PAY003738,EMP000229,CLI002166,CA,REG002931,191207,0,191207,CAD,2024-01-03,pending,Non-Compliant,2024-01-03 00:00:00,
PAY003739,EMP003375,CLI003811,BR,REG002496,151367,0,151367,BRL,2024-06-06,failed,Non-Compliant,2024-06-06 00:00:00,
PAY003740,EMP003900,CLI000864,US,REG001371,294531,0,294531,USD,2023-12-13,pending,Non-Compliant,2023-12-13 00:00:00,
PAY003741,EMP003409,CLI004016,ZA,REG002650,502688,0,502688,ZAR,2024-05-15,completed,Compliant,2024-05-15 00:00:00,2024-05-15 01:15:30
PAY003742,EMP002535,CLI003274,AU,REG002080,175902,31662,144240,AUD,2024-04-24,completed,Compliant,2024-04-24 00:00:00,2024-04-24 00:07:51
PAY003743,EMP005220,CLI000013,UK,REG002232,362851,0,362851,GBP,2024-07-09,pending,Non-Compliant,2024-07-09 00:00:00,
PAY003744,EMP004869,CLI003034,IN,REG002426,156690,39172,117518,INR,2024-07-12,completed,Compliant,2024-07-12 00:00:00,2024-07-12 00:30:34
PAY003745,EMP005158,CLI000584,ZA,REG001854,769302,192326,576976,ZAR,2024-11-03,pending,Non-Compliant,2024-11-03 00:00:00,
PAY003746,EMP004457,CLI004314,DE,REG000052,184376,0,184376,EUR,2024-01-04,pending,Non-Compliant,2024-01-04 00:00:00,
PAY003747,EMP002774,CLI004092,US,REG001443,136913,0,136913,USD,2023-11-24,pending,Non-Compliant,2023-11-24 00:00:00,
PAY003748,EMP000510,CLI001150,US,REG000084,105554,0,105554,USD,2024-06-07,completed,Compliant,2024-06-07 00:00:00,2024-06-07 00:23:03
PAY003749,EMP001084,CLI001787,AU,REG000558,732012,0,732012,AUD,2023-09-02,completed,Compliant,2023-09-02 00:00:00,2023-09-02 01:09:47
PAY003750,EMP005030,CLI000292,ZA,REG000223,186219,0,186219,ZAR,2024-11-03,pending,Non-Compliant,2024-11-03 00:00:00,
PAY003751,EMP000998,CLI003103,FR,REG000428,917798,0,917798,EUR,2024-06-25,failed,Non-Compliant,2024-06-25 00:00:00,
PAY003752,EMP004639,CLI000916,DE,REG000969,753653,203486,550167,EUR,2024-11-09,pending,Non-Compliant,2024-11-09 00:00:00,
PAY003753,EMP000042,CLI004244,CA,REG001847,492733,142893,349840,CAD,2023-10-20,pending,Non-Compliant,2023-10-20 00:00:00,
PAY003754,EMP003906,CLI002497,DE,REG000337,854919,0,854919,EUR,2024-02-26,completed,Compliant,2024-02-26 00:00:00,2024-02-26 00:18:32
PAY003755,EMP000650,CLI001470,JP,REG000437,306435,107252,199183,JPY,2025-01-30,pending,Non-Compliant,2025-01-30 00:00:00,
PAY003756,EMP004576,CLI000918,IN,REG000805,236628,0,236628,INR,2024-04-12,failed,Non-Compliant,2024-04-12 00:00:00,
PAY003757,EMP004648,CLI004833,CA,REG001847,795709,230756,564953,CAD,2023-11-25,pending,Non-Compliant,2023-11-25 00:00:00,
PAY003758,EMP002698,CLI003544,ZA,REG002402,447531,0,447531,ZAR,2023-07-24,failed,Non-Compliant,2023-07-24 00:00:00,
PAY003759,EMP003654,CLI000161,AU,REG000672,156622,53251,103371,AUD,2024-01-27,completed,Compliant,2024-01-27 00:00:00,2024-01-27 01:45:41
PAY003760,EMP006412,CLI002469,CA,REG000710,327867,0,327867,CAD,2024-06-12,pending,Non-Compliant,2024-06-12 00:00:00,
PAY003761,EMP006444,CLI001286,JP,REG002242,394156,0,394156,JPY,2024-12-19,pending,Non-Compliant,2024-12-19 00:00:00,
PAY003762,EMP005784,CLI000685,UK,REG001442,241013,62663,178350,GBP,2023-09-20,failed,Non-Compliant,2023-09-20 00:00:00,
PAY003763,EMP006918,CLI001162,DE,REG002475,967969,0,967969,EUR,2025-05-08,failed,Non-Compliant,2025-05-08 00:00:00,
PAY003764,EMP002667,CLI002714,AU,REG001270,572387,0,572387,AUD,2025-05-04,failed,Non-Compliant,2025-05-04 00:00:00,
PAY003765,EMP005696,CLI002692,JP,REG002664,655920,0,655920,JPY,2023-10-06,pending,Non-Compliant,2023-10-06 00:00:00,
PAY003766,EMP000016,CLI002063,UK,REG000907,227486,90994,136492,GBP,2024-08-02,pending,Non-Compliant,2024-08-02 00:00:00,
PAY003767,EMP005331,CLI003070,IN,REG000749,293743,0,293743,INR,2025-04-13,pending,Non-Compliant,2025-04-13 00:00:00,
PAY003768,EMP001469,CLI002355,DE,REG001110,693518,0,693518,EUR,2024-05-20,completed,Compliant,2024-05-20 00:00:00,2024-05-20 01:17:45
PAY003769,EMP004122,CLI001591,US,REG002417,948721,0,948721,USD,2025-03-22,pending,Non-Compliant,2025-03-22 00:00:00,
PAY003770,EMP001258,CLI001690,AU,REG000003,114969,0,114969,AUD,2023-08-15,completed,Compliant,2023-08-15 00:00:00,2023-08-15 00:16:16
PAY003771,EMP005043,CLI003402,DE,REG000694,311595,0,311595,EUR,2025-02-21,completed,Compliant,2025-02-21 00:00:00,2025-02-21 01:34:43
PAY003772,EMP003683,CLI003786,CA,REG002044,807261,0,807261,CAD,2024-06-15,failed,Non-Compliant,2024-06-15 00:00:00,
PAY003773,EMP002294,CLI001457,BR,REG001530,895975,0,895975,BRL,2025-05-13,failed,Non-Compliant,2025-05-13 00:00:00,
PAY003774,EMP004180,CLI001599,US,REG002621,109790,35133,74657,USD,2024-07-24,failed,Non-Compliant,2024-07-24 00:00:00,
PAY003775,EMP005037,CLI003542,ZA,REG000299,929057,0,929057,ZAR,2024-12-22,completed,Compliant,2024-12-22 00:00:00,2024-12-22 01:48:25
PAY003776,EMP001887,CLI003167,UK,REG000183,620749,0,620749,GBP,2024-06-16,failed,Non-Compliant,2024-06-16 00:00:00,
PAY003777,EMP003419,CLI003579,FR,REG001966,781879,0,781879,EUR,2025-05-05,pending,Non-Compliant,2025-05-05 00:00:00,
PAY003778,EMP001430,CLI001283,FR,REG002771,128482,0,128482,EUR,2023-06-10,pending,Non-Compliant,2023-06-10 00:00:00,
PAY003779,EMP006488,CLI004996,IN,REG002335,380698,0,380698,INR,2024-10-30,failed,Non-Compliant,2024-10-30 00:00:00,
PAY003780,EMP004900,CLI004036,JP,REG000349,137407,0,137407,JPY,2024-02-02,failed,Non-Compliant,2024-02-02 00:00:00,
PAY003781,EMP001007,CLI004877,AU,REG002104,839565,92352,747213,AUD,2024-12-11,pending,Non-Compliant,2024-12-11 00:00:00,
PAY003782,EMP002684,CLI002168,ZA,REG001268,674155,0,674155,ZAR,2024-10-27,pending,Non-Compliant,2024-10-27 00:00:00,
PAY003783,EMP006003,CLI003783,US,REG001776,409755,127024,282731,USD,2023-05-28,pending,Non-Compliant,2023-05-28 00:00:00,
PAY003784,EMP005873,CLI003688,CA,REG000562,719080,0,719080,CAD,2024-12-17,completed,Compliant,2024-12-17 00:00:00,2024-12-17 01:48:37
PAY003785,EMP000911,CLI004767,IN,REG001824,329200,92176,237024,INR,2024-01-16,completed,Compliant,2024-01-16 00:00:00,2024-01-16 00:59:05
PAY003786,EMP001735,CLI003803,US,REG000951,918029,0,918029,USD,2025-05-07,failed,Non-Compliant,2025-05-07 00:00:00,
PAY003787,EMP006305,CLI003837,ZA,REG001016,943555,349115,594440,ZAR,2024-06-01,completed,Compliant,2024-06-01 00:00:00,2024-06-01 01:34:34
PAY003788,EMP006287,CLI002105,IN,REG002084,964778,0,964778,INR,2023-09-21,pending,Non-Compliant,2023-09-21 00:00:00,
PAY003789,EMP006194,CLI004092,AU,REG002861,360578,0,360578,AUD,2023-11-30,failed,Non-Compliant,2023-11-30 00:00:00,
PAY003790,EMP002499,CLI002807,BR,REG001451,719734,0,719734,BRL,2024-10-28,pending,Non-Compliant,2024-10-28 00:00:00,
PAY003791,EMP005144,CLI000246,UK,REG001441,152743,0,152743,GBP,2025-02-08,failed,Non-Compliant,2025-02-08 00:00:00,
PAY003792,EMP005898,CLI001914,US,REG000124,678880,0,678880,USD,2024-06-09,completed,Compliant,2024-06-09 00:00:00,2024-06-09 01:42:53
PAY003793,EMP003151,CLI004615,IN,REG002238,781125,0,781125,INR,2024-12-27,pending,Non-Compliant,2024-12-27 00:00:00,
PAY003794,EMP002407,CLI001761,IN,REG001952,598715,0,598715,INR,2024-12-18,completed,Compliant,2024-12-18 00:00:00,2024-12-18 01:09:04
PAY003795,EMP001117,CLI002727,IN,REG001252,810516,0,810516,INR,2023-09-17,pending,Non-Compliant,2023-09-17 00:00:00,
PAY003796,EMP005924,CLI001326,US,REG001450,414198,0,414198,USD,2024-07-18,completed,Compliant,2024-07-18 00:00:00,2024-07-18 00:53:34
PAY003797,EMP001085,CLI003402,IN,REG002775,966940,0,966940,INR,2025-02-03,failed,Non-Compliant,2025-02-03 00:00:00,
PAY003798,EMP006684,CLI002484,FR,REG001836,703760,0,703760,EUR,2024-09-13,pending,Non-Compliant,2024-09-13 00:00:00,
PAY003799,EMP004954,CLI001811,UK,REG000765,104768,0,104768,GBP,2024-10-12,failed,Non-Compliant,2024-10-12 00:00:00,
PAY003800,EMP006891,CLI001653,FR,REG002983,100652,18117,82535,EUR,2024-05-09,failed,Non-Compliant,2024-05-09 00:00:00,
PAY003801,EMP001906,CLI000638,IN,REG002437,457048,0,457048,INR,2024-04-22,failed,Non-Compliant,2024-04-22 00:00:00,
PAY003802,EMP002993,CLI000813,JP,REG002587,973734,0,973734,JPY,2024-08-24,pending,Non-Compliant,2024-08-24 00:00:00,
PAY003803,EMP002545,CLI004328,UK,REG000541,932824,158580,774244,GBP,2023-11-12,completed,Compliant,2023-11-12 00:00:00,2023-11-12 00:46:36
PAY003804,EMP000884,CLI004993,CA,REG001844,290677,0,290677,CAD,2023-10-14,completed,Compliant,2023-10-14 00:00:00,2023-10-14 00:46:19
PAY003805,EMP002239,CLI002934,AU,REG000798,165979,63072,102907,AUD,2024-02-27,failed,Non-Compliant,2024-02-27 00:00:00,
PAY003806,EMP004467,CLI002767,JP,REG002644,927508,0,927508,JPY,2025-03-22,failed,Non-Compliant,2025-03-22 00:00:00,
PAY003807,EMP000319,CLI003674,FR,REG002805,438736,0,438736,EUR,2024-02-07,completed,Compliant,2024-02-07 00:00:00,2024-02-07 01:48:25
PAY003808,EMP005223,CLI004960,BR,REG001873,432212,0,432212,BRL,2024-10-15,completed,Compliant,2024-10-15 00:00:00,2024-10-15 00:56:04
PAY003809,EMP006170,CLI000315,BR,REG000712,884578,0,884578,BRL,2023-10-16,completed,Compliant,2023-10-16 00:00:00,2023-10-16 00:48:15
PAY003810,EMP005370,CLI000508,CA,REG002880,846513,0,846513,CAD,2024-03-18,failed,Non-Compliant,2024-03-18 00:00:00,
PAY003811,EMP000249,CLI000123,FR,REG002808,365410,0,365410,EUR,2023-10-01,pending,Non-Compliant,2023-10-01 00:00:00,
PAY003812,EMP000290,CLI001133,AU,REG000659,539310,102469,436841,AUD,2023-12-24,pending,Non-Compliant,2023-12-24 00:00:00,
PAY003813,EMP006144,CLI003252,AU,REG000044,437563,0,437563,AUD,2025-02-12,failed,Non-Compliant,2025-02-12 00:00:00,
PAY003814,EMP004635,CLI001545,FR,REG001479,501822,0,501822,EUR,2024-03-05,completed,Compliant,2024-03-05 00:00:00,2024-03-05 00:53:06
PAY003815,EMP004535,CLI003134,JP,REG000057,573529,80294,493235,JPY,2024-07-13,failed,Non-Compliant,2024-07-13 00:00:00,
PAY003816,EMP001619,CLI003417,US,REG000877,828867,0,828867,USD,2024-12-20,pending,Non-Compliant,2024-12-20 00:00:00,
PAY003817,EMP006034,CLI000718,ZA,REG001093,677209,94809,582400,ZAR,2023-09-24,failed,Non-Compliant,2023-09-24 00:00:00,
PAY003818,EMP002534,CLI001873,DE,REG001214,771943,0,771943,EUR,2024-10-31,completed,Compliant,2024-10-31 00:00:00,2024-10-31 00:58:18
PAY003819,EMP004888,CLI002263,FR,REG002533,993252,0,993252,EUR,2024-05-21,pending,Non-Compliant,2024-05-21 00:00:00,
PAY003820,EMP000891,CLI001097,ZA,REG001302,488687,0,488687,ZAR,2024-04-03,completed,Compliant,2024-04-03 00:00:00,2024-04-03 01:48:03
PAY003821,EMP004849,CLI002107,US,REG001292,814706,219971,594735,USD,2024-05-14,completed,Compliant,2024-05-14 00:00:00,2024-05-14 01:22:24
PAY003822,EMP005984,CLI001652,FR,REG001919,353159,0,353159,EUR,2024-01-08,completed,Compliant,2024-01-08 00:00:00,2024-01-08 00:28:40
PAY003823,EMP006829,CLI004073,DE,REG002411,156918,0,156918,EUR,2023-11-07,failed,Non-Compliant,2023-11-07 00:00:00,
PAY003824,EMP002461,CLI004874,BR,REG000705,586193,0,586193,BRL,2025-03-01,failed,Non-Compliant,2025-03-01 00:00:00,
PAY003825,EMP006824,CLI002914,AU,REG001554,884865,185822,699043,AUD,2023-09-16,pending,Non-Compliant,2023-09-16 00:00:00,
PAY003826,EMP004360,CLI002016,IN,REG001474,527117,0,527117,INR,2023-12-15,failed,Non-Compliant,2023-12-15 00:00:00,
PAY003827,EMP004568,CLI002752,DE,REG002769,539712,0,539712,EUR,2024-01-14,pending,Non-Compliant,2024-01-14 00:00:00,
PAY003828,EMP001094,CLI001326,BR,REG002832,535890,80384,455506,BRL,2025-03-23,failed,Non-Compliant,2025-03-23 00:00:00,
PAY003829,EMP005338,CLI003753,BR,REG001524,835158,0,835158,BRL,2023-06-03,pending,Non-Compliant,2023-06-03 00:00:00,
PAY003830,EMP004619,CLI001533,AU,REG002984,588880,0,588880,AUD,2024-02-12,failed,Non-Compliant,2024-02-12 00:00:00,
PAY003831,EMP006534,CLI002417,UK,REG001475,410341,53344,356997,GBP,2024-12-25,pending,Non-Compliant,2024-12-25 00:00:00,
PAY003832,EMP000216,CLI002459,BR,REG001416,209907,0,209907,BRL,2025-03-24,completed,Compliant,2025-03-24 00:00:00,2025-03-24 00:07:04
PAY003833,EMP005211,CLI003876,UK,REG002019,198564,67512,131052,GBP,2024-01-12,completed,Compliant,2024-01-12 00:00:00,2024-01-12 01:40:35
PAY003834,EMP003649,CLI003045,US,REG002750,820189,0,820189,USD,2023-06-25,pending,Non-Compliant,2023-06-25 00:00:00,
PAY003835,EMP001710,CLI000256,US,REG002961,852596,0,852596,USD,2025-04-02,failed,Non-Compliant,2025-04-02 00:00:00,
PAY003836,EMP005908,CLI004476,IN,REG001838,733118,0,733118,INR,2025-05-05,pending,Non-Compliant,2025-05-05 00:00:00,
PAY003837,EMP003115,CLI001447,CA,REG001868,978823,0,978823,CAD,2025-05-22,completed,Compliant,2025-05-22 00:00:00,2025-05-22 00:55:09
PAY003838,EMP006959,CLI000068,AU,REG001064,609866,0,609866,AUD,2025-01-28,completed,Compliant,2025-01-28 00:00:00,2025-01-28 01:37:20
PAY003839,EMP000266,CLI001600,ZA,REG002956,688919,96449,592470,ZAR,2024-12-18,completed,Compliant,2024-12-18 00:00:00,2024-12-18 01:30:10
PAY003840,EMP004872,CLI003024,UK,REG001710,264972,0,264972,GBP,2024-06-22,failed,Non-Compliant,2024-06-22 00:00:00,
PAY003841,EMP003279,CLI003993,AU,REG001011,858403,334777,523626,AUD,2024-11-25,pending,Non-Compliant,2024-11-25 00:00:00,
PAY003842,EMP005473,CLI002551,JP,REG001300,258140,0,258140,JPY,2025-04-02,completed,Compliant,2025-04-02 00:00:00,2025-04-02 00:46:54
PAY003843,EMP002966,CLI000261,AU,REG002817,856244,179811,676433,AUD,2025-04-22,failed,Non-Compliant,2025-04-22 00:00:00,
PAY003844,EMP001007,CLI003644,AU,REG001089,764281,244570,519711,AUD,2025-05-11,completed,Compliant,2025-05-11 00:00:00,2025-05-11 00:19:20
PAY003845,EMP002875,CLI001689,DE,REG000648,313854,119265,194589,EUR,2024-10-06,pending,Non-Compliant,2024-10-06 00:00:00,
PAY003846,EMP002988,CLI004613,CA,REG002669,470131,159845,310286,CAD,2023-11-11,completed,Compliant,2023-11-11 00:00:00,2023-11-11 01:47:39
PAY003847,EMP005177,CLI004744,DE,REG000913,403212,60482,342730,EUR,2025-03-10,completed,Compliant,2025-03-10 00:00:00,2025-03-10 00:44:44
PAY003848,EMP002531,CLI003896,DE,REG001536,597875,0,597875,EUR,2023-12-21,completed,Compliant,2023-12-21 00:00:00,2023-12-21 01:47:00
PAY003849,EMP000572,CLI004985,IN,REG002385,307882,116995,190887,INR,2025-01-23,completed,Compliant,2025-01-23 00:00:00,2025-01-23 01:54:24
PAY003850,EMP001767,CLI004788,CA,REG001692,702142,0,702142,CAD,2023-11-14,failed,Non-Compliant,2023-11-14 00:00:00,
PAY003851,EMP000686,CLI002282,IN,REG000287,805113,0,805113,INR,2023-10-12,pending,Non-Compliant,2023-10-12 00:00:00,
PAY003852,EMP004411,CLI003964,UK,REG000927,489897,0,489897,GBP,2023-09-07,pending,Non-Compliant,2023-09-07 00:00:00,
PAY003853,EMP001744,CLI001631,FR,REG002940,807446,0,807446,EUR,2024-12-25,pending,Non-Compliant,2024-12-25 00:00:00,
PAY003854,EMP005515,CLI000001,ZA,REG000978,487415,0,487415,ZAR,2023-06-20,completed,Compliant,2023-06-20 00:00:00,2023-06-20 01:33:28
PAY003855,EMP005276,CLI004370,IN,REG000768,478629,0,478629,INR,2024-04-19,failed,Non-Compliant,2024-04-19 00:00:00,
PAY003856,EMP005416,CLI003867,DE,REG002262,363933,0,363933,EUR,2024-09-26,failed,Non-Compliant,2024-09-26 00:00:00,
PAY003857,EMP003943,CLI003602,IN,REG001688,383042,0,383042,INR,2023-07-07,completed,Compliant,2023-07-07 00:00:00,2023-07-07 00:51:16
PAY003858,EMP006473,CLI002897,BR,REG000712,723700,0,723700,BRL,2024-01-02,completed,Compliant,2024-01-02 00:00:00,2024-01-02 00:56:07
PAY003859,EMP000295,CLI000850,BR,REG002005,654362,111242,543120,BRL,2024-02-13,pending,Non-Compliant,2024-02-13 00:00:00,
PAY003860,EMP005603,CLI003242,ZA,REG000599,591870,0,591870,ZAR,2023-09-11,failed,Non-Compliant,2023-09-11 00:00:00,
PAY003861,EMP004243,CLI002386,FR,REG001693,875094,0,875094,EUR,2025-02-03,failed,Non-Compliant,2025-02-03 00:00:00,
PAY003862,EMP000644,CLI001938,FR,REG002169,839449,0,839449,EUR,2024-10-14,pending,Non-Compliant,2024-10-14 00:00:00,
PAY003863,EMP001683,CLI004439,DE,REG000478,178436,62453,115983,EUR,2023-11-16,completed,Compliant,2023-11-16 00:00:00,2023-11-16 00:49:29
PAY003864,EMP002602,CLI001025,AU,REG001548,253133,0,253133,AUD,2024-12-31,completed,Compliant,2024-12-31 00:00:00,2024-12-31 01:31:20
PAY003865,EMP000814,CLI000080,AU,REG002740,453862,0,453862,AUD,2024-02-22,completed,Compliant,2024-02-22 00:00:00,2024-02-22 01:25:01
PAY003866,EMP005863,CLI001891,FR,REG001249,324841,0,324841,EUR,2025-03-08,pending,Non-Compliant,2025-03-08 00:00:00,
PAY003867,EMP005609,CLI002665,DE,REG001816,210165,0,210165,EUR,2025-02-19,failed,Non-Compliant,2025-02-19 00:00:00,
PAY003868,EMP001406,CLI003502,JP,REG000815,693257,0,693257,JPY,2024-02-01,failed,Non-Compliant,2024-02-01 00:00:00,
PAY003869,EMP006710,CLI000506,ZA,REG001616,183946,0,183946,ZAR,2025-03-31,pending,Non-Compliant,2025-03-31 00:00:00,
PAY003870,EMP006852,CLI004223,BR,REG002379,830646,0,830646,BRL,2024-08-26,failed,Non-Compliant,2024-08-26 00:00:00,
PAY003871,EMP003586,CLI004187,DE,REG000371,703143,133597,569546,EUR,2024-07-05,failed,Non-Compliant,2024-07-05 00:00:00,
PAY003872,EMP002368,CLI001628,DE,REG001604,377129,0,377129,EUR,2024-11-02,pending,Non-Compliant,2024-11-02 00:00:00,
PAY003873,EMP000242,CLI002760,US,REG000018,681158,163478,517680,USD,2023-10-02,pending,Non-Compliant,2023-10-02 00:00:00,
PAY003874,EMP006675,CLI002383,IN,REG002372,539787,0,539787,INR,2023-06-04,failed,Non-Compliant,2023-06-04 00:00:00,
PAY003875,EMP000992,CLI002837,ZA,REG001370,839646,0,839646,ZAR,2024-02-07,pending,Non-Compliant,2024-02-07 00:00:00,
PAY003876,EMP000821,CLI001433,AU,REG002642,187382,0,187382,AUD,2024-03-07,completed,Compliant,2024-03-07 00:00:00,2024-03-07 00:33:52
PAY003877,EMP003005,CLI002723,ZA,REG001085,735211,198507,536704,ZAR,2024-09-22,completed,Compliant,2024-09-22 00:00:00,2024-09-22 00:28:26
PAY003878,EMP003741,CLI003110,BR,REG001825,718751,0,718751,BRL,2023-12-04,pending,Non-Compliant,2023-12-04 00:00:00,
PAY003879,EMP003308,CLI001530,UK,REG000324,999664,0,999664,GBP,2024-05-23,pending,Non-Compliant,2024-05-23 00:00:00,
PAY003880,EMP006777,CLI003503,DE,REG001659,510835,143034,367801,EUR,2023-10-20,completed,Compliant,2023-10-20 00:00:00,2023-10-20 01:58:41
PAY003881,EMP003495,CLI002925,ZA,REG000237,618021,0,618021,ZAR,2023-08-27,pending,Non-Compliant,2023-08-27 00:00:00,
PAY003882,EMP000157,CLI003494,UK,REG002655,740653,0,740653,GBP,2023-10-21,pending,Non-Compliant,2023-10-21 00:00:00,
PAY003883,EMP000670,CLI003356,US,REG000202,561607,0,561607,USD,2023-10-27,pending,Non-Compliant,2023-10-27 00:00:00,
PAY003884,EMP003051,CLI003157,UK,REG001778,288266,40357,247909,GBP,2025-01-09,failed,Non-Compliant,2025-01-09 00:00:00,
PAY003885,EMP006252,CLI000878,BR,REG001287,344029,0,344029,BRL,2023-05-31,pending,Non-Compliant,2023-05-31 00:00:00,
PAY003886,EMP005312,CLI002129,CA,REG001242,262572,55140,207432,CAD,2025-05-19,completed,Compliant,2025-05-19 00:00:00,2025-05-19 00:37:00
PAY003887,EMP001601,CLI001723,AU,REG002227,355180,0,355180,AUD,2023-07-28,failed,Non-Compliant,2023-07-28 00:00:00,
PAY003888,EMP002607,CLI004523,BR,REG002022,106411,0,106411,BRL,2024-02-08,completed,Compliant,2024-02-08 00:00:00,2024-02-08 01:46:32
PAY003889,EMP005407,CLI003174,DE,REG000786,911508,0,911508,EUR,2024-02-21,completed,Compliant,2024-02-21 00:00:00,2024-02-21 01:01:40
PAY003890,EMP005178,CLI000997,BR,REG001069,898649,0,898649,BRL,2025-03-17,failed,Non-Compliant,2025-03-17 00:00:00,
PAY003891,EMP004853,CLI001188,ZA,REG001016,709302,262442,446860,ZAR,2024-04-14,failed,Non-Compliant,2024-04-14 00:00:00,
PAY003892,EMP003905,CLI004853,UK,REG000488,185581,0,185581,GBP,2024-06-09,failed,Non-Compliant,2024-06-09 00:00:00,
PAY003893,EMP004716,CLI000866,UK,REG001164,856908,154243,702665,GBP,2024-02-21,failed,Non-Compliant,2024-02-21 00:00:00,
PAY003894,EMP005000,CLI001053,AU,REG002861,887724,0,887724,AUD,2023-11-29,pending,Non-Compliant,2023-11-29 00:00:00,
PAY003895,EMP000789,CLI004298,ZA,REG001951,102455,22540,79915,ZAR,2024-04-09,pending,Non-Compliant,2024-04-09 00:00:00,
PAY003896,EMP000606,CLI003448,CA,REG002249,425836,0,425836,CAD,2025-01-19,failed,Non-Compliant,2025-01-19 00:00:00,
PAY003897,EMP006098,CLI003531,ZA,REG000056,560275,0,560275,ZAR,2025-02-26,completed,Compliant,2025-02-26 00:00:00,2025-02-26 01:56:02
PAY003898,EMP005839,CLI001025,FR,REG002257,857975,0,857975,EUR,2023-07-06,failed,Non-Compliant,2023-07-06 00:00:00,
PAY003899,EMP001033,CLI002734,UK,REG002076,375592,0,375592,GBP,2025-03-04,completed,Compliant,2025-03-04 00:00:00,2025-03-04 01:35:13
PAY003900,EMP001054,CLI004180,BR,REG002901,302361,0,302361,BRL,2025-03-13,failed,Non-Compliant,2025-03-13 00:00:00,
PAY003901,EMP000879,CLI000658,FR,REG002013,403296,157285,246011,EUR,2024-04-10,pending,Non-Compliant,2024-04-10 00:00:00,
PAY003902,EMP003993,CLI003775,JP,REG002828,169927,0,169927,JPY,2024-10-29,completed,Compliant,2024-10-29 00:00:00,2024-10-29 00:15:31
PAY003903,EMP002372,CLI004005,JP,REG001440,315360,0,315360,JPY,2024-09-03,completed,Compliant,2024-09-03 00:00:00,2024-09-03 00:21:41
PAY003904,EMP005540,CLI002023,BR,REG002266,805077,152965,652112,BRL,2024-04-10,completed,Compliant,2024-04-10 00:00:00,2024-04-10 00:45:17
PAY003905,EMP004029,CLI000760,JP,REG002408,432905,112555,320350,JPY,2025-01-17,failed,Non-Compliant,2025-01-17 00:00:00,
PAY003906,EMP004248,CLI003472,ZA,REG000599,493565,0,493565,ZAR,2024-01-30,pending,Non-Compliant,2024-01-30 00:00:00,
PAY003907,EMP005128,CLI003733,UK,REG001711,445036,71206,373830,GBP,2024-06-30,completed,Compliant,2024-06-30 00:00:00,2024-06-30 01:13:57
PAY003908,EMP001388,CLI001591,BR,REG002613,790541,197635,592906,BRL,2025-04-23,completed,Compliant,2025-04-23 00:00:00,2025-04-23 00:34:42
PAY003909,EMP003386,CLI001599,FR,REG000888,183702,0,183702,EUR,2023-12-14,failed,Non-Compliant,2023-12-14 00:00:00,
PAY003910,EMP002353,CLI001652,FR,REG000634,805791,96695,709096,EUR,2024-03-29,completed,Compliant,2024-03-29 00:00:00,2024-03-29 00:08:40
PAY003911,EMP002320,CLI004855,AU,REG001958,742247,282054,460193,AUD,2023-05-31,completed,Compliant,2023-05-31 00:00:00,2023-05-31 00:41:28
PAY003912,EMP003406,CLI002470,IN,REG002593,393187,0,393187,INR,2023-06-15,pending,Non-Compliant,2023-06-15 00:00:00,
PAY003913,EMP005289,CLI002495,FR,REG001521,729862,0,729862,EUR,2024-09-26,pending,Non-Compliant,2024-09-26 00:00:00,
PAY003914,EMP005806,CLI004221,FR,REG001283,228169,0,228169,EUR,2025-01-24,failed,Non-Compliant,2025-01-24 00:00:00,
PAY003915,EMP006941,CLI001449,CA,REG002333,653311,0,653311,CAD,2023-08-05,completed,Compliant,2023-08-05 00:00:00,2023-08-05 01:09:35
PAY003916,EMP000866,CLI004178,JP,REG000653,914947,0,914947,JPY,2024-06-18,pending,Non-Compliant,2024-06-18 00:00:00,
PAY003917,EMP004450,CLI000327,JP,REG002828,351546,0,351546,JPY,2024-07-16,pending,Non-Compliant,2024-07-16 00:00:00,
PAY003918,EMP006381,CLI000543,AU,REG001683,296145,88844,207301,AUD,2025-05-09,completed,Compliant,2025-05-09 00:00:00,2025-05-09 00:13:26
PAY003919,EMP001703,CLI000441,ZA,REG001434,441320,0,441320,ZAR,2024-09-13,failed,Non-Compliant,2024-09-13 00:00:00,
PAY003920,EMP004468,CLI004609,BR,REG002182,723978,0,723978,BRL,2023-10-09,pending,Non-Compliant,2023-10-09 00:00:00,
PAY003921,EMP003512,CLI002183,DE,REG001099,541349,54135,487214,EUR,2023-09-04,failed,Non-Compliant,2023-09-04 00:00:00,
PAY003922,EMP002401,CLI002522,DE,REG002290,170391,0,170391,EUR,2023-10-05,pending,Non-Compliant,2023-10-05 00:00:00,
PAY003923,EMP000710,CLI004248,FR,REG000836,769839,0,769839,EUR,2023-10-13,pending,Non-Compliant,2023-10-13 00:00:00,
PAY003924,EMP006847,CLI000714,DE,REG001229,877528,0,877528,EUR,2023-12-11,pending,Non-Compliant,2023-12-11 00:00:00,
PAY003925,EMP000208,CLI001108,AU,REG002179,798882,0,798882,AUD,2024-01-26,pending,Non-Compliant,2024-01-26 00:00:00,
PAY003926,EMP005004,CLI003003,FR,REG002283,854987,0,854987,EUR,2025-03-08,pending,Non-Compliant,2025-03-08 00:00:00,
PAY003927,EMP003455,CLI003448,AU,REG000779,795994,0,795994,AUD,2025-03-12,failed,Non-Compliant,2025-03-12 00:00:00,
PAY003928,EMP006701,CLI001935,FR,REG002526,144332,0,144332,EUR,2023-08-19,failed,Non-Compliant,2023-08-19 00:00:00,
PAY003929,EMP004971,CLI003989,DE,REG001141,981064,0,981064,EUR,2024-09-06,completed,Compliant,2024-09-06 00:00:00,2024-09-06 00:56:13
PAY003930,EMP003720,CLI000274,UK,REG001305,862206,336260,525946,GBP,2023-06-24,pending,Non-Compliant,2023-06-24 00:00:00,
PAY003931,EMP006024,CLI003843,IN,REG002966,282676,104590,178086,INR,2024-08-19,pending,Non-Compliant,2024-08-19 00:00:00,
PAY003932,EMP000999,CLI000450,BR,REG000584,267409,50808,216601,BRL,2023-09-17,failed,Non-Compliant,2023-09-17 00:00:00,
PAY003933,EMP000100,CLI002255,DE,REG001072,925403,0,925403,EUR,2024-08-05,failed,Non-Compliant,2024-08-05 00:00:00,
PAY003934,EMP000288,CLI004187,FR,REG001249,763355,0,763355,EUR,2024-04-08,pending,Non-Compliant,2024-04-08 00:00:00,
PAY003935,EMP001500,CLI003978,US,REG002601,715759,157467,558292,USD,2023-09-11,failed,Non-Compliant,2023-09-11 00:00:00,
PAY003936,EMP001622,CLI003581,US,REG000759,290049,0,290049,USD,2024-08-29,completed,Compliant,2024-08-29 00:00:00,2024-08-29 01:21:44
PAY003937,EMP003255,CLI002946,US,REG002188,911023,0,911023,USD,2025-04-24,pending,Non-Compliant,2025-04-24 00:00:00,
PAY003938,EMP000790,CLI004163,BR,REG002811,527401,0,527401,BRL,2024-08-23,pending,Non-Compliant,2024-08-23 00:00:00,
PAY003939,EMP004082,CLI002494,JP,REG002667,594197,0,594197,JPY,2023-11-09,failed,Non-Compliant,2023-11-09 00:00:00,
PAY003940,EMP002864,CLI004027,AU,REG002642,734086,0,734086,AUD,2024-05-06,failed,Non-Compliant,2024-05-06 00:00:00,
PAY003941,EMP005072,CLI003908,ZA,REG001619,730513,0,730513,ZAR,2024-06-07,pending,Non-Compliant,2024-06-07 00:00:00,
PAY003942,EMP000698,CLI000709,FR,REG000525,886419,0,886419,EUR,2025-04-15,pending,Non-Compliant,2025-04-15 00:00:00,
PAY003943,EMP003752,CLI000443,FR,REG002903,475063,0,475063,EUR,2024-08-08,pending,Non-Compliant,2024-08-08 00:00:00,
PAY003944,EMP003076,CLI001449,ZA,REG002741,917106,330158,586948,ZAR,2024-05-04,failed,Non-Compliant,2024-05-04 00:00:00,
PAY003945,EMP006552,CLI002902,CA,REG001049,745978,0,745978,CAD,2024-01-13,failed,Non-Compliant,2024-01-13 00:00:00,
PAY003946,EMP000789,CLI001672,ZA,REG000146,874273,0,874273,ZAR,2025-03-18,failed,Non-Compliant,2025-03-18 00:00:00,
PAY003947,EMP001088,CLI003258,US,REG002648,565071,107363,457708,USD,2023-07-04,failed,Non-Compliant,2023-07-04 00:00:00,
PAY003948,EMP003215,CLI004967,UK,REG002690,587799,182218,405581,GBP,2025-03-13,pending,Non-Compliant,2025-03-13 00:00:00,
PAY003949,EMP004680,CLI000171,FR,REG002594,231490,0,231490,EUR,2024-02-09,pending,Non-Compliant,2024-02-09 00:00:00,
PAY003950,EMP001875,CLI002711,BR,REG000940,945388,217439,727949,BRL,2023-06-15,pending,Non-Compliant,2023-06-15 00:00:00,
PAY003951,EMP000495,CLI002142,CA,REG001061,890408,240410,649998,CAD,2024-04-20,completed,Compliant,2024-04-20 00:00:00,2024-04-20 01:50:25
PAY003952,EMP000768,CLI000322,UK,REG000565,779415,296178,483237,GBP,2025-04-08,pending,Non-Compliant,2025-04-08 00:00:00,
PAY003953,EMP006015,CLI000779,AU,REG002292,436527,96036,340491,AUD,2023-09-03,pending,Non-Compliant,2023-09-03 00:00:00,
PAY003954,EMP006607,CLI002312,JP,REG001323,403578,0,403578,JPY,2024-10-09,completed,Compliant,2024-10-09 00:00:00,2024-10-09 01:41:40
PAY003955,EMP004916,CLI002037,IN,REG002073,493518,182602,310916,INR,2025-02-26,pending,Non-Compliant,2025-02-26 00:00:00,
PAY003956,EMP005832,CLI000248,BR,REG002185,163590,55621,107969,BRL,2024-07-15,failed,Non-Compliant,2024-07-15 00:00:00,
PAY003957,EMP004423,CLI001348,IN,REG001383,711740,0,711740,INR,2023-07-14,failed,Non-Compliant,2023-07-14 00:00:00,
PAY003958,EMP006186,CLI004272,BR,REG002635,370921,0,370921,BRL,2024-10-08,completed,Compliant,2024-10-08 00:00:00,2024-10-08 00:42:10
PAY003959,EMP003474,CLI001175,FR,REG002658,458588,77960,380628,EUR,2024-06-29,pending,Non-Compliant,2024-06-29 00:00:00,
PAY003960,EMP005691,CLI001247,JP,REG002557,541823,0,541823,JPY,2024-07-15,pending,Non-Compliant,2024-07-15 00:00:00,
PAY003961,EMP000930,CLI002628,US,REG001106,370019,0,370019,USD,2024-11-30,pending,Non-Compliant,2024-11-30 00:00:00,
PAY003962,EMP003309,CLI000987,FR,REG000384,749132,0,749132,EUR,2023-07-20,pending,Non-Compliant,2023-07-20 00:00:00,
PAY003963,EMP002821,CLI001566,JP,REG001197,924519,342072,582447,JPY,2024-08-29,failed,Non-Compliant,2024-08-29 00:00:00,
PAY003964,EMP005602,CLI004721,US,REG001776,840796,260647,580149,USD,2024-02-07,failed,Non-Compliant,2024-02-07 00:00:00,
PAY003965,EMP004800,CLI000413,CA,REG001772,981874,0,981874,CAD,2024-06-28,completed,Compliant,2024-06-28 00:00:00,2024-06-28 00:13:34
PAY003966,EMP000261,CLI000348,DE,REG002477,619280,0,619280,EUR,2024-11-06,pending,Non-Compliant,2024-11-06 00:00:00,
PAY003967,EMP002554,CLI003695,UK,REG000286,880885,0,880885,GBP,2024-07-05,completed,Compliant,2024-07-05 00:00:00,2024-07-05 00:37:53
PAY003968,EMP000262,CLI001501,JP,REG001294,744753,0,744753,JPY,2023-11-23,pending,Non-Compliant,2023-11-23 00:00:00,
PAY003969,EMP001995,CLI000635,CA,REG002334,323425,42045,281380,CAD,2024-09-16,failed,Non-Compliant,2024-09-16 00:00:00,
PAY003970,EMP001675,CLI000512,BR,REG001518,234193,0,234193,BRL,2024-10-29,failed,Non-Compliant,2024-10-29 00:00:00,
PAY003971,EMP002394,CLI003951,IN,REG002352,821690,0,821690,INR,2024-03-01,completed,Compliant,2024-03-01 00:00:00,2024-03-01 01:11:15
PAY003972,EMP006769,CLI003842,FR,REG001981,860537,0,860537,EUR,2025-02-03,completed,Compliant,2025-02-03 00:00:00,2025-02-03 01:32:36
PAY003973,EMP004960,CLI004994,ZA,REG001370,226999,0,226999,ZAR,2024-09-18,failed,Non-Compliant,2024-09-18 00:00:00,
PAY003974,EMP001455,CLI004061,UK,REG000567,834082,0,834082,GBP,2024-05-14,completed,Compliant,2024-05-14 00:00:00,2024-05-14 01:02:25
PAY003975,EMP002191,CLI000711,UK,REG002815,172816,0,172816,GBP,2023-10-27,completed,Compliant,2023-10-27 00:00:00,2023-10-27 00:44:50
PAY003976,EMP003933,CLI004648,AU,REG001630,758836,0,758836,AUD,2024-08-02,completed,Compliant,2024-08-02 00:00:00,2024-08-02 01:01:54
PAY003977,EMP003455,CLI000494,AU,REG001142,302421,78629,223792,AUD,2025-03-10,completed,Compliant,2025-03-10 00:00:00,2025-03-10 00:37:13
PAY003978,EMP005426,CLI000657,UK,REG001441,450536,0,450536,GBP,2023-06-29,failed,Non-Compliant,2023-06-29 00:00:00,
PAY003979,EMP005098,CLI002613,CA,REG002025,679486,0,679486,CAD,2024-04-17,failed,Non-Compliant,2024-04-17 00:00:00,
PAY003980,EMP000754,CLI003943,ZA,REG002883,452952,0,452952,ZAR,2025-04-11,pending,Non-Compliant,2025-04-11 00:00:00,
PAY003981,EMP000752,CLI003474,DE,REG001357,535812,0,535812,EUR,2025-04-12,pending,Non-Compliant,2025-04-12 00:00:00,
PAY003982,EMP002592,CLI004156,CA,REG002543,490141,0,490141,CAD,2025-03-31,failed,Non-Compliant,2025-03-31 00:00:00,
PAY003983,EMP003570,CLI003674,FR,REG000834,497530,0,497530,EUR,2024-08-24,completed,Compliant,2024-08-24 00:00:00,2024-08-24 00:48:25
PAY003984,EMP003788,CLI003793,FR,REG000504,895833,0,895833,EUR,2023-09-12,failed,Non-Compliant,2023-09-12 00:00:00,
PAY003985,EMP001007,CLI001597,AU,REG000870,617700,0,617700,AUD,2024-12-21,completed,Compliant,2024-12-21 00:00:00,2024-12-21 01:11:03
PAY003986,EMP006998,CLI003918,JP,REG000455,441716,0,441716,JPY,2025-02-27,pending,Non-Compliant,2025-02-27 00:00:00,
PAY003987,EMP000008,CLI001040,JP,REG002828,110177,0,110177,JPY,2025-04-09,failed,Non-Compliant,2025-04-09 00:00:00,
PAY003988,EMP001402,CLI001317,BR,REG002375,875627,0,875627,BRL,2023-09-29,failed,Non-Compliant,2023-09-29 00:00:00,
PAY003989,EMP006033,CLI003624,IN,REG001419,403150,0,403150,INR,2023-12-27,pending,Non-Compliant,2023-12-27 00:00:00,
PAY003990,EMP004143,CLI001797,JP,REG001718,100070,17012,83058,JPY,2024-07-18,completed,Compliant,2024-07-18 00:00:00,2024-07-18 01:56:30
PAY003991,EMP004967,CLI000327,US,REG002881,550641,0,550641,USD,2024-12-11,pending,Non-Compliant,2024-12-11 00:00:00,
PAY003992,EMP003441,CLI002789,DE,REG001410,908277,0,908277,EUR,2025-02-12,pending,Non-Compliant,2025-02-12 00:00:00,
PAY003993,EMP006827,CLI000718,DE,REG002731,764008,0,764008,EUR,2024-01-11,pending,Non-Compliant,2024-01-11 00:00:00,
PAY003994,EMP005395,CLI002490,DE,REG002591,588518,0,588518,EUR,2023-09-04,pending,Non-Compliant,2023-09-04 00:00:00,
PAY003995,EMP004923,CLI004933,AU,REG002700,727259,0,727259,AUD,2024-05-05,pending,Non-Compliant,2024-05-05 00:00:00,
PAY003996,EMP005818,CLI001716,FR,REG001000,260575,52115,208460,EUR,2024-12-23,failed,Non-Compliant,2024-12-23 00:00:00,
PAY003997,EMP005912,CLI003298,FR,REG002810,250179,0,250179,EUR,2025-04-13,completed,Compliant,2025-04-13 00:00:00,2025-04-13 01:09:01
PAY003998,EMP004105,CLI003006,BR,REG002614,683355,0,683355,BRL,2024-11-12,completed,Compliant,2024-11-12 00:00:00,2024-11-12 00:29:36
PAY003999,EMP003048,CLI002350,IN,REG002544,431235,146620,284615,INR,2024-01-14,failed,Non-Compliant,2024-01-14 00:00:00,
PAY004000,EMP002684,CLI003166,ZA,REG002248,724286,0,724286,ZAR,2025-02-08,failed,Non-Compliant,2025-02-08 00:00:00,
PAY004001,EMP002656,CLI003428,IN,REG001080,621990,0,621990,INR,2023-11-17,completed,Compliant,2023-11-17 00:00:00,2023-11-17 00:35:43
PAY004002,EMP002358,CLI001056,BR,REG001027,919916,331170,588746,BRL,2024-05-27,completed,Compliant,2024-05-27 00:00:00,2024-05-27 00:18:43
PAY004003,EMP001229,CLI003036,US,REG000944,980618,0,980618,USD,2024-12-23,pending,Non-Compliant,2024-12-23 00:00:00,
PAY004004,EMP000156,CLI002506,CA,REG001242,224311,47105,177206,CAD,2023-07-30,completed,Compliant,2023-07-30 00:00:00,2023-07-30 00:54:04
PAY004005,EMP006164,CLI000024,DE,REG001163,817976,0,817976,EUR,2023-10-24,failed,Non-Compliant,2023-10-24 00:00:00,
PAY004006,EMP004685,CLI003633,US,REG001651,432881,0,432881,USD,2025-02-10,pending,Non-Compliant,2025-02-10 00:00:00,
PAY004007,EMP001903,CLI001234,DE,REG000478,793086,277580,515506,EUR,2024-02-16,pending,Non-Compliant,2024-02-16 00:00:00,
PAY004008,EMP005402,CLI002074,JP,REG002421,259584,80471,179113,JPY,2024-07-03,pending,Non-Compliant,2024-07-03 00:00:00,
PAY004009,EMP004024,CLI004550,US,REG002374,102197,0,102197,USD,2025-03-28,pending,Non-Compliant,2025-03-28 00:00:00,
PAY004010,EMP001246,CLI000401,CA,REG002394,533157,0,533157,CAD,2025-01-17,completed,Compliant,2025-01-17 00:00:00,2025-01-17 00:14:00
PAY004011,EMP001183,CLI004326,AU,REG001235,573056,0,573056,AUD,2025-04-19,pending,Non-Compliant,2025-04-19 00:00:00,
PAY004012,EMP005545,CLI003766,DE,REG002069,201885,0,201885,EUR,2024-08-30,pending,Non-Compliant,2024-08-30 00:00:00,
PAY004013,EMP005367,CLI003918,ZA,REG002737,638035,76564,561471,ZAR,2023-12-11,completed,Compliant,2023-12-11 00:00:00,2023-12-11 01:41:31
PAY004014,EMP004940,CLI001833,ZA,REG001189,886036,150626,735410,ZAR,2023-09-21,failed,Non-Compliant,2023-09-21 00:00:00,
PAY004015,EMP006191,CLI001604,ZA,REG002885,321194,0,321194,ZAR,2024-05-20,completed,Compliant,2024-05-20 00:00:00,2024-05-20 00:28:19
PAY004016,EMP004317,CLI001722,DE,REG002126,598524,0,598524,EUR,2024-10-09,pending,Non-Compliant,2024-10-09 00:00:00,
PAY004017,EMP004519,CLI004336,CA,REG001934,622768,0,622768,CAD,2023-08-27,failed,Non-Compliant,2023-08-27 00:00:00,
PAY004018,EMP001225,CLI003665,IN,REG001824,210484,58936,151548,INR,2025-02-04,failed,Non-Compliant,2025-02-04 00:00:00,
PAY004019,EMP001723,CLI004411,US,REG002939,490315,156901,333414,USD,2023-10-06,failed,Non-Compliant,2023-10-06 00:00:00,
PAY004020,EMP000839,CLI001163,US,REG002071,262484,81370,181114,USD,2024-01-18,pending,Non-Compliant,2024-01-18 00:00:00,
PAY004021,EMP002043,CLI004941,JP,REG001955,542040,140930,401110,JPY,2024-02-27,completed,Compliant,2024-02-27 00:00:00,2024-02-27 01:40:23
PAY004022,EMP006830,CLI004018,JP,REG001375,589078,0,589078,JPY,2023-07-31,pending,Non-Compliant,2023-07-31 00:00:00,
PAY004023,EMP001907,CLI000205,IN,REG001954,202606,68886,133720,INR,2024-08-16,completed,Compliant,2024-08-16 00:00:00,2024-08-16 01:14:49
PAY004024,EMP003087,CLI004889,IN,REG002723,931224,251430,679794,INR,2024-08-02,pending,Non-Compliant,2024-08-02 00:00:00,
PAY004025,EMP003308,CLI001708,UK,REG000159,277273,0,277273,GBP,2024-12-16,failed,Non-Compliant,2024-12-16 00:00:00,
PAY004026,EMP002370,CLI002874,FR,REG000891,917831,110140,807691,EUR,2023-09-24,failed,Non-Compliant,2023-09-24 00:00:00,
PAY004027,EMP000471,CLI001263,CA,REG002571,517328,0,517328,CAD,2024-07-11,pending,Non-Compliant,2024-07-11 00:00:00,
PAY004028,EMP003345,CLI003682,CA,REG002098,581145,203401,377744,CAD,2024-09-22,completed,Compliant,2024-09-22 00:00:00,2024-09-22 01:48:24
PAY004029,EMP003310,CLI003639,ZA,REG002042,766902,107366,659536,ZAR,2023-11-22,pending,Non-Compliant,2023-11-22 00:00:00,
PAY004030,EMP006607,CLI001875,JP,REG002987,965645,222098,743547,JPY,2024-01-07,pending,Non-Compliant,2024-01-07 00:00:00,
PAY004031,EMP005744,CLI000553,CA,REG002878,167712,36897,130815,CAD,2024-02-26,pending,Non-Compliant,2024-02-26 00:00:00,
PAY004032,EMP004987,CLI003586,AU,REG000226,686855,192319,494536,AUD,2025-01-23,pending,Non-Compliant,2025-01-23 00:00:00,
PAY004033,EMP002168,CLI004703,FR,REG002199,954658,324584,630074,EUR,2024-11-25,failed,Non-Compliant,2024-11-25 00:00:00,
PAY004034,EMP004657,CLI003980,FR,REG001152,129701,0,129701,EUR,2023-12-05,completed,Compliant,2023-12-05 00:00:00,2023-12-05 00:30:34
PAY004035,EMP002298,CLI002099,JP,REG000252,482020,0,482020,JPY,2023-06-14,failed,Non-Compliant,2023-06-14 00:00:00,
PAY004036,EMP001149,CLI001240,AU,REG001865,149799,52430,97369,AUD,2024-04-26,completed,Compliant,2024-04-26 00:00:00,2024-04-26 00:32:50
PAY004037,EMP002290,CLI001538,FR,REG002709,525011,194254,330757,EUR,2023-10-17,failed,Non-Compliant,2023-10-17 00:00:00,
PAY004038,EMP003191,CLI004961,US,REG001941,575336,97807,477529,USD,2024-05-08,completed,Compliant,2024-05-08 00:00:00,2024-05-08 00:37:12
PAY004039,EMP000909,CLI000664,AU,REG002864,778864,0,778864,AUD,2023-08-27,pending,Non-Compliant,2023-08-27 00:00:00,
PAY004040,EMP001732,CLI003278,US,REG000781,371031,0,371031,USD,2024-10-11,failed,Non-Compliant,2024-10-11 00:00:00,
PAY004041,EMP001951,CLI003826,CA,REG001791,264239,0,264239,CAD,2025-01-03,pending,Non-Compliant,2025-01-03 00:00:00,
PAY004042,EMP003301,CLI003897,BR,REG001023,595659,0,595659,BRL,2024-09-14,failed,Non-Compliant,2024-09-14 00:00:00,
PAY004043,EMP006270,CLI004287,JP,REG000849,694468,0,694468,JPY,2024-08-03,pending,Non-Compliant,2024-08-03 00:00:00,
PAY004044,EMP002644,CLI002449,DE,REG000158,518567,108899,409668,EUR,2023-06-17,completed,Compliant,2023-06-17 00:00:00,2023-06-17 01:09:00
PAY004045,EMP006909,CLI002907,ZA,REG001096,683502,95690,587812,ZAR,2024-06-09,failed,Non-Compliant,2024-06-09 00:00:00,
PAY004046,EMP004298,CLI004185,AU,REG000027,621048,0,621048,AUD,2024-10-24,completed,Compliant,2024-10-24 00:00:00,2024-10-24 01:38:33
PAY004047,EMP003512,CLI004656,DE,REG002094,939560,0,939560,EUR,2025-04-04,failed,Non-Compliant,2025-04-04 00:00:00,
PAY004048,EMP001319,CLI002564,DE,REG001320,817665,0,817665,EUR,2024-05-02,failed,Non-Compliant,2024-05-02 00:00:00,
PAY004049,EMP005653,CLI002189,CA,REG000104,158316,44328,113988,CAD,2023-12-30,pending,Non-Compliant,2023-12-30 00:00:00,
PAY004050,EMP005049,CLI003827,DE,REG000151,552899,193515,359384,EUR,2023-06-23,pending,Non-Compliant,2023-06-23 00:00:00,
PAY004051,EMP006124,CLI003995,DE,REG001102,748752,157238,591514,EUR,2024-12-24,pending,Non-Compliant,2024-12-24 00:00:00,
PAY004052,EMP003069,CLI002634,US,REG001571,852710,0,852710,USD,2024-07-26,completed,Compliant,2024-07-26 00:00:00,2024-07-26 01:54:27
PAY004053,EMP001923,CLI003209,JP,REG002178,656760,249569,407191,JPY,2025-03-05,pending,Non-Compliant,2025-03-05 00:00:00,
PAY004054,EMP000821,CLI004701,AU,REG000344,549522,0,549522,AUD,2024-12-25,pending,Non-Compliant,2024-12-25 00:00:00,
PAY004055,EMP004957,CLI001316,CA,REG002124,228178,47917,180261,CAD,2023-05-29,pending,Non-Compliant,2023-05-29 00:00:00,
PAY004056,EMP001158,CLI003103,CA,REG002081,883229,0,883229,CAD,2025-02-05,pending,Non-Compliant,2025-02-05 00:00:00,
PAY004057,EMP005983,CLI001941,FR,REG000466,940890,0,940890,EUR,2023-06-12,pending,Non-Compliant,2023-06-12 00:00:00,
PAY004058,EMP000279,CLI002976,UK,REG000061,547100,213369,333731,GBP,2023-10-09,completed,Compliant,2023-10-09 00:00:00,2023-10-09 00:21:29
PAY004059,EMP006079,CLI003853,CA,REG000301,858134,231696,626438,CAD,2024-10-15,pending,Non-Compliant,2024-10-15 00:00:00,
PAY004060,EMP006258,CLI004403,IN,REG002343,606702,0,606702,INR,2023-09-12,failed,Non-Compliant,2023-09-12 00:00:00,
PAY004061,EMP005667,CLI002935,CA,REG000179,197444,0,197444,CAD,2024-12-25,pending,Non-Compliant,2024-12-25 00:00:00,
PAY004062,EMP001968,CLI000080,ZA,REG002570,684175,0,684175,ZAR,2025-03-12,pending,Non-Compliant,2025-03-12 00:00:00,
PAY004063,EMP000958,CLI000576,ZA,REG002029,901798,0,901798,ZAR,2025-01-18,failed,Non-Compliant,2025-01-18 00:00:00,
PAY004064,EMP001269,CLI000052,CA,REG000179,407837,0,407837,CAD,2025-01-31,pending,Non-Compliant,2025-01-31 00:00:00,
PAY004065,EMP000447,CLI000662,ZA,REG000160,650678,0,650678,ZAR,2023-09-22,pending,Non-Compliant,2023-09-22 00:00:00,
PAY004066,EMP002850,CLI002837,UK,REG001866,896159,0,896159,GBP,2024-08-03,failed,Non-Compliant,2024-08-03 00:00:00,
PAY004067,EMP004656,CLI001284,JP,REG001315,904330,0,904330,JPY,2025-01-06,failed,Non-Compliant,2025-01-06 00:00:00,
PAY004068,EMP001176,CLI003572,JP,REG001498,386937,0,386937,JPY,2023-08-06,pending,Non-Compliant,2023-08-06 00:00:00,
PAY004069,EMP002774,CLI004391,US,REG001017,263348,0,263348,USD,2024-03-05,completed,Compliant,2024-03-05 00:00:00,2024-03-05 00:16:56
PAY004070,EMP005038,CLI001552,ZA,REG001434,790110,0,790110,ZAR,2023-09-03,pending,Non-Compliant,2023-09-03 00:00:00,
PAY004071,EMP005094,CLI000699,ZA,REG002650,436258,0,436258,ZAR,2025-04-15,failed,Non-Compliant,2025-04-15 00:00:00,
PAY004072,EMP003663,CLI001708,JP,REG002316,639727,236699,403028,JPY,2025-02-14,failed,Non-Compliant,2025-02-14 00:00:00,
PAY004073,EMP000424,CLI003554,DE,REG001163,171223,0,171223,EUR,2025-01-27,failed,Non-Compliant,2025-01-27 00:00:00,
PAY004074,EMP004782,CLI003945,UK,REG001665,920947,239446,681501,GBP,2024-04-20,failed,Non-Compliant,2024-04-20 00:00:00,
PAY004075,EMP000108,CLI003566,BR,REG001747,693368,0,693368,BRL,2023-11-12,failed,Non-Compliant,2023-11-12 00:00:00,
PAY004076,EMP004896,CLI003533,DE,REG001816,158649,0,158649,EUR,2024-11-20,failed,Non-Compliant,2024-11-20 00:00:00,
PAY004077,EMP006735,CLI000521,AU,REG001036,913105,0,913105,AUD,2024-04-08,pending,Non-Compliant,2024-04-08 00:00:00,
PAY004078,EMP006617,CLI002386,CA,REG000646,866435,173287,693148,CAD,2025-03-10,failed,Non-Compliant,2025-03-10 00:00:00,
PAY004079,EMP000336,CLI003714,FR,REG002533,201766,0,201766,EUR,2025-01-30,failed,Non-Compliant,2025-01-30 00:00:00,
PAY004080,EMP006778,CLI004924,US,REG001048,718152,0,718152,USD,2023-07-03,completed,Compliant,2023-07-03 00:00:00,2023-07-03 01:11:53
PAY004081,EMP001877,CLI004466,AU,REG002817,162325,34088,128237,AUD,2024-08-30,completed,Compliant,2024-08-30 00:00:00,2024-08-30 00:41:48
PAY004082,EMP003611,CLI004754,ZA,REG002435,642247,0,642247,ZAR,2023-08-24,failed,Non-Compliant,2023-08-24 00:00:00,
PAY004083,EMP004629,CLI001921,JP,REG002302,554782,0,554782,JPY,2023-11-14,completed,Compliant,2023-11-14 00:00:00,2023-11-14 01:55:38
PAY004084,EMP000060,CLI002954,JP,REG001082,358208,136119,222089,JPY,2023-07-27,failed,Non-Compliant,2023-07-27 00:00:00,
PAY004085,EMP001183,CLI002624,AU,REG000380,423256,76186,347070,AUD,2024-03-16,failed,Non-Compliant,2024-03-16 00:00:00,
PAY004086,EMP003140,CLI000875,ZA,REG000250,942115,0,942115,ZAR,2023-07-11,failed,Non-Compliant,2023-07-11 00:00:00,
PAY004087,EMP004677,CLI004475,US,REG000463,687351,0,687351,USD,2023-07-17,completed,Compliant,2023-07-17 00:00:00,2023-07-17 00:12:05
PAY004088,EMP002899,CLI002158,US,REG002753,478935,0,478935,USD,2023-12-27,failed,Non-Compliant,2023-12-27 00:00:00,
PAY004089,EMP005023,CLI002231,JP,REG000343,975948,0,975948,JPY,2025-03-28,failed,Non-Compliant,2025-03-28 00:00:00,
PAY004090,EMP000126,CLI003505,CA,REG002850,589252,0,589252,CAD,2023-08-25,completed,Compliant,2023-08-25 00:00:00,2023-08-25 01:53:12
PAY004091,EMP002893,CLI001529,AU,REG001509,162445,0,162445,AUD,2023-06-24,pending,Non-Compliant,2023-06-24 00:00:00,
PAY004092,EMP004092,CLI002076,BR,REG000264,957607,162793,794814,BRL,2024-12-19,failed,Non-Compliant,2024-12-19 00:00:00,
PAY004093,EMP004180,CLI000302,US,REG002484,576540,0,576540,USD,2024-05-28,pending,Non-Compliant,2024-05-28 00:00:00,
PAY004094,EMP002754,CLI000224,CA,REG001934,237858,0,237858,CAD,2023-06-21,pending,Non-Compliant,2023-06-21 00:00:00,
PAY004095,EMP006437,CLI000055,JP,REG000272,453247,77052,376195,JPY,2023-12-19,pending,Non-Compliant,2023-12-19 00:00:00,
PAY004096,EMP004787,CLI000885,BR,REG001531,663532,0,663532,BRL,2023-11-26,pending,Non-Compliant,2023-11-26 00:00:00,
PAY004097,EMP002954,CLI001811,UK,REG000061,224676,87624,137052,GBP,2023-11-20,completed,Compliant,2023-11-20 00:00:00,2023-11-20 01:47:25
PAY004098,EMP002740,CLI003071,ZA,REG000250,455259,0,455259,ZAR,2023-10-18,pending,Non-Compliant,2023-10-18 00:00:00,
PAY004099,EMP003081,CLI000238,DE,REG002088,861796,275775,586021,EUR,2024-04-15,completed,Compliant,2024-04-15 00:00:00,2024-04-15 01:40:37
PAY004100,EMP002858,CLI003052,AU,REG000091,867314,0,867314,AUD,2025-03-31,failed,Non-Compliant,2025-03-31 00:00:00,
PAY004101,EMP005703,CLI004405,ZA,REG002157,396846,0,396846,ZAR,2024-04-10,pending,Non-Compliant,2024-04-10 00:00:00,
PAY004102,EMP004706,CLI002036,IN,REG001053,615641,0,615641,INR,2024-02-20,pending,Non-Compliant,2024-02-20 00:00:00,
PAY004103,EMP004781,CLI002183,UK,REG000565,377544,143467,234077,GBP,2024-06-08,failed,Non-Compliant,2024-06-08 00:00:00,
PAY004104,EMP001849,CLI000341,DE,REG002205,888707,0,888707,EUR,2023-06-26,completed,Compliant,2023-06-26 00:00:00,2023-06-26 01:42:09
PAY004105,EMP005774,CLI000677,US,REG001048,882627,0,882627,USD,2025-05-20,pending,Non-Compliant,2025-05-20 00:00:00,
PAY004106,EMP005684,CLI003732,BR,REG002022,633241,0,633241,BRL,2024-05-01,completed,Compliant,2024-05-01 00:00:00,2024-05-01 00:09:04
PAY004107,EMP003461,CLI002527,BR,REG001393,164122,42672,121450,BRL,2025-03-25,pending,Non-Compliant,2025-03-25 00:00:00,
PAY004108,EMP001534,CLI001379,US,REG001477,687084,75579,611505,USD,2025-04-01,failed,Non-Compliant,2025-04-01 00:00:00,
PAY004109,EMP000660,CLI001071,DE,REG000483,832067,91527,740540,EUR,2025-02-08,completed,Compliant,2025-02-08 00:00:00,2025-02-08 01:12:13
PAY004110,EMP003578,CLI003972,ZA,REG001961,220292,0,220292,ZAR,2024-05-10,failed,Non-Compliant,2024-05-10 00:00:00,
PAY004111,EMP003686,CLI000893,BR,REG000971,938624,225270,713354,BRL,2023-11-22,failed,Non-Compliant,2023-11-22 00:00:00,
PAY004112,EMP006412,CLI004401,CA,REG001010,106692,42677,64015,CAD,2024-09-10,completed,Compliant,2024-09-10 00:00:00,2024-09-10 01:49:19
PAY004113,EMP001993,CLI001331,IN,REG000522,432995,60619,372376,INR,2024-10-20,pending,Non-Compliant,2024-10-20 00:00:00,
PAY004114,EMP002047,CLI000107,CA,REG002334,929233,120800,808433,CAD,2025-04-16,failed,Non-Compliant,2025-04-16 00:00:00,
PAY004115,EMP001698,CLI001606,CA,REG001490,295181,64940,230241,CAD,2024-09-06,pending,Non-Compliant,2024-09-06 00:00:00,
PAY004116,EMP006044,CLI001256,FR,REG000902,498677,0,498677,EUR,2025-03-04,failed,Non-Compliant,2025-03-04 00:00:00,
PAY004117,EMP006579,CLI004525,JP,REG002067,387901,93096,294805,JPY,2024-03-29,pending,Non-Compliant,2024-03-29 00:00:00,
PAY004118,EMP003216,CLI002733,FR,REG002150,130665,0,130665,EUR,2024-01-22,failed,Non-Compliant,2024-01-22 00:00:00,
PAY004119,EMP004536,CLI004556,UK,REG000255,144659,21699,122960,GBP,2023-08-09,completed,Compliant,2023-08-09 00:00:00,2023-08-09 00:47:05
PAY004120,EMP004716,CLI004460,UK,REG001793,778296,0,778296,GBP,2024-03-09,failed,Non-Compliant,2024-03-09 00:00:00,
PAY004121,EMP000948,CLI000435,IN,REG001674,848956,152812,696144,INR,2024-01-03,pending,Non-Compliant,2024-01-03 00:00:00,
PAY004122,EMP000758,CLI004452,JP,REG001789,298784,65732,233052,JPY,2024-05-21,pending,Non-Compliant,2024-05-21 00:00:00,
PAY004123,EMP005638,CLI004586,DE,REG001648,586410,0,586410,EUR,2023-09-28,pending,Non-Compliant,2023-09-28 00:00:00,
PAY004124,EMP005207,CLI002242,BR,REG000251,508685,183127,325558,BRL,2024-08-28,pending,Non-Compliant,2024-08-28 00:00:00,
PAY004125,EMP005072,CLI004256,ZA,REG000524,891922,330011,561911,ZAR,2024-11-23,pending,Non-Compliant,2024-11-23 00:00:00,
PAY004126,EMP006610,CLI000935,IN,REG000607,702735,154602,548133,INR,2024-12-04,pending,Non-Compliant,2024-12-04 00:00:00,
PAY004127,EMP002416,CLI004887,UK,REG001424,465709,0,465709,GBP,2023-12-20,pending,Non-Compliant,2023-12-20 00:00:00,
PAY004128,EMP005388,CLI000763,UK,REG001727,199470,37899,161571,GBP,2024-12-05,pending,Non-Compliant,2024-12-05 00:00:00,
PAY004129,EMP000291,CLI003399,UK,REG000009,926840,0,926840,GBP,2023-06-15,pending,Non-Compliant,2023-06-15 00:00:00,
PAY004130,EMP006909,CLI004393,ZA,REG000679,451800,0,451800,ZAR,2024-05-12,pending,Non-Compliant,2024-05-12 00:00:00,
PAY004131,EMP004532,CLI002569,DE,REG001782,871005,0,871005,EUR,2024-11-27,pending,Non-Compliant,2024-11-27 00:00:00,
PAY004132,EMP005464,CLI003268,UK,REG001707,799549,0,799549,GBP,2025-03-23,completed,Compliant,2025-03-23 00:00:00,2025-03-23 01:18:15
PAY004133,EMP001800,CLI002953,ZA,REG002318,483003,0,483003,ZAR,2024-04-07,pending,Non-Compliant,2024-04-07 00:00:00,
PAY004134,EMP004951,CLI001381,US,REG001947,639574,0,639574,USD,2023-11-18,failed,Non-Compliant,2023-11-18 00:00:00,
PAY004135,EMP005428,CLI001087,CA,REG001062,353416,106025,247391,CAD,2024-01-29,pending,Non-Compliant,2024-01-29 00:00:00,
PAY004136,EMP001908,CLI003122,IN,REG002977,851272,0,851272,INR,2025-01-25,completed,Compliant,2025-01-25 00:00:00,2025-01-25 00:26:38
PAY004137,EMP003514,CLI000882,BR,REG001382,861643,94781,766862,BRL,2024-07-26,failed,Non-Compliant,2024-07-26 00:00:00,
PAY004138,EMP004313,CLI004494,UK,REG001970,380848,0,380848,GBP,2025-04-13,completed,Compliant,2025-04-13 00:00:00,2025-04-13 01:47:04
PAY004139,EMP004233,CLI002745,FR,REG001193,296131,0,296131,EUR,2024-07-12,pending,Non-Compliant,2024-07-12 00:00:00,
PAY004140,EMP004403,CLI001692,BR,REG000339,436645,0,436645,BRL,2024-09-02,failed,Non-Compliant,2024-09-02 00:00:00,
PAY004141,EMP001644,CLI001635,ZA,REG000411,424691,0,424691,ZAR,2025-01-09,failed,Non-Compliant,2025-01-09 00:00:00,
PAY004142,EMP000632,CLI000895,UK,REG001065,487876,0,487876,GBP,2025-02-24,pending,Non-Compliant,2025-02-24 00:00:00,
PAY004143,EMP003639,CLI001537,AU,REG000013,536632,187821,348811,AUD,2023-08-16,completed,Compliant,2023-08-16 00:00:00,2023-08-16 00:39:00
PAY004144,EMP002433,CLI004732,IN,REG001584,980227,0,980227,INR,2024-11-14,pending,Non-Compliant,2024-11-14 00:00:00,
PAY004145,EMP006461,CLI001439,CA,REG000845,253730,30448,223282,CAD,2024-10-02,pending,Non-Compliant,2024-10-02 00:00:00,
PAY004146,EMP001856,CLI003115,ZA,REG002912,199219,0,199219,ZAR,2025-01-02,failed,Non-Compliant,2025-01-02 00:00:00,
PAY004147,EMP000623,CLI001393,UK,REG002057,244431,0,244431,GBP,2023-11-14,failed,Non-Compliant,2023-11-14 00:00:00,
PAY004148,EMP002836,CLI004281,IN,REG002773,407013,130244,276769,INR,2025-02-19,failed,Non-Compliant,2025-02-19 00:00:00,
PAY004149,EMP006667,CLI001765,AU,REG001285,277326,0,277326,AUD,2025-02-15,failed,Non-Compliant,2025-02-15 00:00:00,
PAY004150,EMP005198,CLI004059,IN,REG001622,713331,0,713331,INR,2024-05-12,failed,Non-Compliant,2024-05-12 00:00:00,
PAY004151,EMP002493,CLI003661,ZA,REG000105,502685,0,502685,ZAR,2023-07-01,failed,Non-Compliant,2023-07-01 00:00:00,
PAY004152,EMP002243,CLI003904,ZA,REG000166,275775,0,275775,ZAR,2024-08-20,pending,Non-Compliant,2024-08-20 00:00:00,
PAY004153,EMP001240,CLI003990,CA,REG002746,477884,181596,296288,CAD,2024-05-01,failed,Non-Compliant,2024-05-01 00:00:00,
PAY004154,EMP002844,CLI004831,DE,REG001978,495359,0,495359,EUR,2025-02-22,pending,Non-Compliant,2025-02-22 00:00:00,
PAY004155,EMP004683,CLI001989,AU,REG000300,212235,0,212235,AUD,2024-01-05,pending,Non-Compliant,2024-01-05 00:00:00,
PAY004156,EMP006068,CLI001018,IN,REG001519,234399,86728,147671,INR,2025-05-20,pending,Non-Compliant,2025-05-20 00:00:00,
PAY004157,EMP000707,CLI002565,UK,REG002559,637588,0,637588,GBP,2023-10-29,completed,Compliant,2023-10-29 00:00:00,2023-10-29 00:35:43
PAY004158,EMP000638,CLI000855,CA,REG002783,213435,0,213435,CAD,2024-02-18,failed,Non-Compliant,2024-02-18 00:00:00,
PAY004159,EMP003023,CLI001940,JP,REG000665,962371,134732,827639,JPY,2024-08-19,failed,Non-Compliant,2024-08-19 00:00:00,
PAY004160,EMP002549,CLI003489,ZA,REG002529,105458,0,105458,ZAR,2023-10-14,pending,Non-Compliant,2023-10-14 00:00:00,
PAY004161,EMP006921,CLI003118,CA,REG000446,506276,156946,349330,CAD,2023-08-20,failed,Non-Compliant,2023-08-20 00:00:00,
PAY004162,EMP002063,CLI002010,DE,REG002896,373858,74772,299086,EUR,2024-10-21,completed,Compliant,2024-10-21 00:00:00,2024-10-21 00:43:06
PAY004163,EMP004032,CLI003122,JP,REG002016,118063,0,118063,JPY,2023-08-21,completed,Compliant,2023-08-21 00:00:00,2023-08-21 01:39:22
PAY004164,EMP005021,CLI000894,UK,REG000563,491842,0,491842,GBP,2023-09-13,pending,Non-Compliant,2023-09-13 00:00:00,
PAY004165,EMP003109,CLI001538,JP,REG001748,415633,0,415633,JPY,2024-12-14,completed,Compliant,2024-12-14 00:00:00,2024-12-14 01:00:02
PAY004166,EMP003892,CLI000726,AU,REG002179,343116,0,343116,AUD,2023-12-31,failed,Non-Compliant,2023-12-31 00:00:00,
PAY004167,EMP001651,CLI000127,CA,REG001290,666361,0,666361,CAD,2025-05-17,completed,Compliant,2025-05-17 00:00:00,2025-05-17 01:03:47
PAY004168,EMP005067,CLI003066,FR,REG000024,200148,54040,146108,EUR,2024-07-15,pending,Non-Compliant,2024-07-15 00:00:00,
PAY004169,EMP003947,CLI002824,DE,REG000497,961350,307632,653718,EUR,2025-01-10,failed,Non-Compliant,2025-01-10 00:00:00,
PAY004170,EMP000832,CLI002291,US,REG001790,422590,0,422590,USD,2024-04-23,failed,Non-Compliant,2024-04-23 00:00:00,
PAY004171,EMP004771,CLI001551,BR,REG001851,578995,0,578995,BRL,2023-12-13,pending,Non-Compliant,2023-12-13 00:00:00,
PAY004172,EMP004445,CLI003825,FR,REG002500,445294,0,445294,EUR,2023-12-22,completed,Compliant,2023-12-22 00:00:00,2023-12-22 00:10:08
PAY004173,EMP001432,CLI004239,UK,REG001971,753827,0,753827,GBP,2023-11-13,pending,Non-Compliant,2023-11-13 00:00:00,
PAY004174,EMP000406,CLI004263,US,REG002793,317119,107820,209299,USD,2023-08-27,pending,Non-Compliant,2023-08-27 00:00:00,
PAY004175,EMP004248,CLI002547,ZA,REG000319,844999,0,844999,ZAR,2023-11-08,pending,Non-Compliant,2023-11-08 00:00:00,
PAY004176,EMP004337,CLI001600,DE,REG000718,742167,0,742167,EUR,2024-01-13,pending,Non-Compliant,2024-01-13 00:00:00,
PAY004177,EMP005342,CLI003732,FR,REG000121,643727,115871,527856,EUR,2025-05-15,failed,Non-Compliant,2025-05-15 00:00:00,
PAY004178,EMP000143,CLI002256,FR,REG001589,943333,0,943333,EUR,2024-07-14,failed,Non-Compliant,2024-07-14 00:00:00,
PAY004179,EMP002054,CLI003093,JP,REG001976,312492,0,312492,JPY,2024-05-31,completed,Compliant,2024-05-31 00:00:00,2024-05-31 01:21:35
PAY004180,EMP005501,CLI001018,ZA,REG000029,421856,59060,362796,ZAR,2023-11-22,pending,Non-Compliant,2023-11-22 00:00:00,
PAY004181,EMP005522,CLI004204,UK,REG000286,175280,0,175280,GBP,2023-08-11,failed,Non-Compliant,2023-08-11 00:00:00,
PAY004182,EMP003927,CLI003093,US,REG001363,147483,19173,128310,USD,2023-10-01,completed,Compliant,2023-10-01 00:00:00,2023-10-01 00:26:13
PAY004183,EMP001959,CLI001693,FR,REG000690,265009,0,265009,EUR,2023-08-19,pending,Non-Compliant,2023-08-19 00:00:00,
PAY004184,EMP006407,CLI002654,US,REG002665,849453,0,849453,USD,2025-03-24,completed,Compliant,2025-03-24 00:00:00,2025-03-24 01:15:54
PAY004185,EMP000485,CLI000367,CA,REG001282,231527,0,231527,CAD,2024-03-31,completed,Compliant,2024-03-31 00:00:00,2024-03-31 01:19:59
PAY004186,EMP002719,CLI001727,DE,REG002794,334329,130388,203941,EUR,2025-02-04,completed,Compliant,2025-02-04 00:00:00,2025-02-04 00:32:39
PAY004187,EMP002681,CLI002998,AU,REG000663,476492,0,476492,AUD,2023-09-11,completed,Compliant,2023-09-11 00:00:00,2023-09-11 01:39:59
PAY004188,EMP002131,CLI002817,JP,REG001246,968799,0,968799,JPY,2025-01-01,completed,Compliant,2025-01-01 00:00:00,2025-01-01 01:39:03
PAY004189,EMP001713,CLI000790,BR,REG002600,791981,0,791981,BRL,2023-11-05,completed,Compliant,2023-11-05 00:00:00,2023-11-05 01:42:09
PAY004190,EMP001595,CLI002424,JP,REG002006,628665,0,628665,JPY,2024-03-29,failed,Non-Compliant,2024-03-29 00:00:00,
PAY004191,EMP001188,CLI000208,UK,REG002103,670110,0,670110,GBP,2023-12-05,completed,Compliant,2023-12-05 00:00:00,2023-12-05 01:39:56
PAY004192,EMP004997,CLI001280,IN,REG002977,735930,0,735930,INR,2023-08-04,failed,Non-Compliant,2023-08-04 00:00:00,
PAY004193,EMP003826,CLI001985,DE,REG001245,730591,0,730591,EUR,2023-08-01,completed,Compliant,2023-08-01 00:00:00,2023-08-01 00:16:14
PAY004194,EMP000937,CLI000564,AU,REG001865,182015,63705,118310,AUD,2023-09-20,pending,Non-Compliant,2023-09-20 00:00:00,
PAY004195,EMP004980,CLI003007,IN,REG000475,280103,0,280103,INR,2024-10-19,failed,Non-Compliant,2024-10-19 00:00:00,
PAY004196,EMP003439,CLI001281,JP,REG001787,144444,14444,130000,JPY,2024-01-18,failed,Non-Compliant,2024-01-18 00:00:00,
PAY004197,EMP005719,CLI001419,ZA,REG001661,896698,0,896698,ZAR,2024-08-14,pending,Non-Compliant,2024-08-14 00:00:00,
PAY004198,EMP003506,CLI004711,DE,REG000181,471465,0,471465,EUR,2023-07-09,completed,Compliant,2023-07-09 00:00:00,2023-07-09 01:07:33
PAY004199,EMP005397,CLI002949,ZA,REG000879,270405,0,270405,ZAR,2023-09-05,completed,Compliant,2023-09-05 00:00:00,2023-09-05 00:35:37
PAY004200,EMP006970,CLI001537,IN,REG002426,921888,230472,691416,INR,2024-10-15,failed,Non-Compliant,2024-10-15 00:00:00,
PAY004201,EMP004405,CLI004606,AU,REG001585,370551,0,370551,AUD,2025-01-08,failed,Non-Compliant,2025-01-08 00:00:00,
PAY004202,EMP004630,CLI002283,ZA,REG000826,393435,0,393435,ZAR,2024-03-08,completed,Compliant,2024-03-08 00:00:00,2024-03-08 01:19:05
PAY004203,EMP003982,CLI003755,DE,REG001604,636838,0,636838,EUR,2023-07-17,completed,Compliant,2023-07-17 00:00:00,2023-07-17 01:16:59
PAY004204,EMP002911,CLI001330,AU,REG001940,383216,111133,272083,AUD,2024-11-02,pending,Non-Compliant,2024-11-02 00:00:00,
PAY004205,EMP004218,CLI002728,CA,REG002433,898590,287549,611041,CAD,2023-09-06,failed,Non-Compliant,2023-09-06 00:00:00,
PAY004206,EMP003568,CLI004017,AU,REG000987,269324,40399,228925,AUD,2025-02-11,failed,Non-Compliant,2025-02-11 00:00:00,
PAY004207,EMP003341,CLI000477,DE,REG002055,795229,0,795229,EUR,2024-02-26,pending,Non-Compliant,2024-02-26 00:00:00,
PAY004208,EMP001721,CLI001373,JP,REG000437,102928,36025,66903,JPY,2024-03-30,failed,Non-Compliant,2024-03-30 00:00:00,
PAY004209,EMP001045,CLI004225,CA,REG000366,302050,0,302050,CAD,2025-01-25,completed,Compliant,2025-01-25 00:00:00,2025-01-25 01:32:39
PAY004210,EMP004038,CLI002144,UK,REG001803,676905,0,676905,GBP,2024-10-20,completed,Compliant,2024-10-20 00:00:00,2024-10-20 01:23:34
PAY004211,EMP001462,CLI004188,FR,REG000404,358519,60948,297571,EUR,2025-05-03,pending,Non-Compliant,2025-05-03 00:00:00,
PAY004212,EMP001757,CLI002716,FR,REG001716,708308,99163,609145,EUR,2025-05-18,pending,Non-Compliant,2025-05-18 00:00:00,
PAY004213,EMP006181,CLI004312,US,REG002479,607508,0,607508,USD,2024-10-21,pending,Non-Compliant,2024-10-21 00:00:00,
PAY004214,EMP005834,CLI004262,AU,REG001122,482454,135087,347367,AUD,2024-07-29,failed,Non-Compliant,2024-07-29 00:00:00,
PAY004215,EMP001640,CLI001234,ZA,REG002632,214475,0,214475,ZAR,2024-11-21,failed,Non-Compliant,2024-11-21 00:00:00,
PAY004216,EMP003044,CLI002798,UK,REG001473,132326,0,132326,GBP,2024-05-24,completed,Compliant,2024-05-24 00:00:00,2024-05-24 01:43:43
PAY004217,EMP005646,CLI000524,IN,REG001252,255591,0,255591,INR,2023-10-29,pending,Non-Compliant,2023-10-29 00:00:00,
PAY004218,EMP002883,CLI002347,UK,REG000375,276124,0,276124,GBP,2024-11-23,pending,Non-Compliant,2024-11-23 00:00:00,
PAY004219,EMP006469,CLI000174,US,REG002096,951003,0,951003,USD,2023-09-21,pending,Non-Compliant,2023-09-21 00:00:00,
PAY004220,EMP006441,CLI004629,CA,REG002090,751382,0,751382,CAD,2024-12-02,failed,Non-Compliant,2024-12-02 00:00:00,
PAY004221,EMP006628,CLI000835,JP,REG000938,330180,0,330180,JPY,2023-06-07,failed,Non-Compliant,2023-06-07 00:00:00,
PAY004222,EMP002932,CLI000863,ZA,REG002219,473697,52107,421590,ZAR,2024-12-18,pending,Non-Compliant,2024-12-18 00:00:00,
PAY004223,EMP000140,CLI001747,AU,REG002944,698016,0,698016,AUD,2023-09-30,completed,Compliant,2023-09-30 00:00:00,2023-09-30 00:14:46
PAY004224,EMP006711,CLI001145,FR,REG000106,261560,57543,204017,EUR,2023-06-19,completed,Compliant,2023-06-19 00:00:00,2023-06-19 00:17:42
PAY004225,EMP001717,CLI000790,IN,REG001766,195949,62704,133245,INR,2024-03-05,pending,Non-Compliant,2024-03-05 00:00:00,
PAY004226,EMP006661,CLI001117,US,REG002244,560822,0,560822,USD,2025-01-22,failed,Non-Compliant,2025-01-22 00:00:00,
PAY004227,EMP001564,CLI002124,IN,REG000812,419581,0,419581,INR,2024-10-06,failed,Non-Compliant,2024-10-06 00:00:00,
PAY004228,EMP000808,CLI001889,US,REG001533,941931,0,941931,USD,2025-04-21,completed,Compliant,2025-04-21 00:00:00,2025-04-21 00:52:40
PAY004229,EMP005143,CLI001045,ZA,REG000629,769438,123110,646328,ZAR,2025-02-20,pending,Non-Compliant,2025-02-20 00:00:00,
PAY004230,EMP000932,CLI003889,ZA,REG001373,387486,73622,313864,ZAR,2023-07-21,pending,Non-Compliant,2023-07-21 00:00:00,
PAY004231,EMP000871,CLI002636,FR,REG001720,132714,0,132714,EUR,2024-03-15,failed,Non-Compliant,2024-03-15 00:00:00,
PAY004232,EMP001021,CLI003609,CA,REG002931,539650,0,539650,CAD,2023-08-06,pending,Non-Compliant,2023-08-06 00:00:00,
PAY004233,EMP004044,CLI000642,ZA,REG002565,828820,0,828820,ZAR,2024-01-30,failed,Non-Compliant,2024-01-30 00:00:00,
PAY004234,EMP005562,CLI004960,UK,REG000685,417657,0,417657,GBP,2023-09-29,failed,Non-Compliant,2023-09-29 00:00:00,
PAY004235,EMP000822,CLI001603,UK,REG001135,480445,158547,321898,GBP,2023-08-18,completed,Compliant,2023-08-18 00:00:00,2023-08-18 00:40:01
PAY004236,EMP001432,CLI003395,UK,REG001971,403924,0,403924,GBP,2024-05-20,completed,Compliant,2024-05-20 00:00:00,2024-05-20 01:36:25
PAY004237,EMP005003,CLI004609,FR,REG000219,273029,0,273029,EUR,2023-08-05,completed,Compliant,2023-08-05 00:00:00,2023-08-05 00:50:06
PAY004238,EMP005781,CLI002795,BR,REG000947,131588,43424,88164,BRL,2024-12-20,completed,Compliant,2024-12-20 00:00:00,2024-12-20 01:46:10
PAY004239,EMP003640,CLI001441,CA,REG000434,509493,0,509493,CAD,2025-03-14,failed,Non-Compliant,2025-03-14 00:00:00,
PAY004240,EMP001640,CLI001127,ZA,REG002529,418607,0,418607,ZAR,2024-02-07,completed,Compliant,2024-02-07 00:00:00,2024-02-07 00:44:51
PAY004241,EMP003719,CLI001324,JP,REG002676,674957,0,674957,JPY,2023-09-29,pending,Non-Compliant,2023-09-29 00:00:00,
PAY004242,EMP005160,CLI002701,AU,REG001846,891530,0,891530,AUD,2023-11-14,completed,Compliant,2023-11-14 00:00:00,2023-11-14 01:46:11
PAY004243,EMP003518,CLI000119,DE,REG001408,988701,0,988701,EUR,2024-08-06,completed,Compliant,2024-08-06 00:00:00,2024-08-06 01:12:30
PAY004244,EMP005099,CLI000641,BR,REG002297,646331,0,646331,BRL,2023-06-18,failed,Non-Compliant,2023-06-18 00:00:00,
PAY004245,EMP004912,CLI004058,CA,REG001823,533533,165395,368138,CAD,2023-09-23,completed,Compliant,2023-09-23 00:00:00,2023-09-23 01:09:55
PAY004246,EMP004661,CLI004638,US,REG002141,614290,110572,503718,USD,2023-10-29,failed,Non-Compliant,2023-10-29 00:00:00,
PAY004247,EMP001780,CLI001010,DE,REG002512,998722,249680,749042,EUR,2024-11-27,completed,Compliant,2024-11-27 00:00:00,2024-11-27 01:59:47
PAY004248,EMP005141,CLI003769,US,REG002970,605764,0,605764,USD,2024-08-02,pending,Non-Compliant,2024-08-02 00:00:00,
PAY004249,EMP002235,CLI000683,IN,REG002122,255993,0,255993,INR,2024-07-05,completed,Compliant,2024-07-05 00:00:00,2024-07-05 01:55:49
PAY004250,EMP004903,CLI002759,ZA,REG000056,227818,0,227818,ZAR,2023-06-17,completed,Compliant,2023-06-17 00:00:00,2023-06-17 00:16:23
PAY004251,EMP000926,CLI003247,UK,REG002469,567741,0,567741,GBP,2024-11-10,pending,Non-Compliant,2024-11-10 00:00:00,
PAY004252,EMP001783,CLI003879,CA,REG002152,399913,0,399913,CAD,2024-09-22,completed,Compliant,2024-09-22 00:00:00,2024-09-22 00:29:06
PAY004253,EMP000280,CLI004858,IN,REG000695,797661,0,797661,INR,2025-04-05,failed,Non-Compliant,2025-04-05 00:00:00,
PAY004254,EMP004952,CLI004109,DE,REG001937,966514,0,966514,EUR,2023-10-17,pending,Non-Compliant,2023-10-17 00:00:00,
PAY004255,EMP003545,CLI002200,JP,REG002975,832111,0,832111,JPY,2024-10-19,pending,Non-Compliant,2024-10-19 00:00:00,
PAY004256,EMP001741,CLI000486,CA,REG000361,446688,0,446688,CAD,2025-02-26,completed,Compliant,2025-02-26 00:00:00,2025-02-26 01:50:11
PAY004257,EMP005835,CLI000690,BR,REG002127,876909,271842,605067,BRL,2025-04-23,pending,Non-Compliant,2025-04-23 00:00:00,
PAY004258,EMP002496,CLI003297,UK,REG001303,286071,0,286071,GBP,2024-12-04,pending,Non-Compliant,2024-12-04 00:00:00,
PAY004259,EMP006013,CLI001646,UK,REG001831,811395,0,811395,GBP,2024-10-19,failed,Non-Compliant,2024-10-19 00:00:00,
PAY004260,EMP000640,CLI004057,US,REG000078,418300,0,418300,USD,2025-01-08,pending,Non-Compliant,2025-01-08 00:00:00,
PAY004261,EMP000543,CLI001178,UK,REG000276,712293,0,712293,GBP,2025-01-19,completed,Compliant,2025-01-19 00:00:00,2025-01-19 01:59:49
PAY004262,EMP003776,CLI004564,JP,REG001949,472915,80396,392519,JPY,2024-05-20,failed,Non-Compliant,2024-05-20 00:00:00,
PAY004263,EMP005157,CLI004489,US,REG002881,786993,0,786993,USD,2024-11-03,failed,Non-Compliant,2024-11-03 00:00:00,
PAY004264,EMP003137,CLI002717,FR,REG002940,647113,0,647113,EUR,2023-09-22,pending,Non-Compliant,2023-09-22 00:00:00,
PAY004265,EMP004271,CLI000817,DE,REG001488,330266,0,330266,EUR,2024-05-09,completed,Compliant,2024-05-09 00:00:00,2024-05-09 00:24:22
PAY004266,EMP002144,CLI000830,JP,REG001643,250361,0,250361,JPY,2024-11-26,pending,Non-Compliant,2024-11-26 00:00:00,
PAY004267,EMP001382,CLI004490,AU,REG001664,882838,0,882838,AUD,2023-08-08,failed,Non-Compliant,2023-08-08 00:00:00,
PAY004268,EMP003549,CLI000040,AU,REG000226,225052,63015,162037,AUD,2023-12-31,pending,Non-Compliant,2023-12-31 00:00:00,
PAY004269,EMP006198,CLI000391,BR,REG002855,596401,0,596401,BRL,2024-11-16,completed,Compliant,2024-11-16 00:00:00,2024-11-16 01:23:46
PAY004270,EMP005351,CLI002473,IN,REG000610,211717,71984,139733,INR,2023-06-12,pending,Non-Compliant,2023-06-12 00:00:00,
PAY004271,EMP006104,CLI000488,UK,REG000590,101919,0,101919,GBP,2024-12-25,pending,Non-Compliant,2024-12-25 00:00:00,
PAY004272,EMP004574,CLI002181,UK,REG001780,698710,0,698710,GBP,2025-03-16,completed,Compliant,2025-03-16 00:00:00,2025-03-16 01:26:16
PAY004273,EMP003925,CLI004926,FR,REG001402,245393,0,245393,EUR,2024-05-31,failed,Non-Compliant,2024-05-31 00:00:00,
PAY004274,EMP005636,CLI001496,US,REG002212,805238,0,805238,USD,2023-11-15,completed,Compliant,2023-11-15 00:00:00,2023-11-15 00:35:02
PAY004275,EMP001407,CLI002623,ZA,REG001938,507011,0,507011,ZAR,2024-04-07,pending,Non-Compliant,2024-04-07 00:00:00,
PAY004276,EMP005669,CLI004709,US,REG001560,297289,98105,199184,USD,2023-06-06,failed,Non-Compliant,2023-06-06 00:00:00,
PAY004277,EMP006060,CLI004912,BR,REG000900,406515,126020,280495,BRL,2023-07-29,pending,Non-Compliant,2023-07-29 00:00:00,
PAY004278,EMP005930,CLI000214,CA,REG001925,862525,0,862525,CAD,2024-12-23,completed,Compliant,2024-12-23 00:00:00,2024-12-23 00:20:25
PAY004279,EMP004398,CLI002264,BR,REG000423,354858,0,354858,BRL,2024-05-04,pending,Non-Compliant,2024-05-04 00:00:00,
PAY004280,EMP001132,CLI004679,UK,REG001869,313561,0,313561,GBP,2024-09-13,failed,Non-Compliant,2024-09-13 00:00:00,
PAY004281,EMP005728,CLI001521,FR,REG001998,686209,185276,500933,EUR,2023-12-23,failed,Non-Compliant,2023-12-23 00:00:00,
PAY004282,EMP003704,CLI000156,JP,REG002452,870533,0,870533,JPY,2025-01-24,failed,Non-Compliant,2025-01-24 00:00:00,
PAY004283,EMP004656,CLI000836,JP,REG000518,682765,0,682765,JPY,2023-10-12,failed,Non-Compliant,2023-10-12 00:00:00,
PAY004284,EMP001355,CLI003147,DE,REG000784,805010,273703,531307,EUR,2023-08-27,pending,Non-Compliant,2023-08-27 00:00:00,
PAY004285,EMP003193,CLI004398,FR,REG000634,895350,107442,787908,EUR,2024-11-05,pending,Non-Compliant,2024-11-05 00:00:00,
PAY004286,EMP000320,CLI000065,ZA,REG002833,101441,0,101441,ZAR,2024-01-27,pending,Non-Compliant,2024-01-27 00:00:00,
PAY004287,EMP004980,CLI004975,IN,REG002440,735340,0,735340,INR,2024-12-15,failed,Non-Compliant,2024-12-15 00:00:00,
PAY004288,EMP003566,CLI000831,UK,REG001251,880106,0,880106,GBP,2023-09-06,pending,Non-Compliant,2023-09-06 00:00:00,
PAY004289,EMP006807,CLI003843,AU,REG001576,169668,0,169668,AUD,2025-03-02,failed,Non-Compliant,2025-03-02 00:00:00,
PAY004290,EMP002798,CLI002869,CA,REG000954,205568,24668,180900,CAD,2025-04-05,completed,Compliant,2025-04-05 00:00:00,2025-04-05 00:12:15
PAY004291,EMP001669,CLI000013,UK,REG001228,638702,0,638702,GBP,2023-08-01,pending,Non-Compliant,2023-08-01 00:00:00,
PAY004292,EMP004353,CLI003831,ZA,REG001826,377542,139691,237851,ZAR,2024-04-12,completed,Compliant,2024-04-12 00:00:00,2024-04-12 01:19:47
PAY004293,EMP006253,CLI001475,FR,REG002413,595307,238123,357184,EUR,2023-05-30,pending,Non-Compliant,2023-05-30 00:00:00,
PAY004294,EMP006296,CLI000290,ZA,REG001736,520468,104094,416374,ZAR,2024-07-24,completed,Compliant,2024-07-24 00:00:00,2024-07-24 01:02:08
PAY004295,EMP005608,CLI001860,DE,REG000598,307375,0,307375,EUR,2025-05-24,pending,Non-Compliant,2025-05-24 00:00:00,
PAY004296,EMP000203,CLI003135,DE,REG000034,932463,0,932463,EUR,2024-03-25,completed,Compliant,2024-03-25 00:00:00,2024-03-25 00:27:15
PAY004297,EMP004713,CLI002059,IN,REG002238,500535,0,500535,INR,2024-01-03,pending,Non-Compliant,2024-01-03 00:00:00,
PAY004298,EMP000550,CLI000749,ZA,REG000917,162954,34220,128734,ZAR,2023-12-10,completed,Compliant,2023-12-10 00:00:00,2023-12-10 00:17:27
PAY004299,EMP004872,CLI002381,UK,REG002085,304122,63866,240256,GBP,2024-06-17,failed,Non-Compliant,2024-06-17 00:00:00,
PAY004300,EMP004418,CLI001617,DE,REG001491,226914,0,226914,EUR,2024-06-23,completed,Compliant,2024-06-23 00:00:00,2024-06-23 01:20:47
PAY004301,EMP000711,CLI000144,JP,REG002095,894988,0,894988,JPY,2024-07-19,pending,Non-Compliant,2024-07-19 00:00:00,
PAY004302,EMP004857,CLI002549,US,REG000132,677828,0,677828,USD,2024-06-15,completed,Compliant,2024-06-15 00:00:00,2024-06-15 01:20:28
PAY004303,EMP005664,CLI002806,AU,REG000566,168467,37063,131404,AUD,2024-03-12,completed,Compliant,2024-03-12 00:00:00,2024-03-12 01:39:35
PAY004304,EMP001605,CLI001697,ZA,REG001796,546525,0,546525,ZAR,2023-07-20,pending,Non-Compliant,2023-07-20 00:00:00,
PAY004305,EMP003284,CLI001603,DE,REG001510,893501,0,893501,EUR,2023-06-25,pending,Non-Compliant,2023-06-25 00:00:00,
PAY004306,EMP002692,CLI002660,JP,REG000452,935004,0,935004,JPY,2025-03-21,failed,Non-Compliant,2025-03-21 00:00:00,
PAY004307,EMP001382,CLI001111,AU,REG000908,779380,303958,475422,AUD,2025-01-08,failed,Non-Compliant,2025-01-08 00:00:00,
PAY004308,EMP001741,CLI002529,CA,REG000646,718246,143649,574597,CAD,2023-09-25,pending,Non-Compliant,2023-09-25 00:00:00,
PAY004309,EMP004190,CLI004879,FR,REG001635,268270,0,268270,EUR,2024-07-02,failed,Non-Compliant,2024-07-02 00:00:00,
PAY004310,EMP003660,CLI003328,IN,REG001053,330093,0,330093,INR,2023-05-30,failed,Non-Compliant,2023-05-30 00:00:00,
PAY004311,EMP002910,CLI001965,JP,REG002494,383756,0,383756,JPY,2025-04-22,pending,Non-Compliant,2025-04-22 00:00:00,
PAY004312,EMP005253,CLI004976,CA,REG001021,258656,0,258656,CAD,2024-04-26,pending,Non-Compliant,2024-04-26 00:00:00,
PAY004313,EMP004064,CLI000053,BR,REG000000,448806,0,448806,BRL,2024-11-17,failed,Non-Compliant,2024-11-17 00:00:00,
PAY004314,EMP003548,CLI000625,AU,REG001365,229300,68790,160510,AUD,2025-05-20,completed,Compliant,2025-05-20 00:00:00,2025-05-20 01:51:58
PAY004315,EMP002649,CLI003770,IN,REG001470,240008,0,240008,INR,2023-05-30,completed,Compliant,2023-05-30 00:00:00,2023-05-30 00:35:47
PAY004316,EMP004120,CLI002736,JP,REG001243,895164,250646,644518,JPY,2025-03-01,completed,Compliant,2025-03-01 00:00:00,2025-03-01 00:57:35
PAY004317,EMP000119,CLI004075,BR,REG000571,277143,0,277143,BRL,2023-12-03,pending,Non-Compliant,2023-12-03 00:00:00,
PAY004318,EMP005196,CLI002070,UK,REG000100,685667,0,685667,GBP,2023-09-02,completed,Compliant,2023-09-02 00:00:00,2023-09-02 01:11:06
PAY004319,EMP000837,CLI003116,US,REG000074,411626,127604,284022,USD,2023-06-16,failed,Non-Compliant,2023-06-16 00:00:00,
PAY004320,EMP004957,CLI002437,CA,REG001925,839020,0,839020,CAD,2023-11-25,completed,Compliant,2023-11-25 00:00:00,2023-11-25 00:53:08
PAY004321,EMP001369,CLI003327,DE,REG002213,757320,0,757320,EUR,2024-08-23,completed,Compliant,2024-08-23 00:00:00,2024-08-23 00:27:23
PAY004322,EMP002142,CLI003984,AU,REG001554,282429,59310,223119,AUD,2024-07-27,pending,Non-Compliant,2024-07-27 00:00:00,
PAY004323,EMP003425,CLI003940,IN,REG002636,949947,0,949947,INR,2024-04-10,failed,Non-Compliant,2024-04-10 00:00:00,
PAY004324,EMP005006,CLI003193,US,REG002311,693203,0,693203,USD,2024-02-22,pending,Non-Compliant,2024-02-22 00:00:00,
PAY004325,EMP003926,CLI003345,UK,REG000968,636273,0,636273,GBP,2025-04-27,pending,Non-Compliant,2025-04-27 00:00:00,
PAY004326,EMP005810,CLI001904,JP,REG001166,903086,0,903086,JPY,2024-05-07,completed,Compliant,2024-05-07 00:00:00,2024-05-07 00:16:09
PAY004327,EMP001688,CLI004506,UK,REG001164,539368,97086,442282,GBP,2023-06-04,completed,Compliant,2023-06-04 00:00:00,2023-06-04 01:34:21
PAY004328,EMP001104,CLI003416,US,REG000422,101050,27284,73766,USD,2024-11-07,pending,Non-Compliant,2024-11-07 00:00:00,
PAY004329,EMP005458,CLI002429,AU,REG002562,642724,0,642724,AUD,2025-01-25,completed,Compliant,2025-01-25 00:00:00,2025-01-25 00:49:52
PAY004330,EMP004939,CLI004424,JP,REG001670,184620,42463,142157,JPY,2024-09-08,failed,Non-Compliant,2024-09-08 00:00:00,
PAY004331,EMP002882,CLI002905,CA,REG000564,761268,0,761268,CAD,2024-02-25,pending,Non-Compliant,2024-02-25 00:00:00,
PAY004332,EMP003460,CLI001710,US,REG000709,765115,0,765115,USD,2025-05-17,pending,Non-Compliant,2025-05-17 00:00:00,
PAY004333,EMP004462,CLI001230,IN,REG001471,953693,305182,648511,INR,2024-12-17,failed,Non-Compliant,2024-12-17 00:00:00,
PAY004334,EMP003263,CLI001506,DE,REG000151,563892,197362,366530,EUR,2024-06-16,pending,Non-Compliant,2024-06-16 00:00:00,
PAY004335,EMP006886,CLI002567,DE,REG000802,512578,0,512578,EUR,2025-02-08,failed,Non-Compliant,2025-02-08 00:00:00,
PAY004336,EMP005821,CLI000088,DE,REG001943,376164,0,376164,EUR,2024-02-07,completed,Compliant,2024-02-07 00:00:00,2024-02-07 00:15:39
PAY004337,EMP004633,CLI003019,IN,REG002089,162942,0,162942,INR,2024-04-15,pending,Non-Compliant,2024-04-15 00:00:00,
PAY004338,EMP005038,CLI001294,ZA,REG000835,892301,0,892301,ZAR,2023-12-17,failed,Non-Compliant,2023-12-17 00:00:00,
PAY004339,EMP005994,CLI000376,BR,REG001691,575045,0,575045,BRL,2024-01-01,pending,Non-Compliant,2024-01-01 00:00:00,
PAY004340,EMP004482,CLI000354,IN,REG002593,817170,0,817170,INR,2023-10-04,pending,Non-Compliant,2023-10-04 00:00:00,
PAY004341,EMP003469,CLI001823,CA,REG002702,272107,76190,195917,CAD,2025-01-03,completed,Compliant,2025-01-03 00:00:00,2025-01-03 01:38:47
PAY004342,EMP002339,CLI000583,IN,REG002493,853253,221846,631407,INR,2023-09-26,failed,Non-Compliant,2023-09-26 00:00:00,
PAY004343,EMP000641,CLI001138,IN,REG000932,223587,0,223587,INR,2024-11-08,completed,Compliant,2024-11-08 00:00:00,2024-11-08 00:30:14
PAY004344,EMP001919,CLI002970,AU,REG002813,833663,0,833663,AUD,2025-03-24,failed,Non-Compliant,2025-03-24 00:00:00,
PAY004345,EMP005230,CLI000797,UK,REG001684,884945,0,884945,GBP,2024-11-28,failed,Non-Compliant,2024-11-28 00:00:00,
PAY004346,EMP005687,CLI000288,AU,REG000659,663515,126068,537447,AUD,2024-12-17,failed,Non-Compliant,2024-12-17 00:00:00,
PAY004347,EMP003806,CLI001986,JP,REG000952,277301,0,277301,JPY,2023-12-11,completed,Compliant,2023-12-11 00:00:00,2023-12-11 01:35:59
PAY004348,EMP003044,CLI002943,UK,REG002856,300329,0,300329,GBP,2024-03-13,completed,Compliant,2024-03-13 00:00:00,2024-03-13 01:11:42
PAY004349,EMP000553,CLI001975,CA,REG000495,207971,0,207971,CAD,2023-12-07,failed,Non-Compliant,2023-12-07 00:00:00,
PAY004350,EMP005132,CLI003846,ZA,REG002912,547412,0,547412,ZAR,2025-03-20,failed,Non-Compliant,2025-03-20 00:00:00,
PAY004351,EMP006515,CLI003749,IN,REG001218,841336,151440,689896,INR,2025-02-25,failed,Non-Compliant,2025-02-25 00:00:00,
PAY004352,EMP004928,CLI003832,FR,REG000788,596165,0,596165,EUR,2023-11-19,pending,Non-Compliant,2023-11-19 00:00:00,
PAY004353,EMP003195,CLI002014,IN,REG002350,839463,0,839463,INR,2025-05-21,failed,Non-Compliant,2025-05-21 00:00:00,
PAY004354,EMP003207,CLI002400,FR,REG000038,596224,0,596224,EUR,2025-01-23,failed,Non-Compliant,2025-01-23 00:00:00,
PAY004355,EMP001493,CLI003343,JP,REG000665,793339,111067,682272,JPY,2025-01-02,failed,Non-Compliant,2025-01-02 00:00:00,
PAY004356,EMP002695,CLI002131,CA,REG000491,330159,0,330159,CAD,2024-02-02,pending,Non-Compliant,2024-02-02 00:00:00,
PAY004357,EMP006522,CLI002218,DE,REG002418,404927,109330,295597,EUR,2025-01-04,pending,Non-Compliant,2025-01-04 00:00:00,
PAY004358,EMP001621,CLI000190,US,REG000103,239702,81499,158203,USD,2024-04-28,pending,Non-Compliant,2024-04-28 00:00:00,
PAY004359,EMP003130,CLI004563,DE,REG002516,378482,0,378482,EUR,2024-10-14,completed,Compliant,2024-10-14 00:00:00,2024-10-14 01:23:05
PAY004360,EMP005209,CLI001010,ZA,REG001384,652964,0,652964,ZAR,2023-08-08,failed,Non-Compliant,2023-08-08 00:00:00,
PAY004361,EMP004813,CLI000412,IN,REG002593,495139,0,495139,INR,2024-10-03,failed,Non-Compliant,2024-10-03 00:00:00,
PAY004362,EMP001418,CLI000038,UK,REG002655,156656,0,156656,GBP,2024-10-08,completed,Compliant,2024-10-08 00:00:00,2024-10-08 00:07:09
PAY004363,EMP004241,CLI000980,CA,REG001309,929882,269666,660216,CAD,2024-11-25,completed,Compliant,2024-11-25 00:00:00,2024-11-25 00:30:54
PAY004364,EMP002372,CLI000951,JP,REG000454,734910,0,734910,JPY,2024-12-03,failed,Non-Compliant,2024-12-03 00:00:00,
PAY004365,EMP006183,CLI003588,CA,REG000394,964088,327790,636298,CAD,2023-07-04,failed,Non-Compliant,2023-07-04 00:00:00,
PAY004366,EMP004840,CLI002765,DE,REG002010,903541,0,903541,EUR,2024-01-18,completed,Compliant,2024-01-18 00:00:00,2024-01-18 00:08:24
PAY004367,EMP000010,CLI002783,BR,REG002483,614314,98290,516024,BRL,2023-12-16,pending,Non-Compliant,2023-12-16 00:00:00,
PAY004368,EMP000432,CLI001399,CA,REG001342,315142,40968,274174,CAD,2024-03-27,pending,Non-Compliant,2024-03-27 00:00:00,
PAY004369,EMP003612,CLI004574,BR,REG000516,249483,0,249483,BRL,2024-09-07,failed,Non-Compliant,2024-09-07 00:00:00,
PAY004370,EMP005325,CLI002160,IN,REG000028,735544,0,735544,INR,2024-09-10,completed,Compliant,2024-09-10 00:00:00,2024-09-10 00:38:01
PAY004371,EMP006243,CLI003094,UK,REG000636,177823,0,177823,GBP,2024-09-25,pending,Non-Compliant,2024-09-25 00:00:00,
PAY004372,EMP004848,CLI001465,IN,REG001080,965407,0,965407,INR,2024-06-18,failed,Non-Compliant,2024-06-18 00:00:00,
PAY004373,EMP002236,CLI002707,ZA,REG000271,766879,0,766879,ZAR,2023-06-20,failed,Non-Compliant,2023-06-20 00:00:00,
PAY004374,EMP000939,CLI001604,ZA,REG002012,219443,0,219443,ZAR,2023-07-12,completed,Compliant,2023-07-12 00:00:00,2023-07-12 01:03:41
PAY004375,EMP004014,CLI002410,IN,REG000066,388122,85387,302735,INR,2024-01-03,failed,Non-Compliant,2024-01-03 00:00:00,
PAY004376,EMP000626,CLI001435,ZA,REG000197,528248,0,528248,ZAR,2024-12-15,completed,Compliant,2024-12-15 00:00:00,2024-12-15 01:51:42
PAY004377,EMP003394,CLI002673,FR,REG001716,340977,47737,293240,EUR,2024-12-13,failed,Non-Compliant,2024-12-13 00:00:00,
PAY004378,EMP001053,CLI002866,JP,REG002059,289301,107041,182260,JPY,2023-08-19,failed,Non-Compliant,2023-08-19 00:00:00,
PAY004379,EMP000685,CLI000971,CA,REG002086,383339,0,383339,CAD,2024-01-27,completed,Compliant,2024-01-27 00:00:00,2024-01-27 01:04:57
PAY004380,EMP003369,CLI003363,ZA,REG001347,743104,81741,661363,ZAR,2023-08-07,pending,Non-Compliant,2023-08-07 00:00:00,
PAY004381,EMP006738,CLI000871,CA,REG002386,825323,0,825323,CAD,2024-02-02,pending,Non-Compliant,2024-02-02 00:00:00,
PAY004382,EMP006742,CLI000823,FR,REG000993,716165,0,716165,EUR,2024-06-05,completed,Compliant,2024-06-05 00:00:00,2024-06-05 01:16:39
PAY004383,EMP006357,CLI002772,CA,REG000301,848844,229188,619656,CAD,2023-07-15,completed,Compliant,2023-07-15 00:00:00,2023-07-15 01:19:59
PAY004384,EMP004271,CLI000806,DE,REG001673,208699,0,208699,EUR,2024-04-02,failed,Non-Compliant,2024-04-02 00:00:00,
PAY004385,EMP004513,CLI000989,AU,REG001784,173095,31157,141938,AUD,2025-04-20,failed,Non-Compliant,2025-04-20 00:00:00,
PAY004386,EMP006771,CLI001567,US,REG000210,356713,0,356713,USD,2024-07-02,completed,Compliant,2024-07-02 00:00:00,2024-07-02 00:11:12
PAY004387,EMP006274,CLI004850,IN,REG002034,900997,0,900997,INR,2023-12-11,completed,Compliant,2023-12-11 00:00:00,2023-12-11 01:18:16
PAY004388,EMP003253,CLI002217,IN,REG002636,559224,0,559224,INR,2024-05-30,completed,Compliant,2024-05-30 00:00:00,2024-05-30 00:07:41
PAY004389,EMP000394,CLI002757,IN,REG002829,864201,216050,648151,INR,2023-10-04,completed,Compliant,2023-10-04 00:00:00,2023-10-04 01:25:02
PAY004390,EMP003512,CLI003237,DE,REG001110,459198,0,459198,EUR,2023-06-12,completed,Compliant,2023-06-12 00:00:00,2023-06-12 01:39:08
PAY004391,EMP000401,CLI004595,JP,REG000811,185572,0,185572,JPY,2023-07-09,pending,Non-Compliant,2023-07-09 00:00:00,
PAY004392,EMP004776,CLI004544,US,REG000991,575809,0,575809,USD,2025-05-02,pending,Non-Compliant,2025-05-02 00:00:00,
PAY004393,EMP004554,CLI003767,UK,REG001441,561326,0,561326,GBP,2024-10-13,pending,Non-Compliant,2024-10-13 00:00:00,
PAY004394,EMP000734,CLI004356,BR,REG000399,278882,0,278882,BRL,2025-04-15,failed,Non-Compliant,2025-04-15 00:00:00,
PAY004395,EMP001880,CLI003634,BR,REG001530,702544,0,702544,BRL,2024-12-16,pending,Non-Compliant,2024-12-16 00:00:00,
PAY004396,EMP006120,CLI000103,IN,REG000244,977354,381168,596186,INR,2023-10-12,pending,Non-Compliant,2023-10-12 00:00:00,
PAY004397,EMP005311,CLI000013,JP,REG001462,309335,0,309335,JPY,2024-09-16,pending,Non-Compliant,2024-09-16 00:00:00,
PAY004398,EMP005137,CLI000773,BR,REG000149,998075,0,998075,BRL,2024-01-15,completed,Compliant,2024-01-15 00:00:00,2024-01-15 00:24:46
PAY004399,EMP001765,CLI002441,ZA,REG000547,170765,61475,109290,ZAR,2024-10-22,failed,Non-Compliant,2024-10-22 00:00:00,
PAY004400,EMP006869,CLI000756,JP,REG002871,379941,0,379941,JPY,2023-07-10,completed,Compliant,2023-07-10 00:00:00,2023-07-10 01:47:00
PAY004401,EMP006807,CLI002244,AU,REG001481,310657,0,310657,AUD,2024-05-18,failed,Non-Compliant,2024-05-18 00:00:00,
PAY004402,EMP006227,CLI003804,FR,REG001521,443611,0,443611,EUR,2024-05-18,pending,Non-Compliant,2024-05-18 00:00:00,
PAY004403,EMP004362,CLI001810,BR,REG001499,816766,89844,726922,BRL,2023-11-26,completed,Compliant,2023-11-26 00:00:00,2023-11-26 01:10:08
PAY004404,EMP002460,CLI003438,AU,REG000075,936809,0,936809,AUD,2024-03-01,completed,Compliant,2024-03-01 00:00:00,2024-03-01 01:13:21
PAY004405,EMP004308,CLI002116,JP,REG001333,349083,0,349083,JPY,2023-10-13,completed,Compliant,2023-10-13 00:00:00,2023-10-13 00:06:50
PAY004406,EMP000851,CLI000358,IN,REG002003,699958,132992,566966,INR,2025-03-05,completed,Compliant,2025-03-05 00:00:00,2025-03-05 00:28:35
PAY004407,EMP001756,CLI003196,BR,REG000110,798452,0,798452,BRL,2025-04-23,pending,Non-Compliant,2025-04-23 00:00:00,
PAY004408,EMP000577,CLI003176,US,REG002601,448384,98644,349740,USD,2023-06-20,completed,Compliant,2023-06-20 00:00:00,2023-06-20 01:52:00
PAY004409,EMP005613,CLI003389,CA,REG001953,760346,0,760346,CAD,2024-07-17,failed,Non-Compliant,2024-07-17 00:00:00,
PAY004410,EMP002546,CLI000253,FR,REG002651,920504,0,920504,EUR,2025-01-11,failed,Non-Compliant,2025-01-11 00:00:00,
PAY004411,EMP004909,CLI002535,IN,REG002773,213831,68426,145405,INR,2024-06-05,pending,Non-Compliant,2024-06-05 00:00:00,
PAY004412,EMP006294,CLI004702,CA,REG002515,560700,0,560700,CAD,2024-02-12,completed,Compliant,2024-02-12 00:00:00,2024-02-12 01:06:56
PAY004413,EMP003221,CLI002097,DE,REG002872,303692,0,303692,EUR,2024-01-17,completed,Compliant,2024-01-17 00:00:00,2024-01-17 00:38:01
PAY004414,EMP000456,CLI002532,JP,REG001905,495940,193417,302523,JPY,2023-12-25,pending,Non-Compliant,2023-12-25 00:00:00,
PAY004415,EMP004083,CLI004675,CA,REG002241,174648,33183,141465,CAD,2023-06-20,completed,Compliant,2023-06-20 00:00:00,2023-06-20 00:31:21
PAY004416,EMP003358,CLI001251,BR,REG000983,968556,96856,871700,BRL,2025-04-06,failed,Non-Compliant,2025-04-06 00:00:00,
PAY004417,EMP000209,CLI002232,UK,REG000464,106848,0,106848,GBP,2024-10-23,pending,Non-Compliant,2024-10-23 00:00:00,
PAY004418,EMP004785,CLI001586,IN,REG001537,529361,0,529361,INR,2024-04-05,completed,Compliant,2024-04-05 00:00:00,2024-04-05 01:25:54
PAY004419,EMP000559,CLI003197,US,REG000124,494993,0,494993,USD,2024-06-13,completed,Compliant,2024-06-13 00:00:00,2024-06-13 01:25:40
PAY004420,EMP003469,CLI003587,CA,REG002531,318505,57331,261174,CAD,2024-06-04,pending,Non-Compliant,2024-06-04 00:00:00,
PAY004421,EMP001099,CLI002973,ZA,REG000440,590991,0,590991,ZAR,2023-10-25,failed,Non-Compliant,2023-10-25 00:00:00,
PAY004422,EMP006444,CLI002049,JP,REG001294,562238,0,562238,JPY,2023-07-31,pending,Non-Compliant,2023-07-31 00:00:00,
PAY004423,EMP005952,CLI002999,JP,REG000291,533281,0,533281,JPY,2024-06-06,pending,Non-Compliant,2024-06-06 00:00:00,
PAY004424,EMP005683,CLI003412,BR,REG002492,844265,0,844265,BRL,2024-01-06,completed,Compliant,2024-01-06 00:00:00,2024-01-06 01:37:39
PAY004425,EMP002602,CLI002279,AU,REG001865,445689,155991,289698,AUD,2023-06-27,pending,Non-Compliant,2023-06-27 00:00:00,
PAY004426,EMP000826,CLI003437,AU,REG002201,455537,0,455537,AUD,2025-03-01,pending,Non-Compliant,2025-03-01 00:00:00,
PAY004427,EMP003748,CLI000918,FR,REG000503,512547,0,512547,EUR,2024-06-03,pending,Non-Compliant,2024-06-03 00:00:00,
PAY004428,EMP000681,CLI000856,JP,REG000594,135083,0,135083,JPY,2024-07-22,completed,Compliant,2024-07-22 00:00:00,2024-07-22 01:02:19
PAY004429,EMP004278,CLI004312,JP,REG000134,403838,0,403838,JPY,2024-08-22,failed,Non-Compliant,2024-08-22 00:00:00,
PAY004430,EMP006291,CLI004018,CA,REG002695,788683,0,788683,CAD,2025-01-28,completed,Compliant,2025-01-28 00:00:00,2025-01-28 01:10:57
PAY004431,EMP005170,CLI002777,IN,REG000937,264179,97746,166433,INR,2024-12-08,pending,Non-Compliant,2024-12-08 00:00:00,
PAY004432,EMP001124,CLI002862,DE,REG001708,478927,0,478927,EUR,2024-10-12,pending,Non-Compliant,2024-10-12 00:00:00,
PAY004433,EMP000231,CLI004204,US,REG001414,412495,0,412495,USD,2025-02-02,completed,Compliant,2025-02-02 00:00:00,2025-02-02 01:40:02
PAY004434,EMP005288,CLI004224,CA,REG001242,142454,29915,112539,CAD,2025-02-14,failed,Non-Compliant,2025-02-14 00:00:00,
PAY004435,EMP003422,CLI004231,UK,REG000378,488003,0,488003,GBP,2023-10-06,failed,Non-Compliant,2023-10-06 00:00:00,
PAY004436,EMP006065,CLI001188,DE,REG000955,837212,0,837212,EUR,2025-01-05,completed,Compliant,2025-01-05 00:00:00,2025-01-05 00:29:16
PAY004437,EMP001319,CLI004063,DE,REG002823,886797,0,886797,EUR,2024-07-26,failed,Non-Compliant,2024-07-26 00:00:00,
PAY004438,EMP004425,CLI000027,UK,REG001893,217702,0,217702,GBP,2024-07-27,completed,Compliant,2024-07-27 00:00:00,2024-07-27 01:44:57
PAY004439,EMP000528,CLI001779,AU,REG001161,910922,346150,564772,AUD,2023-12-27,completed,Compliant,2023-12-27 00:00:00,2023-12-27 01:08:02
PAY004440,EMP000078,CLI004013,UK,REG002959,352512,0,352512,GBP,2024-08-03,completed,Compliant,2024-08-03 00:00:00,2024-08-03 00:11:25
PAY004441,EMP006662,CLI004646,ZA,REG001983,598730,131721,467009,ZAR,2023-11-12,pending,Non-Compliant,2023-11-12 00:00:00,
PAY004442,EMP005418,CLI002778,BR,REG000065,902538,0,902538,BRL,2023-09-01,completed,Compliant,2023-09-01 00:00:00,2023-09-01 00:10:50
PAY004443,EMP003544,CLI002883,UK,REG001707,100364,0,100364,GBP,2023-06-02,failed,Non-Compliant,2023-06-02 00:00:00,
PAY004444,EMP003687,CLI004897,DE,REG002652,133548,50748,82800,EUR,2024-08-11,pending,Non-Compliant,2024-08-11 00:00:00,
PAY004445,EMP000380,CLI003776,BR,REG001645,150676,0,150676,BRL,2024-09-10,failed,Non-Compliant,2024-09-10 00:00:00,
PAY004446,EMP006024,CLI004953,IN,REG002988,344111,0,344111,INR,2024-09-11,completed,Compliant,2024-09-11 00:00:00,2024-09-11 00:28:00
PAY004447,EMP000557,CLI004273,UK,REG000636,788538,0,788538,GBP,2024-01-20,failed,Non-Compliant,2024-01-20 00:00:00,
PAY004448,EMP003440,CLI001537,IN,REG001369,778758,303716,475042,INR,2024-06-20,failed,Non-Compliant,2024-06-20 00:00:00,
PAY004449,EMP003116,CLI003396,BR,REG000705,628075,0,628075,BRL,2025-04-27,pending,Non-Compliant,2025-04-27 00:00:00,
PAY004450,EMP000651,CLI003646,US,REG002236,274466,0,274466,USD,2025-01-18,failed,Non-Compliant,2025-01-18 00:00:00,
PAY004451,EMP005503,CLI002607,FR,REG002410,509875,0,509875,EUR,2023-12-26,completed,Compliant,2023-12-26 00:00:00,2023-12-26 01:26:52
PAY004452,EMP001517,CLI004673,US,REG002230,930643,0,930643,USD,2024-03-06,failed,Non-Compliant,2024-03-06 00:00:00,
PAY004453,EMP005788,CLI003151,ZA,REG001391,809730,0,809730,ZAR,2024-03-27,failed,Non-Compliant,2024-03-27 00:00:00,
PAY004454,EMP005101,CLI004425,UK,REG000567,869148,0,869148,GBP,2023-09-01,pending,Non-Compliant,2023-09-01 00:00:00,
PAY004455,EMP005181,CLI000720,UK,REG002326,589774,0,589774,GBP,2025-04-06,failed,Non-Compliant,2025-04-06 00:00:00,
PAY004456,EMP005501,CLI001132,ZA,REG002974,186660,0,186660,ZAR,2025-05-02,pending,Non-Compliant,2025-05-02 00:00:00,
PAY004457,EMP002112,CLI003869,IN,REG001674,815432,146778,668654,INR,2025-02-19,completed,Compliant,2025-02-19 00:00:00,2025-02-19 01:31:45
PAY004458,EMP000290,CLI003870,AU,REG001743,813330,0,813330,AUD,2023-08-25,completed,Compliant,2023-08-25 00:00:00,2023-08-25 01:37:44
PAY004459,EMP002767,CLI002419,US,REG001906,389896,0,389896,USD,2024-07-05,completed,Compliant,2024-07-05 00:00:00,2024-07-05 00:24:35
PAY004460,EMP006902,CLI004396,UK,REG002787,589126,0,589126,GBP,2023-12-09,completed,Compliant,2023-12-09 00:00:00,2023-12-09 01:54:35
PAY004461,EMP004365,CLI004847,BR,REG002017,564935,0,564935,BRL,2025-05-24,pending,Non-Compliant,2025-05-24 00:00:00,
PAY004462,EMP005862,CLI000924,JP,REG002095,191280,0,191280,JPY,2023-11-14,completed,Compliant,2023-11-14 00:00:00,2023-11-14 01:47:08
PAY004463,EMP004726,CLI003590,ZA,REG000965,515171,190613,324558,ZAR,2023-11-23,failed,Non-Compliant,2023-11-23 00:00:00,
PAY004464,EMP002280,CLI000179,DE,REG000374,888103,124334,763769,EUR,2024-11-06,pending,Non-Compliant,2024-11-06 00:00:00,
PAY004465,EMP000829,CLI004406,FR,REG001230,852676,0,852676,EUR,2024-03-16,pending,Non-Compliant,2024-03-16 00:00:00,
PAY004466,EMP002536,CLI001429,FR,REG001091,986401,0,986401,EUR,2024-01-30,failed,Non-Compliant,2024-01-30 00:00:00,
PAY004467,EMP004471,CLI003198,AU,REG000380,114986,20697,94289,AUD,2023-09-25,pending,Non-Compliant,2023-09-25 00:00:00,
PAY004468,EMP001449,CLI001605,JP,REG001788,579654,0,579654,JPY,2024-05-11,pending,Non-Compliant,2024-05-11 00:00:00,
PAY004469,EMP006516,CLI001515,IN,REG001952,934290,0,934290,INR,2024-01-21,pending,Non-Compliant,2024-01-21 00:00:00,
PAY004470,EMP001766,CLI001861,AU,REG002068,246302,0,246302,AUD,2024-09-09,failed,Non-Compliant,2024-09-09 00:00:00,
PAY004471,EMP001905,CLI000094,FR,REG000266,694760,0,694760,EUR,2024-10-04,failed,Non-Compliant,2024-10-04 00:00:00,
PAY004472,EMP001981,CLI002538,JP,REG001775,798911,0,798911,JPY,2025-05-15,pending,Non-Compliant,2025-05-15 00:00:00,
PAY004473,EMP003250,CLI002039,JP,REG002852,823136,0,823136,JPY,2024-03-13,pending,Non-Compliant,2024-03-13 00:00:00,
PAY004474,EMP006236,CLI000344,BR,REG000900,978882,303453,675429,BRL,2025-04-17,completed,Compliant,2025-04-17 00:00:00,2025-04-17 01:53:21
PAY004475,EMP004864,CLI003170,BR,REG001640,962483,0,962483,BRL,2024-04-22,pending,Non-Compliant,2024-04-22 00:00:00,
PAY004476,EMP004604,CLI001541,FR,REG002161,538459,0,538459,EUR,2023-06-26,completed,Compliant,2023-06-26 00:00:00,2023-06-26 01:37:26
PAY004477,EMP000468,CLI004693,US,REG002581,938763,347342,591421,USD,2024-05-07,failed,Non-Compliant,2024-05-07 00:00:00,
PAY004478,EMP005082,CLI004678,JP,REG000391,883334,97167,786167,JPY,2024-08-17,failed,Non-Compliant,2024-08-17 00:00:00,
PAY004479,EMP005003,CLI003435,FR,REG002528,457116,82281,374835,EUR,2024-09-01,pending,Non-Compliant,2024-09-01 00:00:00,
PAY004480,EMP000558,CLI000759,JP,REG002664,637024,0,637024,JPY,2024-01-28,completed,Compliant,2024-01-28 00:00:00,2024-01-28 00:48:26
PAY004481,EMP006163,CLI001335,ZA,REG000221,743276,215550,527726,ZAR,2024-05-14,completed,Compliant,2024-05-14 00:00:00,2024-05-14 00:46:01
PAY004482,EMP002609,CLI000564,ZA,REG002248,458052,0,458052,ZAR,2024-05-04,failed,Non-Compliant,2024-05-04 00:00:00,
PAY004483,EMP000464,CLI003716,FR,REG002879,228241,0,228241,EUR,2024-10-07,completed,Compliant,2024-10-07 00:00:00,2024-10-07 00:08:57
PAY004484,EMP006210,CLI000190,ZA,REG002749,409088,0,409088,ZAR,2025-01-30,failed,Non-Compliant,2025-01-30 00:00:00,
PAY004485,EMP000196,CLI000603,JP,REG000297,368035,0,368035,JPY,2024-10-26,pending,Non-Compliant,2024-10-26 00:00:00,
PAY004486,EMP002821,CLI000338,JP,REG002423,711927,0,711927,JPY,2024-10-19,pending,Non-Compliant,2024-10-19 00:00:00,
PAY004487,EMP003066,CLI001535,ZA,REG002100,547186,0,547186,ZAR,2024-10-30,completed,Compliant,2024-10-30 00:00:00,2024-10-30 00:55:28
PAY004488,EMP000178,CLI001465,AU,REG000803,505902,0,505902,AUD,2024-06-03,completed,Compliant,2024-06-03 00:00:00,2024-06-03 01:07:38
PAY004489,EMP006736,CLI001588,IN,REG002977,608006,0,608006,INR,2023-12-11,completed,Compliant,2023-12-11 00:00:00,2023-12-11 00:08:29
PAY004490,EMP003764,CLI003214,BR,REG000114,769856,0,769856,BRL,2023-09-18,completed,Compliant,2023-09-18 00:00:00,2023-09-18 01:19:11
PAY004491,EMP005754,CLI000039,US,REG000124,510755,0,510755,USD,2024-06-16,failed,Non-Compliant,2024-06-16 00:00:00,
PAY004492,EMP005503,CLI004979,FR,REG001114,901936,315678,586258,EUR,2024-01-22,completed,Compliant,2024-01-22 00:00:00,2024-01-22 00:37:50
PAY004493,EMP001583,CLI003945,DE,REG000720,683246,0,683246,EUR,2023-11-16,completed,Compliant,2023-11-16 00:00:00,2023-11-16 01:47:36
PAY004494,EMP002995,CLI002219,US,REG002263,528268,190176,338092,USD,2023-09-29,pending,Non-Compliant,2023-09-29 00:00:00,
PAY004495,EMP003079,CLI001525,UK,REG001967,392668,66754,325914,GBP,2025-05-18,failed,Non-Compliant,2025-05-18 00:00:00,
PAY004496,EMP002271,CLI001279,FR,REG000617,554815,0,554815,EUR,2025-04-28,pending,Non-Compliant,2025-04-28 00:00:00,
PAY004497,EMP003428,CLI004508,FR,REG002727,557462,0,557462,EUR,2025-01-02,failed,Non-Compliant,2025-01-02 00:00:00,
PAY004498,EMP005965,CLI003901,US,REG000161,497177,188927,308250,USD,2024-05-27,pending,Non-Compliant,2024-05-27 00:00:00,
PAY004499,EMP005190,CLI004338,AU,REG001351,813853,0,813853,AUD,2025-03-16,pending,Non-Compliant,2025-03-16 00:00:00,
PAY004500,EMP002775,CLI002451,CA,REG002111,434545,147745,286800,CAD,2023-08-13,failed,Non-Compliant,2023-08-13 00:00:00,
PAY004501,EMP003003,CLI002269,ZA,REG000411,623594,0,623594,ZAR,2024-10-20,failed,Non-Compliant,2024-10-20 00:00:00,
PAY004502,EMP001126,CLI003161,CA,REG002133,317869,0,317869,CAD,2024-08-11,failed,Non-Compliant,2024-08-11 00:00:00,
PAY004503,EMP004408,CLI004583,IN,REG000654,655230,0,655230,INR,2025-05-09,failed,Non-Compliant,2025-05-09 00:00:00,
PAY004504,EMP002975,CLI001503,DE,REG000429,411285,0,411285,EUR,2025-01-25,pending,Non-Compliant,2025-01-25 00:00:00,
PAY004505,EMP005464,CLI001702,UK,REG002690,977824,303125,674699,GBP,2023-06-12,pending,Non-Compliant,2023-06-12 00:00:00,
PAY004506,EMP002672,CLI003221,FR,REG000580,595691,148923,446768,EUR,2023-11-16,completed,Compliant,2023-11-16 00:00:00,2023-11-16 01:00:47
PAY004507,EMP001970,CLI002331,ZA,REG001275,161164,35456,125708,ZAR,2024-02-17,failed,Non-Compliant,2024-02-17 00:00:00,
PAY004508,EMP004585,CLI002462,AU,REG002530,536699,64404,472295,AUD,2024-08-17,failed,Non-Compliant,2024-08-17 00:00:00,
PAY004509,EMP003644,CLI000633,AU,REG002028,625772,0,625772,AUD,2025-03-06,completed,Compliant,2025-03-06 00:00:00,2025-03-06 01:21:07
PAY004510,EMP000149,CLI001466,UK,REG001051,571487,85723,485764,GBP,2024-03-20,completed,Compliant,2024-03-20 00:00:00,2024-03-20 00:56:02
PAY004511,EMP004073,CLI000448,ZA,REG002267,954060,0,954060,ZAR,2024-06-19,failed,Non-Compliant,2024-06-19 00:00:00,
PAY004512,EMP003357,CLI003129,DE,REG002591,815117,0,815117,EUR,2024-11-06,failed,Non-Compliant,2024-11-06 00:00:00,
PAY004513,EMP003588,CLI000075,US,REG001678,927411,0,927411,USD,2024-01-08,failed,Non-Compliant,2024-01-08 00:00:00,
PAY004514,EMP002707,CLI002657,FR,REG000144,838465,209616,628849,EUR,2025-04-06,failed,Non-Compliant,2025-04-06 00:00:00,
PAY004515,EMP003855,CLI001181,US,REG002793,463096,157453,305643,USD,2024-02-18,pending,Non-Compliant,2024-02-18 00:00:00,
PAY004516,EMP006741,CLI003333,DE,REG000345,288318,0,288318,EUR,2023-07-20,pending,Non-Compliant,2023-07-20 00:00:00,
PAY004517,EMP002707,CLI002604,FR,REG000493,749107,0,749107,EUR,2024-07-31,failed,Non-Compliant,2024-07-31 00:00:00,
PAY004518,EMP006323,CLI001086,JP,REG000550,309445,68078,241367,JPY,2024-09-21,pending,Non-Compliant,2024-09-21 00:00:00,
PAY004519,EMP000521,CLI004270,CA,REG001407,708992,170158,538834,CAD,2024-06-22,completed,Compliant,2024-06-22 00:00:00,2024-06-22 00:32:37
PAY004520,EMP001026,CLI000384,UK,REG002511,857578,325880,531698,GBP,2024-08-18,failed,Non-Compliant,2024-08-18 00:00:00,
PAY004521,EMP004355,CLI002579,IN,REG002327,558104,0,558104,INR,2024-01-13,failed,Non-Compliant,2024-01-13 00:00:00,
PAY004522,EMP006453,CLI003357,IN,REG000601,328118,0,328118,INR,2023-08-23,failed,Non-Compliant,2023-08-23 00:00:00,
PAY004523,EMP006617,CLI002866,CA,REG000280,544731,185209,359522,CAD,2024-07-05,completed,Compliant,2024-07-05 00:00:00,2024-07-05 01:37:11
PAY004524,EMP004642,CLI000303,FR,REG001217,473304,52063,421241,EUR,2023-11-28,failed,Non-Compliant,2023-11-28 00:00:00,
PAY004525,EMP000876,CLI001351,DE,REG001655,722805,224070,498735,EUR,2025-03-08,pending,Non-Compliant,2025-03-08 00:00:00,
PAY004526,EMP001507,CLI001095,BR,REG002022,170062,0,170062,BRL,2024-04-17,pending,Non-Compliant,2024-04-17 00:00:00,
PAY004527,EMP002154,CLI004924,JP,REG002190,401363,0,401363,JPY,2024-08-19,pending,Non-Compliant,2024-08-19 00:00:00,
PAY004528,EMP002959,CLI001602,US,REG002619,507104,162273,344831,USD,2024-01-19,failed,Non-Compliant,2024-01-19 00:00:00,
PAY004529,EMP002598,CLI001143,UK,REG000640,588698,111853,476845,GBP,2024-01-03,pending,Non-Compliant,2024-01-03 00:00:00,
PAY004530,EMP000046,CLI001018,IN,REG000922,818300,0,818300,INR,2025-02-01,completed,Compliant,2025-02-01 00:00:00,2025-02-01 00:58:48
PAY004531,EMP000676,CLI000411,JP,REG001263,172656,0,172656,JPY,2024-12-07,failed,Non-Compliant,2024-12-07 00:00:00,
PAY004532,EMP000490,CLI000421,IN,REG000778,772047,0,772047,INR,2024-04-17,completed,Compliant,2024-04-17 00:00:00,2024-04-17 01:14:29
PAY004533,EMP000261,CLI002580,DE,REG002580,498559,0,498559,EUR,2023-11-18,pending,Non-Compliant,2023-11-18 00:00:00,
PAY004534,EMP006680,CLI003980,DE,REG001648,501984,0,501984,EUR,2024-05-30,pending,Non-Compliant,2024-05-30 00:00:00,
PAY004535,EMP002020,CLI001226,US,REG001737,680674,190589,490085,USD,2023-08-04,failed,Non-Compliant,2023-08-04 00:00:00,
PAY004536,EMP004590,CLI001043,IN,REG000922,895103,0,895103,INR,2024-11-03,completed,Compliant,2024-11-03 00:00:00,2024-11-03 00:13:47
PAY004537,EMP005426,CLI001974,UK,REG000378,812814,0,812814,GBP,2024-08-26,failed,Non-Compliant,2024-08-26 00:00:00,
PAY004538,EMP003406,CLI002151,IN,REG002122,830593,0,830593,INR,2024-11-21,failed,Non-Compliant,2024-11-21 00:00:00,
PAY004539,EMP005109,CLI000081,BR,REG002876,422495,0,422495,BRL,2024-05-25,completed,Compliant,2024-05-25 00:00:00,2024-05-25 01:04:29
PAY004540,EMP004295,CLI004073,ZA,REG001328,640381,0,640381,ZAR,2024-02-20,pending,Non-Compliant,2024-02-20 00:00:00,
PAY004541,EMP001690,CLI003712,DE,REG000715,982447,0,982447,EUR,2024-07-07,failed,Non-Compliant,2024-07-07 00:00:00,
PAY004542,EMP002585,CLI003497,CA,REG002427,781253,0,781253,CAD,2023-09-07,pending,Non-Compliant,2023-09-07 00:00:00,
PAY004543,EMP001160,CLI000436,IN,REG002454,910639,318724,591915,INR,2024-12-18,completed,Compliant,2024-12-18 00:00:00,2024-12-18 00:27:36
PAY004544,EMP005121,CLI003214,AU,REG000668,923289,0,923289,AUD,2024-06-29,pending,Non-Compliant,2024-06-29 00:00:00,
PAY004545,EMP006957,CLI004438,UK,REG002708,412923,148652,264271,GBP,2025-02-04,pending,Non-Compliant,2025-02-04 00:00:00,
PAY004546,EMP005033,CLI003270,FR,REG000135,155156,0,155156,EUR,2023-11-22,failed,Non-Compliant,2023-11-22 00:00:00,
PAY004547,EMP006662,CLI004296,ZA,REG000166,367225,0,367225,ZAR,2024-05-26,failed,Non-Compliant,2024-05-26 00:00:00,
PAY004548,EMP001625,CLI003487,IN,REG000285,232340,27881,204459,INR,2025-01-23,pending,Non-Compliant,2025-01-23 00:00:00,
PAY004549,EMP002383,CLI004112,JP,REG002340,986295,0,986295,JPY,2024-01-06,failed,Non-Compliant,2024-01-06 00:00:00,
PAY004550,EMP004357,CLI001453,FR,REG002764,598051,143532,454519,EUR,2024-04-27,failed,Non-Compliant,2024-04-27 00:00:00,
PAY004551,EMP002192,CLI001986,BR,REG001382,449956,49495,400461,BRL,2025-02-11,pending,Non-Compliant,2025-02-11 00:00:00,
PAY004552,EMP000672,CLI002294,AU,REG000663,576930,0,576930,AUD,2024-09-06,failed,Non-Compliant,2024-09-06 00:00:00,
PAY004553,EMP006526,CLI004744,FR,REG000690,935992,0,935992,EUR,2023-06-09,failed,Non-Compliant,2023-06-09 00:00:00,
PAY004554,EMP001415,CLI004645,CA,REG002206,627319,0,627319,CAD,2024-04-01,pending,Non-Compliant,2024-04-01 00:00:00,
PAY004555,EMP006776,CLI000655,US,REG000189,564106,0,564106,USD,2024-04-17,failed,Non-Compliant,2024-04-17 00:00:00,
PAY004556,EMP001173,CLI002795,FR,REG000688,263502,0,263502,EUR,2024-09-16,completed,Compliant,2024-09-16 00:00:00,2024-09-16 01:31:43
PAY004557,EMP005372,CLI000641,IN,REG000519,680886,0,680886,INR,2024-08-14,completed,Compliant,2024-08-14 00:00:00,2024-08-14 01:03:54
PAY004558,EMP001722,CLI002659,CA,REG001868,350999,0,350999,CAD,2023-06-13,failed,Non-Compliant,2023-06-13 00:00:00,
PAY004559,EMP002381,CLI002719,AU,REG000529,448936,0,448936,AUD,2023-09-06,failed,Non-Compliant,2023-09-06 00:00:00,
PAY004560,EMP001353,CLI004402,BR,REG001160,107066,40685,66381,BRL,2023-08-13,pending,Non-Compliant,2023-08-13 00:00:00,
PAY004561,EMP003702,CLI000441,FR,REG002526,434610,0,434610,EUR,2024-04-16,pending,Non-Compliant,2024-04-16 00:00:00,
PAY004562,EMP006151,CLI003530,AU,REG000226,258315,72328,185987,AUD,2025-05-06,completed,Compliant,2025-05-06 00:00:00,2025-05-06 01:55:54
PAY004563,EMP000217,CLI004173,DE,REG002262,358245,0,358245,EUR,2025-04-19,completed,Compliant,2025-04-19 00:00:00,2025-04-19 01:45:27
PAY004564,EMP006119,CLI002101,DE,REG001410,244688,0,244688,EUR,2024-01-05,completed,Compliant,2024-01-05 00:00:00,2024-01-05 00:59:19
PAY004565,EMP004357,CLI001795,FR,REG001587,344949,0,344949,EUR,2025-01-16,pending,Non-Compliant,2025-01-16 00:00:00,
PAY004566,EMP000635,CLI004462,DE,REG000295,226295,0,226295,EUR,2024-01-12,completed,Compliant,2024-01-12 00:00:00,2024-01-12 01:58:13
PAY004567,EMP005439,CLI003560,ZA,REG001616,318436,0,318436,ZAR,2023-06-29,pending,Non-Compliant,2023-06-29 00:00:00,
PAY004568,EMP003941,CLI004407,UK,REG001219,772290,301193,471097,GBP,2023-11-17,completed,Compliant,2023-11-17 00:00:00,2023-11-17 01:08:28
PAY004569,EMP001425,CLI002274,IN,REG000409,480544,0,480544,INR,2023-10-17,failed,Non-Compliant,2023-10-17 00:00:00,
PAY004570,EMP006242,CLI003437,IN,REG001767,963788,356602,607186,INR,2024-09-17,failed,Non-Compliant,2024-09-17 00:00:00,
PAY004571,EMP004468,CLI001115,BR,REG000756,344292,0,344292,BRL,2025-05-12,completed,Compliant,2025-05-12 00:00:00,2025-05-12 00:16:38
PAY004572,EMP005573,CLI004107,FR,REG000447,420142,0,420142,EUR,2024-06-21,completed,Compliant,2024-06-21 00:00:00,2024-06-21 01:57:46
PAY004573,EMP004110,CLI001687,UK,REG002690,761903,236190,525713,GBP,2023-12-07,completed,Compliant,2023-12-07 00:00:00,2023-12-07 00:25:12
PAY004574,EMP000171,CLI000909,IN,REG002468,207539,0,207539,INR,2024-05-16,failed,Non-Compliant,2024-05-16 00:00:00,
PAY004575,EMP001045,CLI003379,CA,REG001599,118664,0,118664,CAD,2024-06-19,pending,Non-Compliant,2024-06-19 00:00:00,
PAY004576,EMP003690,CLI001527,FR,REG000332,548397,0,548397,EUR,2023-11-27,pending,Non-Compliant,2023-11-27 00:00:00,
PAY004577,EMP006894,CLI002814,JP,REG001757,907880,0,907880,JPY,2024-09-06,pending,Non-Compliant,2024-09-06 00:00:00,
PAY004578,EMP002461,CLI003588,BR,REG002613,688678,172170,516508,BRL,2024-07-02,pending,Non-Compliant,2024-07-02 00:00:00,
PAY004579,EMP000568,CLI003401,ZA,REG000485,855684,0,855684,ZAR,2023-05-30,completed,Compliant,2023-05-30 00:00:00,2023-05-30 00:48:37
PAY004580,EMP006556,CLI000339,DE,REG002513,289801,0,289801,EUR,2023-08-14,pending,Non-Compliant,2023-08-14 00:00:00,
PAY004581,EMP001069,CLI004926,CA,REG001421,448484,0,448484,CAD,2023-11-22,completed,Compliant,2023-11-22 00:00:00,2023-11-22 00:39:43
PAY004582,EMP005940,CLI003501,ZA,REG002012,614702,0,614702,ZAR,2023-06-12,completed,Compliant,2023-06-12 00:00:00,2023-06-12 00:37:54
PAY004583,EMP004328,CLI000815,AU,REG001351,562194,0,562194,AUD,2025-03-09,pending,Non-Compliant,2025-03-09 00:00:00,
PAY004584,EMP006614,CLI002836,DE,REG000093,113107,0,113107,EUR,2024-04-09,failed,Non-Compliant,2024-04-09 00:00:00,
PAY004585,EMP004544,CLI001107,AU,REG001664,740814,0,740814,AUD,2024-12-27,failed,Non-Compliant,2024-12-27 00:00:00,
PAY004586,EMP003096,CLI003879,US,REG001048,268701,0,268701,USD,2025-02-08,failed,Non-Compliant,2025-02-08 00:00:00,
PAY004587,EMP002866,CLI001266,DE,REG000158,541788,113775,428013,EUR,2024-12-15,completed,Compliant,2024-12-15 00:00:00,2024-12-15 00:14:06
PAY004588,EMP003185,CLI001927,UK,REG001555,199399,0,199399,GBP,2024-04-03,completed,Compliant,2024-04-03 00:00:00,2024-04-03 00:06:46
PAY004589,EMP004503,CLI004483,UK,REG002207,936413,252832,683581,GBP,2023-07-20,completed,Compliant,2023-07-20 00:00:00,2023-07-20 01:04:51
PAY004590,EMP000254,CLI002519,CA,REG002333,491229,0,491229,CAD,2024-10-23,completed,Compliant,2024-10-23 00:00:00,2024-10-23 00:53:13
PAY004591,EMP004662,CLI002563,JP,REG002841,440884,158718,282166,JPY,2023-10-11,completed,Compliant,2023-10-11 00:00:00,2023-10-11 01:17:15
PAY004592,EMP004741,CLI000958,DE,REG002963,755333,264367,490966,EUR,2025-03-14,completed,Compliant,2025-03-14 00:00:00,2025-03-14 01:23:54
PAY004593,EMP004613,CLI002188,ZA,REG001892,667531,120156,547375,ZAR,2025-01-07,failed,Non-Compliant,2025-01-07 00:00:00,
PAY004594,EMP001807,CLI001547,CA,REG001111,472643,0,472643,CAD,2024-05-20,pending,Non-Compliant,2024-05-20 00:00:00,
PAY004595,EMP004760,CLI000989,AU,REG001615,254946,0,254946,AUD,2023-10-20,completed,Compliant,2023-10-20 00:00:00,2023-10-20 01:47:26
PAY004596,EMP004167,CLI000328,DE,REG002259,717825,0,717825,EUR,2023-06-21,completed,Compliant,2023-06-21 00:00:00,2023-06-21 01:55:30
PAY004597,EMP004403,CLI001931,BR,REG000716,215046,51611,163435,BRL,2025-03-31,completed,Compliant,2025-03-31 00:00:00,2025-03-31 00:12:16
PAY004598,EMP001075,CLI002943,JP,REG001020,587613,0,587613,JPY,2024-07-15,completed,Compliant,2024-07-15 00:00:00,2024-07-15 00:32:47
PAY004599,EMP003141,CLI000248,IN,REG000270,614123,0,614123,INR,2023-10-15,failed,Non-Compliant,2023-10-15 00:00:00,
PAY004600,EMP002387,CLI003661,ZA,REG001993,163796,0,163796,ZAR,2024-10-20,pending,Non-Compliant,2024-10-20 00:00:00,
PAY004601,EMP000954,CLI001485,IN,REG000066,357408,78630,278778,INR,2023-06-26,completed,Compliant,2023-06-26 00:00:00,2023-06-26 01:44:25
PAY004602,EMP002159,CLI000816,FR,REG002370,907235,0,907235,EUR,2024-09-27,pending,Non-Compliant,2024-09-27 00:00:00,
PAY004603,EMP006299,CLI000360,BR,REG000656,272309,32677,239632,BRL,2023-06-14,pending,Non-Compliant,2023-06-14 00:00:00,
PAY004604,EMP006476,CLI003300,BR,REG002043,391776,47013,344763,BRL,2025-05-20,pending,Non-Compliant,2025-05-20 00:00:00,
PAY004605,EMP004218,CLI002990,CA,REG002537,754889,0,754889,CAD,2024-09-09,failed,Non-Compliant,2024-09-09 00:00:00,
PAY004606,EMP003785,CLI001612,IN,REG002284,264528,37034,227494,INR,2024-03-09,completed,Compliant,2024-03-09 00:00:00,2024-03-09 01:54:05
PAY004607,EMP000992,CLI000435,ZA,REG001993,314762,0,314762,ZAR,2024-12-31,completed,Compliant,2024-12-31 00:00:00,2024-12-31 01:58:34
PAY004608,EMP001259,CLI001632,AU,REG001501,114049,0,114049,AUD,2025-04-10,pending,Non-Compliant,2025-04-10 00:00:00,
PAY004609,EMP001037,CLI002862,US,REG002541,939857,206769,733088,USD,2023-07-24,completed,Compliant,2023-07-24 00:00:00,2023-07-24 01:25:14
PAY004610,EMP001265,CLI004984,IN,REG001398,694933,0,694933,INR,2024-02-28,completed,Compliant,2024-02-28 00:00:00,2024-02-28 01:53:35
PAY004611,EMP006665,CLI003532,DE,REG001247,768861,0,768861,EUR,2025-04-13,failed,Non-Compliant,2025-04-13 00:00:00,
PAY004612,EMP002455,CLI003824,ZA,REG001797,474115,128011,346104,ZAR,2024-04-28,failed,Non-Compliant,2024-04-28 00:00:00,
PAY004613,EMP003248,CLI000983,IN,REG001265,652623,163156,489467,INR,2023-08-10,pending,Non-Compliant,2023-08-10 00:00:00,
PAY004614,EMP002277,CLI000068,CA,REG000760,554525,0,554525,CAD,2024-12-06,failed,Non-Compliant,2024-12-06 00:00:00,
PAY004615,EMP000142,CLI003633,IN,REG000022,853202,0,853202,INR,2023-06-27,completed,Compliant,2023-06-27 00:00:00,2023-06-27 00:18:30
PAY004616,EMP002155,CLI004006,AU,REG000960,559522,0,559522,AUD,2024-02-22,pending,Non-Compliant,2024-02-22 00:00:00,
PAY004617,EMP005993,CLI001460,JP,REG000508,782133,0,782133,JPY,2025-04-01,completed,Compliant,2025-04-01 00:00:00,2025-04-01 00:33:24
PAY004618,EMP001560,CLI004441,IN,REG000922,392607,0,392607,INR,2024-06-17,completed,Compliant,2024-06-17 00:00:00,2024-06-17 01:28:29
PAY004619,EMP005650,CLI001347,ZA,REG001086,532793,0,532793,ZAR,2025-04-19,completed,Compliant,2025-04-19 00:00:00,2025-04-19 01:34:58
PAY004620,EMP005260,CLI000363,ZA,REG000679,748610,0,748610,ZAR,2023-11-10,completed,Compliant,2023-11-10 00:00:00,2023-11-10 00:36:37
PAY004621,EMP000947,CLI004045,AU,REG001663,206748,0,206748,AUD,2023-10-23,pending,Non-Compliant,2023-10-23 00:00:00,
PAY004622,EMP003316,CLI003453,CA,REG001813,585101,169679,415422,CAD,2024-05-21,pending,Non-Compliant,2024-05-21 00:00:00,
PAY004623,EMP006673,CLI000292,JP,REG002488,138070,0,138070,JPY,2024-06-18,completed,Compliant,2024-06-18 00:00:00,2024-06-18 01:20:16
PAY004624,EMP000155,CLI001004,UK,REG001793,177658,0,177658,GBP,2024-07-27,failed,Non-Compliant,2024-07-27 00:00:00,
PAY004625,EMP004339,CLI004983,US,REG002118,679709,0,679709,USD,2024-09-15,completed,Compliant,2024-09-15 00:00:00,2024-09-15 00:36:34
PAY004626,EMP006161,CLI001688,AU,REG001148,293722,0,293722,AUD,2024-06-24,failed,Non-Compliant,2024-06-24 00:00:00,
PAY004627,EMP002468,CLI002336,BR,REG002832,620108,93016,527092,BRL,2024-07-16,failed,Non-Compliant,2024-07-16 00:00:00,
PAY004628,EMP000459,CLI003185,ZA,REG000599,973468,0,973468,ZAR,2023-06-29,pending,Non-Compliant,2023-06-29 00:00:00,
PAY004629,EMP001845,CLI002847,IN,REG000462,973128,116775,856353,INR,2023-09-09,pending,Non-Compliant,2023-09-09 00:00:00,
PAY004630,EMP005188,CLI000154,DE,REG001730,573129,85969,487160,EUR,2025-02-24,failed,Non-Compliant,2025-02-24 00:00:00,
PAY004631,EMP004123,CLI002772,CA,REG002308,548449,0,548449,CAD,2024-05-23,pending,Non-Compliant,2024-05-23 00:00:00,
PAY004632,EMP003775,CLI004169,FR,REG001693,952239,0,952239,EUR,2024-08-14,completed,Compliant,2024-08-14 00:00:00,2024-08-14 00:30:10
PAY004633,EMP006244,CLI001112,US,REG001316,752132,255725,496407,USD,2024-11-11,failed,Non-Compliant,2024-11-11 00:00:00,
PAY004634,EMP001577,CLI002249,UK,REG002462,698768,0,698768,GBP,2024-04-07,completed,Compliant,2024-04-07 00:00:00,2024-04-07 01:07:16
PAY004635,EMP002098,CLI002618,AU,REG001865,939542,328840,610702,AUD,2023-10-24,failed,Non-Compliant,2023-10-24 00:00:00,
PAY004636,EMP000135,CLI004437,UK,REG000590,278236,0,278236,GBP,2024-07-23,failed,Non-Compliant,2024-07-23 00:00:00,
PAY004637,EMP000717,CLI002443,AU,REG001172,430182,0,430182,AUD,2023-07-31,failed,Non-Compliant,2023-07-31 00:00:00,
PAY004638,EMP006984,CLI001449,FR,REG000580,946893,236723,710170,EUR,2024-06-17,failed,Non-Compliant,2024-06-17 00:00:00,
PAY004639,EMP005047,CLI002647,DE,REG001109,955989,0,955989,EUR,2024-04-08,completed,Compliant,2024-04-08 00:00:00,2024-04-08 01:30:20
PAY004640,EMP003715,CLI003676,DE,REG000222,522942,94130,428812,EUR,2025-05-26,completed,Compliant,2025-05-26 00:00:00,2025-05-26 01:38:20
PAY004641,EMP002044,CLI000547,US,REG001350,694994,132049,562945,USD,2024-09-01,pending,Non-Compliant,2024-09-01 00:00:00,
PAY004642,EMP000386,CLI000362,ZA,REG001989,273333,0,273333,ZAR,2025-01-04,pending,Non-Compliant,2025-01-04 00:00:00,
PAY004643,EMP002834,CLI003984,CA,REG001407,843601,202464,641137,CAD,2024-05-02,failed,Non-Compliant,2024-05-02 00:00:00,
PAY004644,EMP000679,CLI000647,AU,REG000908,619843,241739,378104,AUD,2024-01-10,pending,Non-Compliant,2024-01-10 00:00:00,
PAY004645,EMP005136,CLI003179,BR,REG000193,240215,0,240215,BRL,2023-07-02,failed,Non-Compliant,2023-07-02 00:00:00,
PAY004646,EMP001351,CLI004897,AU,REG002538,382195,0,382195,AUD,2023-09-24,pending,Non-Compliant,2023-09-24 00:00:00,
PAY004647,EMP004960,CLI000180,ZA,REG002890,100238,0,100238,ZAR,2023-11-18,failed,Non-Compliant,2023-11-18 00:00:00,
PAY004648,EMP002463,CLI003180,ZA,REG000554,490290,0,490290,ZAR,2023-11-04,failed,Non-Compliant,2023-11-04 00:00:00,
PAY004649,EMP000087,CLI000821,BR,REG001855,462635,0,462635,BRL,2024-05-09,pending,Non-Compliant,2024-05-09 00:00:00,
PAY004650,EMP000695,CLI000712,ZA,REG002597,595586,0,595586,ZAR,2024-05-31,completed,Compliant,2024-05-31 00:00:00,2024-05-31 00:20:47
PAY004651,EMP005784,CLI003528,UK,REG000083,381891,0,381891,GBP,2024-12-25,pending,Non-Compliant,2024-12-25 00:00:00,
PAY004652,EMP002492,CLI001945,JP,REG001315,605880,0,605880,JPY,2023-10-24,pending,Non-Compliant,2023-10-24 00:00:00,
PAY004653,EMP000183,CLI001623,AU,REG002618,300891,0,300891,AUD,2024-10-18,pending,Non-Compliant,2024-10-18 00:00:00,
PAY004654,EMP005661,CLI001102,DE,REG001859,201596,0,201596,EUR,2024-12-12,completed,Compliant,2024-12-12 00:00:00,2024-12-12 00:35:51
PAY004655,EMP004109,CLI003311,AU,REG002028,185001,0,185001,AUD,2025-01-19,failed,Non-Compliant,2025-01-19 00:00:00,
PAY004656,EMP000983,CLI004468,CA,REG002285,682109,0,682109,CAD,2024-07-14,pending,Non-Compliant,2024-07-14 00:00:00,
PAY004657,EMP003538,CLI002251,BR,REG001100,911240,309822,601418,BRL,2023-09-04,pending,Non-Compliant,2023-09-04 00:00:00,
PAY004658,EMP006542,CLI001389,ZA,REG002749,942662,0,942662,ZAR,2023-06-28,pending,Non-Compliant,2023-06-28 00:00:00,
PAY004659,EMP001413,CLI004651,US,REG000124,828293,0,828293,USD,2024-11-10,pending,Non-Compliant,2024-11-10 00:00:00,
PAY004660,EMP006226,CLI004331,BR,REG000775,796382,0,796382,BRL,2023-12-27,pending,Non-Compliant,2023-12-27 00:00:00,
PAY004661,EMP006338,CLI002864,ZA,REG001180,109759,0,109759,ZAR,2024-06-01,completed,Compliant,2024-06-01 00:00:00,2024-06-01 01:37:10
PAY004662,EMP004380,CLI004520,JP,REG000310,732557,87907,644650,JPY,2023-12-19,failed,Non-Compliant,2023-12-19 00:00:00,
PAY004663,EMP006365,CLI002012,FR,REG002344,465144,130240,334904,EUR,2024-09-24,pending,Non-Compliant,2024-09-24 00:00:00,
PAY004664,EMP002080,CLI000321,IN,REG001519,187182,69257,117925,INR,2025-02-02,failed,Non-Compliant,2025-02-02 00:00:00,
PAY004665,EMP004152,CLI002377,CA,REG002498,858532,0,858532,CAD,2024-09-22,pending,Non-Compliant,2024-09-22 00:00:00,
PAY004666,EMP004567,CLI001527,DE,REG002649,929172,120792,808380,EUR,2024-03-27,completed,Compliant,2024-03-27 00:00:00,2024-03-27 01:47:53
PAY004667,EMP003609,CLI003624,US,REG000866,861097,137776,723321,USD,2023-09-08,pending,Non-Compliant,2023-09-08 00:00:00,
PAY004668,EMP004145,CLI004775,FR,REG001077,142375,0,142375,EUR,2024-03-18,pending,Non-Compliant,2024-03-18 00:00:00,
PAY004669,EMP006842,CLI004562,BR,REG000947,945770,312104,633666,BRL,2024-09-04,completed,Compliant,2024-09-04 00:00:00,2024-09-04 01:03:14
PAY004670,EMP000728,CLI004022,JP,REG002190,526446,0,526446,JPY,2024-08-20,failed,Non-Compliant,2024-08-20 00:00:00,
PAY004671,EMP003702,CLI001429,FR,REG000503,106090,0,106090,EUR,2025-01-21,completed,Compliant,2025-01-21 00:00:00,2025-01-21 00:38:26
PAY004672,EMP000436,CLI002616,JP,REG002836,493078,0,493078,JPY,2025-03-22,completed,Compliant,2025-03-22 00:00:00,2025-03-22 01:02:47
PAY004673,EMP003727,CLI004112,AU,REG001267,526353,0,526353,AUD,2023-06-05,completed,Compliant,2023-06-05 00:00:00,2023-06-05 01:15:55
PAY004674,EMP002228,CLI000125,UK,REG002722,116174,20911,95263,GBP,2025-04-23,completed,Compliant,2025-04-23 00:00:00,2025-04-23 00:13:05
PAY004675,EMP006767,CLI001380,BR,REG000501,314919,0,314919,BRL,2025-04-13,completed,Compliant,2025-04-13 00:00:00,2025-04-13 01:41:01
PAY004676,EMP005910,CLI004823,ZA,REG000569,842097,0,842097,ZAR,2024-09-23,pending,Non-Compliant,2024-09-23 00:00:00,
PAY004677,EMP000150,CLI002025,AU,REG001235,171720,0,171720,AUD,2024-04-26,completed,Compliant,2024-04-26 00:00:00,2024-04-26 01:28:50
PAY004678,EMP006837,CLI004575,US,REG002980,198049,0,198049,USD,2024-02-28,completed,Compliant,2024-02-28 00:00:00,2024-02-28 01:21:17
PAY004679,EMP005951,CLI004030,AU,REG000383,234996,30549,204447,AUD,2024-09-26,failed,Non-Compliant,2024-09-26 00:00:00,
PAY004680,EMP001206,CLI003672,CA,REG001290,324824,0,324824,CAD,2023-11-16,pending,Non-Compliant,2023-11-16 00:00:00,
PAY004681,EMP005821,CLI000618,DE,REG002047,390073,54610,335463,EUR,2025-01-12,pending,Non-Compliant,2025-01-12 00:00:00,
PAY004682,EMP004241,CLI000808,CA,REG001490,604788,133053,471735,CAD,2025-05-25,pending,Non-Compliant,2025-05-25 00:00:00,
PAY004683,EMP003058,CLI001690,UK,REG002819,845704,0,845704,GBP,2023-10-19,failed,Non-Compliant,2023-10-19 00:00:00,
PAY004684,EMP003253,CLI002535,IN,REG001682,784166,0,784166,INR,2025-04-29,failed,Non-Compliant,2025-04-29 00:00:00,
PAY004685,EMP003992,CLI000854,IN,REG000228,966428,0,966428,INR,2023-09-19,failed,Non-Compliant,2023-09-19 00:00:00,
PAY004686,EMP002387,CLI000972,ZA,REG002429,767918,0,767918,ZAR,2024-03-29,pending,Non-Compliant,2024-03-29 00:00:00,
PAY004687,EMP004941,CLI000122,BR,REG000929,705970,0,705970,BRL,2023-07-02,failed,Non-Compliant,2023-07-02 00:00:00,
PAY004688,EMP004185,CLI003079,JP,REG001323,948802,0,948802,JPY,2025-05-09,completed,Compliant,2025-05-09 00:00:00,2025-05-09 01:47:14
PAY004689,EMP002847,CLI004756,CA,REG002038,609907,0,609907,CAD,2023-06-16,completed,Compliant,2023-06-16 00:00:00,2023-06-16 01:06:57
PAY004690,EMP003101,CLI004753,IN,REG002888,222055,0,222055,INR,2023-07-12,completed,Compliant,2023-07-12 00:00:00,2023-07-12 00:51:58
PAY004691,EMP000968,CLI004641,IN,REG002108,861236,172247,688989,INR,2023-11-13,failed,Non-Compliant,2023-11-13 00:00:00,
PAY004692,EMP001292,CLI004115,UK,REG002314,706651,98931,607720,GBP,2023-05-27,pending,Non-Compliant,2023-05-27 00:00:00,
PAY004693,EMP006650,CLI002908,FR,REG002176,806272,0,806272,EUR,2023-10-31,failed,Non-Compliant,2023-10-31 00:00:00,
PAY004694,EMP003735,CLI003040,FR,REG001521,760002,0,760002,EUR,2025-05-08,failed,Non-Compliant,2025-05-08 00:00:00,
PAY004695,EMP006880,CLI002619,BR,REG002445,697247,257981,439266,BRL,2025-03-06,pending,Non-Compliant,2025-03-06 00:00:00,
PAY004696,EMP004918,CLI001752,US,REG002541,490317,107870,382447,USD,2024-05-15,pending,Non-Compliant,2024-05-15 00:00:00,
PAY004697,EMP005667,CLI003787,CA,REG002979,114107,0,114107,CAD,2025-05-09,failed,Non-Compliant,2025-05-09 00:00:00,
PAY004698,EMP002605,CLI004296,AU,REG000163,833467,91681,741786,AUD,2024-08-22,failed,Non-Compliant,2024-08-22 00:00:00,
PAY004699,EMP001090,CLI003890,JP,REG001165,757900,0,757900,JPY,2024-09-23,failed,Non-Compliant,2024-09-23 00:00:00,
PAY004700,EMP001925,CLI003830,JP,REG001323,314923,0,314923,JPY,2023-07-05,failed,Non-Compliant,2023-07-05 00:00:00,
PAY004701,EMP006326,CLI001439,ZA,REG001347,184002,20240,163762,ZAR,2024-11-04,failed,Non-Compliant,2024-11-04 00:00:00,
PAY004702,EMP003555,CLI002767,FR,REG002526,550098,0,550098,EUR,2024-10-25,failed,Non-Compliant,2024-10-25 00:00:00,
PAY004703,EMP003676,CLI004461,ZA,REG000250,321296,0,321296,ZAR,2024-03-25,pending,Non-Compliant,2024-03-25 00:00:00,
PAY004704,EMP003015,CLI002944,DE,REG001271,102719,15408,87311,EUR,2024-05-25,pending,Non-Compliant,2024-05-25 00:00:00,
PAY004705,EMP001273,CLI001721,JP,REG000437,995492,348422,647070,JPY,2024-04-15,pending,Non-Compliant,2024-04-15 00:00:00,
PAY004706,EMP001108,CLI004210,BR,REG000363,296069,0,296069,BRL,2024-06-11,completed,Compliant,2024-06-11 00:00:00,2024-06-11 01:18:46
PAY004707,EMP006538,CLI001371,CA,REG002111,604413,205500,398913,CAD,2023-11-11,failed,Non-Compliant,2023-11-11 00:00:00,
PAY004708,EMP006544,CLI000123,ZA,REG002956,572759,80186,492573,ZAR,2024-12-03,failed,Non-Compliant,2024-12-03 00:00:00,
PAY004709,EMP001346,CLI002838,JP,REG000982,690899,0,690899,JPY,2024-09-20,failed,Non-Compliant,2024-09-20 00:00:00,
PAY004710,EMP002733,CLI001785,ZA,REG002321,656647,256092,400555,ZAR,2024-08-07,pending,Non-Compliant,2024-08-07 00:00:00,
PAY004711,EMP000451,CLI004080,US,REG002710,583732,0,583732,USD,2024-03-25,failed,Non-Compliant,2024-03-25 00:00:00,
PAY004712,EMP006669,CLI004768,CA,REG000153,638609,249058,389551,CAD,2023-05-29,pending,Non-Compliant,2023-05-29 00:00:00,
PAY004713,EMP005944,CLI000083,ZA,REG000319,705077,0,705077,ZAR,2023-11-25,failed,Non-Compliant,2023-11-25 00:00:00,
PAY004714,EMP003419,CLI002832,FR,REG000642,716490,0,716490,EUR,2024-05-18,completed,Compliant,2024-05-18 00:00:00,2024-05-18 01:20:01
PAY004715,EMP006069,CLI000645,CA,REG001342,795637,103433,692204,CAD,2023-12-11,completed,Compliant,2023-12-11 00:00:00,2023-12-11 00:39:28
PAY004716,EMP004611,CLI003720,AU,REG002612,903620,253014,650606,AUD,2024-09-09,pending,Non-Compliant,2024-09-09 00:00:00,
PAY004717,EMP000025,CLI002336,ZA,REG002999,974417,214372,760045,ZAR,2023-10-11,failed,Non-Compliant,2023-10-11 00:00:00,
PAY004718,EMP004433,CLI003603,FR,REG001997,211641,69842,141799,EUR,2025-01-25,pending,Non-Compliant,2025-01-25 00:00:00,
PAY004719,EMP006180,CLI002590,DE,REG000814,648683,214065,434618,EUR,2024-12-21,pending,Non-Compliant,2024-12-21 00:00:00,
PAY004720,EMP006788,CLI001655,ZA,REG002721,315647,50504,265143,ZAR,2025-02-20,pending,Non-Compliant,2025-02-20 00:00:00,
PAY004721,EMP003461,CLI002053,BR,REG001942,872504,0,872504,BRL,2025-01-25,failed,Non-Compliant,2025-01-25 00:00:00,
PAY004722,EMP000854,CLI003209,CA,REG002015,668026,0,668026,CAD,2024-11-28,completed,Compliant,2024-11-28 00:00:00,2024-11-28 01:34:51
PAY004723,EMP003728,CLI004971,BR,REG000900,109752,34023,75729,BRL,2024-03-13,pending,Non-Compliant,2024-03-13 00:00:00,
PAY004724,EMP003108,CLI000465,DE,REG000831,698256,160599,537657,EUR,2024-11-18,failed,Non-Compliant,2024-11-18 00:00:00,
PAY004725,EMP000682,CLI003261,AU,REG001174,862455,0,862455,AUD,2023-10-13,completed,Compliant,2023-10-13 00:00:00,2023-10-13 00:48:26
PAY004726,EMP003472,CLI000627,ZA,REG002100,156722,0,156722,ZAR,2024-04-02,completed,Compliant,2024-04-02 00:00:00,2024-04-02 01:44:42
PAY004727,EMP004184,CLI002732,BR,REG002556,518290,0,518290,BRL,2024-07-08,completed,Compliant,2024-07-08 00:00:00,2024-07-08 00:06:49
PAY004728,EMP005863,CLI001300,FR,REG002940,821895,0,821895,EUR,2024-03-09,failed,Non-Compliant,2024-03-09 00:00:00,
PAY004729,EMP005868,CLI004224,FR,REG000262,828975,0,828975,EUR,2024-09-28,pending,Non-Compliant,2024-09-28 00:00:00,
PAY004730,EMP004982,CLI004548,BR,REG000092,255227,0,255227,BRL,2024-12-11,completed,Compliant,2024-12-11 00:00:00,2024-12-11 00:33:38
PAY004731,EMP004772,CLI002559,UK,REG002001,381862,0,381862,GBP,2025-04-14,completed,Compliant,2025-04-14 00:00:00,2025-04-14 00:27:45
PAY004732,EMP003152,CLI001949,BR,REG000574,180894,0,180894,BRL,2025-02-16,failed,Non-Compliant,2025-02-16 00:00:00,
PAY004733,EMP002419,CLI002103,BR,REG000501,909215,0,909215,BRL,2023-12-15,pending,Non-Compliant,2023-12-15 00:00:00,
PAY004734,EMP000720,CLI002829,ZA,REG001332,851874,0,851874,ZAR,2024-03-25,pending,Non-Compliant,2024-03-25 00:00:00,
PAY004735,EMP002983,CLI001501,AU,REG001455,177302,17730,159572,AUD,2024-04-09,pending,Non-Compliant,2024-04-09 00:00:00,
PAY004736,EMP002026,CLI000614,UK,REG001129,427759,0,427759,GBP,2024-10-26,pending,Non-Compliant,2024-10-26 00:00:00,
PAY004737,EMP003399,CLI002858,IN,REG001572,657729,0,657729,INR,2024-08-21,failed,Non-Compliant,2024-08-21 00:00:00,
PAY004738,EMP005372,CLI001608,IN,REG002223,274047,104138,169909,INR,2025-02-28,pending,Non-Compliant,2025-02-28 00:00:00,
PAY004739,EMP003128,CLI004169,UK,REG001074,561278,0,561278,GBP,2025-03-13,completed,Compliant,2025-03-13 00:00:00,2025-03-13 01:27:30
PAY004740,EMP003273,CLI002145,AU,REG001615,149054,0,149054,AUD,2024-06-21,completed,Compliant,2024-06-21 00:00:00,2024-06-21 01:52:51
PAY004741,EMP001710,CLI000011,US,REG001871,909374,0,909374,USD,2024-09-06,completed,Compliant,2024-09-06 00:00:00,2024-09-06 00:42:09
PAY004742,EMP000526,CLI003257,IN,REG000462,429303,51516,377787,INR,2023-11-06,pending,Non-Compliant,2023-11-06 00:00:00,
PAY004743,EMP002127,CLI003498,IN,REG002426,826359,206590,619769,INR,2024-06-16,completed,Compliant,2024-06-16 00:00:00,2024-06-16 01:20:14
PAY004744,EMP006915,CLI000811,FR,REG002413,556547,222619,333928,EUR,2024-12-23,pending,Non-Compliant,2024-12-23 00:00:00,
PAY004745,EMP006735,CLI002803,AU,REG001036,158056,0,158056,AUD,2025-05-26,pending,Non-Compliant,2025-05-26 00:00:00,
PAY004746,EMP001226,CLI003548,IN,REG001398,592802,0,592802,INR,2024-01-07,pending,Non-Compliant,2024-01-07 00:00:00,
PAY004747,EMP002250,CLI001770,US,REG000265,838473,209618,628855,USD,2025-04-11,failed,Non-Compliant,2025-04-11 00:00:00,
PAY004748,EMP002835,CLI002174,CA,REG000136,115579,0,115579,CAD,2024-06-06,failed,Non-Compliant,2024-06-06 00:00:00,
PAY004749,EMP001608,CLI004265,CA,REG001694,781198,242171,539027,CAD,2024-11-07,failed,Non-Compliant,2024-11-07 00:00:00,
PAY004750,EMP002271,CLI004903,FR,REG000219,944403,0,944403,EUR,2024-02-19,pending,Non-Compliant,2024-02-19 00:00:00,
PAY004751,EMP001256,CLI002981,IN,REG001291,758626,0,758626,INR,2024-05-04,failed,Non-Compliant,2024-05-04 00:00:00,
PAY004752,EMP000805,CLI000282,IN,REG001030,925807,0,925807,INR,2024-01-24,completed,Compliant,2024-01-24 00:00:00,2024-01-24 00:15:47
PAY004753,EMP002451,CLI002295,BR,REG000557,486336,97267,389069,BRL,2023-12-23,completed,Compliant,2023-12-23 00:00:00,2023-12-23 01:54:43
PAY004754,EMP006167,CLI003867,US,REG001377,338753,0,338753,USD,2023-08-29,failed,Non-Compliant,2023-08-29 00:00:00,
PAY004755,EMP005827,CLI000802,UK,REG000123,649010,220663,428347,GBP,2024-09-12,failed,Non-Compliant,2024-09-12 00:00:00,
PAY004756,EMP004717,CLI000398,IN,REG000844,115472,0,115472,INR,2024-07-21,failed,Non-Compliant,2024-07-21 00:00:00,
PAY004757,EMP004961,CLI001958,CA,REG000470,872942,104753,768189,CAD,2024-08-18,pending,Non-Compliant,2024-08-18 00:00:00,
PAY004758,EMP004641,CLI003203,BR,REG000763,319488,63898,255590,BRL,2023-06-12,failed,Non-Compliant,2023-06-12 00:00:00,
PAY004759,EMP001041,CLI001098,ZA,REG001484,997068,219355,777713,ZAR,2025-03-16,failed,Non-Compliant,2025-03-16 00:00:00,
PAY004760,EMP004525,CLI000980,BR,REG002286,540638,0,540638,BRL,2024-07-14,pending,Non-Compliant,2024-07-14 00:00:00,
PAY004761,EMP000910,CLI004701,AU,REG000833,363770,90942,272828,AUD,2024-02-21,failed,Non-Compliant,2024-02-21 00:00:00,
PAY004762,EMP006088,CLI001735,BR,REG000574,559776,0,559776,BRL,2024-04-21,completed,Compliant,2024-04-21 00:00:00,2024-04-21 01:30:49
PAY004763,EMP000021,CLI001957,JP,REG000175,255869,0,255869,JPY,2024-11-24,pending,Non-Compliant,2024-11-24 00:00:00,
PAY004764,EMP006210,CLI001392,ZA,REG002474,561102,0,561102,ZAR,2024-02-29,completed,Compliant,2024-02-29 00:00:00,2024-02-29 01:49:54
PAY004765,EMP002197,CLI004043,UK,REG001831,472993,0,472993,GBP,2024-04-23,completed,Compliant,2024-04-23 00:00:00,2024-04-23 01:11:03
PAY004766,EMP003687,CLI000064,DE,REG001930,713787,71379,642408,EUR,2023-06-23,completed,Compliant,2023-06-23 00:00:00,2023-06-23 01:11:19
PAY004767,EMP004025,CLI001223,DE,REG002963,185398,64889,120509,EUR,2025-04-22,completed,Compliant,2025-04-22 00:00:00,2025-04-22 00:22:02
PAY004768,EMP001942,CLI001006,JP,REG001341,393644,0,393644,JPY,2024-03-08,failed,Non-Compliant,2024-03-08 00:00:00,
PAY004769,EMP002039,CLI003058,ZA,REG001007,285633,0,285633,ZAR,2024-02-26,pending,Non-Compliant,2024-02-26 00:00:00,
PAY004770,EMP002025,CLI004451,FR,REG001770,250812,0,250812,EUR,2024-11-16,pending,Non-Compliant,2024-11-16 00:00:00,
PAY004771,EMP003771,CLI002900,FR,REG000688,379987,0,379987,EUR,2025-03-10,failed,Non-Compliant,2025-03-10 00:00:00,
PAY004772,EMP005718,CLI000229,AU,REG000097,746870,0,746870,AUD,2023-11-29,pending,Non-Compliant,2023-11-29 00:00:00,
PAY004773,EMP004706,CLI004066,IN,REG001257,339813,0,339813,INR,2023-09-18,completed,Compliant,2023-09-18 00:00:00,2023-09-18 00:56:53
PAY004774,EMP000737,CLI004996,JP,REG002430,249213,0,249213,JPY,2024-04-29,failed,Non-Compliant,2024-04-29 00:00:00,
PAY004775,EMP004409,CLI002338,BR,REG000890,582547,87382,495165,BRL,2025-03-07,completed,Compliant,2025-03-07 00:00:00,2025-03-07 00:20:40
PAY004776,EMP003163,CLI001594,ZA,REG002529,831487,0,831487,ZAR,2024-03-16,completed,Compliant,2024-03-16 00:00:00,2024-03-16 00:17:01
PAY004777,EMP003075,CLI001736,ZA,REG000606,539387,0,539387,ZAR,2024-08-08,failed,Non-Compliant,2024-08-08 00:00:00,
PAY004778,EMP004285,CLI003597,IN,REG002327,356358,0,356358,INR,2025-04-05,failed,Non-Compliant,2025-04-05 00:00:00,
PAY004779,EMP001889,CLI001139,CA,REG000647,246141,56612,189529,CAD,2024-01-09,failed,Non-Compliant,2024-01-09 00:00:00,
PAY004780,EMP001131,CLI004556,DE,REG001244,870470,208913,661557,EUR,2023-10-10,completed,Compliant,2023-10-10 00:00:00,2023-10-10 00:28:48
PAY004781,EMP005939,CLI000643,AU,REG001056,561201,0,561201,AUD,2025-05-02,pending,Non-Compliant,2025-05-02 00:00:00,
PAY004782,EMP001298,CLI002804,AU,REG001662,193625,0,193625,AUD,2024-12-12,pending,Non-Compliant,2024-12-12 00:00:00,
PAY004783,EMP001117,CLI004435,IN,REG002735,947258,0,947258,INR,2023-07-19,pending,Non-Compliant,2023-07-19 00:00:00,
PAY004784,EMP002294,CLI002273,BR,REG002635,649923,0,649923,BRL,2024-10-24,pending,Non-Compliant,2024-10-24 00:00:00,
PAY004785,EMP002114,CLI003627,FR,REG002370,726935,0,726935,EUR,2023-11-12,pending,Non-Compliant,2023-11-12 00:00:00,
PAY004786,EMP003475,CLI002819,BR,REG001534,345780,34578,311202,BRL,2024-07-07,completed,Compliant,2024-07-07 00:00:00,2024-07-07 00:14:54
PAY004787,EMP003753,CLI000275,FR,REG002838,700956,119163,581793,EUR,2024-02-29,pending,Non-Compliant,2024-02-29 00:00:00,
PAY004788,EMP003167,CLI004743,US,REG001857,780095,0,780095,USD,2025-02-28,completed,Compliant,2025-02-28 00:00:00,2025-02-28 00:30:43
PAY004789,EMP002021,CLI002200,FR,REG000642,369016,0,369016,EUR,2023-08-03,pending,Non-Compliant,2023-08-03 00:00:00,
PAY004790,EMP005429,CLI004724,AU,REG002875,349982,45498,304484,AUD,2024-01-23,completed,Compliant,2024-01-23 00:00:00,2024-01-23 00:48:40
PAY004791,EMP004810,CLI004506,ZA,REG001736,927159,185432,741727,ZAR,2023-08-08,pending,Non-Compliant,2023-08-08 00:00:00,
PAY004792,EMP005341,CLI002161,AU,REG002388,386321,0,386321,AUD,2023-11-25,pending,Non-Compliant,2023-11-25 00:00:00,
PAY004793,EMP004047,CLI000990,BR,REG000706,589369,141449,447920,BRL,2023-06-24,failed,Non-Compliant,2023-06-24 00:00:00,
PAY004794,EMP006093,CLI003505,DE,REG001604,505423,0,505423,EUR,2023-09-02,failed,Non-Compliant,2023-09-02 00:00:00,
PAY004795,EMP003469,CLI000004,CA,REG000807,812533,0,812533,CAD,2025-03-13,pending,Non-Compliant,2025-03-13 00:00:00,
PAY004796,EMP000848,CLI003674,DE,REG002069,268480,0,268480,EUR,2024-11-29,completed,Compliant,2024-11-29 00:00:00,2024-11-29 00:40:17
PAY004797,EMP003633,CLI002336,IN,REG000627,651368,0,651368,INR,2025-04-23,pending,Non-Compliant,2025-04-23 00:00:00,
PAY004798,EMP004488,CLI001059,US,REG002589,353577,0,353577,USD,2023-10-20,completed,Compliant,2023-10-20 00:00:00,2023-10-20 00:34:32
PAY004799,EMP003519,CLI004250,BR,REG000603,254708,84054,170654,BRL,2024-06-27,pending,Non-Compliant,2024-06-27 00:00:00,
PAY004800,EMP006196,CLI001093,FR,REG001217,390450,42950,347500,EUR,2024-12-21,completed,Compliant,2024-12-21 00:00:00,2024-12-21 00:54:27
PAY004801,EMP005964,CLI004167,AU,REG000249,869800,0,869800,AUD,2023-07-30,failed,Non-Compliant,2023-07-30 00:00:00,
PAY004802,EMP001438,CLI004114,ZA,REG000146,526538,0,526538,ZAR,2024-05-20,failed,Non-Compliant,2024-05-20 00:00:00,
PAY004803,EMP006993,CLI001494,ZA,REG000033,551383,0,551383,ZAR,2024-06-13,failed,Non-Compliant,2024-06-13 00:00:00,
PAY004804,EMP001401,CLI002919,JP,REG000213,844466,295563,548903,JPY,2025-03-19,failed,Non-Compliant,2025-03-19 00:00:00,
PAY004805,EMP001449,CLI002242,JP,REG000550,682068,150055,532013,JPY,2024-08-21,completed,Compliant,2024-08-21 00:00:00,2024-08-21 01:37:23
PAY004806,EMP006285,CLI004023,ZA,REG000681,671692,0,671692,ZAR,2023-12-20,completed,Compliant,2023-12-20 00:00:00,2023-12-20 01:23:23
PAY004807,EMP004627,CLI004759,UK,REG000488,144676,0,144676,GBP,2025-04-11,completed,Compliant,2025-04-11 00:00:00,2025-04-11 00:23:52
PAY004808,EMP001070,CLI002581,DE,REG002796,110110,27528,82582,EUR,2025-04-12,failed,Non-Compliant,2025-04-12 00:00:00,
PAY004809,EMP000711,CLI001387,JP,REG000169,815743,261038,554705,JPY,2024-06-29,completed,Compliant,2024-06-29 00:00:00,2024-06-29 01:50:10
PAY004810,EMP003925,CLI001115,FR,REG002886,932043,260972,671071,EUR,2023-11-03,failed,Non-Compliant,2023-11-03 00:00:00,
PAY004811,EMP006913,CLI004674,AU,REG001734,614958,0,614958,AUD,2023-11-11,pending,Non-Compliant,2023-11-11 00:00:00,
PAY004812,EMP006785,CLI002053,FR,REG002561,322870,0,322870,EUR,2024-03-19,failed,Non-Compliant,2024-03-19 00:00:00,
PAY004813,EMP001734,CLI001900,IN,REG000872,810887,154069,656818,INR,2023-08-24,pending,Non-Compliant,2023-08-24 00:00:00,
PAY004814,EMP001459,CLI000036,IN,REG000884,144249,0,144249,INR,2025-04-15,pending,Non-Compliant,2025-04-15 00:00:00,
PAY004815,EMP005314,CLI000102,DE,REG002250,677653,0,677653,EUR,2023-11-09,pending,Non-Compliant,2023-11-09 00:00:00,
PAY004816,EMP001908,CLI000866,IN,REG002486,193704,54237,139467,INR,2024-06-14,failed,Non-Compliant,2024-06-14 00:00:00,
PAY004817,EMP006446,CLI001215,JP,REG002006,906610,0,906610,JPY,2025-04-24,completed,Compliant,2025-04-24 00:00:00,2025-04-24 01:07:48
PAY004818,EMP002405,CLI004604,JP,REG002178,555626,211138,344488,JPY,2024-06-21,completed,Compliant,2024-06-21 00:00:00,2024-06-21 01:47:33
PAY004819,EMP006522,CLI001324,DE,REG002794,839655,327465,512190,EUR,2025-05-26,pending,Non-Compliant,2025-05-26 00:00:00,
PAY004820,EMP005526,CLI002933,CA,REG000256,393908,0,393908,CAD,2024-04-24,failed,Non-Compliant,2024-04-24 00:00:00,
PAY004821,EMP000690,CLI003139,ZA,REG000899,681505,0,681505,ZAR,2024-06-19,completed,Compliant,2024-06-19 00:00:00,2024-06-19 01:04:10
PAY004822,EMP000372,CLI003741,UK,REG000109,625042,0,625042,GBP,2024-08-09,failed,Non-Compliant,2024-08-09 00:00:00,
PAY004823,EMP005649,CLI000897,JP,REG001718,352593,59941,292652,JPY,2024-06-09,failed,Non-Compliant,2024-06-09 00:00:00,
PAY004824,EMP000842,CLI000511,DE,REG002115,435952,0,435952,EUR,2024-07-18,completed,Compliant,2024-07-18 00:00:00,2024-07-18 01:12:25
PAY004825,EMP001922,CLI004102,DE,REG001948,849542,0,849542,EUR,2023-07-14,pending,Non-Compliant,2023-07-14 00:00:00,
PAY004826,EMP005903,CLI000175,CA,REG002333,524110,0,524110,CAD,2024-10-28,completed,Compliant,2024-10-28 00:00:00,2024-10-28 01:25:27
PAY004827,EMP006183,CLI004146,CA,REG000495,384479,0,384479,CAD,2025-04-07,completed,Compliant,2025-04-07 00:00:00,2025-04-07 01:11:38
PAY004828,EMP002287,CLI001878,AU,REG002744,283385,36840,246545,AUD,2024-01-20,failed,Non-Compliant,2024-01-20 00:00:00,
PAY004829,EMP005723,CLI003617,DE,REG000700,938128,0,938128,EUR,2023-10-23,failed,Non-Compliant,2023-10-23 00:00:00,
PAY004830,EMP004431,CLI002746,FR,REG002186,541215,0,541215,EUR,2024-05-15,failed,Non-Compliant,2024-05-15 00:00:00,
PAY004831,EMP002557,CLI002783,ZA,REG000894,839631,0,839631,ZAR,2024-06-28,failed,Non-Compliant,2024-06-28 00:00:00,
PAY004832,EMP005514,CLI004763,BR,REG001641,173549,0,173549,BRL,2024-12-18,pending,Non-Compliant,2024-12-18 00:00:00,
PAY004833,EMP002474,CLI004068,FR,REG002253,882584,211820,670764,EUR,2023-10-15,failed,Non-Compliant,2023-10-15 00:00:00,
PAY004834,EMP000422,CLI004916,AU,REG000198,986397,0,986397,AUD,2024-07-04,pending,Non-Compliant,2024-07-04 00:00:00,
PAY004835,EMP006654,CLI000385,ZA,REG000398,679789,0,679789,ZAR,2024-01-07,failed,Non-Compliant,2024-01-07 00:00:00,
PAY004836,EMP001902,CLI002861,UK,REG001866,297052,0,297052,GBP,2023-09-23,completed,Compliant,2023-09-23 00:00:00,2023-09-23 01:38:53
PAY004837,EMP005112,CLI001654,IN,REG000805,662964,0,662964,INR,2024-03-11,completed,Compliant,2024-03-11 00:00:00,2024-03-11 00:59:36
PAY004838,EMP002176,CLI000709,CA,REG000058,777969,280069,497900,CAD,2024-09-10,pending,Non-Compliant,2024-09-10 00:00:00,
PAY004839,EMP003054,CLI004450,IN,REG001654,966062,0,966062,INR,2024-12-17,failed,Non-Compliant,2024-12-17 00:00:00,
PAY004840,EMP005289,CLI000902,FR,REG002209,322843,0,322843,EUR,2024-03-29,pending,Non-Compliant,2024-03-29 00:00:00,
PAY004841,EMP005395,CLI003819,DE,REG001345,299123,0,299123,EUR,2023-08-06,failed,Non-Compliant,2023-08-06 00:00:00,
PAY004842,EMP000462,CLI000949,FR,REG001895,157870,0,157870,EUR,2025-01-15,completed,Compliant,2025-01-15 00:00:00,2025-01-15 00:40:39
PAY004843,EMP000920,CLI002768,BR,REG002933,658605,0,658605,BRL,2024-04-17,failed,Non-Compliant,2024-04-17 00:00:00,
PAY004844,EMP005012,CLI000939,DE,REG001247,738523,0,738523,EUR,2024-12-18,failed,Non-Compliant,2024-12-18 00:00:00,
PAY004845,EMP005111,CLI002664,US,REG000806,738969,0,738969,USD,2025-02-25,failed,Non-Compliant,2025-02-25 00:00:00,
PAY004846,EMP005500,CLI001681,DE,REG002767,205833,20583,185250,EUR,2024-02-01,pending,Non-Compliant,2024-02-01 00:00:00,
PAY004847,EMP001906,CLI002502,IN,REG002129,450990,90198,360792,INR,2024-07-05,failed,Non-Compliant,2024-07-05 00:00:00,
PAY004848,EMP004495,CLI001785,BR,REG000614,300726,0,300726,BRL,2025-02-06,pending,Non-Compliant,2025-02-06 00:00:00,
PAY004849,EMP006463,CLI000005,JP,REG002572,120876,0,120876,JPY,2023-07-25,pending,Non-Compliant,2023-07-25 00:00:00,
PAY004850,EMP005733,CLI000959,AU,REG000469,592136,106584,485552,AUD,2023-08-02,failed,Non-Compliant,2023-08-02 00:00:00,
PAY004851,EMP006764,CLI001348,FR,REG000580,907390,226848,680542,EUR,2025-01-28,completed,Compliant,2025-01-28 00:00:00,2025-01-28 00:34:16
PAY004852,EMP001484,CLI003149,IN,REG001398,311682,0,311682,INR,2023-12-18,pending,Non-Compliant,2023-12-18 00:00:00,
PAY004853,EMP002845,CLI002574,ZA,REG001299,840731,0,840731,ZAR,2024-07-17,failed,Non-Compliant,2024-07-17 00:00:00,
PAY004854,EMP000657,CLI004104,UK,REG002655,662838,0,662838,GBP,2024-02-29,failed,Non-Compliant,2024-02-29 00:00:00,
PAY004855,EMP000987,CLI002706,CA,REG002759,550527,0,550527,CAD,2024-08-04,pending,Non-Compliant,2024-08-04 00:00:00,
PAY004856,EMP002668,CLI002837,FR,REG000377,638303,191491,446812,EUR,2024-02-01,pending,Non-Compliant,2024-02-01 00:00:00,
PAY004857,EMP002334,CLI000334,FR,REG001220,621199,111816,509383,EUR,2023-06-07,pending,Non-Compliant,2023-06-07 00:00:00,
PAY004858,EMP005254,CLI002101,IN,REG001080,430467,0,430467,INR,2023-12-02,pending,Non-Compliant,2023-12-02 00:00:00,
PAY004859,EMP004373,CLI002234,DE,REG002839,125757,0,125757,EUR,2024-10-09,completed,Compliant,2024-10-09 00:00:00,2024-10-09 01:59:28
PAY004860,EMP000404,CLI000047,DE,REG002512,647462,161866,485596,EUR,2024-06-15,completed,Compliant,2024-06-15 00:00:00,2024-06-15 00:13:55
PAY004861,EMP003411,CLI004431,DE,REG002796,460655,115164,345491,EUR,2024-06-20,pending,Non-Compliant,2024-06-20 00:00:00,
PAY004862,EMP000765,CLI001541,DE,REG002865,731367,0,731367,EUR,2024-01-04,failed,Non-Compliant,2024-01-04 00:00:00,
PAY004863,EMP001561,CLI001379,BR,REG000432,523574,0,523574,BRL,2023-12-07,pending,Non-Compliant,2023-12-07 00:00:00,
PAY004864,EMP003189,CLI001946,UK,REG001962,115488,43885,71603,GBP,2024-05-22,pending,Non-Compliant,2024-05-22 00:00:00,
PAY004865,EMP005796,CLI002758,JP,REG000272,412286,70089,342197,JPY,2023-12-18,pending,Non-Compliant,2023-12-18 00:00:00,
PAY004866,EMP004619,CLI002278,AU,REG000120,951738,256969,694769,AUD,2024-02-14,failed,Non-Compliant,2024-02-14 00:00:00,
PAY004867,EMP000168,CLI000470,JP,REG002899,154165,0,154165,JPY,2025-01-07,completed,Compliant,2025-01-07 00:00:00,2025-01-07 00:57:01
PAY004868,EMP004712,CLI003027,JP,REG000528,661462,0,661462,JPY,2023-06-28,pending,Non-Compliant,2023-06-28 00:00:00,
PAY004869,EMP000802,CLI000208,AU,REG000076,644778,116060,528718,AUD,2024-12-26,pending,Non-Compliant,2024-12-26 00:00:00,
PAY004870,EMP004426,CLI004086,JP,REG002178,293626,111578,182048,JPY,2024-09-15,pending,Non-Compliant,2024-09-15 00:00:00,
PAY004871,EMP002369,CLI004366,UK,REG001425,721521,0,721521,GBP,2025-03-31,pending,Non-Compliant,2025-03-31 00:00:00,
PAY004872,EMP001603,CLI003560,US,REG001042,572708,0,572708,USD,2023-07-13,completed,Compliant,2023-07-13 00:00:00,2023-07-13 01:44:55
PAY004873,EMP003155,CLI002013,ZA,REG001528,895948,0,895948,ZAR,2024-10-10,pending,Non-Compliant,2024-10-10 00:00:00,
PAY004874,EMP002095,CLI001210,CA,REG002241,195396,37125,158271,CAD,2024-03-27,failed,Non-Compliant,2024-03-27 00:00:00,
PAY004875,EMP006299,CLI001017,BR,REG002151,593475,0,593475,BRL,2023-07-29,failed,Non-Compliant,2023-07-29 00:00:00,
PAY004876,EMP000059,CLI004570,JP,REG002676,930241,0,930241,JPY,2023-06-03,failed,Non-Compliant,2023-06-03 00:00:00,
PAY004877,EMP003079,CLI000326,UK,REG001228,153033,0,153033,GBP,2024-10-07,completed,Compliant,2024-10-07 00:00:00,2024-10-07 01:14:12
PAY004878,EMP005146,CLI000988,IN,REG001097,541476,194931,346545,INR,2023-08-14,completed,Compliant,2023-08-14 00:00:00,2023-08-14 01:34:31
PAY004879,EMP003803,CLI002679,US,REG002280,324622,0,324622,USD,2023-08-26,completed,Compliant,2023-08-26 00:00:00,2023-08-26 01:27:54
PAY004880,EMP002747,CLI000952,US,REG002770,202575,42541,160034,USD,2024-12-21,failed,Non-Compliant,2024-12-21 00:00:00,
PAY004881,EMP001355,CLI002970,DE,REG002106,476762,147796,328966,EUR,2023-11-02,pending,Non-Compliant,2023-11-02 00:00:00,
PAY004882,EMP006973,CLI004119,IN,REG000510,126526,0,126526,INR,2024-02-02,failed,Non-Compliant,2024-02-02 00:00:00,
PAY004883,EMP002179,CLI000159,CA,REG001504,336933,0,336933,CAD,2025-03-26,completed,Compliant,2025-03-26 00:00:00,2025-03-26 00:59:23
PAY004884,EMP000500,CLI002827,AU,REG001235,948504,0,948504,AUD,2024-04-30,failed,Non-Compliant,2024-04-30 00:00:00,
PAY004885,EMP004982,CLI000757,BR,REG002428,384010,92162,291848,BRL,2025-02-26,pending,Non-Compliant,2025-02-26 00:00:00,
PAY004886,EMP001504,CLI002867,IN,REG001766,368433,117899,250534,INR,2023-07-28,pending,Non-Compliant,2023-07-28 00:00:00,
PAY004887,EMP004465,CLI002890,BR,REG001520,611360,0,611360,BRL,2024-08-30,pending,Non-Compliant,2024-08-30 00:00:00,
PAY004888,EMP000718,CLI000146,JP,REG002264,328840,0,328840,JPY,2023-10-03,completed,Compliant,2023-10-03 00:00:00,2023-10-03 01:43:20
PAY004889,EMP006922,CLI000229,US,REG000273,733301,0,733301,USD,2024-06-22,failed,Non-Compliant,2024-06-22 00:00:00,
PAY004890,EMP005674,CLI002463,ZA,REG002737,401257,48151,353106,ZAR,2023-12-21,completed,Compliant,2023-12-21 00:00:00,2023-12-21 01:52:07
PAY004891,EMP002549,CLI003064,ZA,REG002650,252966,0,252966,ZAR,2023-06-03,pending,Non-Compliant,2023-06-03 00:00:00,
PAY004892,EMP001185,CLI004519,AU,REG000531,414428,0,414428,AUD,2025-04-04,pending,Non-Compliant,2025-04-04 00:00:00,
PAY004893,EMP006759,CLI001778,FR,REG002983,835020,150304,684716,EUR,2023-10-03,pending,Non-Compliant,2023-10-03 00:00:00,
PAY004894,EMP006505,CLI003307,CA,REG002781,143338,0,143338,CAD,2025-02-15,failed,Non-Compliant,2025-02-15 00:00:00,
PAY004895,EMP003197,CLI001243,IN,REG002193,420962,138917,282045,INR,2025-05-04,pending,Non-Compliant,2025-05-04 00:00:00,
PAY004896,EMP006937,CLI000115,AU,REG001255,367756,0,367756,AUD,2023-07-23,failed,Non-Compliant,2023-07-23 00:00:00,
PAY004897,EMP006907,CLI003938,ZA,REG001180,853988,0,853988,ZAR,2024-11-27,completed,Compliant,2024-11-27 00:00:00,2024-11-27 01:33:21
PAY004898,EMP004826,CLI004566,BR,REG002779,463944,0,463944,BRL,2023-07-07,completed,Compliant,2023-07-07 00:00:00,2023-07-07 01:48:51
PAY004899,EMP000538,CLI003873,BR,REG000551,349709,104913,244796,BRL,2024-02-08,completed,Compliant,2024-02-08 00:00:00,2024-02-08 01:32:19
PAY004900,EMP003585,CLI003453,AU,REG002952,492005,0,492005,AUD,2024-03-24,completed,Compliant,2024-03-24 00:00:00,2024-03-24 00:43:19
PAY004901,EMP006020,CLI001198,BR,REG002846,886957,328174,558783,BRL,2023-10-25,completed,Compliant,2023-10-25 00:00:00,2023-10-25 01:10:50
PAY004902,EMP003764,CLI001690,BR,REG000614,473615,0,473615,BRL,2025-04-24,pending,Non-Compliant,2025-04-24 00:00:00,
PAY004903,EMP004974,CLI003436,UK,REG001206,262189,47194,214995,GBP,2024-04-03,pending,Non-Compliant,2024-04-03 00:00:00,
PAY004904,EMP000010,CLI003665,BR,REG000432,997649,0,997649,BRL,2024-06-18,pending,Non-Compliant,2024-06-18 00:00:00,
PAY004905,EMP001420,CLI000551,DE,REG002018,402193,0,402193,EUR,2024-12-29,pending,Non-Compliant,2024-12-29 00:00:00,
PAY004906,EMP006863,CLI001555,JP,REG001243,813669,227827,585842,JPY,2024-06-14,completed,Compliant,2024-06-14 00:00:00,2024-06-14 00:55:33
PAY004907,EMP002748,CLI000044,CA,REG001266,842568,0,842568,CAD,2025-03-03,completed,Compliant,2025-03-03 00:00:00,2025-03-03 01:50:56
PAY004908,EMP000673,CLI001086,DE,REG002693,292449,0,292449,EUR,2024-11-20,completed,Compliant,2024-11-20 00:00:00,2024-11-20 01:19:39
PAY004909,EMP005272,CLI001824,BR,REG000298,249464,0,249464,BRL,2024-10-01,completed,Compliant,2024-10-01 00:00:00,2024-10-01 01:44:18
PAY004910,EMP000352,CLI002530,ZA,REG001331,459151,0,459151,ZAR,2024-05-19,failed,Non-Compliant,2024-05-19 00:00:00,
PAY004911,EMP000139,CLI003049,CA,REG002175,590089,0,590089,CAD,2025-03-08,completed,Compliant,2025-03-08 00:00:00,2025-03-08 01:33:54
PAY004912,EMP001802,CLI002416,JP,REG001366,784157,0,784157,JPY,2025-05-01,completed,Compliant,2025-05-01 00:00:00,2025-05-01 00:44:47
PAY004913,EMP005710,CLI004551,US,REG002692,391372,90016,301356,USD,2024-09-16,completed,Compliant,2024-09-16 00:00:00,2024-09-16 00:53:17
PAY004914,EMP003774,CLI002118,FR,REG001724,717795,122025,595770,EUR,2024-06-23,completed,Compliant,2024-06-23 00:00:00,2024-06-23 01:34:32
PAY004915,EMP004447,CLI000907,US,REG001414,440828,0,440828,USD,2024-06-14,completed,Compliant,2024-06-14 00:00:00,2024-06-14 01:10:09
PAY004916,EMP002823,CLI004808,BR,REG000756,883434,0,883434,BRL,2024-08-16,failed,Non-Compliant,2024-08-16 00:00:00,
PAY004917,EMP003399,CLI003824,IN,REG001257,956115,0,956115,INR,2023-10-31,pending,Non-Compliant,2023-10-31 00:00:00,
PAY004918,EMP006157,CLI001714,CA,REG000308,445598,0,445598,CAD,2023-12-06,pending,Non-Compliant,2023-12-06 00:00:00,
PAY004919,EMP005887,CLI003555,BR,REG000239,995272,228913,766359,BRL,2025-01-21,completed,Compliant,2025-01-21 00:00:00,2025-01-21 00:24:21
PAY004920,EMP006210,CLI000379,ZA,REG002569,803315,0,803315,ZAR,2023-08-29,failed,Non-Compliant,2023-08-29 00:00:00,
PAY004921,EMP003820,CLI000685,UK,REG000009,560707,0,560707,GBP,2025-04-27,completed,Compliant,2025-04-27 00:00:00,2025-04-27 01:45:06
PAY004922,EMP006814,CLI000717,UK,REG001710,540422,0,540422,GBP,2024-02-07,pending,Non-Compliant,2024-02-07 00:00:00,
PAY004923,EMP001096,CLI001560,ZA,REG001736,260555,52111,208444,ZAR,2024-11-23,completed,Compliant,2024-11-23 00:00:00,2024-11-23 01:08:06
PAY004924,EMP005672,CLI000638,AU,REG000974,113695,0,113695,AUD,2025-01-31,pending,Non-Compliant,2025-01-31 00:00:00,
PAY004925,EMP003843,CLI002491,DE,REG002762,165148,0,165148,EUR,2023-12-23,failed,Non-Compliant,2023-12-23 00:00:00,
PAY004926,EMP002180,CLI003878,BR,REG001705,429134,0,429134,BRL,2023-07-03,failed,Non-Compliant,2023-07-03 00:00:00,
PAY004927,EMP003579,CLI003086,AU,REG001865,779687,272890,506797,AUD,2024-12-20,failed,Non-Compliant,2024-12-20 00:00:00,
PAY004928,EMP001233,CLI000839,IN,REG001824,469879,131566,338313,INR,2025-03-08,completed,Compliant,2025-03-08 00:00:00,2025-03-08 01:41:00
PAY004929,EMP003977,CLI001869,US,REG000707,222703,0,222703,USD,2025-05-25,failed,Non-Compliant,2025-05-25 00:00:00,
PAY004930,EMP002499,CLI002198,BR,REG001890,974383,0,974383,BRL,2023-09-08,failed,Non-Compliant,2023-09-08 00:00:00,
PAY004931,EMP001000,CLI001414,JP,REG002549,442564,132769,309795,JPY,2023-09-19,pending,Non-Compliant,2023-09-19 00:00:00,
PAY004932,EMP001705,CLI001460,DE,REG000025,941485,244786,696699,EUR,2024-02-25,completed,Compliant,2024-02-25 00:00:00,2024-02-25 00:27:04
PAY004933,EMP001057,CLI003154,UK,REG001207,182405,0,182405,GBP,2024-07-06,pending,Non-Compliant,2024-07-06 00:00:00,
PAY004934,EMP002548,CLI002913,CA,REG001061,695862,187883,507979,CAD,2024-12-09,completed,Compliant,2024-12-09 00:00:00,2024-12-09 00:27:58
PAY004935,EMP000692,CLI001309,FR,REG002886,658185,184292,473893,EUR,2023-06-03,failed,Non-Compliant,2023-06-03 00:00:00,
PAY004936,EMP000536,CLI001324,CA,REG000309,385059,107817,277242,CAD,2023-08-12,completed,Compliant,2023-08-12 00:00:00,2023-08-12 01:55:16
PAY004937,EMP003620,CLI004738,JP,REG000057,938036,131325,806711,JPY,2024-10-06,failed,Non-Compliant,2024-10-06 00:00:00,
PAY004938,EMP001739,CLI003514,US,REG000214,830659,0,830659,USD,2024-07-19,pending,Non-Compliant,2024-07-19 00:00:00,
PAY004939,EMP005165,CLI000955,JP,REG001494,142720,41389,101331,JPY,2024-10-07,completed,Compliant,2024-10-07 00:00:00,2024-10-07 01:54:26
PAY004940,EMP005961,CLI002011,JP,REG000476,928157,0,928157,JPY,2024-10-15,pending,Non-Compliant,2024-10-15 00:00:00,
PAY004941,EMP000615,CLI000252,AU,REG000176,136109,0,136109,AUD,2024-04-20,completed,Compliant,2024-04-20 00:00:00,2024-04-20 01:45:00
PAY004942,EMP005578,CLI002716,ZA,REG001297,132281,0,132281,ZAR,2024-03-24,pending,Non-Compliant,2024-03-24 00:00:00,
PAY004943,EMP001523,CLI003170,BR,REG000231,626861,0,626861,BRL,2024-11-12,pending,Non-Compliant,2024-11-12 00:00:00,
PAY004944,EMP003420,CLI000728,IN,REG002807,739060,0,739060,INR,2024-06-02,pending,Non-Compliant,2024-06-02 00:00:00,
PAY004945,EMP000170,CLI002935,UK,REG001074,857677,0,857677,GBP,2023-07-17,failed,Non-Compliant,2023-07-17 00:00:00,
PAY004946,EMP001724,CLI001109,UK,REG002376,669612,0,669612,GBP,2024-04-09,failed,Non-Compliant,2024-04-09 00:00:00,
PAY004947,EMP003763,CLI004918,JP,REG002960,843418,0,843418,JPY,2024-05-25,completed,Compliant,2024-05-25 00:00:00,2024-05-25 01:49:16
PAY004948,EMP000066,CLI001485,JP,REG001020,810313,0,810313,JPY,2024-12-22,pending,Non-Compliant,2024-12-22 00:00:00,
PAY004949,EMP002519,CLI000182,JP,REG001583,589417,218084,371333,JPY,2023-12-26,failed,Non-Compliant,2023-12-26 00:00:00,
PAY004950,EMP004028,CLI003569,FR,REG002083,835393,258972,576421,EUR,2024-11-24,failed,Non-Compliant,2024-11-24 00:00:00,
PAY004951,EMP002923,CLI002576,DE,REG002205,814917,0,814917,EUR,2025-02-26,pending,Non-Compliant,2025-02-26 00:00:00,
PAY004952,EMP002554,CLI004883,UK,REG001147,417257,83451,333806,GBP,2024-12-09,failed,Non-Compliant,2024-12-09 00:00:00,
PAY004953,EMP001345,CLI003470,FR,REG002707,190012,24702,165310,EUR,2024-11-19,failed,Non-Compliant,2024-11-19 00:00:00,
PAY004954,EMP001933,CLI002805,UK,REG000444,886191,265857,620334,GBP,2023-10-25,completed,Compliant,2023-10-25 00:00:00,2023-10-25 01:33:55
PAY004955,EMP005601,CLI004767,CA,REG001103,508220,188041,320179,CAD,2024-01-31,pending,Non-Compliant,2024-01-31 00:00:00,
PAY004956,EMP005762,CLI002173,UK,REG000378,465589,0,465589,GBP,2024-07-02,completed,Compliant,2024-07-02 00:00:00,2024-07-02 01:28:53
PAY004957,EMP005562,CLI000987,UK,REG002342,712631,0,712631,GBP,2024-10-12,failed,Non-Compliant,2024-10-12 00:00:00,
PAY004958,EMP004571,CLI002183,UK,REG000830,247019,0,247019,GBP,2023-09-26,completed,Compliant,2023-09-26 00:00:00,2023-09-26 01:19:18
PAY004959,EMP005562,CLI002372,UK,REG001424,615681,0,615681,GBP,2024-04-17,failed,Non-Compliant,2024-04-17 00:00:00,
PAY004960,EMP002280,CLI004389,DE,REG002174,816881,179714,637167,EUR,2023-07-08,failed,Non-Compliant,2023-07-08 00:00:00,
PAY004961,EMP002488,CLI003236,ZA,REG002449,806647,201662,604985,ZAR,2025-05-24,pending,Non-Compliant,2025-05-24 00:00:00,
PAY004962,EMP006375,CLI002691,ZA,REG002912,379350,0,379350,ZAR,2025-04-18,failed,Non-Compliant,2025-04-18 00:00:00,
PAY004963,EMP000658,CLI001150,FR,REG001364,206248,0,206248,EUR,2025-01-09,completed,Compliant,2025-01-09 00:00:00,2025-01-09 00:47:57
PAY004964,EMP005084,CLI000454,UK,REG000544,219256,83317,135939,GBP,2024-01-08,pending,Non-Compliant,2024-01-08 00:00:00,
PAY004965,EMP003929,CLI002210,ZA,REG000304,282683,0,282683,ZAR,2023-07-03,completed,Compliant,2023-07-03 00:00:00,2023-07-03 01:12:03
PAY004966,EMP001919,CLI003248,AU,REG002861,496607,0,496607,AUD,2024-01-09,completed,Compliant,2024-01-09 00:00:00,2024-01-09 01:35:35
PAY004967,EMP000944,CLI002162,ZA,REG000613,760023,0,760023,ZAR,2024-01-12,completed,Compliant,2024-01-12 00:00:00,2024-01-12 00:46:05
PAY004968,EMP003005,CLI000915,ZA,REG002999,906690,199472,707218,ZAR,2025-05-01,completed,Compliant,2025-05-01 00:00:00,2025-05-01 01:28:35
PAY004969,EMP006848,CLI000085,BR,REG001038,255512,0,255512,BRL,2024-11-05,pending,Non-Compliant,2024-11-05 00:00:00,
PAY004970,EMP006751,CLI001783,IN,REG002235,497260,0,497260,INR,2023-07-05,pending,Non-Compliant,2023-07-05 00:00:00,
PAY004971,EMP000493,CLI001751,FR,REG002344,123751,34650,89101,EUR,2025-02-07,failed,Non-Compliant,2025-02-07 00:00:00,
PAY004972,EMP002091,CLI000416,BR,REG002078,455622,0,455622,BRL,2024-10-12,failed,Non-Compliant,2024-10-12 00:00:00,
PAY004973,EMP005852,CLI001737,BR,REG002639,971699,165189,806510,BRL,2024-03-15,pending,Non-Compliant,2024-03-15 00:00:00,
PAY004974,EMP004613,CLI004769,ZA,REG000554,178491,0,178491,ZAR,2023-07-18,failed,Non-Compliant,2023-07-18 00:00:00,
PAY004975,EMP001558,CLI000686,CA,REG002624,565298,0,565298,CAD,2025-02-01,completed,Compliant,2025-02-01 00:00:00,2025-02-01 01:23:59
PAY004976,EMP004178,CLI003624,UK,REG001138,388414,66030,322384,GBP,2025-02-21,failed,Non-Compliant,2025-02-21 00:00:00,
PAY004977,EMP001935,CLI002636,UK,REG002511,578999,220020,358979,GBP,2024-02-11,pending,Non-Compliant,2024-02-11 00:00:00,
PAY004978,EMP002783,CLI004173,FR,REG000059,133126,0,133126,EUR,2024-08-22,pending,Non-Compliant,2024-08-22 00:00:00,
PAY004979,EMP000974,CLI001090,DE,REG001717,716218,279325,436893,EUR,2023-10-17,completed,Compliant,2023-10-17 00:00:00,2023-10-17 00:36:13
PAY004980,EMP003773,CLI003333,CA,REG002394,455752,0,455752,CAD,2024-05-17,pending,Non-Compliant,2024-05-17 00:00:00,
PAY004981,EMP001319,CLI003216,DE,REG000347,941269,0,941269,EUR,2025-04-22,pending,Non-Compliant,2025-04-22 00:00:00,
PAY004982,EMP001327,CLI001884,AU,REG002441,259436,0,259436,AUD,2023-10-15,failed,Non-Compliant,2023-10-15 00:00:00,
PAY004983,EMP006701,CLI002970,FR,REG002539,962539,0,962539,EUR,2024-10-26,completed,Compliant,2024-10-26 00:00:00,2024-10-26 00:40:46
PAY004984,EMP003354,CLI004855,UK,REG001793,738515,0,738515,GBP,2025-02-08,completed,Compliant,2025-02-08 00:00:00,2025-02-08 01:43:57
PAY004985,EMP004935,CLI000286,ZA,REG002105,283242,0,283242,ZAR,2023-07-17,pending,Non-Compliant,2023-07-17 00:00:00,
PAY004986,EMP000570,CLI001740,IN,REG001549,446434,0,446434,INR,2025-04-27,pending,Non-Compliant,2025-04-27 00:00:00,
PAY004987,EMP001999,CLI002325,JP,REG002997,389301,0,389301,JPY,2024-09-07,pending,Non-Compliant,2024-09-07 00:00:00,
PAY004988,EMP002733,CLI000601,ZA,REG000029,212602,29764,182838,ZAR,2023-10-15,completed,Compliant,2023-10-15 00:00:00,2023-10-15 00:22:13
PAY004989,EMP005055,CLI002432,DE,REG002477,964132,0,964132,EUR,2025-03-02,failed,Non-Compliant,2025-03-02 00:00:00,
PAY004990,EMP004586,CLI002931,DE,REG000483,171012,18811,152201,EUR,2024-07-06,completed,Compliant,2024-07-06 00:00:00,2024-07-06 01:56:48
PAY004991,EMP004969,CLI001918,CA,REG001123,598307,0,598307,CAD,2024-10-14,completed,Compliant,2024-10-14 00:00:00,2024-10-14 01:05:20
PAY004992,EMP000194,CLI001518,CA,REG002689,236808,0,236808,CAD,2025-01-18,failed,Non-Compliant,2025-01-18 00:00:00,
PAY004993,EMP001241,CLI000565,DE,REG000181,745734,0,745734,EUR,2023-12-02,completed,Compliant,2023-12-02 00:00:00,2023-12-02 01:51:11
PAY004994,EMP006630,CLI004850,AU,REG002631,466781,0,466781,AUD,2023-08-16,pending,Non-Compliant,2023-08-16 00:00:00,
PAY004995,EMP003593,CLI004345,DE,REG000222,463472,83425,380047,EUR,2024-12-03,failed,Non-Compliant,2024-12-03 00:00:00,
PAY004996,EMP001649,CLI003348,UK,REG002827,597427,0,597427,GBP,2024-07-25,completed,Compliant,2024-07-25 00:00:00,2024-07-25 00:49:07
PAY004997,EMP003673,CLI000058,FR,REG001479,715311,0,715311,EUR,2024-09-16,completed,Compliant,2024-09-16 00:00:00,2024-09-16 00:08:06
PAY004998,EMP004901,CLI002405,JP,REG002790,299245,98751,200494,JPY,2023-10-13,pending,Non-Compliant,2023-10-13 00:00:00,
PAY004999,EMP004754,CLI002867,US,REG002228,428813,68610,360203,USD,2024-09-06,completed,Compliant,2024-09-06 00:00:00,2024-09-06 01:40:31
