regulation_id,country_id,rule_type,description,effective_date,end_date,is_active,tax_rate,compliance_category
REG000000,BR,Employee Benefits,Employee Benefits regulation for Brazil in 2025,2025-05-19,9999-12-31,True,,Payroll Reporting
REG000001,AU,Overtime Pay,Overtime Pay regulation for Australia in 2024,2024-01-10,2024-09-05,False,,Payroll Reporting
REG000002,FR,Payroll Reporting,Payroll Reporting regulation for France in 2024,2024-10-26,2026-09-17,False,,Payroll Reporting
REG000003,AU,Minimum Wage,Minimum Wage regulation for Australia in 2023,2023-09-13,2024-08-20,False,,Labor Law
REG000004,UK,Payroll Reporting,Payroll Reporting regulation for United Kingdom in 2024,2024-05-03,9999-12-31,True,,Taxation
REG000005,JP,Minimum Wage,Minimum Wage regulation for Japan in 2024,2024-02-25,9999-12-31,True,,Taxation
REG000006,FR,Social Security,Social Security regulation for France in 2023,2023-08-29,2024-07-07,False,0.24,Taxation
REG000007,IN,Income Tax,Income Tax regulation for India in 2024,2024-09-12,9999-12-31,True,0.15,Payroll Reporting
REG000008,IN,Overtime Pay,Overtime Pay regulation for India in 2024,2024-02-15,9999-12-31,True,,Taxation
REG000009,UK,Overtime Pay,Overtime Pay regulation for United Kingdom in 2023,2023-08-05,2025-06-16,False,,Labor Law
REG000010,ZA,Income Tax,Income Tax regulation for South Africa in 2023,2023-06-07,2024-03-22,False,0.23,Taxation
REG000011,CA,Social Security,Social Security regulation for Canada in 2023,2023-06-19,2024-04-10,False,0.19,Payroll Reporting
REG000012,DE,Payroll Reporting,Payroll Reporting regulation for Germany in 2024,2024-10-15,9999-12-31,True,,Taxation
REG000013,AU,Social Security,Social Security regulation for Australia in 2024,2024-07-12,9999-12-31,True,0.35,Payroll Reporting
REG000014,US,Social Security,Social Security regulation for United States in 2023,2023-09-12,9999-12-31,True,0.16,Taxation
REG000015,DE,Payroll Reporting,Payroll Reporting regulation for Germany in 2024,2024-01-16,9999-12-31,True,,Taxation
REG000016,CA,Social Security,Social Security regulation for Canada in 2024,2024-02-04,2025-05-04,False,0.25,Taxation
REG000017,US,Overtime Pay,Overtime Pay regulation for United States in 2025,2025-02-26,9999-12-31,True,,Payroll Reporting
REG000018,US,Income Tax,Income Tax regulation for United States in 2025,2025-01-09,9999-12-31,True,0.24,Taxation
REG000019,BR,Income Tax,Income Tax regulation for Brazil in 2024,2024-05-26,2025-06-08,False,0.23,Taxation
REG000020,AU,Employee Benefits,Employee Benefits regulation for Australia in 2023,2023-07-19,9999-12-31,True,,Taxation
REG000021,CA,Payroll Reporting,Payroll Reporting regulation for Canada in 2023,2023-12-12,9999-12-31,True,,Taxation
REG000022,IN,Overtime Pay,Overtime Pay regulation for India in 2024,2024-05-23,2025-05-25,False,,Labor Law
REG000023,CA,Overtime Pay,Overtime Pay regulation for Canada in 2024,2024-04-07,9999-12-31,True,,Taxation
REG000024,FR,Social Security,Social Security regulation for France in 2025,2025-04-23,9999-12-31,True,0.27,Labor Law
REG000025,DE,Social Security,Social Security regulation for Germany in 2024,2024-02-03,9999-12-31,True,0.26,Payroll Reporting
REG000026,US,Employee Benefits,Employee Benefits regulation for United States in 2025,2025-03-07,9999-12-31,True,,Labor Law
REG000027,AU,Minimum Wage,Minimum Wage regulation for Australia in 2025,2025-05-09,9999-12-31,True,,Taxation
REG000028,IN,Minimum Wage,Minimum Wage regulation for India in 2023,2023-08-05,2024-05-22,False,,Payroll Reporting
REG000029,ZA,Social Security,Social Security regulation for South Africa in 2024,2024-01-10,9999-12-31,True,0.14,Payroll Reporting
REG000030,IN,Overtime Pay,Overtime Pay regulation for India in 2024,2024-05-27,9999-12-31,True,,Payroll Reporting
REG000031,UK,Social Security,Social Security regulation for United Kingdom in 2024,2024-09-29,9999-12-31,True,0.35,Taxation
REG000032,AU,Employee Benefits,Employee Benefits regulation for Australia in 2024,2024-09-15,9999-12-31,True,,Labor Law
REG000033,ZA,Overtime Pay,Overtime Pay regulation for South Africa in 2023,2023-10-06,9999-12-31,True,,Taxation
REG000034,DE,Employee Benefits,Employee Benefits regulation for Germany in 2023,2023-11-13,2025-08-17,False,,Labor Law
REG000035,AU,Social Security,Social Security regulation for Australia in 2025,2025-01-08,9999-12-31,True,0.24,Taxation
REG000036,JP,Employee Benefits,Employee Benefits regulation for Japan in 2024,2024-04-14,2025-10-10,False,,Taxation
REG000037,ZA,Overtime Pay,Overtime Pay regulation for South Africa in 2024,2024-11-19,2026-06-04,False,,Taxation
REG000038,FR,Employee Benefits,Employee Benefits regulation for France in 2023,2023-08-23,9999-12-31,True,,Payroll Reporting
REG000039,JP,Overtime Pay,Overtime Pay regulation for Japan in 2024,2024-06-03,2024-12-02,False,,Labor Law
REG000040,FR,Minimum Wage,Minimum Wage regulation for France in 2024,2024-12-11,2025-07-01,False,,Taxation
REG000041,US,Payroll Reporting,Payroll Reporting regulation for United States in 2024,2024-12-30,9999-12-31,True,,Payroll Reporting
REG000042,UK,Payroll Reporting,Payroll Reporting regulation for United Kingdom in 2024,2024-02-25,9999-12-31,True,,Payroll Reporting
REG000043,US,Social Security,Social Security regulation for United States in 2025,2025-03-10,9999-12-31,True,0.16,Taxation
REG000044,AU,Minimum Wage,Minimum Wage regulation for Australia in 2023,2023-12-19,9999-12-31,True,,Payroll Reporting
REG000045,US,Minimum Wage,Minimum Wage regulation for United States in 2023,2023-10-15,2024-05-17,False,,Payroll Reporting
REG000046,BR,Social Security,Social Security regulation for Brazil in 2025,2025-03-24,9999-12-31,True,0.37,Labor Law
REG000047,BR,Social Security,Social Security regulation for Brazil in 2023,2023-09-14,9999-12-31,True,0.15,Taxation
REG000048,BR,Minimum Wage,Minimum Wage regulation for Brazil in 2024,2024-03-18,9999-12-31,True,,Taxation
REG000049,IN,Minimum Wage,Minimum Wage regulation for India in 2024,2024-06-13,2025-11-27,False,,Taxation
REG000050,UK,Payroll Reporting,Payroll Reporting regulation for United Kingdom in 2023,2023-06-30,9999-12-31,True,,Labor Law
REG000051,CA,Minimum Wage,Minimum Wage regulation for Canada in 2024,2024-12-29,9999-12-31,True,,Taxation
REG000052,DE,Payroll Reporting,Payroll Reporting regulation for Germany in 2025,2025-02-01,9999-12-31,True,,Payroll Reporting
REG000053,JP,Payroll Reporting,Payroll Reporting regulation for Japan in 2023,2023-07-19,2024-08-15,False,,Payroll Reporting
REG000054,BR,Social Security,Social Security regulation for Brazil in 2024,2024-08-15,9999-12-31,True,0.36,Labor Law
REG000055,BR,Overtime Pay,Overtime Pay regulation for Brazil in 2025,2025-01-07,9999-12-31,True,,Taxation
REG000056,ZA,Overtime Pay,Overtime Pay regulation for South Africa in 2023,2023-12-27,9999-12-31,True,,Taxation
REG000057,JP,Income Tax,Income Tax regulation for Japan in 2023,2023-11-24,2025-01-13,False,0.14,Labor Law
REG000058,CA,Income Tax,Income Tax regulation for Canada in 2024,2024-05-15,9999-12-31,True,0.36,Taxation
REG000059,FR,Minimum Wage,Minimum Wage regulation for France in 2024,2024-07-04,2025-11-16,False,,Payroll Reporting
REG000060,ZA,Payroll Reporting,Payroll Reporting regulation for South Africa in 2024,2024-09-28,9999-12-31,True,,Taxation
REG000061,UK,Social Security,Social Security regulation for United Kingdom in 2024,2024-08-31,9999-12-31,True,0.39,Labor Law
REG000062,BR,Income Tax,Income Tax regulation for Brazil in 2024,2024-12-06,2026-09-17,False,0.19,Labor Law
REG000063,CA,Social Security,Social Security regulation for Canada in 2023,2023-11-05,9999-12-31,True,0.37,Labor Law
REG000064,IN,Payroll Reporting,Payroll Reporting regulation for India in 2023,2023-12-22,2024-09-22,False,,Payroll Reporting
REG000065,BR,Overtime Pay,Overtime Pay regulation for Brazil in 2024,2024-02-04,2024-11-10,False,,Payroll Reporting
REG000066,IN,Social Security,Social Security regulation for India in 2025,2025-03-15,9999-12-31,True,0.22,Taxation
REG000067,BR,Income Tax,Income Tax regulation for Brazil in 2023,2023-12-19,2025-07-02,False,0.17,Labor Law
REG000068,IN,Overtime Pay,Overtime Pay regulation for India in 2024,2024-10-19,2026-08-14,False,,Labor Law
REG000069,IN,Employee Benefits,Employee Benefits regulation for India in 2023,2023-08-18,2024-10-28,False,,Labor Law
REG000070,UK,Social Security,Social Security regulation for United Kingdom in 2024,2024-07-21,9999-12-31,True,0.37,Labor Law
REG000071,UK,Overtime Pay,Overtime Pay regulation for United Kingdom in 2023,2023-08-29,9999-12-31,True,,Taxation
REG000072,US,Payroll Reporting,Payroll Reporting regulation for United States in 2023,2023-08-19,9999-12-31,True,,Payroll Reporting
REG000073,JP,Minimum Wage,Minimum Wage regulation for Japan in 2024,2024-11-10,2025-09-26,False,,Labor Law
REG000074,US,Social Security,Social Security regulation for United States in 2023,2023-12-02,9999-12-31,True,0.31,Taxation
REG000075,AU,Employee Benefits,Employee Benefits regulation for Australia in 2023,2023-11-29,9999-12-31,True,,Labor Law
REG000076,AU,Income Tax,Income Tax regulation for Australia in 2024,2024-03-12,2024-12-13,False,0.18,Payroll Reporting
REG000077,IN,Income Tax,Income Tax regulation for India in 2024,2024-09-01,9999-12-31,True,0.19,Payroll Reporting
REG000078,US,Payroll Reporting,Payroll Reporting regulation for United States in 2023,2023-06-08,2025-04-14,False,,Payroll Reporting
REG000079,FR,Employee Benefits,Employee Benefits regulation for France in 2023,2023-11-29,9999-12-31,True,,Labor Law
REG000080,FR,Payroll Reporting,Payroll Reporting regulation for France in 2024,2024-11-29,9999-12-31,True,,Labor Law
REG000081,CA,Social Security,Social Security regulation for Canada in 2024,2024-10-20,9999-12-31,True,0.39,Payroll Reporting
REG000082,JP,Social Security,Social Security regulation for Japan in 2023,2023-06-03,2024-10-24,False,0.31,Payroll Reporting
REG000083,UK,Payroll Reporting,Payroll Reporting regulation for United Kingdom in 2024,2024-02-16,9999-12-31,True,,Payroll Reporting
REG000084,US,Minimum Wage,Minimum Wage regulation for United States in 2025,2025-01-20,9999-12-31,True,,Payroll Reporting
REG000085,FR,Overtime Pay,Overtime Pay regulation for France in 2024,2024-01-08,9999-12-31,True,,Labor Law
REG000086,FR,Employee Benefits,Employee Benefits regulation for France in 2024,2024-04-06,2025-04-24,False,,Taxation
REG000087,BR,Social Security,Social Security regulation for Brazil in 2023,2023-07-15,2025-01-07,False,0.13,Payroll Reporting
REG000088,US,Social Security,Social Security regulation for United States in 2025,2025-01-02,9999-12-31,True,0.2,Payroll Reporting
REG000089,JP,Employee Benefits,Employee Benefits regulation for Japan in 2025,2025-02-24,9999-12-31,True,,Labor Law
REG000090,DE,Minimum Wage,Minimum Wage regulation for Germany in 2024,2024-06-02,9999-12-31,True,,Payroll Reporting
REG000091,AU,Employee Benefits,Employee Benefits regulation for Australia in 2024,2024-05-22,2026-05-11,False,,Payroll Reporting
REG000092,BR,Employee Benefits,Employee Benefits regulation for Brazil in 2024,2024-07-07,9999-12-31,True,,Labor Law
REG000093,DE,Employee Benefits,Employee Benefits regulation for Germany in 2024,2024-09-23,2025-08-07,False,,Labor Law
REG000094,IN,Income Tax,Income Tax regulation for India in 2025,2025-02-17,9999-12-31,True,0.32,Labor Law
REG000095,DE,Overtime Pay,Overtime Pay regulation for Germany in 2024,2024-10-07,9999-12-31,True,,Payroll Reporting
REG000096,ZA,Social Security,Social Security regulation for South Africa in 2023,2023-12-09,2025-04-14,False,0.38,Payroll Reporting
REG000097,AU,Employee Benefits,Employee Benefits regulation for Australia in 2025,2025-04-10,9999-12-31,True,,Labor Law
REG000098,UK,Payroll Reporting,Payroll Reporting regulation for United Kingdom in 2023,2023-09-14,2024-08-31,False,,Payroll Reporting
REG000099,IN,Social Security,Social Security regulation for India in 2024,2024-01-29,9999-12-31,True,0.36,Taxation
REG000100,UK,Payroll Reporting,Payroll Reporting regulation for United Kingdom in 2024,2024-03-27,9999-12-31,True,,Labor Law
REG000101,DE,Social Security,Social Security regulation for Germany in 2024,2024-09-22,2026-06-21,False,0.15,Labor Law
REG000102,BR,Payroll Reporting,Payroll Reporting regulation for Brazil in 2023,2023-05-30,2024-05-28,False,,Payroll Reporting
REG000103,US,Income Tax,Income Tax regulation for United States in 2024,2024-02-24,9999-12-31,True,0.34,Taxation
REG000104,CA,Income Tax,Income Tax regulation for Canada in 2024,2024-04-20,2025-04-14,False,0.28,Taxation
REG000105,ZA,Employee Benefits,Employee Benefits regulation for South Africa in 2024,2024-06-26,2026-01-30,False,,Taxation
REG000106,FR,Income Tax,Income Tax regulation for France in 2023,2023-06-29,9999-12-31,True,0.22,Taxation
REG000107,CA,Minimum Wage,Minimum Wage regulation for Canada in 2025,2025-02-01,9999-12-31,True,,Taxation
REG000108,ZA,Minimum Wage,Minimum Wage regulation for South Africa in 2023,2023-09-15,2024-09-27,False,,Taxation
REG000109,UK,Overtime Pay,Overtime Pay regulation for United Kingdom in 2023,2023-11-13,2024-06-20,False,,Taxation
REG000110,BR,Payroll Reporting,Payroll Reporting regulation for Brazil in 2024,2024-10-02,9999-12-31,True,,Taxation
REG000111,UK,Payroll Reporting,Payroll Reporting regulation for United Kingdom in 2024,2024-11-26,9999-12-31,True,,Taxation
REG000112,AU,Social Security,Social Security regulation for Australia in 2025,2025-04-12,9999-12-31,True,0.26,Taxation
REG000113,IN,Social Security,Social Security regulation for India in 2024,2024-06-11,2026-03-27,False,0.13,Payroll Reporting
REG000114,BR,Overtime Pay,Overtime Pay regulation for Brazil in 2024,2024-01-21,9999-12-31,True,,Payroll Reporting
REG000115,US,Overtime Pay,Overtime Pay regulation for United States in 2023,2023-11-13,9999-12-31,True,,Payroll Reporting
REG000116,IN,Overtime Pay,Overtime Pay regulation for India in 2024,2024-11-06,2025-06-12,False,,Labor Law
REG000117,DE,Minimum Wage,Minimum Wage regulation for Germany in 2024,2024-03-20,2025-01-07,False,,Payroll Reporting
REG000118,DE,Income Tax,Income Tax regulation for Germany in 2024,2024-01-24,2025-10-11,False,0.36,Labor Law
REG000119,CA,Social Security,Social Security regulation for Canada in 2025,2025-03-19,9999-12-31,True,0.31,Payroll Reporting
REG000120,AU,Income Tax,Income Tax regulation for Australia in 2023,2023-07-06,9999-12-31,True,0.27,Taxation
REG000121,FR,Social Security,Social Security regulation for France in 2023,2023-06-25,9999-12-31,True,0.18,Taxation
REG000122,FR,Overtime Pay,Overtime Pay regulation for France in 2024,2024-08-14,9999-12-31,True,,Taxation
REG000123,UK,Social Security,Social Security regulation for United Kingdom in 2023,2023-10-13,9999-12-31,True,0.34,Taxation
REG000124,US,Employee Benefits,Employee Benefits regulation for United States in 2023,2023-07-13,2024-10-24,False,,Payroll Reporting
REG000125,UK,Overtime Pay,Overtime Pay regulation for United Kingdom in 2025,2025-05-03,9999-12-31,True,,Labor Law
REG000126,IN,Social Security,Social Security regulation for India in 2023,2023-12-31,9999-12-31,True,0.22,Labor Law
REG000127,CA,Income Tax,Income Tax regulation for Canada in 2024,2024-09-11,9999-12-31,True,0.24,Labor Law
REG000128,FR,Employee Benefits,Employee Benefits regulation for France in 2025,2025-02-03,9999-12-31,True,,Labor Law
REG000129,JP,Minimum Wage,Minimum Wage regulation for Japan in 2023,2023-09-04,2025-05-06,False,,Taxation
REG000130,DE,Employee Benefits,Employee Benefits regulation for Germany in 2024,2024-01-26,9999-12-31,True,,Labor Law
REG000131,ZA,Minimum Wage,Minimum Wage regulation for South Africa in 2024,2024-06-21,9999-12-31,True,,Payroll Reporting
REG000132,US,Minimum Wage,Minimum Wage regulation for United States in 2023,2023-09-10,2024-05-18,False,,Labor Law
REG000133,AU,Minimum Wage,Minimum Wage regulation for Australia in 2023,2023-07-27,9999-12-31,True,,Payroll Reporting
REG000134,JP,Overtime Pay,Overtime Pay regulation for Japan in 2023,2023-07-02,9999-12-31,True,,Taxation
REG000135,FR,Payroll Reporting,Payroll Reporting regulation for France in 2023,2023-10-18,9999-12-31,True,,Taxation
REG000136,CA,Employee Benefits,Employee Benefits regulation for Canada in 2025,2025-02-20,9999-12-31,True,,Taxation
REG000137,US,Social Security,Social Security regulation for United States in 2023,2023-07-11,2024-08-18,False,0.23,Labor Law
REG000138,CA,Income Tax,Income Tax regulation for Canada in 2024,2024-09-15,2025-09-02,False,0.17,Labor Law
REG000139,DE,Minimum Wage,Minimum Wage regulation for Germany in 2024,2024-09-01,9999-12-31,True,,Payroll Reporting
REG000140,DE,Payroll Reporting,Payroll Reporting regulation for Germany in 2023,2023-11-10,2025-08-10,False,,Payroll Reporting
REG000141,US,Social Security,Social Security regulation for United States in 2025,2025-03-18,9999-12-31,True,0.21,Labor Law
REG000142,JP,Minimum Wage,Minimum Wage regulation for Japan in 2024,2024-05-18,9999-12-31,True,,Labor Law
REG000143,IN,Overtime Pay,Overtime Pay regulation for India in 2024,2024-10-28,9999-12-31,True,,Labor Law
REG000144,FR,Social Security,Social Security regulation for France in 2024,2024-12-01,9999-12-31,True,0.25,Payroll Reporting
REG000145,CA,Income Tax,Income Tax regulation for Canada in 2023,2023-09-23,9999-12-31,True,0.39,Taxation
REG000146,ZA,Minimum Wage,Minimum Wage regulation for South Africa in 2024,2024-06-03,9999-12-31,True,,Payroll Reporting
REG000147,AU,Employee Benefits,Employee Benefits regulation for Australia in 2024,2024-04-20,2026-02-22,False,,Payroll Reporting
REG000148,CA,Social Security,Social Security regulation for Canada in 2024,2024-09-15,9999-12-31,True,0.22,Labor Law
REG000149,BR,Minimum Wage,Minimum Wage regulation for Brazil in 2024,2024-06-29,9999-12-31,True,,Taxation
REG000150,ZA,Social Security,Social Security regulation for South Africa in 2024,2024-03-25,2026-03-21,False,0.12,Payroll Reporting
REG000151,DE,Income Tax,Income Tax regulation for Germany in 2024,2024-01-16,2025-11-26,False,0.35,Payroll Reporting
REG000152,DE,Employee Benefits,Employee Benefits regulation for Germany in 2025,2025-03-21,9999-12-31,True,,Taxation
REG000153,CA,Social Security,Social Security regulation for Canada in 2024,2024-05-11,2026-04-08,False,0.39,Payroll Reporting
REG000154,CA,Minimum Wage,Minimum Wage regulation for Canada in 2025,2025-01-16,9999-12-31,True,,Taxation
REG000155,FR,Income Tax,Income Tax regulation for France in 2024,2024-11-15,2026-06-02,False,0.12,Labor Law
REG000156,AU,Overtime Pay,Overtime Pay regulation for Australia in 2025,2025-01-13,9999-12-31,True,,Labor Law
REG000157,DE,Overtime Pay,Overtime Pay regulation for Germany in 2024,2024-03-13,9999-12-31,True,,Payroll Reporting
REG000158,DE,Social Security,Social Security regulation for Germany in 2024,2024-10-14,2025-06-19,False,0.21,Labor Law
REG000159,UK,Payroll Reporting,Payroll Reporting regulation for United Kingdom in 2024,2024-03-21,2026-02-28,False,,Payroll Reporting
REG000160,ZA,Payroll Reporting,Payroll Reporting regulation for South Africa in 2025,2025-03-25,9999-12-31,True,,Taxation
REG000161,US,Social Security,Social Security regulation for United States in 2024,2024-04-23,2026-02-18,False,0.38,Taxation
REG000162,ZA,Income Tax,Income Tax regulation for South Africa in 2024,2024-06-02,9999-12-31,True,0.33,Labor Law
REG000163,AU,Income Tax,Income Tax regulation for Australia in 2023,2023-08-26,2025-03-22,False,0.11,Taxation
REG000164,AU,Overtime Pay,Overtime Pay regulation for Australia in 2023,2023-09-02,2024-04-03,False,,Labor Law
REG000165,US,Social Security,Social Security regulation for United States in 2024,2024-02-23,9999-12-31,True,0.23,Labor Law
REG000166,ZA,Payroll Reporting,Payroll Reporting regulation for South Africa in 2025,2025-02-18,9999-12-31,True,,Taxation
REG000167,BR,Income Tax,Income Tax regulation for Brazil in 2023,2023-06-06,2025-04-10,False,0.29,Payroll Reporting
REG000168,BR,Income Tax,Income Tax regulation for Brazil in 2024,2024-03-18,2026-01-09,False,0.31,Taxation
REG000169,JP,Social Security,Social Security regulation for Japan in 2023,2023-10-20,9999-12-31,True,0.32,Labor Law
REG000170,DE,Overtime Pay,Overtime Pay regulation for Germany in 2024,2024-02-07,2024-10-27,False,,Payroll Reporting
REG000171,US,Payroll Reporting,Payroll Reporting regulation for United States in 2023,2023-10-11,2025-09-10,False,,Payroll Reporting
REG000172,JP,Overtime Pay,Overtime Pay regulation for Japan in 2024,2024-08-28,2025-10-05,False,,Payroll Reporting
REG000173,AU,Employee Benefits,Employee Benefits regulation for Australia in 2024,2024-03-31,9999-12-31,True,,Labor Law
REG000174,FR,Social Security,Social Security regulation for France in 2024,2024-08-18,2025-09-11,False,0.19,Taxation
REG000175,JP,Employee Benefits,Employee Benefits regulation for Japan in 2024,2024-09-11,2026-04-23,False,,Taxation
REG000176,AU,Employee Benefits,Employee Benefits regulation for Australia in 2023,2023-07-21,2024-02-08,False,,Payroll Reporting
REG000177,CA,Payroll Reporting,Payroll Reporting regulation for Canada in 2025,2025-03-27,9999-12-31,True,,Taxation
REG000178,IN,Income Tax,Income Tax regulation for India in 2025,2025-02-06,9999-12-31,True,0.31,Taxation
REG000179,CA,Employee Benefits,Employee Benefits regulation for Canada in 2025,2025-01-09,9999-12-31,True,,Payroll Reporting
REG000180,DE,Employee Benefits,Employee Benefits regulation for Germany in 2023,2023-09-03,9999-12-31,True,,Payroll Reporting
REG000181,DE,Employee Benefits,Employee Benefits regulation for Germany in 2025,2025-03-04,9999-12-31,True,,Payroll Reporting
REG000182,FR,Income Tax,Income Tax regulation for France in 2024,2024-02-14,2025-09-16,False,0.16,Taxation
REG000183,UK,Overtime Pay,Overtime Pay regulation for United Kingdom in 2023,2023-09-21,9999-12-31,True,,Payroll Reporting
REG000184,US,Overtime Pay,Overtime Pay regulation for United States in 2023,2023-08-03,9999-12-31,True,,Payroll Reporting
REG000185,ZA,Social Security,Social Security regulation for South Africa in 2025,2025-02-06,9999-12-31,True,0.33,Payroll Reporting
REG000186,ZA,Income Tax,Income Tax regulation for South Africa in 2025,2025-05-13,9999-12-31,True,0.3,Payroll Reporting
REG000187,JP,Social Security,Social Security regulation for Japan in 2024,2024-09-29,2025-07-28,False,0.27,Labor Law
REG000188,AU,Social Security,Social Security regulation for Australia in 2024,2024-07-25,9999-12-31,True,0.24,Labor Law
REG000189,US,Payroll Reporting,Payroll Reporting regulation for United States in 2025,2025-01-06,9999-12-31,True,,Labor Law
REG000190,CA,Payroll Reporting,Payroll Reporting regulation for Canada in 2024,2024-07-22,2025-07-12,False,,Labor Law
REG000191,ZA,Minimum Wage,Minimum Wage regulation for South Africa in 2023,2023-06-19,9999-12-31,True,,Taxation
REG000192,BR,Employee Benefits,Employee Benefits regulation for Brazil in 2023,2023-11-15,9999-12-31,True,,Taxation
REG000193,BR,Minimum Wage,Minimum Wage regulation for Brazil in 2025,2025-02-14,9999-12-31,True,,Labor Law
REG000194,ZA,Employee Benefits,Employee Benefits regulation for South Africa in 2025,2025-02-16,9999-12-31,True,,Taxation
REG000195,UK,Minimum Wage,Minimum Wage regulation for United Kingdom in 2024,2024-03-31,2025-11-29,False,,Labor Law
REG000196,US,Overtime Pay,Overtime Pay regulation for United States in 2023,2023-12-13,9999-12-31,True,,Taxation
REG000197,ZA,Minimum Wage,Minimum Wage regulation for South Africa in 2023,2023-07-14,2024-07-22,False,,Taxation
REG000198,AU,Minimum Wage,Minimum Wage regulation for Australia in 2024,2024-09-14,9999-12-31,True,,Labor Law
REG000199,BR,Payroll Reporting,Payroll Reporting regulation for Brazil in 2023,2023-10-12,2024-12-16,False,,Taxation
REG000200,IN,Employee Benefits,Employee Benefits regulation for India in 2024,2024-12-12,9999-12-31,True,,Labor Law
REG000201,JP,Income Tax,Income Tax regulation for Japan in 2025,2025-01-05,9999-12-31,True,0.22,Payroll Reporting
REG000202,US,Overtime Pay,Overtime Pay regulation for United States in 2023,2023-05-27,2024-08-26,False,,Payroll Reporting
REG000203,BR,Employee Benefits,Employee Benefits regulation for Brazil in 2024,2024-09-16,9999-12-31,True,,Labor Law
REG000204,JP,Payroll Reporting,Payroll Reporting regulation for Japan in 2023,2023-07-08,9999-12-31,True,,Taxation
REG000205,DE,Employee Benefits,Employee Benefits regulation for Germany in 2024,2024-04-14,2025-03-05,False,,Payroll Reporting
REG000206,JP,Income Tax,Income Tax regulation for Japan in 2024,2024-07-29,2025-01-26,False,0.16,Labor Law
REG000207,US,Income Tax,Income Tax regulation for United States in 2023,2023-12-24,2024-08-15,False,0.38,Taxation
REG000208,DE,Employee Benefits,Employee Benefits regulation for Germany in 2023,2023-07-11,2024-02-19,False,,Labor Law
REG000209,US,Social Security,Social Security regulation for United States in 2024,2024-08-05,9999-12-31,True,0.25,Payroll Reporting
REG000210,US,Payroll Reporting,Payroll Reporting regulation for United States in 2023,2023-10-19,9999-12-31,True,,Labor Law
REG000211,IN,Overtime Pay,Overtime Pay regulation for India in 2024,2024-06-10,9999-12-31,True,,Payroll Reporting
REG000212,IN,Payroll Reporting,Payroll Reporting regulation for India in 2025,2025-02-22,9999-12-31,True,,Labor Law
REG000213,JP,Social Security,Social Security regulation for Japan in 2024,2024-03-10,2025-07-09,False,0.35,Labor Law
REG000214,US,Employee Benefits,Employee Benefits regulation for United States in 2025,2025-01-10,9999-12-31,True,,Taxation
REG000215,FR,Social Security,Social Security regulation for France in 2023,2023-06-13,2024-06-15,False,0.29,Labor Law
REG000216,CA,Income Tax,Income Tax regulation for Canada in 2025,2025-03-05,9999-12-31,True,0.12,Payroll Reporting
REG000217,US,Overtime Pay,Overtime Pay regulation for United States in 2025,2025-04-20,9999-12-31,True,,Payroll Reporting
REG000218,UK,Employee Benefits,Employee Benefits regulation for United Kingdom in 2024,2024-02-07,2024-11-25,False,,Taxation
REG000219,FR,Overtime Pay,Overtime Pay regulation for France in 2024,2024-02-09,2024-12-20,False,,Taxation
REG000220,JP,Income Tax,Income Tax regulation for Japan in 2024,2024-01-07,9999-12-31,True,0.35,Taxation
REG000221,ZA,Income Tax,Income Tax regulation for South Africa in 2024,2024-07-18,2025-03-13,False,0.29,Taxation
REG000222,DE,Social Security,Social Security regulation for Germany in 2024,2024-11-04,2026-02-14,False,0.18,Labor Law
REG000223,ZA,Overtime Pay,Overtime Pay regulation for South Africa in 2024,2024-01-25,9999-12-31,True,,Payroll Reporting
REG000224,CA,Minimum Wage,Minimum Wage regulation for Canada in 2024,2024-09-14,2025-03-19,False,,Taxation
REG000225,IN,Income Tax,Income Tax regulation for India in 2024,2024-10-03,2025-08-25,False,0.19,Payroll Reporting
REG000226,AU,Social Security,Social Security regulation for Australia in 2024,2024-01-04,2024-07-21,False,0.28,Taxation
REG000227,BR,Overtime Pay,Overtime Pay regulation for Brazil in 2024,2024-01-13,2025-03-22,False,,Taxation
REG000228,IN,Payroll Reporting,Payroll Reporting regulation for India in 2024,2024-07-23,2026-04-26,False,,Labor Law
REG000229,US,Social Security,Social Security regulation for United States in 2025,2025-04-13,9999-12-31,True,0.28,Payroll Reporting
REG000230,FR,Income Tax,Income Tax regulation for France in 2023,2023-09-28,9999-12-31,True,0.38,Labor Law
REG000231,BR,Overtime Pay,Overtime Pay regulation for Brazil in 2024,2024-12-04,2025-10-16,False,,Payroll Reporting
REG000232,CA,Income Tax,Income Tax regulation for Canada in 2025,2025-02-19,9999-12-31,True,0.21,Taxation
REG000233,DE,Minimum Wage,Minimum Wage regulation for Germany in 2025,2025-01-19,9999-12-31,True,,Payroll Reporting
REG000234,UK,Employee Benefits,Employee Benefits regulation for United Kingdom in 2023,2023-08-20,2025-02-26,False,,Labor Law
REG000235,US,Social Security,Social Security regulation for United States in 2023,2023-08-30,2024-11-30,False,0.35,Payroll Reporting
REG000236,JP,Social Security,Social Security regulation for Japan in 2024,2024-04-08,9999-12-31,True,0.21,Payroll Reporting
REG000237,ZA,Overtime Pay,Overtime Pay regulation for South Africa in 2024,2024-06-03,2025-08-11,False,,Payroll Reporting
REG000238,AU,Minimum Wage,Minimum Wage regulation for Australia in 2024,2024-08-08,2026-03-31,False,,Taxation
REG000239,BR,Social Security,Social Security regulation for Brazil in 2024,2024-01-01,9999-12-31,True,0.23,Labor Law
REG000240,DE,Overtime Pay,Overtime Pay regulation for Germany in 2025,2025-01-16,9999-12-31,True,,Payroll Reporting
REG000241,ZA,Payroll Reporting,Payroll Reporting regulation for South Africa in 2025,2025-02-19,9999-12-31,True,,Labor Law
REG000242,CA,Payroll Reporting,Payroll Reporting regulation for Canada in 2024,2024-10-18,9999-12-31,True,,Taxation
REG000243,AU,Payroll Reporting,Payroll Reporting regulation for Australia in 2024,2024-07-01,2026-05-08,False,,Payroll Reporting
REG000244,IN,Social Security,Social Security regulation for India in 2023,2023-06-18,9999-12-31,True,0.39,Taxation
REG000245,ZA,Payroll Reporting,Payroll Reporting regulation for South Africa in 2024,2024-03-19,2025-03-22,False,,Taxation
REG000246,DE,Payroll Reporting,Payroll Reporting regulation for Germany in 2024,2024-09-16,9999-12-31,True,,Taxation
REG000247,DE,Overtime Pay,Overtime Pay regulation for Germany in 2024,2024-01-20,2024-09-30,False,,Labor Law
REG000248,ZA,Payroll Reporting,Payroll Reporting regulation for South Africa in 2023,2023-07-17,2024-07-12,False,,Taxation
REG000249,AU,Overtime Pay,Overtime Pay regulation for Australia in 2023,2023-07-31,9999-12-31,True,,Payroll Reporting
REG000250,ZA,Employee Benefits,Employee Benefits regulation for South Africa in 2025,2025-04-12,9999-12-31,True,,Payroll Reporting
REG000251,BR,Social Security,Social Security regulation for Brazil in 2024,2024-01-14,2025-11-12,False,0.36,Labor Law
REG000252,JP,Payroll Reporting,Payroll Reporting regulation for Japan in 2025,2025-04-12,9999-12-31,True,,Labor Law
REG000253,FR,Overtime Pay,Overtime Pay regulation for France in 2025,2025-01-25,9999-12-31,True,,Payroll Reporting
REG000254,IN,Minimum Wage,Minimum Wage regulation for India in 2024,2024-06-18,2024-12-27,False,,Labor Law
REG000255,UK,Social Security,Social Security regulation for United Kingdom in 2024,2024-06-13,2026-05-31,False,0.15,Payroll Reporting
REG000256,CA,Payroll Reporting,Payroll Reporting regulation for Canada in 2025,2025-02-12,9999-12-31,True,,Taxation
REG000257,UK,Minimum Wage,Minimum Wage regulation for United Kingdom in 2023,2023-09-26,9999-12-31,True,,Payroll Reporting
REG000258,JP,Employee Benefits,Employee Benefits regulation for Japan in 2025,2025-01-14,9999-12-31,True,,Taxation
REG000259,ZA,Income Tax,Income Tax regulation for South Africa in 2024,2024-11-08,9999-12-31,True,0.4,Labor Law
REG000260,US,Income Tax,Income Tax regulation for United States in 2025,2025-04-08,9999-12-31,True,0.1,Taxation
REG000261,CA,Minimum Wage,Minimum Wage regulation for Canada in 2024,2024-10-10,9999-12-31,True,,Payroll Reporting
REG000262,FR,Overtime Pay,Overtime Pay regulation for France in 2023,2023-11-20,9999-12-31,True,,Payroll Reporting
REG000263,UK,Minimum Wage,Minimum Wage regulation for United Kingdom in 2025,2025-03-06,9999-12-31,True,,Payroll Reporting
REG000264,BR,Income Tax,Income Tax regulation for Brazil in 2024,2024-10-22,2025-07-01,False,0.17,Taxation
REG000265,US,Social Security,Social Security regulation for United States in 2025,2025-01-24,9999-12-31,True,0.25,Payroll Reporting
REG000266,FR,Minimum Wage,Minimum Wage regulation for France in 2023,2023-07-19,9999-12-31,True,,Payroll Reporting
REG000267,JP,Overtime Pay,Overtime Pay regulation for Japan in 2024,2024-05-25,9999-12-31,True,,Taxation
REG000268,ZA,Payroll Reporting,Payroll Reporting regulation for South Africa in 2023,2023-06-29,2024-11-25,False,,Payroll Reporting
REG000269,DE,Minimum Wage,Minimum Wage regulation for Germany in 2025,2025-02-18,9999-12-31,True,,Taxation
REG000270,IN,Minimum Wage,Minimum Wage regulation for India in 2023,2023-10-12,9999-12-31,True,,Labor Law
REG000271,ZA,Employee Benefits,Employee Benefits regulation for South Africa in 2024,2024-08-11,9999-12-31,True,,Taxation
REG000272,JP,Social Security,Social Security regulation for Japan in 2025,2025-02-13,9999-12-31,True,0.17,Taxation
REG000273,US,Payroll Reporting,Payroll Reporting regulation for United States in 2023,2023-10-12,2025-06-19,False,,Labor Law
REG000274,ZA,Income Tax,Income Tax regulation for South Africa in 2023,2023-11-11,2025-06-23,False,0.14,Payroll Reporting
REG000275,JP,Income Tax,Income Tax regulation for Japan in 2024,2024-12-03,2026-07-17,False,0.26,Taxation
REG000276,UK,Overtime Pay,Overtime Pay regulation for United Kingdom in 2024,2024-04-27,2025-07-02,False,,Payroll Reporting
REG000277,US,Overtime Pay,Overtime Pay regulation for United States in 2025,2025-05-11,9999-12-31,True,,Payroll Reporting
REG000278,DE,Overtime Pay,Overtime Pay regulation for Germany in 2024,2024-05-17,9999-12-31,True,,Payroll Reporting
REG000279,DE,Payroll Reporting,Payroll Reporting regulation for Germany in 2023,2023-10-22,2025-08-23,False,,Taxation
REG000280,CA,Income Tax,Income Tax regulation for Canada in 2024,2024-01-10,2025-03-18,False,0.34,Labor Law
REG000281,FR,Minimum Wage,Minimum Wage regulation for France in 2025,2025-01-23,9999-12-31,True,,Taxation
REG000282,IN,Minimum Wage,Minimum Wage regulation for India in 2023,2023-10-06,9999-12-31,True,,Taxation
REG000283,BR,Overtime Pay,Overtime Pay regulation for Brazil in 2024,2024-08-23,2026-04-09,False,,Taxation
REG000284,US,Income Tax,Income Tax regulation for United States in 2024,2024-07-08,2026-05-20,False,0.25,Payroll Reporting
REG000285,IN,Income Tax,Income Tax regulation for India in 2024,2024-11-26,2026-05-18,False,0.12,Labor Law
REG000286,UK,Payroll Reporting,Payroll Reporting regulation for United Kingdom in 2024,2024-12-20,9999-12-31,True,,Taxation
REG000287,IN,Employee Benefits,Employee Benefits regulation for India in 2024,2024-01-07,2024-09-15,False,,Payroll Reporting
REG000288,BR,Payroll Reporting,Payroll Reporting regulation for Brazil in 2024,2024-05-13,2025-05-26,False,,Taxation
REG000289,FR,Income Tax,Income Tax regulation for France in 2023,2023-11-15,9999-12-31,True,0.19,Taxation
REG000290,CA,Minimum Wage,Minimum Wage regulation for Canada in 2024,2024-10-26,2026-07-27,False,,Labor Law
REG000291,JP,Payroll Reporting,Payroll Reporting regulation for Japan in 2025,2025-01-31,9999-12-31,True,,Taxation
REG000292,CA,Overtime Pay,Overtime Pay regulation for Canada in 2024,2024-02-12,2024-09-05,False,,Labor Law
REG000293,JP,Overtime Pay,Overtime Pay regulation for Japan in 2024,2024-11-21,9999-12-31,True,,Taxation
REG000294,AU,Income Tax,Income Tax regulation for Australia in 2024,2024-08-20,9999-12-31,True,0.31,Labor Law
REG000295,DE,Minimum Wage,Minimum Wage regulation for Germany in 2024,2024-06-15,9999-12-31,True,,Payroll Reporting
REG000296,UK,Overtime Pay,Overtime Pay regulation for United Kingdom in 2023,2023-07-30,9999-12-31,True,,Payroll Reporting
REG000297,JP,Minimum Wage,Minimum Wage regulation for Japan in 2023,2023-12-19,9999-12-31,True,,Labor Law
REG000298,BR,Employee Benefits,Employee Benefits regulation for Brazil in 2023,2023-12-11,9999-12-31,True,,Payroll Reporting
REG000299,ZA,Minimum Wage,Minimum Wage regulation for South Africa in 2023,2023-06-01,9999-12-31,True,,Labor Law
REG000300,AU,Overtime Pay,Overtime Pay regulation for Australia in 2025,2025-01-17,9999-12-31,True,,Taxation
REG000301,CA,Income Tax,Income Tax regulation for Canada in 2023,2023-08-10,9999-12-31,True,0.27,Labor Law
REG000302,JP,Income Tax,Income Tax regulation for Japan in 2023,2023-09-26,2025-03-13,False,0.26,Taxation
REG000303,UK,Minimum Wage,Minimum Wage regulation for United Kingdom in 2024,2024-01-09,2025-03-30,False,,Labor Law
REG000304,ZA,Overtime Pay,Overtime Pay regulation for South Africa in 2024,2024-11-24,2026-02-01,False,,Payroll Reporting
REG000305,UK,Overtime Pay,Overtime Pay regulation for United Kingdom in 2025,2025-05-23,9999-12-31,True,,Taxation
REG000306,FR,Overtime Pay,Overtime Pay regulation for France in 2023,2023-06-26,9999-12-31,True,,Taxation
REG000307,CA,Income Tax,Income Tax regulation for Canada in 2025,2025-02-09,9999-12-31,True,0.28,Taxation
REG000308,CA,Minimum Wage,Minimum Wage regulation for Canada in 2024,2024-08-22,2025-06-18,False,,Payroll Reporting
REG000309,CA,Income Tax,Income Tax regulation for Canada in 2024,2024-09-04,9999-12-31,True,0.28,Payroll Reporting
REG000310,JP,Social Security,Social Security regulation for Japan in 2024,2024-09-16,9999-12-31,True,0.12,Payroll Reporting
REG000311,US,Employee Benefits,Employee Benefits regulation for United States in 2025,2025-05-05,9999-12-31,True,,Taxation
REG000312,ZA,Overtime Pay,Overtime Pay regulation for South Africa in 2024,2024-06-29,2025-06-08,False,,Payroll Reporting
REG000313,US,Social Security,Social Security regulation for United States in 2024,2024-10-05,2026-05-16,False,0.31,Labor Law
REG000314,US,Employee Benefits,Employee Benefits regulation for United States in 2024,2024-01-17,2026-01-12,False,,Payroll Reporting
REG000315,US,Social Security,Social Security regulation for United States in 2024,2024-07-19,2025-12-10,False,0.15,Payroll Reporting
REG000316,AU,Income Tax,Income Tax regulation for Australia in 2024,2024-05-25,2025-09-06,False,0.31,Payroll Reporting
REG000317,ZA,Social Security,Social Security regulation for South Africa in 2024,2024-03-23,9999-12-31,True,0.32,Labor Law
REG000318,DE,Social Security,Social Security regulation for Germany in 2024,2024-04-03,9999-12-31,True,0.12,Taxation
REG000319,ZA,Overtime Pay,Overtime Pay regulation for South Africa in 2023,2023-12-24,2025-03-17,False,,Taxation
REG000320,JP,Payroll Reporting,Payroll Reporting regulation for Japan in 2023,2023-09-19,9999-12-31,True,,Labor Law
REG000321,FR,Income Tax,Income Tax regulation for France in 2025,2025-01-11,9999-12-31,True,0.25,Payroll Reporting
REG000322,JP,Overtime Pay,Overtime Pay regulation for Japan in 2025,2025-04-14,9999-12-31,True,,Taxation
REG000323,ZA,Social Security,Social Security regulation for South Africa in 2024,2024-06-06,9999-12-31,True,0.39,Payroll Reporting
REG000324,UK,Payroll Reporting,Payroll Reporting regulation for United Kingdom in 2023,2023-05-30,9999-12-31,True,,Payroll Reporting
REG000325,CA,Social Security,Social Security regulation for Canada in 2024,2024-08-16,9999-12-31,True,0.13,Payroll Reporting
REG000326,IN,Overtime Pay,Overtime Pay regulation for India in 2024,2024-11-18,2025-08-27,False,,Taxation
REG000327,AU,Payroll Reporting,Payroll Reporting regulation for Australia in 2025,2025-01-11,9999-12-31,True,,Labor Law
REG000328,JP,Minimum Wage,Minimum Wage regulation for Japan in 2023,2023-08-31,9999-12-31,True,,Labor Law
REG000329,IN,Overtime Pay,Overtime Pay regulation for India in 2023,2023-07-06,9999-12-31,True,,Taxation
REG000330,UK,Income Tax,Income Tax regulation for United Kingdom in 2024,2024-05-16,2024-12-15,False,0.19,Labor Law
REG000331,IN,Social Security,Social Security regulation for India in 2024,2024-03-01,9999-12-31,True,0.19,Payroll Reporting
REG000332,FR,Employee Benefits,Employee Benefits regulation for France in 2023,2023-11-02,9999-12-31,True,,Labor Law
REG000333,FR,Minimum Wage,Minimum Wage regulation for France in 2023,2023-06-06,2024-09-13,False,,Labor Law
REG000334,FR,Employee Benefits,Employee Benefits regulation for France in 2023,2023-08-08,9999-12-31,True,,Payroll Reporting
REG000335,IN,Employee Benefits,Employee Benefits regulation for India in 2025,2025-03-03,9999-12-31,True,,Taxation
REG000336,UK,Overtime Pay,Overtime Pay regulation for United Kingdom in 2024,2024-04-01,9999-12-31,True,,Labor Law
REG000337,DE,Employee Benefits,Employee Benefits regulation for Germany in 2024,2024-06-14,9999-12-31,True,,Payroll Reporting
REG000338,ZA,Minimum Wage,Minimum Wage regulation for South Africa in 2025,2025-03-31,9999-12-31,True,,Payroll Reporting
REG000339,BR,Payroll Reporting,Payroll Reporting regulation for Brazil in 2024,2024-05-16,2026-01-17,False,,Labor Law
REG000340,DE,Overtime Pay,Overtime Pay regulation for Germany in 2024,2024-01-11,9999-12-31,True,,Labor Law
REG000341,IN,Social Security,Social Security regulation for India in 2023,2023-05-29,2024-12-13,False,0.38,Labor Law
REG000342,BR,Income Tax,Income Tax regulation for Brazil in 2023,2023-11-10,9999-12-31,True,0.32,Taxation
REG000343,JP,Minimum Wage,Minimum Wage regulation for Japan in 2023,2023-09-02,9999-12-31,True,,Taxation
REG000344,AU,Overtime Pay,Overtime Pay regulation for Australia in 2023,2023-06-15,2023-12-18,False,,Taxation
REG000345,DE,Payroll Reporting,Payroll Reporting regulation for Germany in 2023,2023-07-03,2024-02-17,False,,Labor Law
REG000346,US,Overtime Pay,Overtime Pay regulation for United States in 2024,2024-07-15,9999-12-31,True,,Taxation
REG000347,DE,Overtime Pay,Overtime Pay regulation for Germany in 2024,2024-10-13,9999-12-31,True,,Labor Law
REG000348,US,Minimum Wage,Minimum Wage regulation for United States in 2023,2023-08-09,9999-12-31,True,,Taxation
REG000349,JP,Employee Benefits,Employee Benefits regulation for Japan in 2025,2025-02-06,9999-12-31,True,,Taxation
REG000350,DE,Minimum Wage,Minimum Wage regulation for Germany in 2024,2024-01-12,9999-12-31,True,,Payroll Reporting
REG000351,JP,Payroll Reporting,Payroll Reporting regulation for Japan in 2024,2024-05-23,9999-12-31,True,,Taxation
REG000352,BR,Payroll Reporting,Payroll Reporting regulation for Brazil in 2025,2025-01-13,9999-12-31,True,,Taxation
REG000353,ZA,Income Tax,Income Tax regulation for South Africa in 2023,2023-09-14,9999-12-31,True,0.12,Payroll Reporting
REG000354,BR,Employee Benefits,Employee Benefits regulation for Brazil in 2024,2024-01-09,9999-12-31,True,,Taxation
REG000355,AU,Social Security,Social Security regulation for Australia in 2023,2023-11-12,9999-12-31,True,0.28,Labor Law
REG000356,IN,Employee Benefits,Employee Benefits regulation for India in 2024,2024-05-27,9999-12-31,True,,Labor Law
REG000357,AU,Payroll Reporting,Payroll Reporting regulation for Australia in 2023,2023-12-16,2025-06-23,False,,Taxation
REG000358,UK,Payroll Reporting,Payroll Reporting regulation for United Kingdom in 2024,2024-11-20,9999-12-31,True,,Labor Law
REG000359,US,Income Tax,Income Tax regulation for United States in 2023,2023-11-18,2024-06-29,False,0.14,Labor Law
REG000360,AU,Overtime Pay,Overtime Pay regulation for Australia in 2024,2024-12-04,2026-04-27,False,,Labor Law
REG000361,CA,Employee Benefits,Employee Benefits regulation for Canada in 2023,2023-10-13,9999-12-31,True,,Taxation
REG000362,AU,Minimum Wage,Minimum Wage regulation for Australia in 2023,2023-09-21,2025-01-05,False,,Labor Law
REG000363,BR,Payroll Reporting,Payroll Reporting regulation for Brazil in 2024,2024-06-25,9999-12-31,True,,Taxation
REG000364,JP,Income Tax,Income Tax regulation for Japan in 2023,2023-06-27,9999-12-31,True,0.32,Payroll Reporting
REG000365,DE,Minimum Wage,Minimum Wage regulation for Germany in 2023,2023-07-13,2025-07-04,False,,Taxation
REG000366,CA,Minimum Wage,Minimum Wage regulation for Canada in 2024,2024-02-03,2025-09-12,False,,Labor Law
REG000367,IN,Social Security,Social Security regulation for India in 2025,2025-03-26,9999-12-31,True,0.28,Payroll Reporting
REG000368,AU,Social Security,Social Security regulation for Australia in 2024,2024-12-03,9999-12-31,True,0.25,Labor Law
REG000369,US,Minimum Wage,Minimum Wage regulation for United States in 2025,2025-05-16,9999-12-31,True,,Payroll Reporting
REG000370,DE,Overtime Pay,Overtime Pay regulation for Germany in 2024,2024-10-19,9999-12-31,True,,Taxation
REG000371,DE,Income Tax,Income Tax regulation for Germany in 2023,2023-10-28,2024-09-14,False,0.19,Labor Law
REG000372,US,Overtime Pay,Overtime Pay regulation for United States in 2023,2023-07-06,9999-12-31,True,,Labor Law
REG000373,FR,Employee Benefits,Employee Benefits regulation for France in 2024,2024-07-08,9999-12-31,True,,Labor Law
REG000374,DE,Income Tax,Income Tax regulation for Germany in 2025,2025-03-30,9999-12-31,True,0.14,Labor Law
REG000375,UK,Minimum Wage,Minimum Wage regulation for United Kingdom in 2024,2024-12-10,2025-07-05,False,,Taxation
REG000376,AU,Social Security,Social Security regulation for Australia in 2025,2025-01-18,9999-12-31,True,0.3,Taxation
REG000377,FR,Social Security,Social Security regulation for France in 2025,2025-04-22,9999-12-31,True,0.3,Payroll Reporting
REG000378,UK,Overtime Pay,Overtime Pay regulation for United Kingdom in 2024,2024-05-31,2025-03-03,False,,Labor Law
REG000379,DE,Income Tax,Income Tax regulation for Germany in 2023,2023-08-01,2025-07-20,False,0.23,Taxation
REG000380,AU,Social Security,Social Security regulation for Australia in 2024,2024-03-08,9999-12-31,True,0.18,Taxation
REG000381,BR,Social Security,Social Security regulation for Brazil in 2024,2024-08-28,2026-01-04,False,0.23,Labor Law
REG000382,US,Employee Benefits,Employee Benefits regulation for United States in 2024,2024-12-22,2026-03-17,False,,Payroll Reporting
REG000383,AU,Social Security,Social Security regulation for Australia in 2025,2025-03-09,9999-12-31,True,0.13,Labor Law
REG000384,FR,Payroll Reporting,Payroll Reporting regulation for France in 2024,2024-07-01,9999-12-31,True,,Labor Law
REG000385,FR,Income Tax,Income Tax regulation for France in 2023,2023-08-19,9999-12-31,True,0.33,Payroll Reporting
REG000386,ZA,Payroll Reporting,Payroll Reporting regulation for South Africa in 2023,2023-09-08,2025-05-25,False,,Payroll Reporting
REG000387,CA,Employee Benefits,Employee Benefits regulation for Canada in 2023,2023-12-08,2025-01-10,False,,Labor Law
REG000388,AU,Overtime Pay,Overtime Pay regulation for Australia in 2023,2023-10-05,9999-12-31,True,,Payroll Reporting
REG000389,BR,Social Security,Social Security regulation for Brazil in 2025,2025-05-16,9999-12-31,True,0.36,Payroll Reporting
REG000390,ZA,Overtime Pay,Overtime Pay regulation for South Africa in 2024,2024-04-21,2026-02-01,False,,Labor Law
REG000391,JP,Income Tax,Income Tax regulation for Japan in 2024,2024-12-08,2026-09-28,False,0.11,Taxation
REG000392,BR,Employee Benefits,Employee Benefits regulation for Brazil in 2025,2025-02-22,9999-12-31,True,,Payroll Reporting
REG000393,FR,Overtime Pay,Overtime Pay regulation for France in 2023,2023-08-17,9999-12-31,True,,Payroll Reporting
REG000394,CA,Social Security,Social Security regulation for Canada in 2024,2024-09-29,9999-12-31,True,0.34,Taxation
REG000395,ZA,Social Security,Social Security regulation for South Africa in 2025,2025-02-19,9999-12-31,True,0.15,Payroll Reporting
REG000396,AU,Overtime Pay,Overtime Pay regulation for Australia in 2025,2025-02-14,9999-12-31,True,,Labor Law
REG000397,BR,Social Security,Social Security regulation for Brazil in 2024,2024-12-10,9999-12-31,True,0.36,Taxation
REG000398,ZA,Employee Benefits,Employee Benefits regulation for South Africa in 2025,2025-03-30,9999-12-31,True,,Labor Law
REG000399,BR,Employee Benefits,Employee Benefits regulation for Brazil in 2024,2024-07-25,9999-12-31,True,,Taxation
REG000400,ZA,Overtime Pay,Overtime Pay regulation for South Africa in 2024,2024-08-24,2025-11-12,False,,Taxation
REG000401,IN,Payroll Reporting,Payroll Reporting regulation for India in 2023,2023-07-07,9999-12-31,True,,Labor Law
REG000402,BR,Social Security,Social Security regulation for Brazil in 2023,2023-08-25,2025-06-06,False,0.21,Payroll Reporting
REG000403,IN,Minimum Wage,Minimum Wage regulation for India in 2024,2024-01-10,9999-12-31,True,,Labor Law
REG000404,FR,Social Security,Social Security regulation for France in 2024,2024-08-12,9999-12-31,True,0.17,Payroll Reporting
REG000405,AU,Employee Benefits,Employee Benefits regulation for Australia in 2024,2024-08-29,9999-12-31,True,,Taxation
REG000406,IN,Social Security,Social Security regulation for India in 2024,2024-11-11,9999-12-31,True,0.11,Taxation
REG000407,CA,Employee Benefits,Employee Benefits regulation for Canada in 2024,2024-06-02,9999-12-31,True,,Taxation
REG000408,DE,Payroll Reporting,Payroll Reporting regulation for Germany in 2024,2024-12-15,9999-12-31,True,,Taxation
REG000409,IN,Payroll Reporting,Payroll Reporting regulation for India in 2023,2023-05-31,2024-09-22,False,,Taxation
REG000410,BR,Minimum Wage,Minimum Wage regulation for Brazil in 2024,2024-08-11,2025-04-20,False,,Payroll Reporting
REG000411,ZA,Payroll Reporting,Payroll Reporting regulation for South Africa in 2025,2025-03-03,9999-12-31,True,,Taxation
REG000412,ZA,Income Tax,Income Tax regulation for South Africa in 2024,2024-12-04,2026-05-07,False,0.35,Taxation
REG000413,AU,Minimum Wage,Minimum Wage regulation for Australia in 2024,2024-02-04,2024-12-09,False,,Labor Law
REG000414,US,Overtime Pay,Overtime Pay regulation for United States in 2024,2024-05-26,2026-02-11,False,,Payroll Reporting
REG000415,ZA,Payroll Reporting,Payroll Reporting regulation for South Africa in 2024,2024-10-23,9999-12-31,True,,Taxation
REG000416,JP,Social Security,Social Security regulation for Japan in 2024,2024-04-05,9999-12-31,True,0.11,Payroll Reporting
REG000417,DE,Minimum Wage,Minimum Wage regulation for Germany in 2024,2024-04-06,9999-12-31,True,,Taxation
REG000418,IN,Social Security,Social Security regulation for India in 2023,2023-06-11,2024-05-10,False,0.37,Labor Law
REG000419,FR,Overtime Pay,Overtime Pay regulation for France in 2024,2024-08-06,2025-09-13,False,,Taxation
REG000420,UK,Overtime Pay,Overtime Pay regulation for United Kingdom in 2023,2023-06-10,9999-12-31,True,,Labor Law
REG000421,DE,Minimum Wage,Minimum Wage regulation for Germany in 2024,2024-05-07,2024-12-01,False,,Labor Law
REG000422,US,Social Security,Social Security regulation for United States in 2025,2025-01-24,9999-12-31,True,0.27,Taxation
REG000423,BR,Overtime Pay,Overtime Pay regulation for Brazil in 2024,2024-08-19,9999-12-31,True,,Labor Law
REG000424,ZA,Minimum Wage,Minimum Wage regulation for South Africa in 2023,2023-07-19,9999-12-31,True,,Payroll Reporting
REG000425,JP,Minimum Wage,Minimum Wage regulation for Japan in 2024,2024-04-28,9999-12-31,True,,Payroll Reporting
REG000426,CA,Income Tax,Income Tax regulation for Canada in 2023,2023-07-06,9999-12-31,True,0.29,Payroll Reporting
REG000427,CA,Employee Benefits,Employee Benefits regulation for Canada in 2024,2024-11-27,9999-12-31,True,,Taxation
REG000428,FR,Minimum Wage,Minimum Wage regulation for France in 2024,2024-05-08,9999-12-31,True,,Payroll Reporting
REG000429,DE,Overtime Pay,Overtime Pay regulation for Germany in 2024,2024-02-23,2026-01-21,False,,Taxation
REG000430,DE,Overtime Pay,Overtime Pay regulation for Germany in 2023,2023-07-14,2024-05-30,False,,Labor Law
REG000431,ZA,Income Tax,Income Tax regulation for South Africa in 2024,2024-08-04,2025-07-13,False,0.1,Taxation
REG000432,BR,Employee Benefits,Employee Benefits regulation for Brazil in 2023,2023-06-17,2024-06-26,False,,Payroll Reporting
REG000433,AU,Employee Benefits,Employee Benefits regulation for Australia in 2025,2025-05-01,9999-12-31,True,,Labor Law
REG000434,CA,Overtime Pay,Overtime Pay regulation for Canada in 2025,2025-03-06,9999-12-31,True,,Payroll Reporting
REG000435,UK,Minimum Wage,Minimum Wage regulation for United Kingdom in 2023,2023-10-24,2025-01-19,False,,Labor Law
REG000436,ZA,Overtime Pay,Overtime Pay regulation for South Africa in 2023,2023-06-23,9999-12-31,True,,Taxation
REG000437,JP,Social Security,Social Security regulation for Japan in 2024,2024-09-14,2025-12-22,False,0.35,Payroll Reporting
REG000438,UK,Minimum Wage,Minimum Wage regulation for United Kingdom in 2024,2024-03-20,2024-10-21,False,,Payroll Reporting
REG000439,ZA,Minimum Wage,Minimum Wage regulation for South Africa in 2024,2024-04-24,2024-11-04,False,,Labor Law
REG000440,ZA,Employee Benefits,Employee Benefits regulation for South Africa in 2024,2024-09-24,9999-12-31,True,,Taxation
REG000441,DE,Overtime Pay,Overtime Pay regulation for Germany in 2024,2024-09-23,2025-10-29,False,,Taxation
REG000442,IN,Employee Benefits,Employee Benefits regulation for India in 2024,2024-11-05,9999-12-31,True,,Payroll Reporting
REG000443,CA,Overtime Pay,Overtime Pay regulation for Canada in 2024,2024-04-08,9999-12-31,True,,Taxation
REG000444,UK,Social Security,Social Security regulation for United Kingdom in 2024,2024-08-19,9999-12-31,True,0.3,Taxation
REG000445,AU,Payroll Reporting,Payroll Reporting regulation for Australia in 2024,2024-11-01,2026-04-12,False,,Taxation
REG000446,CA,Income Tax,Income Tax regulation for Canada in 2024,2024-09-22,9999-12-31,True,0.31,Taxation
REG000447,FR,Overtime Pay,Overtime Pay regulation for France in 2025,2025-01-13,9999-12-31,True,,Payroll Reporting
REG000448,IN,Social Security,Social Security regulation for India in 2024,2024-07-29,9999-12-31,True,0.34,Payroll Reporting
REG000449,CA,Overtime Pay,Overtime Pay regulation for Canada in 2024,2024-01-06,2024-12-27,False,,Payroll Reporting
REG000450,IN,Minimum Wage,Minimum Wage regulation for India in 2025,2025-01-01,9999-12-31,True,,Labor Law
REG000451,FR,Employee Benefits,Employee Benefits regulation for France in 2024,2024-12-11,2025-08-13,False,,Payroll Reporting
REG000452,JP,Payroll Reporting,Payroll Reporting regulation for Japan in 2023,2023-06-16,9999-12-31,True,,Taxation
REG000453,BR,Overtime Pay,Overtime Pay regulation for Brazil in 2025,2025-05-26,9999-12-31,True,,Payroll Reporting
REG000454,JP,Employee Benefits,Employee Benefits regulation for Japan in 2024,2024-08-17,2025-04-13,False,,Labor Law
REG000455,JP,Minimum Wage,Minimum Wage regulation for Japan in 2024,2024-09-08,9999-12-31,True,,Labor Law
REG000456,JP,Income Tax,Income Tax regulation for Japan in 2024,2024-06-17,2025-03-02,False,0.4,Taxation
REG000457,CA,Payroll Reporting,Payroll Reporting regulation for Canada in 2024,2024-08-17,2026-03-30,False,,Labor Law
REG000458,FR,Employee Benefits,Employee Benefits regulation for France in 2023,2023-08-31,2025-04-02,False,,Taxation
REG000459,AU,Payroll Reporting,Payroll Reporting regulation for Australia in 2024,2024-05-24,2026-02-17,False,,Payroll Reporting
REG000460,CA,Payroll Reporting,Payroll Reporting regulation for Canada in 2023,2023-08-30,2024-09-10,False,,Payroll Reporting
REG000461,JP,Social Security,Social Security regulation for Japan in 2023,2023-09-23,9999-12-31,True,0.36,Labor Law
REG000462,IN,Social Security,Social Security regulation for India in 2024,2024-04-01,2025-01-28,False,0.12,Payroll Reporting
REG000463,US,Payroll Reporting,Payroll Reporting regulation for United States in 2024,2024-03-23,9999-12-31,True,,Labor Law
REG000464,UK,Overtime Pay,Overtime Pay regulation for United Kingdom in 2024,2024-10-07,2025-08-18,False,,Taxation
REG000465,UK,Overtime Pay,Overtime Pay regulation for United Kingdom in 2023,2023-11-24,2025-05-21,False,,Labor Law
REG000466,FR,Employee Benefits,Employee Benefits regulation for France in 2024,2024-10-23,2026-01-30,False,,Labor Law
REG000467,FR,Employee Benefits,Employee Benefits regulation for France in 2025,2025-04-26,9999-12-31,True,,Payroll Reporting
REG000468,DE,Minimum Wage,Minimum Wage regulation for Germany in 2023,2023-10-29,2025-04-28,False,,Labor Law
REG000469,AU,Income Tax,Income Tax regulation for Australia in 2024,2024-03-26,9999-12-31,True,0.18,Labor Law
REG000470,CA,Income Tax,Income Tax regulation for Canada in 2023,2023-11-02,9999-12-31,True,0.12,Payroll Reporting
REG000471,FR,Minimum Wage,Minimum Wage regulation for France in 2024,2024-12-24,2026-12-17,False,,Taxation
REG000472,CA,Employee Benefits,Employee Benefits regulation for Canada in 2025,2025-03-14,9999-12-31,True,,Taxation
REG000473,AU,Income Tax,Income Tax regulation for Australia in 2025,2025-01-20,9999-12-31,True,0.22,Labor Law
REG000474,CA,Minimum Wage,Minimum Wage regulation for Canada in 2024,2024-08-05,9999-12-31,True,,Taxation
REG000475,IN,Minimum Wage,Minimum Wage regulation for India in 2024,2024-07-03,2025-09-22,False,,Taxation
REG000476,JP,Payroll Reporting,Payroll Reporting regulation for Japan in 2023,2023-08-11,2024-12-06,False,,Taxation
REG000477,IN,Social Security,Social Security regulation for India in 2023,2023-12-23,9999-12-31,True,0.26,Payroll Reporting
REG000478,DE,Income Tax,Income Tax regulation for Germany in 2024,2024-10-24,9999-12-31,True,0.35,Labor Law
REG000479,US,Employee Benefits,Employee Benefits regulation for United States in 2024,2024-04-04,9999-12-31,True,,Labor Law
REG000480,US,Social Security,Social Security regulation for United States in 2024,2024-04-29,2025-05-12,False,0.11,Payroll Reporting
REG000481,CA,Minimum Wage,Minimum Wage regulation for Canada in 2025,2025-01-05,9999-12-31,True,,Taxation
REG000482,BR,Payroll Reporting,Payroll Reporting regulation for Brazil in 2025,2025-02-07,9999-12-31,True,,Payroll Reporting
REG000483,DE,Income Tax,Income Tax regulation for Germany in 2023,2023-07-12,9999-12-31,True,0.11,Payroll Reporting
REG000484,AU,Employee Benefits,Employee Benefits regulation for Australia in 2024,2024-02-26,9999-12-31,True,,Payroll Reporting
REG000485,ZA,Employee Benefits,Employee Benefits regulation for South Africa in 2024,2024-01-15,9999-12-31,True,,Taxation
REG000486,ZA,Minimum Wage,Minimum Wage regulation for South Africa in 2025,2025-05-08,9999-12-31,True,,Payroll Reporting
REG000487,UK,Social Security,Social Security regulation for United Kingdom in 2023,2023-07-12,2024-01-20,False,0.28,Labor Law
REG000488,UK,Payroll Reporting,Payroll Reporting regulation for United Kingdom in 2023,2023-10-12,2025-08-18,False,,Payroll Reporting
REG000489,FR,Social Security,Social Security regulation for France in 2024,2024-12-22,2026-05-30,False,0.4,Payroll Reporting
REG000490,CA,Income Tax,Income Tax regulation for Canada in 2023,2023-12-14,9999-12-31,True,0.21,Payroll Reporting
REG000491,CA,Payroll Reporting,Payroll Reporting regulation for Canada in 2024,2024-07-30,9999-12-31,True,,Labor Law
REG000492,AU,Income Tax,Income Tax regulation for Australia in 2024,2024-09-10,2025-10-04,False,0.21,Labor Law
REG000493,FR,Minimum Wage,Minimum Wage regulation for France in 2023,2023-12-10,9999-12-31,True,,Payroll Reporting
REG000494,AU,Overtime Pay,Overtime Pay regulation for Australia in 2024,2024-11-06,9999-12-31,True,,Payroll Reporting
REG000495,CA,Employee Benefits,Employee Benefits regulation for Canada in 2025,2025-05-18,9999-12-31,True,,Taxation
REG000496,AU,Payroll Reporting,Payroll Reporting regulation for Australia in 2023,2023-10-07,9999-12-31,True,,Taxation
REG000497,DE,Income Tax,Income Tax regulation for Germany in 2024,2024-06-08,9999-12-31,True,0.32,Labor Law
REG000498,CA,Social Security,Social Security regulation for Canada in 2024,2024-04-23,9999-12-31,True,0.34,Taxation
REG000499,AU,Payroll Reporting,Payroll Reporting regulation for Australia in 2025,2025-02-15,9999-12-31,True,,Payroll Reporting
REG000500,IN,Minimum Wage,Minimum Wage regulation for India in 2024,2024-10-01,2025-04-16,False,,Labor Law
REG000501,BR,Minimum Wage,Minimum Wage regulation for Brazil in 2024,2024-05-02,9999-12-31,True,,Taxation
REG000502,BR,Income Tax,Income Tax regulation for Brazil in 2025,2025-03-31,9999-12-31,True,0.27,Labor Law
REG000503,FR,Overtime Pay,Overtime Pay regulation for France in 2024,2024-08-16,2026-08-11,False,,Labor Law
REG000504,FR,Minimum Wage,Minimum Wage regulation for France in 2024,2024-08-18,2025-06-10,False,,Payroll Reporting
REG000505,CA,Income Tax,Income Tax regulation for Canada in 2023,2023-07-15,2024-10-10,False,0.4,Payroll Reporting
REG000506,JP,Employee Benefits,Employee Benefits regulation for Japan in 2025,2025-02-17,9999-12-31,True,,Taxation
REG000507,BR,Income Tax,Income Tax regulation for Brazil in 2024,2024-02-18,9999-12-31,True,0.35,Labor Law
REG000508,JP,Overtime Pay,Overtime Pay regulation for Japan in 2023,2023-11-24,2024-09-07,False,,Payroll Reporting
REG000509,DE,Social Security,Social Security regulation for Germany in 2024,2024-02-16,9999-12-31,True,0.29,Taxation
REG000510,IN,Overtime Pay,Overtime Pay regulation for India in 2023,2023-09-23,9999-12-31,True,,Payroll Reporting
REG000511,AU,Employee Benefits,Employee Benefits regulation for Australia in 2025,2025-04-28,9999-12-31,True,,Payroll Reporting
REG000512,DE,Employee Benefits,Employee Benefits regulation for Germany in 2023,2023-06-28,2024-06-11,False,,Labor Law
REG000513,DE,Overtime Pay,Overtime Pay regulation for Germany in 2024,2024-02-14,2026-01-22,False,,Taxation
REG000514,UK,Overtime Pay,Overtime Pay regulation for United Kingdom in 2023,2023-11-21,9999-12-31,True,,Payroll Reporting
REG000515,US,Overtime Pay,Overtime Pay regulation for United States in 2023,2023-07-12,2024-07-12,False,,Payroll Reporting
REG000516,BR,Employee Benefits,Employee Benefits regulation for Brazil in 2024,2024-09-23,9999-12-31,True,,Labor Law
REG000517,UK,Payroll Reporting,Payroll Reporting regulation for United Kingdom in 2023,2023-10-03,9999-12-31,True,,Labor Law
REG000518,JP,Payroll Reporting,Payroll Reporting regulation for Japan in 2024,2024-08-15,9999-12-31,True,,Labor Law
REG000519,IN,Overtime Pay,Overtime Pay regulation for India in 2023,2023-11-18,2025-04-29,False,,Payroll Reporting
REG000520,CA,Overtime Pay,Overtime Pay regulation for Canada in 2025,2025-04-15,9999-12-31,True,,Payroll Reporting
REG000521,JP,Payroll Reporting,Payroll Reporting regulation for Japan in 2024,2024-12-24,9999-12-31,True,,Labor Law
REG000522,IN,Social Security,Social Security regulation for India in 2025,2025-04-07,9999-12-31,True,0.14,Payroll Reporting
REG000523,IN,Social Security,Social Security regulation for India in 2024,2024-06-27,2025-04-24,False,0.24,Payroll Reporting
REG000524,ZA,Income Tax,Income Tax regulation for South Africa in 2023,2023-10-23,9999-12-31,True,0.37,Taxation
REG000525,FR,Employee Benefits,Employee Benefits regulation for France in 2025,2025-02-12,9999-12-31,True,,Payroll Reporting
REG000526,US,Income Tax,Income Tax regulation for United States in 2024,2024-06-03,2025-10-19,False,0.35,Payroll Reporting
REG000527,JP,Employee Benefits,Employee Benefits regulation for Japan in 2023,2023-12-26,2024-08-18,False,,Payroll Reporting
REG000528,JP,Minimum Wage,Minimum Wage regulation for Japan in 2024,2024-01-07,2025-10-05,False,,Payroll Reporting
REG000529,AU,Employee Benefits,Employee Benefits regulation for Australia in 2025,2025-04-16,9999-12-31,True,,Labor Law
REG000530,UK,Employee Benefits,Employee Benefits regulation for United Kingdom in 2024,2024-03-03,2025-11-03,False,,Labor Law
REG000531,AU,Minimum Wage,Minimum Wage regulation for Australia in 2024,2024-02-12,9999-12-31,True,,Payroll Reporting
REG000532,JP,Income Tax,Income Tax regulation for Japan in 2025,2025-03-23,9999-12-31,True,0.4,Payroll Reporting
REG000533,JP,Payroll Reporting,Payroll Reporting regulation for Japan in 2025,2025-02-13,9999-12-31,True,,Payroll Reporting
REG000534,US,Overtime Pay,Overtime Pay regulation for United States in 2025,2025-01-03,9999-12-31,True,,Payroll Reporting
REG000535,BR,Overtime Pay,Overtime Pay regulation for Brazil in 2023,2023-12-09,9999-12-31,True,,Labor Law
REG000536,ZA,Income Tax,Income Tax regulation for South Africa in 2023,2023-10-22,2025-09-06,False,0.28,Payroll Reporting
REG000537,ZA,Minimum Wage,Minimum Wage regulation for South Africa in 2023,2023-10-24,2025-09-25,False,,Payroll Reporting
REG000538,DE,Social Security,Social Security regulation for Germany in 2024,2024-06-13,2025-07-13,False,0.25,Payroll Reporting
REG000539,JP,Overtime Pay,Overtime Pay regulation for Japan in 2023,2023-06-26,2024-07-20,False,,Payroll Reporting
REG000540,US,Social Security,Social Security regulation for United States in 2024,2024-10-26,9999-12-31,True,0.31,Labor Law
REG000541,UK,Social Security,Social Security regulation for United Kingdom in 2025,2025-02-09,9999-12-31,True,0.17,Labor Law
REG000542,UK,Social Security,Social Security regulation for United Kingdom in 2024,2024-02-25,9999-12-31,True,0.38,Payroll Reporting
REG000543,ZA,Income Tax,Income Tax regulation for South Africa in 2023,2023-12-04,2024-08-30,False,0.26,Payroll Reporting
REG000544,UK,Social Security,Social Security regulation for United Kingdom in 2025,2025-01-17,9999-12-31,True,0.38,Payroll Reporting
REG000545,JP,Payroll Reporting,Payroll Reporting regulation for Japan in 2024,2024-05-16,2025-02-20,False,,Payroll Reporting
REG000546,IN,Income Tax,Income Tax regulation for India in 2024,2024-08-21,2025-02-24,False,0.37,Labor Law
REG000547,ZA,Income Tax,Income Tax regulation for South Africa in 2025,2025-04-20,9999-12-31,True,0.36,Taxation
REG000548,FR,Payroll Reporting,Payroll Reporting regulation for France in 2025,2025-03-15,9999-12-31,True,,Taxation
REG000549,BR,Overtime Pay,Overtime Pay regulation for Brazil in 2024,2024-01-07,9999-12-31,True,,Payroll Reporting
REG000550,JP,Social Security,Social Security regulation for Japan in 2025,2025-01-23,9999-12-31,True,0.22,Payroll Reporting
REG000551,BR,Social Security,Social Security regulation for Brazil in 2024,2024-02-24,2026-01-27,False,0.3,Labor Law
REG000552,CA,Payroll Reporting,Payroll Reporting regulation for Canada in 2024,2024-02-10,2024-09-24,False,,Taxation
REG000553,AU,Income Tax,Income Tax regulation for Australia in 2024,2024-06-12,2026-04-25,False,0.2,Payroll Reporting
REG000554,ZA,Overtime Pay,Overtime Pay regulation for South Africa in 2024,2024-05-26,9999-12-31,True,,Taxation
REG000555,AU,Minimum Wage,Minimum Wage regulation for Australia in 2024,2024-03-01,2024-09-10,False,,Labor Law
REG000556,FR,Social Security,Social Security regulation for France in 2024,2024-08-21,9999-12-31,True,0.33,Payroll Reporting
REG000557,BR,Income Tax,Income Tax regulation for Brazil in 2023,2023-11-11,2025-04-11,False,0.2,Taxation
REG000558,AU,Overtime Pay,Overtime Pay regulation for Australia in 2024,2024-01-08,9999-12-31,True,,Labor Law
REG000559,IN,Employee Benefits,Employee Benefits regulation for India in 2024,2024-08-15,9999-12-31,True,,Payroll Reporting
REG000560,FR,Payroll Reporting,Payroll Reporting regulation for France in 2023,2023-06-26,9999-12-31,True,,Payroll Reporting
REG000561,CA,Employee Benefits,Employee Benefits regulation for Canada in 2024,2024-06-09,2025-09-01,False,,Taxation
REG000562,CA,Minimum Wage,Minimum Wage regulation for Canada in 2023,2023-10-04,9999-12-31,True,,Taxation
REG000563,UK,Minimum Wage,Minimum Wage regulation for United Kingdom in 2025,2025-03-04,9999-12-31,True,,Taxation
REG000564,CA,Overtime Pay,Overtime Pay regulation for Canada in 2024,2024-09-21,9999-12-31,True,,Payroll Reporting
REG000565,UK,Social Security,Social Security regulation for United Kingdom in 2025,2025-05-16,9999-12-31,True,0.38,Payroll Reporting
REG000566,AU,Income Tax,Income Tax regulation for Australia in 2023,2023-07-11,9999-12-31,True,0.22,Labor Law
REG000567,UK,Minimum Wage,Minimum Wage regulation for United Kingdom in 2023,2023-07-06,2025-07-01,False,,Payroll Reporting
REG000568,UK,Employee Benefits,Employee Benefits regulation for United Kingdom in 2025,2025-05-10,9999-12-31,True,,Taxation
REG000569,ZA,Employee Benefits,Employee Benefits regulation for South Africa in 2023,2023-09-04,2025-06-06,False,,Payroll Reporting
REG000570,FR,Payroll Reporting,Payroll Reporting regulation for France in 2023,2023-07-20,9999-12-31,True,,Taxation
REG000571,BR,Employee Benefits,Employee Benefits regulation for Brazil in 2025,2025-05-12,9999-12-31,True,,Labor Law
REG000572,CA,Minimum Wage,Minimum Wage regulation for Canada in 2024,2024-03-18,2026-02-20,False,,Labor Law
REG000573,CA,Overtime Pay,Overtime Pay regulation for Canada in 2023,2023-06-27,2024-10-19,False,,Taxation
REG000574,BR,Overtime Pay,Overtime Pay regulation for Brazil in 2024,2024-12-02,2026-04-01,False,,Taxation
REG000575,UK,Overtime Pay,Overtime Pay regulation for United Kingdom in 2023,2023-06-26,9999-12-31,True,,Taxation
REG000576,ZA,Minimum Wage,Minimum Wage regulation for South Africa in 2024,2024-01-30,2025-03-08,False,,Labor Law
REG000577,JP,Employee Benefits,Employee Benefits regulation for Japan in 2024,2024-11-23,9999-12-31,True,,Taxation
REG000578,AU,Payroll Reporting,Payroll Reporting regulation for Australia in 2023,2023-09-20,2025-03-27,False,,Labor Law
REG000579,IN,Payroll Reporting,Payroll Reporting regulation for India in 2024,2024-10-02,9999-12-31,True,,Payroll Reporting
REG000580,FR,Social Security,Social Security regulation for France in 2023,2023-06-02,9999-12-31,True,0.25,Payroll Reporting
REG000581,BR,Employee Benefits,Employee Benefits regulation for Brazil in 2024,2024-04-07,9999-12-31,True,,Taxation
REG000582,ZA,Income Tax,Income Tax regulation for South Africa in 2024,2024-06-05,2025-12-14,False,0.38,Payroll Reporting
REG000583,CA,Employee Benefits,Employee Benefits regulation for Canada in 2024,2024-03-09,9999-12-31,True,,Taxation
REG000584,BR,Social Security,Social Security regulation for Brazil in 2025,2025-03-29,9999-12-31,True,0.19,Labor Law
REG000585,AU,Income Tax,Income Tax regulation for Australia in 2025,2025-04-14,9999-12-31,True,0.26,Payroll Reporting
REG000586,CA,Payroll Reporting,Payroll Reporting regulation for Canada in 2023,2023-12-21,9999-12-31,True,,Payroll Reporting
REG000587,DE,Overtime Pay,Overtime Pay regulation for Germany in 2023,2023-11-19,9999-12-31,True,,Labor Law
REG000588,BR,Minimum Wage,Minimum Wage regulation for Brazil in 2024,2024-08-12,2026-03-08,False,,Labor Law
REG000589,CA,Overtime Pay,Overtime Pay regulation for Canada in 2024,2024-12-24,9999-12-31,True,,Payroll Reporting
REG000590,UK,Minimum Wage,Minimum Wage regulation for United Kingdom in 2024,2024-03-31,2025-07-14,False,,Payroll Reporting
REG000591,UK,Employee Benefits,Employee Benefits regulation for United Kingdom in 2024,2024-12-16,2026-03-15,False,,Payroll Reporting
REG000592,ZA,Income Tax,Income Tax regulation for South Africa in 2024,2024-08-16,2025-04-18,False,0.23,Labor Law
REG000593,US,Social Security,Social Security regulation for United States in 2025,2025-02-01,9999-12-31,True,0.37,Taxation
REG000594,JP,Employee Benefits,Employee Benefits regulation for Japan in 2024,2024-03-30,9999-12-31,True,,Labor Law
REG000595,ZA,Payroll Reporting,Payroll Reporting regulation for South Africa in 2024,2024-09-28,9999-12-31,True,,Payroll Reporting
REG000596,CA,Income Tax,Income Tax regulation for Canada in 2023,2023-08-04,9999-12-31,True,0.34,Labor Law
REG000597,CA,Employee Benefits,Employee Benefits regulation for Canada in 2025,2025-03-20,9999-12-31,True,,Labor Law
REG000598,DE,Employee Benefits,Employee Benefits regulation for Germany in 2024,2024-11-19,9999-12-31,True,,Payroll Reporting
REG000599,ZA,Minimum Wage,Minimum Wage regulation for South Africa in 2023,2023-07-21,9999-12-31,True,,Payroll Reporting
REG000600,FR,Overtime Pay,Overtime Pay regulation for France in 2023,2023-08-28,2024-03-21,False,,Payroll Reporting
REG000601,IN,Payroll Reporting,Payroll Reporting regulation for India in 2025,2025-03-02,9999-12-31,True,,Payroll Reporting
REG000602,IN,Payroll Reporting,Payroll Reporting regulation for India in 2023,2023-08-05,2024-11-22,False,,Payroll Reporting
REG000603,BR,Social Security,Social Security regulation for Brazil in 2025,2025-03-07,9999-12-31,True,0.33,Taxation
REG000604,IN,Overtime Pay,Overtime Pay regulation for India in 2025,2025-05-26,9999-12-31,True,,Payroll Reporting
REG000605,AU,Employee Benefits,Employee Benefits regulation for Australia in 2024,2024-03-29,9999-12-31,True,,Payroll Reporting
REG000606,ZA,Overtime Pay,Overtime Pay regulation for South Africa in 2025,2025-03-27,9999-12-31,True,,Payroll Reporting
REG000607,IN,Income Tax,Income Tax regulation for India in 2023,2023-06-24,9999-12-31,True,0.22,Labor Law
REG000608,FR,Income Tax,Income Tax regulation for France in 2024,2024-04-25,2025-12-21,False,0.22,Taxation
REG000609,US,Social Security,Social Security regulation for United States in 2023,2023-06-07,2025-01-10,False,0.37,Labor Law
REG000610,IN,Income Tax,Income Tax regulation for India in 2024,2024-04-07,9999-12-31,True,0.34,Taxation
REG000611,IN,Employee Benefits,Employee Benefits regulation for India in 2025,2025-03-31,9999-12-31,True,,Payroll Reporting
REG000612,BR,Minimum Wage,Minimum Wage regulation for Brazil in 2025,2025-02-20,9999-12-31,True,,Payroll Reporting
REG000613,ZA,Payroll Reporting,Payroll Reporting regulation for South Africa in 2023,2023-08-19,9999-12-31,True,,Taxation
REG000614,BR,Employee Benefits,Employee Benefits regulation for Brazil in 2025,2025-05-25,9999-12-31,True,,Labor Law
REG000615,DE,Payroll Reporting,Payroll Reporting regulation for Germany in 2024,2024-11-13,9999-12-31,True,,Labor Law
REG000616,FR,Minimum Wage,Minimum Wage regulation for France in 2023,2023-10-01,9999-12-31,True,,Taxation
REG000617,FR,Overtime Pay,Overtime Pay regulation for France in 2024,2024-03-05,9999-12-31,True,,Labor Law
REG000618,IN,Employee Benefits,Employee Benefits regulation for India in 2024,2024-12-02,2026-03-09,False,,Labor Law
REG000619,UK,Minimum Wage,Minimum Wage regulation for United Kingdom in 2024,2024-01-24,2024-08-18,False,,Payroll Reporting
REG000620,IN,Social Security,Social Security regulation for India in 2023,2023-07-12,9999-12-31,True,0.33,Labor Law
REG000621,UK,Overtime Pay,Overtime Pay regulation for United Kingdom in 2024,2024-07-11,2026-02-15,False,,Labor Law
REG000622,DE,Minimum Wage,Minimum Wage regulation for Germany in 2024,2024-11-10,9999-12-31,True,,Labor Law
REG000623,US,Income Tax,Income Tax regulation for United States in 2025,2025-03-31,9999-12-31,True,0.26,Taxation
REG000624,FR,Social Security,Social Security regulation for France in 2024,2024-03-29,2025-05-06,False,0.12,Payroll Reporting
REG000625,AU,Employee Benefits,Employee Benefits regulation for Australia in 2025,2025-04-02,9999-12-31,True,,Payroll Reporting
REG000626,DE,Payroll Reporting,Payroll Reporting regulation for Germany in 2023,2023-12-08,2025-06-04,False,,Payroll Reporting
REG000627,IN,Employee Benefits,Employee Benefits regulation for India in 2024,2024-03-31,9999-12-31,True,,Labor Law
REG000628,FR,Overtime Pay,Overtime Pay regulation for France in 2024,2024-08-25,2025-05-26,False,,Labor Law
REG000629,ZA,Income Tax,Income Tax regulation for South Africa in 2023,2023-12-23,9999-12-31,True,0.16,Payroll Reporting
REG000630,AU,Income Tax,Income Tax regulation for Australia in 2024,2024-03-14,9999-12-31,True,0.32,Labor Law
REG000631,AU,Income Tax,Income Tax regulation for Australia in 2023,2023-11-06,9999-12-31,True,0.35,Labor Law
REG000632,CA,Employee Benefits,Employee Benefits regulation for Canada in 2024,2024-01-05,2025-08-15,False,,Labor Law
REG000633,IN,Social Security,Social Security regulation for India in 2023,2023-09-28,9999-12-31,True,0.27,Labor Law
REG000634,FR,Social Security,Social Security regulation for France in 2023,2023-12-18,9999-12-31,True,0.12,Labor Law
REG000635,CA,Overtime Pay,Overtime Pay regulation for Canada in 2025,2025-02-17,9999-12-31,True,,Payroll Reporting
REG000636,UK,Minimum Wage,Minimum Wage regulation for United Kingdom in 2025,2025-03-02,9999-12-31,True,,Payroll Reporting
REG000637,FR,Minimum Wage,Minimum Wage regulation for France in 2023,2023-11-02,9999-12-31,True,,Taxation
REG000638,AU,Income Tax,Income Tax regulation for Australia in 2024,2024-03-12,9999-12-31,True,0.18,Payroll Reporting
REG000639,FR,Payroll Reporting,Payroll Reporting regulation for France in 2024,2024-04-26,2025-09-12,False,,Taxation
REG000640,UK,Social Security,Social Security regulation for United Kingdom in 2023,2023-11-02,9999-12-31,True,0.19,Payroll Reporting
REG000641,AU,Minimum Wage,Minimum Wage regulation for Australia in 2024,2024-12-31,9999-12-31,True,,Labor Law
REG000642,FR,Employee Benefits,Employee Benefits regulation for France in 2024,2024-08-12,2026-04-19,False,,Taxation
REG000643,JP,Social Security,Social Security regulation for Japan in 2023,2023-08-23,9999-12-31,True,0.31,Labor Law
REG000644,JP,Income Tax,Income Tax regulation for Japan in 2023,2023-11-25,9999-12-31,True,0.13,Payroll Reporting
REG000645,JP,Overtime Pay,Overtime Pay regulation for Japan in 2024,2024-08-17,9999-12-31,True,,Taxation
REG000646,CA,Social Security,Social Security regulation for Canada in 2024,2024-06-24,9999-12-31,True,0.2,Taxation
REG000647,CA,Social Security,Social Security regulation for Canada in 2025,2025-01-22,9999-12-31,True,0.23,Payroll Reporting
REG000648,DE,Social Security,Social Security regulation for Germany in 2024,2024-11-04,9999-12-31,True,0.38,Taxation
REG000649,FR,Payroll Reporting,Payroll Reporting regulation for France in 2024,2024-06-08,9999-12-31,True,,Payroll Reporting
REG000650,FR,Income Tax,Income Tax regulation for France in 2023,2023-12-01,9999-12-31,True,0.28,Labor Law
REG000651,JP,Minimum Wage,Minimum Wage regulation for Japan in 2024,2024-10-25,2026-02-25,False,,Taxation
REG000652,AU,Overtime Pay,Overtime Pay regulation for Australia in 2024,2024-05-13,9999-12-31,True,,Labor Law
REG000653,JP,Employee Benefits,Employee Benefits regulation for Japan in 2025,2025-01-22,9999-12-31,True,,Taxation
REG000654,IN,Overtime Pay,Overtime Pay regulation for India in 2023,2023-10-17,9999-12-31,True,,Taxation
REG000655,UK,Minimum Wage,Minimum Wage regulation for United Kingdom in 2024,2024-01-12,2025-01-09,False,,Payroll Reporting
REG000656,BR,Income Tax,Income Tax regulation for Brazil in 2023,2023-09-29,2024-04-30,False,0.12,Taxation
REG000657,US,Social Security,Social Security regulation for United States in 2023,2023-07-25,2024-12-29,False,0.39,Payroll Reporting
REG000658,AU,Employee Benefits,Employee Benefits regulation for Australia in 2023,2023-09-10,9999-12-31,True,,Payroll Reporting
REG000659,AU,Social Security,Social Security regulation for Australia in 2024,2024-02-25,9999-12-31,True,0.19,Taxation
REG000660,UK,Minimum Wage,Minimum Wage regulation for United Kingdom in 2025,2025-04-18,9999-12-31,True,,Taxation
REG000661,US,Overtime Pay,Overtime Pay regulation for United States in 2024,2024-09-08,2026-07-11,False,,Taxation
REG000662,UK,Minimum Wage,Minimum Wage regulation for United Kingdom in 2024,2024-08-25,9999-12-31,True,,Labor Law
REG000663,AU,Employee Benefits,Employee Benefits regulation for Australia in 2024,2024-09-24,9999-12-31,True,,Taxation
REG000664,UK,Overtime Pay,Overtime Pay regulation for United Kingdom in 2024,2024-03-12,2025-05-21,False,,Taxation
REG000665,JP,Social Security,Social Security regulation for Japan in 2024,2024-08-06,9999-12-31,True,0.14,Taxation
REG000666,CA,Income Tax,Income Tax regulation for Canada in 2023,2023-11-01,9999-12-31,True,0.4,Taxation
REG000667,ZA,Social Security,Social Security regulation for South Africa in 2024,2024-05-12,9999-12-31,True,0.3,Taxation
REG000668,AU,Overtime Pay,Overtime Pay regulation for Australia in 2023,2023-09-14,9999-12-31,True,,Payroll Reporting
REG000669,US,Income Tax,Income Tax regulation for United States in 2024,2024-10-13,9999-12-31,True,0.36,Taxation
REG000670,BR,Minimum Wage,Minimum Wage regulation for Brazil in 2024,2024-10-12,2025-11-10,False,,Taxation
REG000671,ZA,Income Tax,Income Tax regulation for South Africa in 2023,2023-06-20,9999-12-31,True,0.17,Taxation
REG000672,AU,Social Security,Social Security regulation for Australia in 2023,2023-06-11,2024-04-05,False,0.34,Taxation
REG000673,BR,Employee Benefits,Employee Benefits regulation for Brazil in 2023,2023-06-23,2024-11-27,False,,Labor Law
REG000674,CA,Minimum Wage,Minimum Wage regulation for Canada in 2024,2024-01-04,9999-12-31,True,,Taxation
REG000675,CA,Social Security,Social Security regulation for Canada in 2024,2024-12-07,2026-04-06,False,0.33,Labor Law
REG000676,ZA,Overtime Pay,Overtime Pay regulation for South Africa in 2024,2024-01-29,2024-08-01,False,,Taxation
REG000677,CA,Payroll Reporting,Payroll Reporting regulation for Canada in 2023,2023-11-26,2025-08-06,False,,Taxation
REG000678,CA,Social Security,Social Security regulation for Canada in 2025,2025-01-18,9999-12-31,True,0.32,Payroll Reporting
REG000679,ZA,Minimum Wage,Minimum Wage regulation for South Africa in 2024,2024-09-25,9999-12-31,True,,Labor Law
REG000680,FR,Employee Benefits,Employee Benefits regulation for France in 2024,2024-11-17,2026-01-19,False,,Labor Law
REG000681,ZA,Payroll Reporting,Payroll Reporting regulation for South Africa in 2024,2024-06-08,2025-06-04,False,,Payroll Reporting
REG000682,FR,Social Security,Social Security regulation for France in 2024,2024-12-13,2026-07-30,False,0.35,Taxation
REG000683,AU,Employee Benefits,Employee Benefits regulation for Australia in 2025,2025-04-01,9999-12-31,True,,Taxation
REG000684,DE,Overtime Pay,Overtime Pay regulation for Germany in 2024,2024-03-20,2025-08-22,False,,Payroll Reporting
REG000685,UK,Minimum Wage,Minimum Wage regulation for United Kingdom in 2023,2023-08-10,2025-03-11,False,,Taxation
REG000686,AU,Social Security,Social Security regulation for Australia in 2023,2023-12-07,9999-12-31,True,0.29,Labor Law
REG000687,DE,Minimum Wage,Minimum Wage regulation for Germany in 2024,2024-04-06,9999-12-31,True,,Labor Law
REG000688,FR,Minimum Wage,Minimum Wage regulation for France in 2025,2025-05-12,9999-12-31,True,,Taxation
REG000689,BR,Overtime Pay,Overtime Pay regulation for Brazil in 2024,2024-05-03,2025-04-11,False,,Labor Law
REG000690,FR,Minimum Wage,Minimum Wage regulation for France in 2024,2024-04-01,2025-12-16,False,,Payroll Reporting
REG000691,AU,Employee Benefits,Employee Benefits regulation for Australia in 2024,2024-03-21,9999-12-31,True,,Labor Law
REG000692,BR,Payroll Reporting,Payroll Reporting regulation for Brazil in 2025,2025-04-10,9999-12-31,True,,Payroll Reporting
REG000693,DE,Social Security,Social Security regulation for Germany in 2024,2024-07-22,2025-09-30,False,0.15,Taxation
REG000694,DE,Overtime Pay,Overtime Pay regulation for Germany in 2025,2025-01-26,9999-12-31,True,,Payroll Reporting
REG000695,IN,Minimum Wage,Minimum Wage regulation for India in 2024,2024-05-15,9999-12-31,True,,Labor Law
REG000696,FR,Income Tax,Income Tax regulation for France in 2025,2025-02-01,9999-12-31,True,0.15,Labor Law
REG000697,DE,Social Security,Social Security regulation for Germany in 2024,2024-10-12,9999-12-31,True,0.2,Taxation
REG000698,CA,Overtime Pay,Overtime Pay regulation for Canada in 2023,2023-09-20,2025-08-12,False,,Payroll Reporting
REG000699,DE,Social Security,Social Security regulation for Germany in 2024,2024-09-29,9999-12-31,True,0.22,Taxation
REG000700,DE,Employee Benefits,Employee Benefits regulation for Germany in 2023,2023-09-21,9999-12-31,True,,Labor Law
REG000701,ZA,Overtime Pay,Overtime Pay regulation for South Africa in 2025,2025-01-18,9999-12-31,True,,Payroll Reporting
REG000702,BR,Payroll Reporting,Payroll Reporting regulation for Brazil in 2024,2024-12-04,9999-12-31,True,,Labor Law
REG000703,UK,Minimum Wage,Minimum Wage regulation for United Kingdom in 2024,2024-02-23,9999-12-31,True,,Payroll Reporting
REG000704,JP,Income Tax,Income Tax regulation for Japan in 2024,2024-11-27,9999-12-31,True,0.22,Payroll Reporting
REG000705,BR,Employee Benefits,Employee Benefits regulation for Brazil in 2023,2023-11-08,2024-08-04,False,,Taxation
REG000706,BR,Income Tax,Income Tax regulation for Brazil in 2023,2023-07-27,2024-08-23,False,0.24,Labor Law
REG000707,US,Overtime Pay,Overtime Pay regulation for United States in 2023,2023-08-22,9999-12-31,True,,Taxation
REG000708,UK,Minimum Wage,Minimum Wage regulation for United Kingdom in 2024,2024-01-11,2025-11-14,False,,Payroll Reporting
REG000709,US,Payroll Reporting,Payroll Reporting regulation for United States in 2023,2023-11-03,9999-12-31,True,,Labor Law
REG000710,CA,Payroll Reporting,Payroll Reporting regulation for Canada in 2025,2025-04-07,9999-12-31,True,,Taxation
REG000711,UK,Social Security,Social Security regulation for United Kingdom in 2023,2023-08-22,9999-12-31,True,0.39,Labor Law
REG000712,BR,Payroll Reporting,Payroll Reporting regulation for Brazil in 2024,2024-01-24,2025-10-17,False,,Labor Law
REG000713,IN,Minimum Wage,Minimum Wage regulation for India in 2024,2024-03-25,2025-02-15,False,,Payroll Reporting
REG000714,ZA,Employee Benefits,Employee Benefits regulation for South Africa in 2025,2025-01-01,9999-12-31,True,,Taxation
REG000715,DE,Employee Benefits,Employee Benefits regulation for Germany in 2024,2024-12-28,2026-06-13,False,,Labor Law
REG000716,BR,Social Security,Social Security regulation for Brazil in 2024,2024-09-13,9999-12-31,True,0.24,Payroll Reporting
REG000717,ZA,Payroll Reporting,Payroll Reporting regulation for South Africa in 2023,2023-10-07,2024-04-15,False,,Taxation
REG000718,DE,Payroll Reporting,Payroll Reporting regulation for Germany in 2024,2024-09-03,2026-08-01,False,,Payroll Reporting
REG000719,UK,Employee Benefits,Employee Benefits regulation for United Kingdom in 2023,2023-12-07,9999-12-31,True,,Taxation
REG000720,DE,Employee Benefits,Employee Benefits regulation for Germany in 2024,2024-04-10,2025-08-02,False,,Payroll Reporting
REG000721,FR,Income Tax,Income Tax regulation for France in 2024,2024-06-03,2026-03-07,False,0.4,Taxation
REG000722,DE,Employee Benefits,Employee Benefits regulation for Germany in 2025,2025-01-22,9999-12-31,True,,Payroll Reporting
REG000723,BR,Social Security,Social Security regulation for Brazil in 2025,2025-02-19,9999-12-31,True,0.2,Payroll Reporting
REG000724,UK,Income Tax,Income Tax regulation for United Kingdom in 2024,2024-02-23,9999-12-31,True,0.39,Taxation
REG000725,IN,Minimum Wage,Minimum Wage regulation for India in 2024,2024-05-03,9999-12-31,True,,Taxation
REG000726,DE,Employee Benefits,Employee Benefits regulation for Germany in 2024,2024-11-22,9999-12-31,True,,Payroll Reporting
REG000727,ZA,Minimum Wage,Minimum Wage regulation for South Africa in 2024,2024-04-13,9999-12-31,True,,Taxation
REG000728,BR,Social Security,Social Security regulation for Brazil in 2025,2025-04-21,9999-12-31,True,0.17,Labor Law
REG000729,BR,Overtime Pay,Overtime Pay regulation for Brazil in 2025,2025-01-24,9999-12-31,True,,Payroll Reporting
REG000730,DE,Overtime Pay,Overtime Pay regulation for Germany in 2024,2024-09-23,9999-12-31,True,,Payroll Reporting
REG000731,CA,Payroll Reporting,Payroll Reporting regulation for Canada in 2024,2024-07-23,9999-12-31,True,,Labor Law
REG000732,US,Payroll Reporting,Payroll Reporting regulation for United States in 2023,2023-06-19,2024-03-15,False,,Payroll Reporting
REG000733,US,Income Tax,Income Tax regulation for United States in 2024,2024-03-21,2026-02-04,False,0.28,Taxation
REG000734,UK,Minimum Wage,Minimum Wage regulation for United Kingdom in 2025,2025-01-02,9999-12-31,True,,Payroll Reporting
REG000735,UK,Income Tax,Income Tax regulation for United Kingdom in 2024,2024-07-26,2025-02-01,False,0.39,Payroll Reporting
REG000736,ZA,Employee Benefits,Employee Benefits regulation for South Africa in 2024,2024-10-07,9999-12-31,True,,Taxation
REG000737,US,Minimum Wage,Minimum Wage regulation for United States in 2024,2024-08-08,9999-12-31,True,,Taxation
REG000738,IN,Payroll Reporting,Payroll Reporting regulation for India in 2024,2024-11-10,2026-07-10,False,,Taxation
REG000739,DE,Payroll Reporting,Payroll Reporting regulation for Germany in 2023,2023-10-23,9999-12-31,True,,Payroll Reporting
REG000740,UK,Payroll Reporting,Payroll Reporting regulation for United Kingdom in 2025,2025-05-08,9999-12-31,True,,Payroll Reporting
REG000741,US,Social Security,Social Security regulation for United States in 2025,2025-04-25,9999-12-31,True,0.19,Taxation
REG000742,BR,Minimum Wage,Minimum Wage regulation for Brazil in 2024,2024-11-05,2026-03-09,False,,Payroll Reporting
REG000743,CA,Social Security,Social Security regulation for Canada in 2023,2023-12-20,9999-12-31,True,0.16,Taxation
REG000744,UK,Overtime Pay,Overtime Pay regulation for United Kingdom in 2024,2024-02-14,9999-12-31,True,,Payroll Reporting
REG000745,FR,Payroll Reporting,Payroll Reporting regulation for France in 2024,2024-04-27,9999-12-31,True,,Labor Law
REG000746,ZA,Income Tax,Income Tax regulation for South Africa in 2024,2024-01-24,9999-12-31,True,0.38,Labor Law
REG000747,US,Income Tax,Income Tax regulation for United States in 2024,2024-04-20,2026-02-21,False,0.13,Payroll Reporting
REG000748,UK,Overtime Pay,Overtime Pay regulation for United Kingdom in 2023,2023-09-08,9999-12-31,True,,Taxation
REG000749,IN,Employee Benefits,Employee Benefits regulation for India in 2025,2025-01-25,9999-12-31,True,,Taxation
REG000750,ZA,Employee Benefits,Employee Benefits regulation for South Africa in 2024,2024-10-03,2025-04-17,False,,Taxation
REG000751,CA,Overtime Pay,Overtime Pay regulation for Canada in 2024,2024-05-02,9999-12-31,True,,Taxation
REG000752,JP,Payroll Reporting,Payroll Reporting regulation for Japan in 2023,2023-12-03,9999-12-31,True,,Labor Law
REG000753,UK,Income Tax,Income Tax regulation for United Kingdom in 2023,2023-10-11,9999-12-31,True,0.35,Labor Law
REG000754,CA,Minimum Wage,Minimum Wage regulation for Canada in 2025,2025-02-07,9999-12-31,True,,Taxation
REG000755,FR,Employee Benefits,Employee Benefits regulation for France in 2023,2023-11-10,9999-12-31,True,,Payroll Reporting
REG000756,BR,Overtime Pay,Overtime Pay regulation for Brazil in 2024,2024-08-31,2026-08-03,False,,Labor Law
REG000757,FR,Overtime Pay,Overtime Pay regulation for France in 2024,2024-01-10,2025-09-19,False,,Taxation
REG000758,ZA,Income Tax,Income Tax regulation for South Africa in 2024,2024-09-03,9999-12-31,True,0.27,Taxation
REG000759,US,Employee Benefits,Employee Benefits regulation for United States in 2025,2025-03-15,9999-12-31,True,,Labor Law
REG000760,CA,Payroll Reporting,Payroll Reporting regulation for Canada in 2025,2025-02-16,9999-12-31,True,,Taxation
REG000761,DE,Income Tax,Income Tax regulation for Germany in 2023,2023-10-29,2024-10-16,False,0.17,Taxation
REG000762,UK,Minimum Wage,Minimum Wage regulation for United Kingdom in 2024,2024-10-13,2025-05-30,False,,Taxation
REG000763,BR,Income Tax,Income Tax regulation for Brazil in 2024,2024-08-16,2025-09-23,False,0.2,Labor Law
REG000764,ZA,Employee Benefits,Employee Benefits regulation for South Africa in 2024,2024-12-12,2025-12-16,False,,Labor Law
REG000765,UK,Overtime Pay,Overtime Pay regulation for United Kingdom in 2023,2023-12-07,2025-05-22,False,,Labor Law
REG000766,IN,Minimum Wage,Minimum Wage regulation for India in 2025,2025-04-27,9999-12-31,True,,Taxation
REG000767,FR,Employee Benefits,Employee Benefits regulation for France in 2024,2024-03-08,2024-11-19,False,,Taxation
REG000768,IN,Employee Benefits,Employee Benefits regulation for India in 2023,2023-07-19,2024-10-30,False,,Labor Law
REG000769,UK,Employee Benefits,Employee Benefits regulation for United Kingdom in 2024,2024-01-06,2025-04-12,False,,Payroll Reporting
REG000770,JP,Minimum Wage,Minimum Wage regulation for Japan in 2023,2023-12-25,2025-07-26,False,,Payroll Reporting
REG000771,CA,Payroll Reporting,Payroll Reporting regulation for Canada in 2024,2024-04-30,9999-12-31,True,,Taxation
REG000772,US,Minimum Wage,Minimum Wage regulation for United States in 2024,2024-10-01,9999-12-31,True,,Payroll Reporting
REG000773,AU,Overtime Pay,Overtime Pay regulation for Australia in 2025,2025-02-16,9999-12-31,True,,Labor Law
REG000774,AU,Employee Benefits,Employee Benefits regulation for Australia in 2025,2025-04-21,9999-12-31,True,,Labor Law
REG000775,BR,Minimum Wage,Minimum Wage regulation for Brazil in 2025,2025-03-18,9999-12-31,True,,Labor Law
REG000776,JP,Minimum Wage,Minimum Wage regulation for Japan in 2024,2024-02-08,9999-12-31,True,,Taxation
REG000777,FR,Employee Benefits,Employee Benefits regulation for France in 2024,2024-01-12,9999-12-31,True,,Labor Law
REG000778,IN,Overtime Pay,Overtime Pay regulation for India in 2024,2024-02-15,2024-12-27,False,,Payroll Reporting
REG000779,AU,Overtime Pay,Overtime Pay regulation for Australia in 2025,2025-03-04,9999-12-31,True,,Labor Law
REG000780,US,Minimum Wage,Minimum Wage regulation for United States in 2023,2023-07-03,2024-01-07,False,,Labor Law
REG000781,US,Employee Benefits,Employee Benefits regulation for United States in 2024,2024-12-30,9999-12-31,True,,Taxation
REG000782,CA,Employee Benefits,Employee Benefits regulation for Canada in 2023,2023-09-18,2024-07-07,False,,Taxation
REG000783,US,Overtime Pay,Overtime Pay regulation for United States in 2025,2025-04-10,9999-12-31,True,,Payroll Reporting
REG000784,DE,Social Security,Social Security regulation for Germany in 2024,2024-02-24,2024-10-02,False,0.34,Payroll Reporting
REG000785,FR,Income Tax,Income Tax regulation for France in 2024,2024-05-25,9999-12-31,True,0.1,Payroll Reporting
REG000786,DE,Overtime Pay,Overtime Pay regulation for Germany in 2023,2023-06-16,9999-12-31,True,,Payroll Reporting
REG000787,CA,Income Tax,Income Tax regulation for Canada in 2024,2024-05-02,2025-03-16,False,0.26,Taxation
REG000788,FR,Overtime Pay,Overtime Pay regulation for France in 2024,2024-01-03,9999-12-31,True,,Taxation
REG000789,JP,Employee Benefits,Employee Benefits regulation for Japan in 2024,2024-12-17,9999-12-31,True,,Taxation
REG000790,AU,Employee Benefits,Employee Benefits regulation for Australia in 2023,2023-06-19,9999-12-31,True,,Taxation
REG000791,BR,Social Security,Social Security regulation for Brazil in 2024,2024-12-01,9999-12-31,True,0.15,Payroll Reporting
REG000792,IN,Minimum Wage,Minimum Wage regulation for India in 2024,2024-08-07,9999-12-31,True,,Payroll Reporting
REG000793,CA,Overtime Pay,Overtime Pay regulation for Canada in 2025,2025-04-01,9999-12-31,True,,Labor Law
REG000794,IN,Payroll Reporting,Payroll Reporting regulation for India in 2023,2023-12-30,9999-12-31,True,,Labor Law
REG000795,ZA,Payroll Reporting,Payroll Reporting regulation for South Africa in 2024,2024-04-09,2024-11-07,False,,Taxation
REG000796,CA,Income Tax,Income Tax regulation for Canada in 2025,2025-04-06,9999-12-31,True,0.11,Payroll Reporting
REG000797,CA,Overtime Pay,Overtime Pay regulation for Canada in 2024,2024-07-20,9999-12-31,True,,Taxation
REG000798,AU,Income Tax,Income Tax regulation for Australia in 2023,2023-12-07,9999-12-31,True,0.38,Labor Law
REG000799,US,Minimum Wage,Minimum Wage regulation for United States in 2023,2023-07-01,9999-12-31,True,,Labor Law
REG000800,FR,Social Security,Social Security regulation for France in 2025,2025-05-11,9999-12-31,True,0.15,Payroll Reporting
REG000801,JP,Payroll Reporting,Payroll Reporting regulation for Japan in 2024,2024-04-11,9999-12-31,True,,Taxation
REG000802,DE,Minimum Wage,Minimum Wage regulation for Germany in 2024,2024-10-02,9999-12-31,True,,Payroll Reporting
REG000803,AU,Overtime Pay,Overtime Pay regulation for Australia in 2024,2024-01-10,9999-12-31,True,,Payroll Reporting
REG000804,FR,Payroll Reporting,Payroll Reporting regulation for France in 2024,2024-08-24,9999-12-31,True,,Taxation
REG000805,IN,Payroll Reporting,Payroll Reporting regulation for India in 2023,2023-11-26,9999-12-31,True,,Taxation
REG000806,US,Minimum Wage,Minimum Wage regulation for United States in 2023,2023-12-29,9999-12-31,True,,Payroll Reporting
REG000807,CA,Employee Benefits,Employee Benefits regulation for Canada in 2023,2023-12-10,2025-02-10,False,,Labor Law
REG000808,UK,Payroll Reporting,Payroll Reporting regulation for United Kingdom in 2025,2025-04-10,9999-12-31,True,,Labor Law
REG000809,IN,Payroll Reporting,Payroll Reporting regulation for India in 2024,2024-09-08,9999-12-31,True,,Payroll Reporting
REG000810,CA,Minimum Wage,Minimum Wage regulation for Canada in 2025,2025-03-05,9999-12-31,True,,Labor Law
REG000811,JP,Overtime Pay,Overtime Pay regulation for Japan in 2024,2024-05-25,2025-09-11,False,,Payroll Reporting
REG000812,IN,Payroll Reporting,Payroll Reporting regulation for India in 2023,2023-10-12,9999-12-31,True,,Taxation
REG000813,UK,Employee Benefits,Employee Benefits regulation for United Kingdom in 2024,2024-04-12,9999-12-31,True,,Taxation
REG000814,DE,Social Security,Social Security regulation for Germany in 2025,2025-02-28,9999-12-31,True,0.33,Labor Law
REG000815,JP,Employee Benefits,Employee Benefits regulation for Japan in 2024,2024-01-12,9999-12-31,True,,Payroll Reporting
REG000816,BR,Overtime Pay,Overtime Pay regulation for Brazil in 2023,2023-07-29,9999-12-31,True,,Payroll Reporting
REG000817,IN,Income Tax,Income Tax regulation for India in 2025,2025-05-06,9999-12-31,True,0.17,Payroll Reporting
REG000818,ZA,Employee Benefits,Employee Benefits regulation for South Africa in 2023,2023-11-24,2025-02-02,False,,Taxation
REG000819,DE,Payroll Reporting,Payroll Reporting regulation for Germany in 2023,2023-08-05,9999-12-31,True,,Labor Law
REG000820,AU,Payroll Reporting,Payroll Reporting regulation for Australia in 2023,2023-08-14,2025-01-27,False,,Labor Law
REG000821,AU,Payroll Reporting,Payroll Reporting regulation for Australia in 2025,2025-04-07,9999-12-31,True,,Payroll Reporting
REG000822,CA,Employee Benefits,Employee Benefits regulation for Canada in 2024,2024-11-05,9999-12-31,True,,Payroll Reporting
REG000823,CA,Social Security,Social Security regulation for Canada in 2025,2025-01-28,9999-12-31,True,0.27,Payroll Reporting
REG000824,US,Overtime Pay,Overtime Pay regulation for United States in 2023,2023-07-22,2024-03-08,False,,Payroll Reporting
REG000825,CA,Minimum Wage,Minimum Wage regulation for Canada in 2023,2023-10-06,9999-12-31,True,,Payroll Reporting
REG000826,ZA,Payroll Reporting,Payroll Reporting regulation for South Africa in 2025,2025-05-12,9999-12-31,True,,Labor Law
REG000827,US,Overtime Pay,Overtime Pay regulation for United States in 2023,2023-11-07,9999-12-31,True,,Payroll Reporting
REG000828,US,Overtime Pay,Overtime Pay regulation for United States in 2023,2023-09-07,2025-05-09,False,,Labor Law
REG000829,BR,Social Security,Social Security regulation for Brazil in 2023,2023-12-15,2025-03-18,False,0.21,Taxation
REG000830,UK,Overtime Pay,Overtime Pay regulation for United Kingdom in 2024,2024-09-01,2025-07-25,False,,Labor Law
REG000831,DE,Income Tax,Income Tax regulation for Germany in 2024,2024-01-14,9999-12-31,True,0.23,Payroll Reporting
REG000832,UK,Minimum Wage,Minimum Wage regulation for United Kingdom in 2024,2024-11-12,9999-12-31,True,,Taxation
REG000833,AU,Social Security,Social Security regulation for Australia in 2024,2024-08-10,9999-12-31,True,0.25,Taxation
REG000834,FR,Employee Benefits,Employee Benefits regulation for France in 2024,2024-06-13,2025-05-23,False,,Payroll Reporting
REG000835,ZA,Overtime Pay,Overtime Pay regulation for South Africa in 2024,2024-07-01,2025-09-29,False,,Labor Law
REG000836,FR,Overtime Pay,Overtime Pay regulation for France in 2023,2023-12-23,9999-12-31,True,,Labor Law
REG000837,US,Payroll Reporting,Payroll Reporting regulation for United States in 2025,2025-01-21,9999-12-31,True,,Labor Law
REG000838,IN,Social Security,Social Security regulation for India in 2023,2023-10-16,9999-12-31,True,0.37,Taxation
REG000839,BR,Minimum Wage,Minimum Wage regulation for Brazil in 2024,2024-12-11,9999-12-31,True,,Taxation
REG000840,CA,Income Tax,Income Tax regulation for Canada in 2025,2025-04-08,9999-12-31,True,0.24,Taxation
REG000841,CA,Income Tax,Income Tax regulation for Canada in 2023,2023-12-06,2025-05-19,False,0.17,Labor Law
REG000842,ZA,Income Tax,Income Tax regulation for South Africa in 2025,2025-01-14,9999-12-31,True,0.2,Labor Law
REG000843,AU,Overtime Pay,Overtime Pay regulation for Australia in 2024,2024-08-19,2025-03-16,False,,Labor Law
REG000844,IN,Overtime Pay,Overtime Pay regulation for India in 2024,2024-08-28,2025-03-11,False,,Taxation
REG000845,CA,Social Security,Social Security regulation for Canada in 2023,2023-12-14,2025-09-17,False,0.12,Taxation
REG000846,BR,Employee Benefits,Employee Benefits regulation for Brazil in 2025,2025-03-19,9999-12-31,True,,Taxation
REG000847,ZA,Minimum Wage,Minimum Wage regulation for South Africa in 2023,2023-11-15,2025-05-15,False,,Taxation
REG000848,BR,Income Tax,Income Tax regulation for Brazil in 2023,2023-11-13,2025-11-12,False,0.38,Taxation
REG000849,JP,Overtime Pay,Overtime Pay regulation for Japan in 2025,2025-04-22,9999-12-31,True,,Taxation
REG000850,US,Minimum Wage,Minimum Wage regulation for United States in 2024,2024-10-20,9999-12-31,True,,Taxation
REG000851,ZA,Overtime Pay,Overtime Pay regulation for South Africa in 2023,2023-12-15,2024-12-17,False,,Payroll Reporting
REG000852,ZA,Payroll Reporting,Payroll Reporting regulation for South Africa in 2023,2023-09-18,9999-12-31,True,,Labor Law
REG000853,IN,Income Tax,Income Tax regulation for India in 2025,2025-05-13,9999-12-31,True,0.25,Taxation
REG000854,ZA,Social Security,Social Security regulation for South Africa in 2023,2023-06-11,9999-12-31,True,0.11,Taxation
REG000855,DE,Overtime Pay,Overtime Pay regulation for Germany in 2023,2023-12-04,9999-12-31,True,,Taxation
REG000856,AU,Employee Benefits,Employee Benefits regulation for Australia in 2024,2024-05-15,9999-12-31,True,,Payroll Reporting
REG000857,IN,Overtime Pay,Overtime Pay regulation for India in 2024,2024-01-15,2025-02-12,False,,Labor Law
REG000858,US,Overtime Pay,Overtime Pay regulation for United States in 2024,2024-07-13,9999-12-31,True,,Taxation
REG000859,AU,Income Tax,Income Tax regulation for Australia in 2025,2025-05-05,9999-12-31,True,0.39,Taxation
REG000860,BR,Payroll Reporting,Payroll Reporting regulation for Brazil in 2024,2024-12-09,9999-12-31,True,,Payroll Reporting
REG000861,US,Minimum Wage,Minimum Wage regulation for United States in 2024,2024-04-12,2024-10-16,False,,Taxation
REG000862,IN,Income Tax,Income Tax regulation for India in 2025,2025-05-12,9999-12-31,True,0.23,Payroll Reporting
REG000863,ZA,Income Tax,Income Tax regulation for South Africa in 2023,2023-10-07,9999-12-31,True,0.27,Payroll Reporting
REG000864,BR,Social Security,Social Security regulation for Brazil in 2024,2024-06-26,2025-08-11,False,0.25,Labor Law
REG000865,UK,Payroll Reporting,Payroll Reporting regulation for United Kingdom in 2025,2025-01-18,9999-12-31,True,,Taxation
REG000866,US,Income Tax,Income Tax regulation for United States in 2024,2024-07-02,9999-12-31,True,0.16,Payroll Reporting
REG000867,AU,Overtime Pay,Overtime Pay regulation for Australia in 2024,2024-05-05,9999-12-31,True,,Labor Law
REG000868,IN,Social Security,Social Security regulation for India in 2023,2023-08-23,2025-03-10,False,0.31,Payroll Reporting
REG000869,CA,Employee Benefits,Employee Benefits regulation for Canada in 2023,2023-06-09,2024-02-09,False,,Payroll Reporting
REG000870,AU,Minimum Wage,Minimum Wage regulation for Australia in 2024,2024-07-20,2025-01-18,False,,Payroll Reporting
REG000871,FR,Payroll Reporting,Payroll Reporting regulation for France in 2025,2025-02-12,9999-12-31,True,,Payroll Reporting
REG000872,IN,Social Security,Social Security regulation for India in 2024,2024-10-15,9999-12-31,True,0.19,Labor Law
REG000873,BR,Social Security,Social Security regulation for Brazil in 2025,2025-01-27,9999-12-31,True,0.32,Taxation
REG000874,DE,Employee Benefits,Employee Benefits regulation for Germany in 2023,2023-12-08,2025-09-24,False,,Payroll Reporting
REG000875,UK,Minimum Wage,Minimum Wage regulation for United Kingdom in 2023,2023-08-25,2025-03-12,False,,Labor Law
REG000876,FR,Employee Benefits,Employee Benefits regulation for France in 2024,2024-11-23,2026-01-27,False,,Labor Law
REG000877,US,Employee Benefits,Employee Benefits regulation for United States in 2024,2024-01-27,9999-12-31,True,,Payroll Reporting
REG000878,CA,Minimum Wage,Minimum Wage regulation for Canada in 2024,2024-10-12,9999-12-31,True,,Payroll Reporting
REG000879,ZA,Employee Benefits,Employee Benefits regulation for South Africa in 2023,2023-11-28,9999-12-31,True,,Taxation
REG000880,FR,Overtime Pay,Overtime Pay regulation for France in 2025,2025-02-18,9999-12-31,True,,Labor Law
REG000881,DE,Employee Benefits,Employee Benefits regulation for Germany in 2025,2025-01-17,9999-12-31,True,,Labor Law
REG000882,AU,Income Tax,Income Tax regulation for Australia in 2024,2024-10-09,2025-10-05,False,0.3,Payroll Reporting
REG000883,DE,Income Tax,Income Tax regulation for Germany in 2024,2024-09-26,9999-12-31,True,0.11,Payroll Reporting
REG000884,IN,Payroll Reporting,Payroll Reporting regulation for India in 2024,2024-10-29,9999-12-31,True,,Payroll Reporting
REG000885,AU,Overtime Pay,Overtime Pay regulation for Australia in 2024,2024-05-19,9999-12-31,True,,Labor Law
REG000886,UK,Employee Benefits,Employee Benefits regulation for United Kingdom in 2023,2023-12-30,9999-12-31,True,,Taxation
REG000887,IN,Social Security,Social Security regulation for India in 2024,2024-01-19,9999-12-31,True,0.3,Labor Law
REG000888,FR,Employee Benefits,Employee Benefits regulation for France in 2023,2023-10-31,2024-05-22,False,,Labor Law
REG000889,FR,Employee Benefits,Employee Benefits regulation for France in 2023,2023-07-03,2024-07-26,False,,Labor Law
REG000890,BR,Social Security,Social Security regulation for Brazil in 2025,2025-02-06,9999-12-31,True,0.15,Payroll Reporting
REG000891,FR,Income Tax,Income Tax regulation for France in 2024,2024-02-11,2025-01-15,False,0.12,Taxation
REG000892,DE,Employee Benefits,Employee Benefits regulation for Germany in 2024,2024-03-24,2026-02-26,False,,Labor Law
REG000893,DE,Social Security,Social Security regulation for Germany in 2024,2024-07-11,2025-04-02,False,0.12,Taxation
REG000894,ZA,Minimum Wage,Minimum Wage regulation for South Africa in 2025,2025-03-29,9999-12-31,True,,Taxation
REG000895,US,Income Tax,Income Tax regulation for United States in 2025,2025-05-09,9999-12-31,True,0.11,Payroll Reporting
REG000896,BR,Overtime Pay,Overtime Pay regulation for Brazil in 2025,2025-04-03,9999-12-31,True,,Labor Law
REG000897,BR,Payroll Reporting,Payroll Reporting regulation for Brazil in 2024,2024-07-11,9999-12-31,True,,Taxation
REG000898,UK,Social Security,Social Security regulation for United Kingdom in 2024,2024-08-18,9999-12-31,True,0.18,Labor Law
REG000899,ZA,Employee Benefits,Employee Benefits regulation for South Africa in 2023,2023-09-07,2025-03-29,False,,Payroll Reporting
REG000900,BR,Social Security,Social Security regulation for Brazil in 2024,2024-03-16,2026-03-14,False,0.31,Taxation
REG000901,FR,Employee Benefits,Employee Benefits regulation for France in 2024,2024-01-29,9999-12-31,True,,Payroll Reporting
REG000902,FR,Overtime Pay,Overtime Pay regulation for France in 2023,2023-08-25,2024-05-04,False,,Labor Law
REG000903,BR,Payroll Reporting,Payroll Reporting regulation for Brazil in 2023,2023-09-23,9999-12-31,True,,Taxation
REG000904,UK,Income Tax,Income Tax regulation for United Kingdom in 2023,2023-06-25,2024-01-22,False,0.34,Labor Law
REG000905,IN,Employee Benefits,Employee Benefits regulation for India in 2023,2023-09-12,2025-04-16,False,,Labor Law
REG000906,IN,Overtime Pay,Overtime Pay regulation for India in 2024,2024-05-01,2025-06-10,False,,Labor Law
REG000907,UK,Social Security,Social Security regulation for United Kingdom in 2024,2024-03-30,2025-04-01,False,0.4,Labor Law
REG000908,AU,Social Security,Social Security regulation for Australia in 2025,2025-05-15,9999-12-31,True,0.39,Taxation
REG000909,FR,Minimum Wage,Minimum Wage regulation for France in 2024,2024-08-15,2025-12-29,False,,Labor Law
REG000910,ZA,Overtime Pay,Overtime Pay regulation for South Africa in 2025,2025-01-17,9999-12-31,True,,Labor Law
REG000911,CA,Payroll Reporting,Payroll Reporting regulation for Canada in 2025,2025-03-04,9999-12-31,True,,Labor Law
REG000912,JP,Minimum Wage,Minimum Wage regulation for Japan in 2025,2025-01-31,9999-12-31,True,,Payroll Reporting
REG000913,DE,Social Security,Social Security regulation for Germany in 2025,2025-02-21,9999-12-31,True,0.15,Payroll Reporting
REG000914,CA,Employee Benefits,Employee Benefits regulation for Canada in 2024,2024-03-25,2025-01-22,False,,Taxation
REG000915,CA,Overtime Pay,Overtime Pay regulation for Canada in 2025,2025-01-27,9999-12-31,True,,Payroll Reporting
REG000916,IN,Minimum Wage,Minimum Wage regulation for India in 2023,2023-06-07,9999-12-31,True,,Labor Law
REG000917,ZA,Social Security,Social Security regulation for South Africa in 2024,2024-09-04,2026-01-31,False,0.21,Labor Law
REG000918,UK,Social Security,Social Security regulation for United Kingdom in 2025,2025-04-12,9999-12-31,True,0.35,Taxation
REG000919,DE,Social Security,Social Security regulation for Germany in 2024,2024-09-05,2026-05-05,False,0.31,Taxation
REG000920,ZA,Social Security,Social Security regulation for South Africa in 2023,2023-10-20,2024-05-09,False,0.28,Payroll Reporting
REG000921,BR,Minimum Wage,Minimum Wage regulation for Brazil in 2024,2024-02-07,2024-12-24,False,,Taxation
REG000922,IN,Payroll Reporting,Payroll Reporting regulation for India in 2024,2024-05-16,9999-12-31,True,,Labor Law
REG000923,DE,Employee Benefits,Employee Benefits regulation for Germany in 2025,2025-02-20,9999-12-31,True,,Labor Law
REG000924,US,Social Security,Social Security regulation for United States in 2025,2025-02-05,9999-12-31,True,0.14,Taxation
REG000925,CA,Overtime Pay,Overtime Pay regulation for Canada in 2024,2024-09-24,2025-03-29,False,,Labor Law
REG000926,AU,Overtime Pay,Overtime Pay regulation for Australia in 2024,2024-06-17,2025-05-03,False,,Labor Law
REG000927,UK,Payroll Reporting,Payroll Reporting regulation for United Kingdom in 2025,2025-01-12,9999-12-31,True,,Labor Law
REG000928,US,Overtime Pay,Overtime Pay regulation for United States in 2024,2024-04-25,9999-12-31,True,,Taxation
REG000929,BR,Employee Benefits,Employee Benefits regulation for Brazil in 2024,2024-01-23,9999-12-31,True,,Taxation
REG000930,CA,Overtime Pay,Overtime Pay regulation for Canada in 2025,2025-03-24,9999-12-31,True,,Payroll Reporting
REG000931,IN,Social Security,Social Security regulation for India in 2024,2024-10-17,9999-12-31,True,0.23,Payroll Reporting
REG000932,IN,Employee Benefits,Employee Benefits regulation for India in 2024,2024-03-25,9999-12-31,True,,Payroll Reporting
REG000933,CA,Minimum Wage,Minimum Wage regulation for Canada in 2024,2024-01-10,9999-12-31,True,,Payroll Reporting
REG000934,DE,Overtime Pay,Overtime Pay regulation for Germany in 2024,2024-12-03,2026-08-30,False,,Taxation
REG000935,DE,Social Security,Social Security regulation for Germany in 2023,2023-06-01,2024-07-09,False,0.3,Payroll Reporting
REG000936,DE,Social Security,Social Security regulation for Germany in 2024,2024-03-27,9999-12-31,True,0.13,Taxation
REG000937,IN,Income Tax,Income Tax regulation for India in 2023,2023-06-20,9999-12-31,True,0.37,Payroll Reporting
REG000938,JP,Minimum Wage,Minimum Wage regulation for Japan in 2025,2025-03-02,9999-12-31,True,,Payroll Reporting
REG000939,CA,Social Security,Social Security regulation for Canada in 2024,2024-03-23,2025-06-05,False,0.33,Payroll Reporting
REG000940,BR,Social Security,Social Security regulation for Brazil in 2024,2024-07-09,9999-12-31,True,0.23,Labor Law
REG000941,ZA,Overtime Pay,Overtime Pay regulation for South Africa in 2024,2024-07-12,9999-12-31,True,,Payroll Reporting
REG000942,IN,Employee Benefits,Employee Benefits regulation for India in 2024,2024-02-24,2026-01-14,False,,Payroll Reporting
REG000943,UK,Employee Benefits,Employee Benefits regulation for United Kingdom in 2024,2024-11-24,9999-12-31,True,,Labor Law
REG000944,US,Minimum Wage,Minimum Wage regulation for United States in 2024,2024-11-30,2026-03-17,False,,Labor Law
REG000945,ZA,Social Security,Social Security regulation for South Africa in 2024,2024-03-05,9999-12-31,True,0.27,Labor Law
REG000946,DE,Minimum Wage,Minimum Wage regulation for Germany in 2024,2024-11-25,9999-12-31,True,,Taxation
REG000947,BR,Social Security,Social Security regulation for Brazil in 2023,2023-12-09,2025-06-19,False,0.33,Taxation
REG000948,ZA,Social Security,Social Security regulation for South Africa in 2024,2024-03-22,2024-11-08,False,0.35,Taxation
REG000949,UK,Income Tax,Income Tax regulation for United Kingdom in 2024,2024-09-22,2026-01-13,False,0.22,Labor Law
REG000950,AU,Payroll Reporting,Payroll Reporting regulation for Australia in 2025,2025-03-06,9999-12-31,True,,Payroll Reporting
REG000951,US,Payroll Reporting,Payroll Reporting regulation for United States in 2023,2023-08-05,9999-12-31,True,,Taxation
REG000952,JP,Employee Benefits,Employee Benefits regulation for Japan in 2024,2024-11-21,9999-12-31,True,,Labor Law
REG000953,CA,Employee Benefits,Employee Benefits regulation for Canada in 2024,2024-07-27,9999-12-31,True,,Taxation
REG000954,CA,Income Tax,Income Tax regulation for Canada in 2024,2024-09-22,2025-11-23,False,0.12,Labor Law
REG000955,DE,Payroll Reporting,Payroll Reporting regulation for Germany in 2025,2025-01-11,9999-12-31,True,,Labor Law
REG000956,UK,Employee Benefits,Employee Benefits regulation for United Kingdom in 2024,2024-12-27,9999-12-31,True,,Labor Law
REG000957,BR,Payroll Reporting,Payroll Reporting regulation for Brazil in 2024,2024-02-22,9999-12-31,True,,Labor Law
REG000958,JP,Employee Benefits,Employee Benefits regulation for Japan in 2024,2024-03-11,9999-12-31,True,,Labor Law
REG000959,CA,Overtime Pay,Overtime Pay regulation for Canada in 2025,2025-03-04,9999-12-31,True,,Labor Law
REG000960,AU,Payroll Reporting,Payroll Reporting regulation for Australia in 2023,2023-08-29,9999-12-31,True,,Taxation
REG000961,US,Payroll Reporting,Payroll Reporting regulation for United States in 2023,2023-10-28,9999-12-31,True,,Taxation
REG000962,DE,Payroll Reporting,Payroll Reporting regulation for Germany in 2025,2025-05-20,9999-12-31,True,,Labor Law
REG000963,DE,Minimum Wage,Minimum Wage regulation for Germany in 2024,2024-02-21,2024-12-09,False,,Labor Law
REG000964,FR,Payroll Reporting,Payroll Reporting regulation for France in 2024,2024-07-07,2025-02-08,False,,Taxation
REG000965,ZA,Income Tax,Income Tax regulation for South Africa in 2023,2023-06-14,9999-12-31,True,0.37,Payroll Reporting
REG000966,UK,Overtime Pay,Overtime Pay regulation for United Kingdom in 2024,2024-03-22,9999-12-31,True,,Labor Law
REG000967,UK,Overtime Pay,Overtime Pay regulation for United Kingdom in 2025,2025-03-26,9999-12-31,True,,Taxation
REG000968,UK,Minimum Wage,Minimum Wage regulation for United Kingdom in 2024,2024-02-24,2025-10-30,False,,Payroll Reporting
REG000969,DE,Income Tax,Income Tax regulation for Germany in 2023,2023-10-07,9999-12-31,True,0.27,Labor Law
REG000970,DE,Overtime Pay,Overtime Pay regulation for Germany in 2024,2024-04-27,2026-04-10,False,,Taxation
REG000971,BR,Social Security,Social Security regulation for Brazil in 2023,2023-06-04,2024-02-06,False,0.24,Taxation
REG000972,AU,Income Tax,Income Tax regulation for Australia in 2025,2025-02-22,9999-12-31,True,0.2,Payroll Reporting
REG000973,BR,Minimum Wage,Minimum Wage regulation for Brazil in 2024,2024-11-24,9999-12-31,True,,Labor Law
REG000974,AU,Employee Benefits,Employee Benefits regulation for Australia in 2024,2024-07-02,9999-12-31,True,,Payroll Reporting
REG000975,AU,Overtime Pay,Overtime Pay regulation for Australia in 2025,2025-01-10,9999-12-31,True,,Labor Law
REG000976,FR,Employee Benefits,Employee Benefits regulation for France in 2023,2023-06-02,9999-12-31,True,,Payroll Reporting
REG000977,AU,Social Security,Social Security regulation for Australia in 2023,2023-05-27,2024-07-25,False,0.4,Payroll Reporting
REG000978,ZA,Payroll Reporting,Payroll Reporting regulation for South Africa in 2024,2024-09-21,9999-12-31,True,,Labor Law
REG000979,IN,Overtime Pay,Overtime Pay regulation for India in 2024,2024-11-06,2025-09-27,False,,Taxation
REG000980,FR,Employee Benefits,Employee Benefits regulation for France in 2024,2024-07-06,2025-12-11,False,,Payroll Reporting
REG000981,US,Income Tax,Income Tax regulation for United States in 2024,2024-12-22,2026-03-21,False,0.38,Labor Law
REG000982,JP,Overtime Pay,Overtime Pay regulation for Japan in 2025,2025-02-06,9999-12-31,True,,Payroll Reporting
REG000983,BR,Income Tax,Income Tax regulation for Brazil in 2024,2024-09-01,9999-12-31,True,0.1,Payroll Reporting
REG000984,AU,Social Security,Social Security regulation for Australia in 2024,2024-06-04,9999-12-31,True,0.37,Labor Law
REG000985,IN,Overtime Pay,Overtime Pay regulation for India in 2024,2024-06-26,2026-03-08,False,,Payroll Reporting
REG000986,JP,Employee Benefits,Employee Benefits regulation for Japan in 2024,2024-07-09,9999-12-31,True,,Labor Law
REG000987,AU,Income Tax,Income Tax regulation for Australia in 2024,2024-02-07,2024-10-06,False,0.15,Taxation
REG000988,JP,Minimum Wage,Minimum Wage regulation for Japan in 2023,2023-08-02,2025-04-09,False,,Taxation
REG000989,BR,Income Tax,Income Tax regulation for Brazil in 2023,2023-08-22,2024-08-31,False,0.38,Taxation
REG000990,JP,Payroll Reporting,Payroll Reporting regulation for Japan in 2024,2024-12-21,2025-10-25,False,,Payroll Reporting
REG000991,US,Employee Benefits,Employee Benefits regulation for United States in 2024,2024-04-11,2025-05-25,False,,Payroll Reporting
REG000992,IN,Overtime Pay,Overtime Pay regulation for India in 2025,2025-01-27,9999-12-31,True,,Labor Law
REG000993,FR,Overtime Pay,Overtime Pay regulation for France in 2024,2024-12-07,9999-12-31,True,,Taxation
REG000994,JP,Minimum Wage,Minimum Wage regulation for Japan in 2024,2024-05-22,9999-12-31,True,,Labor Law
REG000995,IN,Employee Benefits,Employee Benefits regulation for India in 2025,2025-04-17,9999-12-31,True,,Payroll Reporting
REG000996,FR,Employee Benefits,Employee Benefits regulation for France in 2023,2023-07-02,2024-07-19,False,,Taxation
REG000997,ZA,Income Tax,Income Tax regulation for South Africa in 2024,2024-07-10,9999-12-31,True,0.23,Taxation
REG000998,IN,Income Tax,Income Tax regulation for India in 2024,2024-04-24,9999-12-31,True,0.35,Payroll Reporting
REG000999,CA,Social Security,Social Security regulation for Canada in 2024,2024-03-21,9999-12-31,True,0.19,Labor Law
REG001000,FR,Social Security,Social Security regulation for France in 2024,2024-03-07,9999-12-31,True,0.2,Payroll Reporting
REG001001,FR,Employee Benefits,Employee Benefits regulation for France in 2023,2023-12-21,2025-10-11,False,,Taxation
REG001002,ZA,Employee Benefits,Employee Benefits regulation for South Africa in 2024,2024-10-02,2025-08-01,False,,Payroll Reporting
REG001003,ZA,Payroll Reporting,Payroll Reporting regulation for South Africa in 2023,2023-06-17,2024-04-02,False,,Labor Law
REG001004,AU,Employee Benefits,Employee Benefits regulation for Australia in 2025,2025-02-22,9999-12-31,True,,Payroll Reporting
REG001005,DE,Minimum Wage,Minimum Wage regulation for Germany in 2024,2024-03-06,2025-10-19,False,,Labor Law
REG001006,DE,Minimum Wage,Minimum Wage regulation for Germany in 2025,2025-03-04,9999-12-31,True,,Taxation
REG001007,ZA,Payroll Reporting,Payroll Reporting regulation for South Africa in 2024,2024-02-20,2026-02-05,False,,Taxation
REG001008,BR,Minimum Wage,Minimum Wage regulation for Brazil in 2024,2024-07-15,2025-01-27,False,,Taxation
REG001009,ZA,Employee Benefits,Employee Benefits regulation for South Africa in 2024,2024-12-02,2025-11-02,False,,Taxation
REG001010,CA,Social Security,Social Security regulation for Canada in 2025,2025-05-13,9999-12-31,True,0.4,Labor Law
REG001011,AU,Social Security,Social Security regulation for Australia in 2023,2023-06-30,2024-07-19,False,0.39,Taxation
REG001012,IN,Income Tax,Income Tax regulation for India in 2023,2023-07-07,9999-12-31,True,0.33,Taxation
REG001013,ZA,Employee Benefits,Employee Benefits regulation for South Africa in 2025,2025-05-24,9999-12-31,True,,Taxation
REG001014,FR,Income Tax,Income Tax regulation for France in 2024,2024-05-19,2025-09-02,False,0.24,Taxation
REG001015,DE,Income Tax,Income Tax regulation for Germany in 2024,2024-12-22,9999-12-31,True,0.2,Payroll Reporting
REG001016,ZA,Income Tax,Income Tax regulation for South Africa in 2024,2024-02-23,9999-12-31,True,0.37,Labor Law
REG001017,US,Employee Benefits,Employee Benefits regulation for United States in 2024,2024-01-31,9999-12-31,True,,Taxation
REG001018,UK,Overtime Pay,Overtime Pay regulation for United Kingdom in 2024,2024-06-02,9999-12-31,True,,Labor Law
REG001019,US,Income Tax,Income Tax regulation for United States in 2024,2024-06-27,9999-12-31,True,0.14,Labor Law
REG001020,JP,Payroll Reporting,Payroll Reporting regulation for Japan in 2024,2024-03-04,9999-12-31,True,,Payroll Reporting
REG001021,CA,Overtime Pay,Overtime Pay regulation for Canada in 2024,2024-09-14,2026-06-22,False,,Payroll Reporting
REG001022,BR,Social Security,Social Security regulation for Brazil in 2023,2023-11-09,2025-02-26,False,0.25,Payroll Reporting
REG001023,BR,Minimum Wage,Minimum Wage regulation for Brazil in 2024,2024-09-03,2025-06-01,False,,Payroll Reporting
REG001024,IN,Income Tax,Income Tax regulation for India in 2024,2024-01-02,2025-08-16,False,0.24,Taxation
REG001025,CA,Overtime Pay,Overtime Pay regulation for Canada in 2023,2023-12-11,9999-12-31,True,,Payroll Reporting
REG001026,JP,Overtime Pay,Overtime Pay regulation for Japan in 2024,2024-10-04,2026-01-17,False,,Payroll Reporting
REG001027,BR,Social Security,Social Security regulation for Brazil in 2024,2024-01-25,9999-12-31,True,0.36,Taxation
REG001028,FR,Employee Benefits,Employee Benefits regulation for France in 2024,2024-03-11,9999-12-31,True,,Payroll Reporting
REG001029,DE,Overtime Pay,Overtime Pay regulation for Germany in 2025,2025-03-15,9999-12-31,True,,Labor Law
REG001030,IN,Payroll Reporting,Payroll Reporting regulation for India in 2024,2024-06-01,9999-12-31,True,,Labor Law
REG001031,DE,Payroll Reporting,Payroll Reporting regulation for Germany in 2023,2023-07-17,2024-10-09,False,,Payroll Reporting
REG001032,IN,Employee Benefits,Employee Benefits regulation for India in 2024,2024-05-11,2025-03-18,False,,Labor Law
REG001033,US,Income Tax,Income Tax regulation for United States in 2024,2024-11-29,9999-12-31,True,0.31,Payroll Reporting
REG001034,IN,Income Tax,Income Tax regulation for India in 2024,2024-07-18,2025-03-05,False,0.13,Payroll Reporting
REG001035,DE,Income Tax,Income Tax regulation for Germany in 2023,2023-07-18,2024-04-11,False,0.28,Payroll Reporting
REG001036,AU,Minimum Wage,Minimum Wage regulation for Australia in 2025,2025-05-18,9999-12-31,True,,Taxation
REG001037,IN,Overtime Pay,Overtime Pay regulation for India in 2024,2024-01-10,9999-12-31,True,,Labor Law
REG001038,BR,Employee Benefits,Employee Benefits regulation for Brazil in 2023,2023-06-23,9999-12-31,True,,Payroll Reporting
REG001039,BR,Social Security,Social Security regulation for Brazil in 2025,2025-02-06,9999-12-31,True,0.2,Labor Law
REG001040,BR,Overtime Pay,Overtime Pay regulation for Brazil in 2024,2024-05-31,9999-12-31,True,,Taxation
REG001041,UK,Income Tax,Income Tax regulation for United Kingdom in 2024,2024-07-10,9999-12-31,True,0.32,Payroll Reporting
REG001042,US,Payroll Reporting,Payroll Reporting regulation for United States in 2025,2025-04-01,9999-12-31,True,,Payroll Reporting
REG001043,ZA,Social Security,Social Security regulation for South Africa in 2025,2025-04-29,9999-12-31,True,0.12,Labor Law
REG001044,JP,Income Tax,Income Tax regulation for Japan in 2024,2024-08-07,9999-12-31,True,0.34,Labor Law
REG001045,JP,Income Tax,Income Tax regulation for Japan in 2023,2023-09-11,9999-12-31,True,0.26,Taxation
REG001046,AU,Employee Benefits,Employee Benefits regulation for Australia in 2024,2024-07-27,2025-03-30,False,,Labor Law
REG001047,JP,Payroll Reporting,Payroll Reporting regulation for Japan in 2024,2024-08-17,9999-12-31,True,,Payroll Reporting
REG001048,US,Payroll Reporting,Payroll Reporting regulation for United States in 2024,2024-12-03,9999-12-31,True,,Taxation
REG001049,CA,Employee Benefits,Employee Benefits regulation for Canada in 2023,2023-06-28,9999-12-31,True,,Payroll Reporting
REG001050,FR,Overtime Pay,Overtime Pay regulation for France in 2025,2025-02-11,9999-12-31,True,,Labor Law
REG001051,UK,Social Security,Social Security regulation for United Kingdom in 2024,2024-04-12,2025-11-16,False,0.15,Payroll Reporting
REG001052,US,Payroll Reporting,Payroll Reporting regulation for United States in 2024,2024-02-08,9999-12-31,True,,Taxation
REG001053,IN,Employee Benefits,Employee Benefits regulation for India in 2024,2024-01-17,2025-12-29,False,,Taxation
REG001054,AU,Payroll Reporting,Payroll Reporting regulation for Australia in 2025,2025-01-22,9999-12-31,True,,Labor Law
REG001055,FR,Employee Benefits,Employee Benefits regulation for France in 2024,2024-02-23,2025-12-02,False,,Taxation
REG001056,AU,Employee Benefits,Employee Benefits regulation for Australia in 2025,2025-05-24,9999-12-31,True,,Taxation
REG001057,UK,Income Tax,Income Tax regulation for United Kingdom in 2024,2024-11-03,9999-12-31,True,0.39,Payroll Reporting
REG001058,JP,Social Security,Social Security regulation for Japan in 2024,2024-04-26,9999-12-31,True,0.1,Payroll Reporting
REG001059,DE,Overtime Pay,Overtime Pay regulation for Germany in 2024,2024-06-16,9999-12-31,True,,Payroll Reporting
REG001060,FR,Payroll Reporting,Payroll Reporting regulation for France in 2025,2025-03-24,9999-12-31,True,,Payroll Reporting
REG001061,CA,Social Security,Social Security regulation for Canada in 2024,2024-10-13,9999-12-31,True,0.27,Taxation
REG001062,CA,Social Security,Social Security regulation for Canada in 2025,2025-02-22,9999-12-31,True,0.3,Payroll Reporting
REG001063,BR,Overtime Pay,Overtime Pay regulation for Brazil in 2025,2025-02-08,9999-12-31,True,,Labor Law
REG001064,AU,Employee Benefits,Employee Benefits regulation for Australia in 2024,2024-04-21,9999-12-31,True,,Payroll Reporting
REG001065,UK,Overtime Pay,Overtime Pay regulation for United Kingdom in 2023,2023-07-25,2025-04-02,False,,Labor Law
REG001066,UK,Payroll Reporting,Payroll Reporting regulation for United Kingdom in 2025,2025-04-22,9999-12-31,True,,Labor Law
REG001067,FR,Overtime Pay,Overtime Pay regulation for France in 2024,2024-12-25,9999-12-31,True,,Payroll Reporting
REG001068,JP,Payroll Reporting,Payroll Reporting regulation for Japan in 2024,2024-04-24,9999-12-31,True,,Labor Law
REG001069,BR,Overtime Pay,Overtime Pay regulation for Brazil in 2024,2024-11-25,2025-06-18,False,,Taxation
REG001070,DE,Employee Benefits,Employee Benefits regulation for Germany in 2024,2024-06-19,9999-12-31,True,,Labor Law
REG001071,DE,Social Security,Social Security regulation for Germany in 2025,2025-02-01,9999-12-31,True,0.28,Taxation
REG001072,DE,Overtime Pay,Overtime Pay regulation for Germany in 2024,2024-11-19,2026-08-15,False,,Payroll Reporting
REG001073,JP,Income Tax,Income Tax regulation for Japan in 2024,2024-04-03,9999-12-31,True,0.23,Labor Law
REG001074,UK,Overtime Pay,Overtime Pay regulation for United Kingdom in 2024,2024-08-27,2025-08-15,False,,Taxation
REG001075,JP,Employee Benefits,Employee Benefits regulation for Japan in 2025,2025-03-04,9999-12-31,True,,Payroll Reporting
REG001076,JP,Payroll Reporting,Payroll Reporting regulation for Japan in 2025,2025-01-11,9999-12-31,True,,Taxation
REG001077,FR,Minimum Wage,Minimum Wage regulation for France in 2024,2024-11-11,9999-12-31,True,,Labor Law
REG001078,ZA,Payroll Reporting,Payroll Reporting regulation for South Africa in 2024,2024-01-25,9999-12-31,True,,Taxation
REG001079,AU,Minimum Wage,Minimum Wage regulation for Australia in 2023,2023-09-27,2025-07-29,False,,Labor Law
REG001080,IN,Overtime Pay,Overtime Pay regulation for India in 2024,2024-07-19,2026-06-06,False,,Labor Law
REG001081,CA,Income Tax,Income Tax regulation for Canada in 2023,2023-12-05,9999-12-31,True,0.37,Labor Law
REG001082,JP,Income Tax,Income Tax regulation for Japan in 2023,2023-09-19,2024-04-16,False,0.38,Payroll Reporting
REG001083,CA,Income Tax,Income Tax regulation for Canada in 2023,2023-07-26,2024-05-12,False,0.37,Labor Law
REG001084,AU,Overtime Pay,Overtime Pay regulation for Australia in 2025,2025-03-02,9999-12-31,True,,Payroll Reporting
REG001085,ZA,Social Security,Social Security regulation for South Africa in 2025,2025-04-19,9999-12-31,True,0.27,Taxation
REG001086,ZA,Minimum Wage,Minimum Wage regulation for South Africa in 2024,2024-03-18,2025-09-08,False,,Taxation
REG001087,JP,Payroll Reporting,Payroll Reporting regulation for Japan in 2024,2024-10-04,2025-06-23,False,,Payroll Reporting
REG001088,UK,Minimum Wage,Minimum Wage regulation for United Kingdom in 2023,2023-12-09,2024-07-16,False,,Taxation
REG001089,AU,Income Tax,Income Tax regulation for Australia in 2024,2024-06-13,9999-12-31,True,0.32,Taxation
REG001090,CA,Minimum Wage,Minimum Wage regulation for Canada in 2024,2024-06-26,9999-12-31,True,,Payroll Reporting
REG001091,FR,Payroll Reporting,Payroll Reporting regulation for France in 2023,2023-06-24,2024-12-12,False,,Payroll Reporting
REG001092,FR,Income Tax,Income Tax regulation for France in 2024,2024-11-28,9999-12-31,True,0.29,Taxation
REG001093,ZA,Social Security,Social Security regulation for South Africa in 2024,2024-05-28,9999-12-31,True,0.14,Payroll Reporting
REG001094,IN,Minimum Wage,Minimum Wage regulation for India in 2025,2025-03-13,9999-12-31,True,,Payroll Reporting
REG001095,US,Income Tax,Income Tax regulation for United States in 2023,2023-11-17,2024-06-20,False,0.25,Taxation
REG001096,ZA,Income Tax,Income Tax regulation for South Africa in 2024,2024-06-29,2025-12-13,False,0.14,Taxation
REG001097,IN,Social Security,Social Security regulation for India in 2025,2025-04-30,9999-12-31,True,0.36,Labor Law
REG001098,ZA,Social Security,Social Security regulation for South Africa in 2023,2023-08-21,9999-12-31,True,0.29,Taxation
REG001099,DE,Social Security,Social Security regulation for Germany in 2024,2024-04-20,9999-12-31,True,0.1,Labor Law
REG001100,BR,Income Tax,Income Tax regulation for Brazil in 2024,2024-04-10,9999-12-31,True,0.34,Taxation
REG001101,DE,Employee Benefits,Employee Benefits regulation for Germany in 2025,2025-01-28,9999-12-31,True,,Payroll Reporting
REG001102,DE,Social Security,Social Security regulation for Germany in 2024,2024-11-26,2026-08-30,False,0.21,Labor Law
REG001103,CA,Income Tax,Income Tax regulation for Canada in 2024,2024-05-21,2026-04-07,False,0.37,Payroll Reporting
REG001104,UK,Employee Benefits,Employee Benefits regulation for United Kingdom in 2024,2024-02-03,2025-06-09,False,,Labor Law
REG001105,ZA,Minimum Wage,Minimum Wage regulation for South Africa in 2023,2023-08-22,2025-07-09,False,,Labor Law
REG001106,US,Employee Benefits,Employee Benefits regulation for United States in 2024,2024-12-16,2026-10-31,False,,Taxation
REG001107,AU,Employee Benefits,Employee Benefits regulation for Australia in 2024,2024-08-25,2025-11-07,False,,Labor Law
REG001108,BR,Minimum Wage,Minimum Wage regulation for Brazil in 2023,2023-11-27,2024-07-31,False,,Labor Law
REG001109,DE,Employee Benefits,Employee Benefits regulation for Germany in 2024,2024-04-12,2026-04-11,False,,Payroll Reporting
REG001110,DE,Minimum Wage,Minimum Wage regulation for Germany in 2024,2024-01-20,9999-12-31,True,,Payroll Reporting
REG001111,CA,Payroll Reporting,Payroll Reporting regulation for Canada in 2025,2025-01-09,9999-12-31,True,,Taxation
REG001112,CA,Payroll Reporting,Payroll Reporting regulation for Canada in 2024,2024-04-01,9999-12-31,True,,Payroll Reporting
REG001113,AU,Employee Benefits,Employee Benefits regulation for Australia in 2024,2024-04-21,2025-03-30,False,,Labor Law
REG001114,FR,Social Security,Social Security regulation for France in 2023,2023-05-27,2024-12-28,False,0.35,Payroll Reporting
REG001115,AU,Social Security,Social Security regulation for Australia in 2024,2024-12-10,9999-12-31,True,0.11,Payroll Reporting
REG001116,FR,Overtime Pay,Overtime Pay regulation for France in 2024,2024-10-08,2026-09-25,False,,Labor Law
REG001117,US,Payroll Reporting,Payroll Reporting regulation for United States in 2023,2023-08-01,2024-10-03,False,,Taxation
REG001118,DE,Payroll Reporting,Payroll Reporting regulation for Germany in 2024,2024-03-25,9999-12-31,True,,Payroll Reporting
REG001119,CA,Minimum Wage,Minimum Wage regulation for Canada in 2024,2024-10-31,9999-12-31,True,,Payroll Reporting
REG001120,DE,Payroll Reporting,Payroll Reporting regulation for Germany in 2023,2023-12-27,2025-12-24,False,,Taxation
REG001121,AU,Income Tax,Income Tax regulation for Australia in 2025,2025-04-02,9999-12-31,True,0.33,Labor Law
REG001122,AU,Income Tax,Income Tax regulation for Australia in 2023,2023-09-23,2024-04-22,False,0.28,Payroll Reporting
REG001123,CA,Overtime Pay,Overtime Pay regulation for Canada in 2023,2023-07-24,2024-07-07,False,,Payroll Reporting
REG001124,US,Income Tax,Income Tax regulation for United States in 2023,2023-06-29,2024-07-14,False,0.18,Payroll Reporting
REG001125,BR,Payroll Reporting,Payroll Reporting regulation for Brazil in 2023,2023-11-13,9999-12-31,True,,Payroll Reporting
REG001126,FR,Overtime Pay,Overtime Pay regulation for France in 2025,2025-05-21,9999-12-31,True,,Taxation
REG001127,FR,Social Security,Social Security regulation for France in 2023,2023-09-01,2024-11-30,False,0.29,Labor Law
REG001128,US,Social Security,Social Security regulation for United States in 2025,2025-03-23,9999-12-31,True,0.27,Taxation
REG001129,UK,Overtime Pay,Overtime Pay regulation for United Kingdom in 2024,2024-01-28,9999-12-31,True,,Labor Law
REG001130,JP,Minimum Wage,Minimum Wage regulation for Japan in 2024,2024-09-13,9999-12-31,True,,Labor Law
REG001131,US,Employee Benefits,Employee Benefits regulation for United States in 2023,2023-12-29,9999-12-31,True,,Payroll Reporting
REG001132,US,Minimum Wage,Minimum Wage regulation for United States in 2024,2024-11-24,2025-06-15,False,,Payroll Reporting
REG001133,IN,Payroll Reporting,Payroll Reporting regulation for India in 2024,2024-10-24,9999-12-31,True,,Labor Law
REG001134,BR,Minimum Wage,Minimum Wage regulation for Brazil in 2025,2025-02-03,9999-12-31,True,,Taxation
REG001135,UK,Social Security,Social Security regulation for United Kingdom in 2024,2024-05-28,2025-08-22,False,0.33,Payroll Reporting
REG001136,BR,Social Security,Social Security regulation for Brazil in 2025,2025-05-25,9999-12-31,True,0.33,Payroll Reporting
REG001137,AU,Social Security,Social Security regulation for Australia in 2024,2024-08-27,9999-12-31,True,0.34,Payroll Reporting
REG001138,UK,Income Tax,Income Tax regulation for United Kingdom in 2023,2023-11-25,9999-12-31,True,0.17,Labor Law
REG001139,ZA,Income Tax,Income Tax regulation for South Africa in 2024,2024-05-09,2025-04-24,False,0.22,Taxation
REG001140,FR,Minimum Wage,Minimum Wage regulation for France in 2023,2023-06-07,9999-12-31,True,,Payroll Reporting
REG001141,DE,Employee Benefits,Employee Benefits regulation for Germany in 2024,2024-06-16,2025-06-18,False,,Payroll Reporting
REG001142,AU,Income Tax,Income Tax regulation for Australia in 2024,2024-06-10,9999-12-31,True,0.26,Labor Law
REG001143,BR,Payroll Reporting,Payroll Reporting regulation for Brazil in 2024,2024-10-01,9999-12-31,True,,Payroll Reporting
REG001144,AU,Minimum Wage,Minimum Wage regulation for Australia in 2023,2023-10-26,2025-04-08,False,,Taxation
REG001145,CA,Employee Benefits,Employee Benefits regulation for Canada in 2024,2024-10-09,2025-05-18,False,,Payroll Reporting
REG001146,UK,Payroll Reporting,Payroll Reporting regulation for United Kingdom in 2023,2023-07-13,9999-12-31,True,,Labor Law
REG001147,UK,Income Tax,Income Tax regulation for United Kingdom in 2024,2024-04-22,2025-08-26,False,0.2,Labor Law
REG001148,AU,Employee Benefits,Employee Benefits regulation for Australia in 2024,2024-11-27,9999-12-31,True,,Payroll Reporting
REG001149,FR,Employee Benefits,Employee Benefits regulation for France in 2024,2024-09-22,9999-12-31,True,,Labor Law
REG001150,IN,Overtime Pay,Overtime Pay regulation for India in 2024,2024-04-25,9999-12-31,True,,Payroll Reporting
REG001151,UK,Overtime Pay,Overtime Pay regulation for United Kingdom in 2024,2024-06-14,2025-07-03,False,,Taxation
REG001152,FR,Minimum Wage,Minimum Wage regulation for France in 2024,2024-10-08,2025-07-12,False,,Taxation
REG001153,UK,Employee Benefits,Employee Benefits regulation for United Kingdom in 2024,2024-03-20,2026-01-16,False,,Labor Law
REG001154,DE,Employee Benefits,Employee Benefits regulation for Germany in 2025,2025-03-24,9999-12-31,True,,Payroll Reporting
REG001155,IN,Overtime Pay,Overtime Pay regulation for India in 2024,2024-11-22,2025-09-01,False,,Taxation
REG001156,DE,Income Tax,Income Tax regulation for Germany in 2024,2024-12-27,2026-12-15,False,0.14,Payroll Reporting
REG001157,FR,Overtime Pay,Overtime Pay regulation for France in 2024,2024-01-22,9999-12-31,True,,Taxation
REG001158,ZA,Payroll Reporting,Payroll Reporting regulation for South Africa in 2023,2023-07-25,9999-12-31,True,,Labor Law
REG001159,ZA,Social Security,Social Security regulation for South Africa in 2025,2025-03-04,9999-12-31,True,0.13,Labor Law
REG001160,BR,Income Tax,Income Tax regulation for Brazil in 2024,2024-06-02,9999-12-31,True,0.38,Payroll Reporting
REG001161,AU,Income Tax,Income Tax regulation for Australia in 2024,2024-11-11,2026-09-27,False,0.38,Labor Law
REG001162,AU,Income Tax,Income Tax regulation for Australia in 2023,2023-07-19,2024-06-09,False,0.38,Taxation
REG001163,DE,Overtime Pay,Overtime Pay regulation for Germany in 2024,2024-01-29,9999-12-31,True,,Payroll Reporting
REG001164,UK,Social Security,Social Security regulation for United Kingdom in 2024,2024-06-23,9999-12-31,True,0.18,Taxation
REG001165,JP,Payroll Reporting,Payroll Reporting regulation for Japan in 2024,2024-02-08,9999-12-31,True,,Labor Law
REG001166,JP,Minimum Wage,Minimum Wage regulation for Japan in 2023,2023-12-11,9999-12-31,True,,Payroll Reporting
REG001167,CA,Employee Benefits,Employee Benefits regulation for Canada in 2023,2023-08-24,9999-12-31,True,,Taxation
REG001168,IN,Minimum Wage,Minimum Wage regulation for India in 2023,2023-09-13,9999-12-31,True,,Labor Law
REG001169,CA,Minimum Wage,Minimum Wage regulation for Canada in 2025,2025-05-26,9999-12-31,True,,Taxation
REG001170,IN,Payroll Reporting,Payroll Reporting regulation for India in 2023,2023-08-08,9999-12-31,True,,Payroll Reporting
REG001171,BR,Income Tax,Income Tax regulation for Brazil in 2023,2023-08-21,9999-12-31,True,0.18,Labor Law
REG001172,AU,Minimum Wage,Minimum Wage regulation for Australia in 2024,2024-06-11,2025-12-30,False,,Labor Law
REG001173,IN,Payroll Reporting,Payroll Reporting regulation for India in 2023,2023-11-02,9999-12-31,True,,Taxation
REG001174,AU,Minimum Wage,Minimum Wage regulation for Australia in 2025,2025-01-08,9999-12-31,True,,Payroll Reporting
REG001175,US,Employee Benefits,Employee Benefits regulation for United States in 2023,2023-09-15,2024-12-02,False,,Taxation
REG001176,UK,Payroll Reporting,Payroll Reporting regulation for United Kingdom in 2025,2025-03-18,9999-12-31,True,,Payroll Reporting
REG001177,BR,Employee Benefits,Employee Benefits regulation for Brazil in 2024,2024-12-21,2026-02-28,False,,Labor Law
REG001178,ZA,Minimum Wage,Minimum Wage regulation for South Africa in 2024,2024-04-17,9999-12-31,True,,Taxation
REG001179,US,Employee Benefits,Employee Benefits regulation for United States in 2024,2024-08-14,9999-12-31,True,,Payroll Reporting
REG001180,ZA,Overtime Pay,Overtime Pay regulation for South Africa in 2023,2023-08-10,2024-06-06,False,,Payroll Reporting
REG001181,UK,Minimum Wage,Minimum Wage regulation for United Kingdom in 2023,2023-10-01,9999-12-31,True,,Labor Law
REG001182,IN,Employee Benefits,Employee Benefits regulation for India in 2023,2023-12-29,9999-12-31,True,,Payroll Reporting
REG001183,FR,Payroll Reporting,Payroll Reporting regulation for France in 2024,2024-03-07,9999-12-31,True,,Labor Law
REG001184,AU,Income Tax,Income Tax regulation for Australia in 2024,2024-03-16,2025-04-18,False,0.36,Payroll Reporting
REG001185,UK,Overtime Pay,Overtime Pay regulation for United Kingdom in 2024,2024-03-26,9999-12-31,True,,Payroll Reporting
REG001186,ZA,Income Tax,Income Tax regulation for South Africa in 2024,2024-08-22,9999-12-31,True,0.32,Labor Law
REG001187,BR,Payroll Reporting,Payroll Reporting regulation for Brazil in 2023,2023-10-14,9999-12-31,True,,Taxation
REG001188,UK,Payroll Reporting,Payroll Reporting regulation for United Kingdom in 2024,2024-05-25,9999-12-31,True,,Labor Law
REG001189,ZA,Income Tax,Income Tax regulation for South Africa in 2024,2024-11-23,2026-08-18,False,0.17,Labor Law
REG001190,DE,Overtime Pay,Overtime Pay regulation for Germany in 2025,2025-03-13,9999-12-31,True,,Taxation
REG001191,US,Minimum Wage,Minimum Wage regulation for United States in 2024,2024-03-16,9999-12-31,True,,Payroll Reporting
REG001192,JP,Employee Benefits,Employee Benefits regulation for Japan in 2023,2023-09-21,2025-07-31,False,,Taxation
REG001193,FR,Employee Benefits,Employee Benefits regulation for France in 2023,2023-06-17,2024-12-02,False,,Payroll Reporting
REG001194,ZA,Employee Benefits,Employee Benefits regulation for South Africa in 2023,2023-12-04,9999-12-31,True,,Labor Law
REG001195,BR,Income Tax,Income Tax regulation for Brazil in 2024,2024-11-03,2026-02-06,False,0.2,Taxation
REG001196,IN,Income Tax,Income Tax regulation for India in 2023,2023-11-16,9999-12-31,True,0.33,Labor Law
REG001197,JP,Social Security,Social Security regulation for Japan in 2023,2023-07-09,2024-02-09,False,0.37,Payroll Reporting
REG001198,CA,Employee Benefits,Employee Benefits regulation for Canada in 2023,2023-12-11,2024-08-03,False,,Taxation
REG001199,ZA,Minimum Wage,Minimum Wage regulation for South Africa in 2024,2024-01-21,2025-10-25,False,,Labor Law
REG001200,US,Social Security,Social Security regulation for United States in 2024,2024-09-09,9999-12-31,True,0.18,Payroll Reporting
REG001201,BR,Minimum Wage,Minimum Wage regulation for Brazil in 2023,2023-11-23,2025-09-03,False,,Payroll Reporting
REG001202,AU,Minimum Wage,Minimum Wage regulation for Australia in 2023,2023-09-24,9999-12-31,True,,Payroll Reporting
REG001203,IN,Social Security,Social Security regulation for India in 2024,2024-04-15,2026-03-13,False,0.13,Taxation
REG001204,BR,Payroll Reporting,Payroll Reporting regulation for Brazil in 2024,2024-02-01,9999-12-31,True,,Labor Law
REG001205,IN,Income Tax,Income Tax regulation for India in 2024,2024-07-29,9999-12-31,True,0.36,Labor Law
REG001206,UK,Social Security,Social Security regulation for United Kingdom in 2024,2024-09-27,9999-12-31,True,0.18,Taxation
REG001207,UK,Payroll Reporting,Payroll Reporting regulation for United Kingdom in 2023,2023-08-09,2024-07-17,False,,Taxation
REG001208,US,Income Tax,Income Tax regulation for United States in 2023,2023-10-20,9999-12-31,True,0.26,Payroll Reporting
REG001209,IN,Minimum Wage,Minimum Wage regulation for India in 2025,2025-01-05,9999-12-31,True,,Taxation
REG001210,IN,Income Tax,Income Tax regulation for India in 2024,2024-02-14,9999-12-31,True,0.31,Taxation
REG001211,DE,Payroll Reporting,Payroll Reporting regulation for Germany in 2024,2024-01-11,9999-12-31,True,,Payroll Reporting
REG001212,DE,Social Security,Social Security regulation for Germany in 2023,2023-10-19,2024-04-25,False,0.17,Payroll Reporting
REG001213,UK,Employee Benefits,Employee Benefits regulation for United Kingdom in 2023,2023-06-22,2024-08-26,False,,Payroll Reporting
REG001214,DE,Payroll Reporting,Payroll Reporting regulation for Germany in 2025,2025-03-15,9999-12-31,True,,Taxation
REG001215,FR,Employee Benefits,Employee Benefits regulation for France in 2025,2025-01-01,9999-12-31,True,,Payroll Reporting
REG001216,ZA,Employee Benefits,Employee Benefits regulation for South Africa in 2023,2023-06-24,2025-05-01,False,,Labor Law
REG001217,FR,Social Security,Social Security regulation for France in 2024,2024-09-20,9999-12-31,True,0.11,Labor Law
REG001218,IN,Income Tax,Income Tax regulation for India in 2025,2025-05-21,9999-12-31,True,0.18,Payroll Reporting
REG001219,UK,Income Tax,Income Tax regulation for United Kingdom in 2025,2025-01-12,9999-12-31,True,0.39,Taxation
REG001220,FR,Income Tax,Income Tax regulation for France in 2023,2023-08-31,2024-10-31,False,0.18,Labor Law
REG001221,US,Employee Benefits,Employee Benefits regulation for United States in 2025,2025-03-26,9999-12-31,True,,Payroll Reporting
REG001222,JP,Payroll Reporting,Payroll Reporting regulation for Japan in 2024,2024-06-04,2025-03-17,False,,Taxation
REG001223,BR,Overtime Pay,Overtime Pay regulation for Brazil in 2023,2023-09-02,9999-12-31,True,,Payroll Reporting
REG001224,AU,Income Tax,Income Tax regulation for Australia in 2024,2024-07-31,9999-12-31,True,0.36,Payroll Reporting
REG001225,UK,Payroll Reporting,Payroll Reporting regulation for United Kingdom in 2024,2024-06-19,2025-10-23,False,,Labor Law
REG001226,CA,Minimum Wage,Minimum Wage regulation for Canada in 2024,2024-09-17,2026-07-12,False,,Taxation
REG001227,ZA,Overtime Pay,Overtime Pay regulation for South Africa in 2023,2023-12-24,2025-06-02,False,,Labor Law
REG001228,UK,Payroll Reporting,Payroll Reporting regulation for United Kingdom in 2024,2024-02-28,9999-12-31,True,,Labor Law
REG001229,DE,Overtime Pay,Overtime Pay regulation for Germany in 2024,2024-05-02,9999-12-31,True,,Taxation
REG001230,FR,Overtime Pay,Overtime Pay regulation for France in 2025,2025-05-09,9999-12-31,True,,Payroll Reporting
REG001231,UK,Employee Benefits,Employee Benefits regulation for United Kingdom in 2023,2023-10-04,2024-08-23,False,,Labor Law
REG001232,BR,Payroll Reporting,Payroll Reporting regulation for Brazil in 2024,2024-02-22,2025-10-04,False,,Taxation
REG001233,IN,Employee Benefits,Employee Benefits regulation for India in 2024,2024-08-19,2026-03-12,False,,Labor Law
REG001234,JP,Social Security,Social Security regulation for Japan in 2025,2025-01-28,9999-12-31,True,0.38,Labor Law
REG001235,AU,Overtime Pay,Overtime Pay regulation for Australia in 2023,2023-06-27,9999-12-31,True,,Labor Law
REG001236,UK,Social Security,Social Security regulation for United Kingdom in 2025,2025-03-08,9999-12-31,True,0.26,Payroll Reporting
REG001237,FR,Employee Benefits,Employee Benefits regulation for France in 2024,2024-06-07,2025-01-20,False,,Taxation
REG001238,IN,Social Security,Social Security regulation for India in 2024,2024-10-15,2026-05-07,False,0.39,Labor Law
REG001239,CA,Overtime Pay,Overtime Pay regulation for Canada in 2023,2023-05-28,2024-05-22,False,,Labor Law
REG001240,DE,Social Security,Social Security regulation for Germany in 2024,2024-08-28,9999-12-31,True,0.1,Payroll Reporting
REG001241,UK,Income Tax,Income Tax regulation for United Kingdom in 2024,2024-12-09,2026-08-07,False,0.33,Payroll Reporting
REG001242,CA,Social Security,Social Security regulation for Canada in 2024,2024-07-31,9999-12-31,True,0.21,Labor Law
REG001243,JP,Social Security,Social Security regulation for Japan in 2023,2023-06-13,9999-12-31,True,0.28,Payroll Reporting
REG001244,DE,Social Security,Social Security regulation for Germany in 2023,2023-12-29,2025-03-21,False,0.24,Labor Law
REG001245,DE,Minimum Wage,Minimum Wage regulation for Germany in 2024,2024-07-28,2026-02-24,False,,Payroll Reporting
REG001246,JP,Overtime Pay,Overtime Pay regulation for Japan in 2024,2024-06-23,9999-12-31,True,,Taxation
REG001247,DE,Payroll Reporting,Payroll Reporting regulation for Germany in 2025,2025-04-25,9999-12-31,True,,Payroll Reporting
REG001248,BR,Income Tax,Income Tax regulation for Brazil in 2024,2024-11-07,9999-12-31,True,0.18,Taxation
REG001249,FR,Employee Benefits,Employee Benefits regulation for France in 2025,2025-02-25,9999-12-31,True,,Payroll Reporting
REG001250,BR,Overtime Pay,Overtime Pay regulation for Brazil in 2024,2024-03-17,9999-12-31,True,,Payroll Reporting
REG001251,UK,Minimum Wage,Minimum Wage regulation for United Kingdom in 2023,2023-08-13,9999-12-31,True,,Payroll Reporting
REG001252,IN,Employee Benefits,Employee Benefits regulation for India in 2025,2025-03-15,9999-12-31,True,,Payroll Reporting
REG001253,UK,Employee Benefits,Employee Benefits regulation for United Kingdom in 2025,2025-01-10,9999-12-31,True,,Payroll Reporting
REG001254,IN,Overtime Pay,Overtime Pay regulation for India in 2024,2024-02-11,9999-12-31,True,,Labor Law
REG001255,AU,Payroll Reporting,Payroll Reporting regulation for Australia in 2024,2024-05-18,9999-12-31,True,,Labor Law
REG001256,UK,Income Tax,Income Tax regulation for United Kingdom in 2023,2023-10-18,2024-06-05,False,0.21,Payroll Reporting
REG001257,IN,Payroll Reporting,Payroll Reporting regulation for India in 2023,2023-12-16,9999-12-31,True,,Taxation
REG001258,JP,Overtime Pay,Overtime Pay regulation for Japan in 2023,2023-10-05,9999-12-31,True,,Taxation
REG001259,JP,Social Security,Social Security regulation for Japan in 2025,2025-04-16,9999-12-31,True,0.18,Taxation
REG001260,JP,Social Security,Social Security regulation for Japan in 2023,2023-12-09,9999-12-31,True,0.13,Taxation
REG001261,FR,Employee Benefits,Employee Benefits regulation for France in 2024,2024-11-05,2025-06-27,False,,Labor Law
REG001262,AU,Employee Benefits,Employee Benefits regulation for Australia in 2024,2024-02-07,2026-01-25,False,,Payroll Reporting
REG001263,JP,Employee Benefits,Employee Benefits regulation for Japan in 2024,2024-07-20,2026-05-19,False,,Labor Law
REG001264,ZA,Payroll Reporting,Payroll Reporting regulation for South Africa in 2024,2024-07-20,2025-03-15,False,,Labor Law
REG001265,IN,Social Security,Social Security regulation for India in 2024,2024-07-27,9999-12-31,True,0.25,Taxation
REG001266,CA,Payroll Reporting,Payroll Reporting regulation for Canada in 2023,2023-06-25,2024-11-29,False,,Labor Law
REG001267,AU,Payroll Reporting,Payroll Reporting regulation for Australia in 2023,2023-06-07,9999-12-31,True,,Payroll Reporting
REG001268,ZA,Payroll Reporting,Payroll Reporting regulation for South Africa in 2023,2023-06-12,9999-12-31,True,,Taxation
REG001269,DE,Income Tax,Income Tax regulation for Germany in 2025,2025-03-01,9999-12-31,True,0.25,Payroll Reporting
REG001270,AU,Overtime Pay,Overtime Pay regulation for Australia in 2023,2023-11-10,9999-12-31,True,,Taxation
REG001271,DE,Social Security,Social Security regulation for Germany in 2023,2023-10-27,9999-12-31,True,0.15,Labor Law
REG001272,AU,Minimum Wage,Minimum Wage regulation for Australia in 2024,2024-07-16,2025-07-13,False,,Payroll Reporting
REG001273,DE,Income Tax,Income Tax regulation for Germany in 2023,2023-06-23,2024-10-27,False,0.28,Taxation
REG001274,FR,Payroll Reporting,Payroll Reporting regulation for France in 2024,2024-03-20,9999-12-31,True,,Taxation
REG001275,ZA,Social Security,Social Security regulation for South Africa in 2024,2024-11-18,9999-12-31,True,0.22,Taxation
REG001276,US,Income Tax,Income Tax regulation for United States in 2023,2023-10-20,9999-12-31,True,0.29,Taxation
REG001277,FR,Income Tax,Income Tax regulation for France in 2025,2025-05-17,9999-12-31,True,0.23,Labor Law
REG001278,AU,Social Security,Social Security regulation for Australia in 2024,2024-03-20,9999-12-31,True,0.13,Taxation
REG001279,BR,Overtime Pay,Overtime Pay regulation for Brazil in 2025,2025-04-09,9999-12-31,True,,Taxation
REG001280,BR,Income Tax,Income Tax regulation for Brazil in 2025,2025-03-23,9999-12-31,True,0.24,Payroll Reporting
REG001281,AU,Minimum Wage,Minimum Wage regulation for Australia in 2023,2023-11-18,9999-12-31,True,,Taxation
REG001282,CA,Employee Benefits,Employee Benefits regulation for Canada in 2024,2024-03-06,9999-12-31,True,,Taxation
REG001283,FR,Employee Benefits,Employee Benefits regulation for France in 2023,2023-09-25,9999-12-31,True,,Payroll Reporting
REG001284,AU,Employee Benefits,Employee Benefits regulation for Australia in 2024,2024-06-14,2025-12-26,False,,Payroll Reporting
REG001285,AU,Payroll Reporting,Payroll Reporting regulation for Australia in 2024,2024-11-12,9999-12-31,True,,Labor Law
REG001286,DE,Social Security,Social Security regulation for Germany in 2023,2023-06-22,9999-12-31,True,0.15,Labor Law
REG001287,BR,Payroll Reporting,Payroll Reporting regulation for Brazil in 2023,2023-05-28,9999-12-31,True,,Taxation
REG001288,AU,Minimum Wage,Minimum Wage regulation for Australia in 2024,2024-11-03,9999-12-31,True,,Labor Law
REG001289,CA,Income Tax,Income Tax regulation for Canada in 2024,2024-03-27,9999-12-31,True,0.2,Taxation
REG001290,CA,Overtime Pay,Overtime Pay regulation for Canada in 2023,2023-10-23,2024-10-20,False,,Taxation
REG001291,IN,Employee Benefits,Employee Benefits regulation for India in 2024,2024-09-19,9999-12-31,True,,Labor Law
REG001292,US,Income Tax,Income Tax regulation for United States in 2023,2023-07-30,2024-09-20,False,0.27,Labor Law
REG001293,AU,Minimum Wage,Minimum Wage regulation for Australia in 2024,2024-05-31,9999-12-31,True,,Taxation
REG001294,JP,Minimum Wage,Minimum Wage regulation for Japan in 2024,2024-08-04,2025-09-27,False,,Taxation
REG001295,AU,Overtime Pay,Overtime Pay regulation for Australia in 2024,2024-03-11,9999-12-31,True,,Taxation
REG001296,ZA,Social Security,Social Security regulation for South Africa in 2025,2025-01-30,9999-12-31,True,0.1,Labor Law
REG001297,ZA,Overtime Pay,Overtime Pay regulation for South Africa in 2025,2025-04-11,9999-12-31,True,,Payroll Reporting
REG001298,AU,Payroll Reporting,Payroll Reporting regulation for Australia in 2024,2024-05-04,9999-12-31,True,,Payroll Reporting
REG001299,ZA,Overtime Pay,Overtime Pay regulation for South Africa in 2024,2024-05-21,2025-11-23,False,,Payroll Reporting
REG001300,JP,Overtime Pay,Overtime Pay regulation for Japan in 2024,2024-07-19,9999-12-31,True,,Payroll Reporting
REG001301,CA,Employee Benefits,Employee Benefits regulation for Canada in 2023,2023-11-25,9999-12-31,True,,Payroll Reporting
REG001302,ZA,Payroll Reporting,Payroll Reporting regulation for South Africa in 2024,2024-08-28,9999-12-31,True,,Payroll Reporting
REG001303,UK,Overtime Pay,Overtime Pay regulation for United Kingdom in 2023,2023-10-31,2024-11-06,False,,Labor Law
REG001304,UK,Overtime Pay,Overtime Pay regulation for United Kingdom in 2023,2023-08-25,2025-07-25,False,,Taxation
REG001305,UK,Social Security,Social Security regulation for United Kingdom in 2023,2023-12-01,9999-12-31,True,0.39,Labor Law
REG001306,BR,Overtime Pay,Overtime Pay regulation for Brazil in 2024,2024-03-08,2024-10-03,False,,Labor Law
REG001307,IN,Income Tax,Income Tax regulation for India in 2025,2025-03-19,9999-12-31,True,0.24,Taxation
REG001308,CA,Income Tax,Income Tax regulation for Canada in 2025,2025-04-01,9999-12-31,True,0.31,Taxation
REG001309,CA,Social Security,Social Security regulation for Canada in 2024,2024-11-29,9999-12-31,True,0.29,Payroll Reporting
REG001310,CA,Income Tax,Income Tax regulation for Canada in 2023,2023-08-14,9999-12-31,True,0.34,Taxation
REG001311,DE,Employee Benefits,Employee Benefits regulation for Germany in 2024,2024-03-01,9999-12-31,True,,Taxation
REG001312,BR,Overtime Pay,Overtime Pay regulation for Brazil in 2024,2024-04-01,2025-08-09,False,,Taxation
REG001313,UK,Payroll Reporting,Payroll Reporting regulation for United Kingdom in 2023,2023-10-20,9999-12-31,True,,Payroll Reporting
REG001314,CA,Minimum Wage,Minimum Wage regulation for Canada in 2024,2024-11-29,2025-11-16,False,,Labor Law
REG001315,JP,Minimum Wage,Minimum Wage regulation for Japan in 2023,2023-11-24,9999-12-31,True,,Payroll Reporting
REG001316,US,Social Security,Social Security regulation for United States in 2024,2024-02-22,2025-04-27,False,0.34,Labor Law
REG001317,US,Employee Benefits,Employee Benefits regulation for United States in 2023,2023-11-27,2025-08-17,False,,Labor Law
REG001318,AU,Employee Benefits,Employee Benefits regulation for Australia in 2023,2023-11-21,9999-12-31,True,,Taxation
REG001319,JP,Overtime Pay,Overtime Pay regulation for Japan in 2024,2024-01-01,9999-12-31,True,,Labor Law
REG001320,DE,Minimum Wage,Minimum Wage regulation for Germany in 2024,2024-12-31,9999-12-31,True,,Payroll Reporting
REG001321,ZA,Minimum Wage,Minimum Wage regulation for South Africa in 2023,2023-10-22,9999-12-31,True,,Labor Law
REG001322,FR,Minimum Wage,Minimum Wage regulation for France in 2024,2024-04-30,9999-12-31,True,,Payroll Reporting
REG001323,JP,Payroll Reporting,Payroll Reporting regulation for Japan in 2024,2024-04-08,9999-12-31,True,,Taxation
REG001324,FR,Income Tax,Income Tax regulation for France in 2025,2025-03-07,9999-12-31,True,0.2,Payroll Reporting
REG001325,IN,Minimum Wage,Minimum Wage regulation for India in 2023,2023-10-17,2024-07-18,False,,Payroll Reporting
REG001326,ZA,Income Tax,Income Tax regulation for South Africa in 2024,2024-07-24,9999-12-31,True,0.22,Taxation
REG001327,UK,Income Tax,Income Tax regulation for United Kingdom in 2024,2024-12-01,9999-12-31,True,0.2,Labor Law
REG001328,ZA,Minimum Wage,Minimum Wage regulation for South Africa in 2024,2024-05-28,9999-12-31,True,,Payroll Reporting
REG001329,ZA,Payroll Reporting,Payroll Reporting regulation for South Africa in 2024,2024-01-24,9999-12-31,True,,Taxation
REG001330,IN,Social Security,Social Security regulation for India in 2024,2024-05-12,2025-12-04,False,0.31,Labor Law
REG001331,ZA,Employee Benefits,Employee Benefits regulation for South Africa in 2023,2023-09-23,2024-09-14,False,,Taxation
REG001332,ZA,Minimum Wage,Minimum Wage regulation for South Africa in 2024,2024-09-05,9999-12-31,True,,Taxation
REG001333,JP,Overtime Pay,Overtime Pay regulation for Japan in 2024,2024-11-21,9999-12-31,True,,Payroll Reporting
REG001334,CA,Income Tax,Income Tax regulation for Canada in 2024,2024-03-07,9999-12-31,True,0.29,Payroll Reporting
REG001335,BR,Payroll Reporting,Payroll Reporting regulation for Brazil in 2024,2024-12-01,9999-12-31,True,,Payroll Reporting
REG001336,BR,Minimum Wage,Minimum Wage regulation for Brazil in 2025,2025-03-25,9999-12-31,True,,Taxation
REG001337,CA,Employee Benefits,Employee Benefits regulation for Canada in 2024,2024-07-02,9999-12-31,True,,Labor Law
REG001338,US,Overtime Pay,Overtime Pay regulation for United States in 2025,2025-02-25,9999-12-31,True,,Labor Law
REG001339,IN,Payroll Reporting,Payroll Reporting regulation for India in 2023,2023-06-17,9999-12-31,True,,Labor Law
REG001340,DE,Social Security,Social Security regulation for Germany in 2023,2023-10-06,9999-12-31,True,0.34,Payroll Reporting
REG001341,JP,Payroll Reporting,Payroll Reporting regulation for Japan in 2024,2024-04-19,9999-12-31,True,,Taxation
REG001342,CA,Social Security,Social Security regulation for Canada in 2024,2024-05-30,2025-12-10,False,0.13,Payroll Reporting
REG001343,JP,Overtime Pay,Overtime Pay regulation for Japan in 2025,2025-04-11,9999-12-31,True,,Labor Law
REG001344,ZA,Minimum Wage,Minimum Wage regulation for South Africa in 2024,2024-09-20,9999-12-31,True,,Payroll Reporting
REG001345,DE,Minimum Wage,Minimum Wage regulation for Germany in 2023,2023-11-13,2024-11-06,False,,Labor Law
REG001346,BR,Employee Benefits,Employee Benefits regulation for Brazil in 2024,2024-08-31,9999-12-31,True,,Labor Law
REG001347,ZA,Social Security,Social Security regulation for South Africa in 2023,2023-08-24,2025-02-05,False,0.11,Labor Law
REG001348,BR,Minimum Wage,Minimum Wage regulation for Brazil in 2024,2024-03-20,9999-12-31,True,,Payroll Reporting
REG001349,AU,Social Security,Social Security regulation for Australia in 2023,2023-12-21,2025-03-23,False,0.36,Labor Law
REG001350,US,Social Security,Social Security regulation for United States in 2024,2024-09-03,2026-05-08,False,0.19,Taxation
REG001351,AU,Payroll Reporting,Payroll Reporting regulation for Australia in 2024,2024-08-19,9999-12-31,True,,Labor Law
REG001352,DE,Minimum Wage,Minimum Wage regulation for Germany in 2024,2024-01-15,9999-12-31,True,,Labor Law
REG001353,FR,Income Tax,Income Tax regulation for France in 2024,2024-07-17,9999-12-31,True,0.1,Payroll Reporting
REG001354,ZA,Minimum Wage,Minimum Wage regulation for South Africa in 2023,2023-10-07,2024-08-21,False,,Payroll Reporting
REG001355,JP,Overtime Pay,Overtime Pay regulation for Japan in 2024,2024-05-13,9999-12-31,True,,Labor Law
REG001356,CA,Employee Benefits,Employee Benefits regulation for Canada in 2024,2024-07-04,2026-01-21,False,,Payroll Reporting
REG001357,DE,Overtime Pay,Overtime Pay regulation for Germany in 2025,2025-04-13,9999-12-31,True,,Labor Law
REG001358,ZA,Payroll Reporting,Payroll Reporting regulation for South Africa in 2023,2023-12-25,2025-10-02,False,,Taxation
REG001359,DE,Employee Benefits,Employee Benefits regulation for Germany in 2025,2025-04-03,9999-12-31,True,,Taxation
REG001360,FR,Employee Benefits,Employee Benefits regulation for France in 2024,2024-02-27,9999-12-31,True,,Labor Law
REG001361,ZA,Income Tax,Income Tax regulation for South Africa in 2025,2025-02-15,9999-12-31,True,0.13,Labor Law
REG001362,ZA,Overtime Pay,Overtime Pay regulation for South Africa in 2024,2024-12-23,9999-12-31,True,,Taxation
REG001363,US,Social Security,Social Security regulation for United States in 2024,2024-01-14,2025-10-13,False,0.13,Labor Law
REG001364,FR,Minimum Wage,Minimum Wage regulation for France in 2023,2023-12-08,2025-08-21,False,,Payroll Reporting
REG001365,AU,Income Tax,Income Tax regulation for Australia in 2025,2025-01-09,9999-12-31,True,0.3,Taxation
REG001366,JP,Employee Benefits,Employee Benefits regulation for Japan in 2024,2024-12-22,2025-07-10,False,,Payroll Reporting
REG001367,UK,Overtime Pay,Overtime Pay regulation for United Kingdom in 2024,2024-06-06,2025-09-28,False,,Labor Law
REG001368,ZA,Employee Benefits,Employee Benefits regulation for South Africa in 2025,2025-01-27,9999-12-31,True,,Payroll Reporting
REG001369,IN,Social Security,Social Security regulation for India in 2024,2024-06-23,2025-07-20,False,0.39,Labor Law
REG001370,ZA,Employee Benefits,Employee Benefits regulation for South Africa in 2024,2024-07-21,2026-06-30,False,,Labor Law
REG001371,US,Minimum Wage,Minimum Wage regulation for United States in 2023,2023-11-29,2024-06-13,False,,Payroll Reporting
REG001372,AU,Overtime Pay,Overtime Pay regulation for Australia in 2025,2025-02-03,9999-12-31,True,,Labor Law
REG001373,ZA,Social Security,Social Security regulation for South Africa in 2023,2023-08-13,2025-01-25,False,0.19,Taxation
REG001374,CA,Social Security,Social Security regulation for Canada in 2024,2024-09-23,2025-06-03,False,0.24,Payroll Reporting
REG001375,JP,Payroll Reporting,Payroll Reporting regulation for Japan in 2023,2023-09-13,9999-12-31,True,,Labor Law
REG001376,FR,Income Tax,Income Tax regulation for France in 2024,2024-05-04,2024-12-04,False,0.35,Labor Law
REG001377,US,Employee Benefits,Employee Benefits regulation for United States in 2025,2025-03-04,9999-12-31,True,,Taxation
REG001378,JP,Minimum Wage,Minimum Wage regulation for Japan in 2024,2024-11-30,2026-08-10,False,,Payroll Reporting
REG001379,IN,Overtime Pay,Overtime Pay regulation for India in 2024,2024-04-20,2026-03-27,False,,Taxation
REG001380,DE,Social Security,Social Security regulation for Germany in 2024,2024-02-11,2025-04-16,False,0.33,Labor Law
REG001381,JP,Income Tax,Income Tax regulation for Japan in 2024,2024-08-29,2025-09-13,False,0.2,Labor Law
REG001382,BR,Income Tax,Income Tax regulation for Brazil in 2024,2024-05-27,9999-12-31,True,0.11,Taxation
REG001383,IN,Overtime Pay,Overtime Pay regulation for India in 2024,2024-05-11,2025-10-14,False,,Taxation
REG001384,ZA,Employee Benefits,Employee Benefits regulation for South Africa in 2023,2023-09-24,9999-12-31,True,,Taxation
REG001385,CA,Employee Benefits,Employee Benefits regulation for Canada in 2024,2024-11-08,2025-10-04,False,,Payroll Reporting
REG001386,FR,Overtime Pay,Overtime Pay regulation for France in 2024,2024-09-10,2026-08-27,False,,Labor Law
REG001387,FR,Income Tax,Income Tax regulation for France in 2025,2025-04-12,9999-12-31,True,0.37,Labor Law
REG001388,AU,Overtime Pay,Overtime Pay regulation for Australia in 2023,2023-11-02,9999-12-31,True,,Taxation
REG001389,BR,Employee Benefits,Employee Benefits regulation for Brazil in 2024,2024-02-16,2025-03-22,False,,Labor Law
REG001390,CA,Employee Benefits,Employee Benefits regulation for Canada in 2024,2024-01-21,2025-02-20,False,,Payroll Reporting
REG001391,ZA,Minimum Wage,Minimum Wage regulation for South Africa in 2025,2025-05-09,9999-12-31,True,,Labor Law
REG001392,JP,Payroll Reporting,Payroll Reporting regulation for Japan in 2025,2025-02-07,9999-12-31,True,,Labor Law
REG001393,BR,Social Security,Social Security regulation for Brazil in 2024,2024-11-15,9999-12-31,True,0.26,Payroll Reporting
REG001394,IN,Social Security,Social Security regulation for India in 2025,2025-02-28,9999-12-31,True,0.17,Labor Law
REG001395,DE,Income Tax,Income Tax regulation for Germany in 2024,2024-08-12,2025-03-28,False,0.23,Taxation
REG001396,UK,Overtime Pay,Overtime Pay regulation for United Kingdom in 2023,2023-12-01,2025-03-11,False,,Labor Law
REG001397,FR,Overtime Pay,Overtime Pay regulation for France in 2025,2025-01-05,9999-12-31,True,,Labor Law
REG001398,IN,Employee Benefits,Employee Benefits regulation for India in 2023,2023-06-29,2024-05-13,False,,Labor Law
REG001399,BR,Overtime Pay,Overtime Pay regulation for Brazil in 2025,2025-04-08,9999-12-31,True,,Labor Law
REG001400,JP,Minimum Wage,Minimum Wage regulation for Japan in 2024,2024-12-19,9999-12-31,True,,Payroll Reporting
REG001401,ZA,Payroll Reporting,Payroll Reporting regulation for South Africa in 2025,2025-05-03,9999-12-31,True,,Payroll Reporting
REG001402,FR,Overtime Pay,Overtime Pay regulation for France in 2025,2025-04-30,9999-12-31,True,,Labor Law
REG001403,FR,Minimum Wage,Minimum Wage regulation for France in 2025,2025-02-06,9999-12-31,True,,Payroll Reporting
REG001404,CA,Employee Benefits,Employee Benefits regulation for Canada in 2025,2025-02-20,9999-12-31,True,,Labor Law
REG001405,BR,Minimum Wage,Minimum Wage regulation for Brazil in 2024,2024-11-01,2025-09-18,False,,Payroll Reporting
REG001406,AU,Social Security,Social Security regulation for Australia in 2025,2025-02-03,9999-12-31,True,0.23,Labor Law
REG001407,CA,Income Tax,Income Tax regulation for Canada in 2024,2024-07-20,9999-12-31,True,0.24,Labor Law
REG001408,DE,Payroll Reporting,Payroll Reporting regulation for Germany in 2023,2023-08-12,2024-11-22,False,,Taxation
REG001409,CA,Social Security,Social Security regulation for Canada in 2025,2025-05-23,9999-12-31,True,0.11,Labor Law
REG001410,DE,Overtime Pay,Overtime Pay regulation for Germany in 2024,2024-12-06,2025-08-25,False,,Labor Law
REG001411,ZA,Overtime Pay,Overtime Pay regulation for South Africa in 2024,2024-04-08,2025-04-27,False,,Labor Law
REG001412,UK,Income Tax,Income Tax regulation for United Kingdom in 2023,2023-07-18,2025-05-10,False,0.33,Payroll Reporting
REG001413,BR,Income Tax,Income Tax regulation for Brazil in 2024,2024-05-06,9999-12-31,True,0.34,Payroll Reporting
REG001414,US,Payroll Reporting,Payroll Reporting regulation for United States in 2024,2024-05-27,2024-12-27,False,,Labor Law
REG001415,AU,Overtime Pay,Overtime Pay regulation for Australia in 2024,2024-01-19,2025-12-17,False,,Taxation
REG001416,BR,Employee Benefits,Employee Benefits regulation for Brazil in 2024,2024-04-17,2025-07-10,False,,Labor Law
REG001417,BR,Payroll Reporting,Payroll Reporting regulation for Brazil in 2023,2023-10-09,2025-06-12,False,,Labor Law
REG001418,BR,Minimum Wage,Minimum Wage regulation for Brazil in 2023,2023-12-15,9999-12-31,True,,Taxation
REG001419,IN,Overtime Pay,Overtime Pay regulation for India in 2025,2025-04-11,9999-12-31,True,,Labor Law
REG001420,US,Employee Benefits,Employee Benefits regulation for United States in 2024,2024-12-16,9999-12-31,True,,Taxation
REG001421,CA,Overtime Pay,Overtime Pay regulation for Canada in 2023,2023-10-09,9999-12-31,True,,Payroll Reporting
REG001422,UK,Income Tax,Income Tax regulation for United Kingdom in 2024,2024-09-20,9999-12-31,True,0.32,Labor Law
REG001423,ZA,Employee Benefits,Employee Benefits regulation for South Africa in 2024,2024-04-16,2025-12-18,False,,Taxation
REG001424,UK,Payroll Reporting,Payroll Reporting regulation for United Kingdom in 2023,2023-07-10,2024-11-22,False,,Taxation
REG001425,UK,Payroll Reporting,Payroll Reporting regulation for United Kingdom in 2024,2024-02-12,9999-12-31,True,,Payroll Reporting
REG001426,AU,Payroll Reporting,Payroll Reporting regulation for Australia in 2024,2024-07-18,9999-12-31,True,,Payroll Reporting
REG001427,FR,Minimum Wage,Minimum Wage regulation for France in 2024,2024-05-01,2026-01-07,False,,Taxation
REG001428,CA,Employee Benefits,Employee Benefits regulation for Canada in 2025,2025-03-05,9999-12-31,True,,Labor Law
REG001429,FR,Overtime Pay,Overtime Pay regulation for France in 2024,2024-10-24,2025-07-26,False,,Payroll Reporting
REG001430,DE,Payroll Reporting,Payroll Reporting regulation for Germany in 2024,2024-02-14,2024-08-12,False,,Labor Law
REG001431,FR,Employee Benefits,Employee Benefits regulation for France in 2024,2024-12-31,2026-08-12,False,,Payroll Reporting
REG001432,DE,Payroll Reporting,Payroll Reporting regulation for Germany in 2023,2023-06-07,9999-12-31,True,,Payroll Reporting
REG001433,ZA,Income Tax,Income Tax regulation for South Africa in 2024,2024-05-26,2025-04-07,False,0.21,Labor Law
REG001434,ZA,Payroll Reporting,Payroll Reporting regulation for South Africa in 2024,2024-03-03,2024-09-16,False,,Payroll Reporting
REG001435,ZA,Income Tax,Income Tax regulation for South Africa in 2024,2024-04-27,2025-04-10,False,0.31,Payroll Reporting
REG001436,BR,Income Tax,Income Tax regulation for Brazil in 2024,2024-06-11,9999-12-31,True,0.27,Taxation
REG001437,FR,Overtime Pay,Overtime Pay regulation for France in 2025,2025-05-23,9999-12-31,True,,Labor Law
REG001438,US,Minimum Wage,Minimum Wage regulation for United States in 2025,2025-04-05,9999-12-31,True,,Labor Law
REG001439,FR,Employee Benefits,Employee Benefits regulation for France in 2023,2023-11-07,9999-12-31,True,,Payroll Reporting
REG001440,JP,Overtime Pay,Overtime Pay regulation for Japan in 2023,2023-09-02,9999-12-31,True,,Taxation
REG001441,UK,Minimum Wage,Minimum Wage regulation for United Kingdom in 2024,2024-03-29,9999-12-31,True,,Labor Law
REG001442,UK,Social Security,Social Security regulation for United Kingdom in 2024,2024-10-06,9999-12-31,True,0.26,Labor Law
REG001443,US,Minimum Wage,Minimum Wage regulation for United States in 2025,2025-02-19,9999-12-31,True,,Labor Law
REG001444,CA,Overtime Pay,Overtime Pay regulation for Canada in 2024,2024-11-21,9999-12-31,True,,Taxation
REG001445,JP,Payroll Reporting,Payroll Reporting regulation for Japan in 2024,2024-10-13,9999-12-31,True,,Labor Law
REG001446,FR,Employee Benefits,Employee Benefits regulation for France in 2025,2025-01-08,9999-12-31,True,,Payroll Reporting
REG001447,JP,Minimum Wage,Minimum Wage regulation for Japan in 2023,2023-08-05,9999-12-31,True,,Labor Law
REG001448,FR,Minimum Wage,Minimum Wage regulation for France in 2023,2023-06-28,2024-05-04,False,,Taxation
REG001449,BR,Minimum Wage,Minimum Wage regulation for Brazil in 2024,2024-01-20,2025-05-02,False,,Taxation
REG001450,US,Employee Benefits,Employee Benefits regulation for United States in 2024,2024-04-14,9999-12-31,True,,Payroll Reporting
REG001451,BR,Payroll Reporting,Payroll Reporting regulation for Brazil in 2024,2024-05-28,2025-07-13,False,,Labor Law
REG001452,UK,Payroll Reporting,Payroll Reporting regulation for United Kingdom in 2025,2025-05-11,9999-12-31,True,,Payroll Reporting
REG001453,DE,Overtime Pay,Overtime Pay regulation for Germany in 2024,2024-08-15,2026-07-04,False,,Labor Law
REG001454,CA,Income Tax,Income Tax regulation for Canada in 2023,2023-12-05,9999-12-31,True,0.13,Taxation
REG001455,AU,Income Tax,Income Tax regulation for Australia in 2023,2023-09-05,9999-12-31,True,0.1,Labor Law
REG001456,JP,Minimum Wage,Minimum Wage regulation for Japan in 2024,2024-09-07,9999-12-31,True,,Labor Law
REG001457,DE,Minimum Wage,Minimum Wage regulation for Germany in 2023,2023-10-10,9999-12-31,True,,Labor Law
REG001458,BR,Payroll Reporting,Payroll Reporting regulation for Brazil in 2024,2024-08-24,2025-08-10,False,,Payroll Reporting
REG001459,UK,Overtime Pay,Overtime Pay regulation for United Kingdom in 2025,2025-04-25,9999-12-31,True,,Payroll Reporting
REG001460,ZA,Minimum Wage,Minimum Wage regulation for South Africa in 2024,2024-07-11,2025-03-07,False,,Payroll Reporting
REG001461,JP,Minimum Wage,Minimum Wage regulation for Japan in 2024,2024-03-20,9999-12-31,True,,Taxation
REG001462,JP,Overtime Pay,Overtime Pay regulation for Japan in 2024,2024-11-20,2026-05-23,False,,Payroll Reporting
REG001463,UK,Overtime Pay,Overtime Pay regulation for United Kingdom in 2024,2024-06-20,2025-12-05,False,,Payroll Reporting
REG001464,IN,Social Security,Social Security regulation for India in 2025,2025-04-16,9999-12-31,True,0.26,Taxation
REG001465,ZA,Social Security,Social Security regulation for South Africa in 2024,2024-05-18,2026-05-13,False,0.33,Payroll Reporting
REG001466,UK,Payroll Reporting,Payroll Reporting regulation for United Kingdom in 2025,2025-05-05,9999-12-31,True,,Payroll Reporting
REG001467,US,Employee Benefits,Employee Benefits regulation for United States in 2025,2025-02-13,9999-12-31,True,,Taxation
REG001468,BR,Payroll Reporting,Payroll Reporting regulation for Brazil in 2025,2025-05-09,9999-12-31,True,,Taxation
REG001469,CA,Overtime Pay,Overtime Pay regulation for Canada in 2024,2024-06-03,9999-12-31,True,,Labor Law
REG001470,IN,Employee Benefits,Employee Benefits regulation for India in 2024,2024-06-16,9999-12-31,True,,Labor Law
REG001471,IN,Income Tax,Income Tax regulation for India in 2024,2024-08-05,2026-05-21,False,0.32,Taxation
REG001472,US,Payroll Reporting,Payroll Reporting regulation for United States in 2024,2024-06-26,9999-12-31,True,,Taxation
REG001473,UK,Payroll Reporting,Payroll Reporting regulation for United Kingdom in 2025,2025-02-07,9999-12-31,True,,Labor Law
REG001474,IN,Overtime Pay,Overtime Pay regulation for India in 2023,2023-10-20,9999-12-31,True,,Labor Law
REG001475,UK,Income Tax,Income Tax regulation for United Kingdom in 2024,2024-01-18,2025-08-31,False,0.13,Taxation
REG001476,UK,Minimum Wage,Minimum Wage regulation for United Kingdom in 2024,2024-08-08,2026-02-10,False,,Taxation
REG001477,US,Income Tax,Income Tax regulation for United States in 2023,2023-11-24,2025-01-05,False,0.11,Taxation
REG001478,CA,Minimum Wage,Minimum Wage regulation for Canada in 2024,2024-08-29,9999-12-31,True,,Labor Law
REG001479,FR,Payroll Reporting,Payroll Reporting regulation for France in 2024,2024-10-20,9999-12-31,True,,Payroll Reporting
REG001480,UK,Income Tax,Income Tax regulation for United Kingdom in 2023,2023-07-12,2025-01-11,False,0.28,Labor Law
REG001481,AU,Minimum Wage,Minimum Wage regulation for Australia in 2024,2024-04-26,2025-12-13,False,,Payroll Reporting
REG001482,DE,Social Security,Social Security regulation for Germany in 2024,2024-10-07,2026-03-04,False,0.4,Labor Law
REG001483,UK,Payroll Reporting,Payroll Reporting regulation for United Kingdom in 2023,2023-10-15,9999-12-31,True,,Payroll Reporting
REG001484,ZA,Income Tax,Income Tax regulation for South Africa in 2024,2024-03-20,9999-12-31,True,0.22,Payroll Reporting
REG001485,ZA,Minimum Wage,Minimum Wage regulation for South Africa in 2023,2023-06-06,2024-05-07,False,,Taxation
REG001486,DE,Minimum Wage,Minimum Wage regulation for Germany in 2023,2023-09-11,9999-12-31,True,,Payroll Reporting
REG001487,UK,Income Tax,Income Tax regulation for United Kingdom in 2025,2025-01-05,9999-12-31,True,0.23,Taxation
REG001488,DE,Employee Benefits,Employee Benefits regulation for Germany in 2023,2023-10-21,2024-07-22,False,,Taxation
REG001489,US,Employee Benefits,Employee Benefits regulation for United States in 2023,2023-12-21,9999-12-31,True,,Taxation
REG001490,CA,Social Security,Social Security regulation for Canada in 2024,2024-03-24,9999-12-31,True,0.22,Taxation
REG001491,DE,Payroll Reporting,Payroll Reporting regulation for Germany in 2024,2024-05-28,9999-12-31,True,,Taxation
REG001492,UK,Employee Benefits,Employee Benefits regulation for United Kingdom in 2024,2024-10-09,2026-04-06,False,,Payroll Reporting
REG001493,DE,Social Security,Social Security regulation for Germany in 2023,2023-08-14,2025-03-06,False,0.39,Taxation
REG001494,JP,Social Security,Social Security regulation for Japan in 2025,2025-03-26,9999-12-31,True,0.29,Labor Law
REG001495,ZA,Employee Benefits,Employee Benefits regulation for South Africa in 2025,2025-01-18,9999-12-31,True,,Taxation
REG001496,US,Income Tax,Income Tax regulation for United States in 2024,2024-08-19,2025-10-08,False,0.14,Payroll Reporting
REG001497,AU,Overtime Pay,Overtime Pay regulation for Australia in 2024,2024-12-08,9999-12-31,True,,Taxation
REG001498,JP,Employee Benefits,Employee Benefits regulation for Japan in 2023,2023-07-22,2024-03-08,False,,Payroll Reporting
REG001499,BR,Social Security,Social Security regulation for Brazil in 2024,2024-10-05,9999-12-31,True,0.11,Payroll Reporting
REG001500,FR,Minimum Wage,Minimum Wage regulation for France in 2025,2025-02-13,9999-12-31,True,,Payroll Reporting
REG001501,AU,Payroll Reporting,Payroll Reporting regulation for Australia in 2024,2024-04-13,2025-02-18,False,,Labor Law
REG001502,BR,Payroll Reporting,Payroll Reporting regulation for Brazil in 2024,2024-03-03,2025-01-02,False,,Taxation
REG001503,ZA,Minimum Wage,Minimum Wage regulation for South Africa in 2025,2025-04-03,9999-12-31,True,,Taxation
REG001504,CA,Minimum Wage,Minimum Wage regulation for Canada in 2023,2023-07-15,9999-12-31,True,,Payroll Reporting
REG001505,US,Minimum Wage,Minimum Wage regulation for United States in 2023,2023-06-29,9999-12-31,True,,Payroll Reporting
REG001506,IN,Employee Benefits,Employee Benefits regulation for India in 2024,2024-08-17,2025-03-01,False,,Labor Law
REG001507,US,Minimum Wage,Minimum Wage regulation for United States in 2025,2025-03-04,9999-12-31,True,,Payroll Reporting
REG001508,US,Social Security,Social Security regulation for United States in 2024,2024-06-09,9999-12-31,True,0.18,Labor Law
REG001509,AU,Minimum Wage,Minimum Wage regulation for Australia in 2023,2023-11-22,2025-02-13,False,,Labor Law
REG001510,DE,Employee Benefits,Employee Benefits regulation for Germany in 2023,2023-08-17,2024-03-26,False,,Payroll Reporting
REG001511,ZA,Income Tax,Income Tax regulation for South Africa in 2024,2024-10-25,2025-07-17,False,0.29,Payroll Reporting
REG001512,ZA,Payroll Reporting,Payroll Reporting regulation for South Africa in 2025,2025-05-15,9999-12-31,True,,Labor Law
REG001513,DE,Overtime Pay,Overtime Pay regulation for Germany in 2023,2023-12-28,2025-01-20,False,,Taxation
REG001514,UK,Overtime Pay,Overtime Pay regulation for United Kingdom in 2023,2023-11-13,2025-05-08,False,,Labor Law
REG001515,IN,Social Security,Social Security regulation for India in 2023,2023-08-13,2025-08-05,False,0.25,Payroll Reporting
REG001516,FR,Employee Benefits,Employee Benefits regulation for France in 2023,2023-08-06,2025-01-22,False,,Labor Law
REG001517,ZA,Payroll Reporting,Payroll Reporting regulation for South Africa in 2024,2024-08-29,9999-12-31,True,,Taxation
REG001518,BR,Overtime Pay,Overtime Pay regulation for Brazil in 2023,2023-11-06,9999-12-31,True,,Labor Law
REG001519,IN,Social Security,Social Security regulation for India in 2024,2024-10-22,9999-12-31,True,0.37,Taxation
REG001520,BR,Payroll Reporting,Payroll Reporting regulation for Brazil in 2024,2024-07-09,2025-01-14,False,,Labor Law
REG001521,FR,Payroll Reporting,Payroll Reporting regulation for France in 2024,2024-02-10,2025-11-08,False,,Taxation
REG001522,ZA,Payroll Reporting,Payroll Reporting regulation for South Africa in 2025,2025-02-08,9999-12-31,True,,Taxation
REG001523,BR,Payroll Reporting,Payroll Reporting regulation for Brazil in 2025,2025-02-05,9999-12-31,True,,Taxation
REG001524,BR,Minimum Wage,Minimum Wage regulation for Brazil in 2023,2023-09-14,9999-12-31,True,,Payroll Reporting
REG001525,CA,Payroll Reporting,Payroll Reporting regulation for Canada in 2025,2025-04-28,9999-12-31,True,,Payroll Reporting
REG001526,AU,Employee Benefits,Employee Benefits regulation for Australia in 2024,2024-10-18,9999-12-31,True,,Payroll Reporting
REG001527,IN,Employee Benefits,Employee Benefits regulation for India in 2023,2023-06-02,2024-10-09,False,,Taxation
REG001528,ZA,Employee Benefits,Employee Benefits regulation for South Africa in 2023,2023-10-04,9999-12-31,True,,Labor Law
REG001529,FR,Payroll Reporting,Payroll Reporting regulation for France in 2024,2024-10-01,9999-12-31,True,,Labor Law
REG001530,BR,Minimum Wage,Minimum Wage regulation for Brazil in 2024,2024-04-30,2025-03-07,False,,Payroll Reporting
REG001531,BR,Payroll Reporting,Payroll Reporting regulation for Brazil in 2023,2023-06-28,2024-03-29,False,,Payroll Reporting
REG001532,DE,Overtime Pay,Overtime Pay regulation for Germany in 2023,2023-07-04,9999-12-31,True,,Payroll Reporting
REG001533,US,Payroll Reporting,Payroll Reporting regulation for United States in 2025,2025-03-01,9999-12-31,True,,Labor Law
REG001534,BR,Social Security,Social Security regulation for Brazil in 2023,2023-07-10,2025-05-25,False,0.1,Payroll Reporting
REG001535,CA,Payroll Reporting,Payroll Reporting regulation for Canada in 2023,2023-08-13,2025-08-03,False,,Payroll Reporting
REG001536,DE,Minimum Wage,Minimum Wage regulation for Germany in 2024,2024-07-07,2025-06-04,False,,Payroll Reporting
REG001537,IN,Minimum Wage,Minimum Wage regulation for India in 2024,2024-08-09,9999-12-31,True,,Taxation
REG001538,JP,Social Security,Social Security regulation for Japan in 2024,2024-06-20,9999-12-31,True,0.33,Taxation
REG001539,JP,Social Security,Social Security regulation for Japan in 2024,2024-03-27,9999-12-31,True,0.17,Taxation
REG001540,US,Overtime Pay,Overtime Pay regulation for United States in 2023,2023-11-03,2025-07-12,False,,Payroll Reporting
REG001541,CA,Employee Benefits,Employee Benefits regulation for Canada in 2024,2024-08-22,2026-06-29,False,,Labor Law
REG001542,FR,Payroll Reporting,Payroll Reporting regulation for France in 2024,2024-03-05,9999-12-31,True,,Payroll Reporting
REG001543,DE,Minimum Wage,Minimum Wage regulation for Germany in 2024,2024-06-13,2025-07-22,False,,Labor Law
REG001544,CA,Employee Benefits,Employee Benefits regulation for Canada in 2023,2023-09-25,2025-02-19,False,,Payroll Reporting
REG001545,FR,Minimum Wage,Minimum Wage regulation for France in 2023,2023-12-09,9999-12-31,True,,Taxation
REG001546,BR,Minimum Wage,Minimum Wage regulation for Brazil in 2024,2024-08-29,9999-12-31,True,,Taxation
REG001547,FR,Minimum Wage,Minimum Wage regulation for France in 2025,2025-04-30,9999-12-31,True,,Labor Law
REG001548,AU,Payroll Reporting,Payroll Reporting regulation for Australia in 2025,2025-01-20,9999-12-31,True,,Payroll Reporting
REG001549,IN,Payroll Reporting,Payroll Reporting regulation for India in 2024,2024-04-10,2025-07-15,False,,Payroll Reporting
REG001550,FR,Minimum Wage,Minimum Wage regulation for France in 2023,2023-12-04,9999-12-31,True,,Payroll Reporting
REG001551,UK,Employee Benefits,Employee Benefits regulation for United Kingdom in 2024,2024-05-14,2026-05-03,False,,Labor Law
REG001552,IN,Overtime Pay,Overtime Pay regulation for India in 2024,2024-04-08,2025-08-31,False,,Taxation
REG001553,UK,Payroll Reporting,Payroll Reporting regulation for United Kingdom in 2024,2024-10-03,2026-06-09,False,,Labor Law
REG001554,AU,Social Security,Social Security regulation for Australia in 2023,2023-11-10,2025-06-28,False,0.21,Labor Law
REG001555,UK,Minimum Wage,Minimum Wage regulation for United Kingdom in 2024,2024-08-01,2025-12-12,False,,Taxation
REG001556,ZA,Overtime Pay,Overtime Pay regulation for South Africa in 2023,2023-05-29,2025-05-20,False,,Payroll Reporting
REG001557,DE,Social Security,Social Security regulation for Germany in 2023,2023-08-23,9999-12-31,True,0.37,Taxation
REG001558,ZA,Social Security,Social Security regulation for South Africa in 2025,2025-01-07,9999-12-31,True,0.21,Payroll Reporting
REG001559,IN,Income Tax,Income Tax regulation for India in 2023,2023-09-11,9999-12-31,True,0.22,Taxation
REG001560,US,Income Tax,Income Tax regulation for United States in 2025,2025-04-11,9999-12-31,True,0.33,Labor Law
REG001561,ZA,Overtime Pay,Overtime Pay regulation for South Africa in 2024,2024-01-11,9999-12-31,True,,Taxation
REG001562,CA,Social Security,Social Security regulation for Canada in 2025,2025-01-20,9999-12-31,True,0.14,Labor Law
REG001563,JP,Employee Benefits,Employee Benefits regulation for Japan in 2024,2024-08-04,9999-12-31,True,,Labor Law
REG001564,ZA,Social Security,Social Security regulation for South Africa in 2024,2024-07-26,2026-02-16,False,0.22,Taxation
REG001565,ZA,Employee Benefits,Employee Benefits regulation for South Africa in 2024,2024-11-17,2026-08-05,False,,Payroll Reporting
REG001566,US,Income Tax,Income Tax regulation for United States in 2023,2023-06-20,9999-12-31,True,0.18,Taxation
REG001567,BR,Minimum Wage,Minimum Wage regulation for Brazil in 2025,2025-04-03,9999-12-31,True,,Payroll Reporting
REG001568,US,Income Tax,Income Tax regulation for United States in 2024,2024-02-15,2025-03-25,False,0.23,Taxation
REG001569,AU,Payroll Reporting,Payroll Reporting regulation for Australia in 2023,2023-12-29,2025-08-09,False,,Payroll Reporting
REG001570,FR,Income Tax,Income Tax regulation for France in 2023,2023-11-07,2025-04-04,False,0.18,Labor Law
REG001571,US,Minimum Wage,Minimum Wage regulation for United States in 2024,2024-07-14,9999-12-31,True,,Payroll Reporting
REG001572,IN,Overtime Pay,Overtime Pay regulation for India in 2023,2023-09-01,9999-12-31,True,,Payroll Reporting
REG001573,DE,Overtime Pay,Overtime Pay regulation for Germany in 2025,2025-03-30,9999-12-31,True,,Labor Law
REG001574,DE,Employee Benefits,Employee Benefits regulation for Germany in 2025,2025-01-06,9999-12-31,True,,Payroll Reporting
REG001575,IN,Overtime Pay,Overtime Pay regulation for India in 2023,2023-11-18,9999-12-31,True,,Taxation
REG001576,AU,Employee Benefits,Employee Benefits regulation for Australia in 2024,2024-08-12,9999-12-31,True,,Labor Law
REG001577,CA,Payroll Reporting,Payroll Reporting regulation for Canada in 2023,2023-07-14,9999-12-31,True,,Taxation
REG001578,ZA,Employee Benefits,Employee Benefits regulation for South Africa in 2023,2023-10-19,9999-12-31,True,,Payroll Reporting
REG001579,JP,Minimum Wage,Minimum Wage regulation for Japan in 2024,2024-01-11,2025-10-07,False,,Payroll Reporting
REG001580,IN,Payroll Reporting,Payroll Reporting regulation for India in 2024,2024-09-14,2025-04-25,False,,Taxation
REG001581,UK,Minimum Wage,Minimum Wage regulation for United Kingdom in 2024,2024-02-12,2025-03-20,False,,Payroll Reporting
REG001582,BR,Income Tax,Income Tax regulation for Brazil in 2023,2023-06-15,2025-03-20,False,0.2,Labor Law
REG001583,JP,Social Security,Social Security regulation for Japan in 2024,2024-08-08,9999-12-31,True,0.37,Labor Law
REG001584,IN,Overtime Pay,Overtime Pay regulation for India in 2024,2024-07-27,2025-09-02,False,,Payroll Reporting
REG001585,AU,Overtime Pay,Overtime Pay regulation for Australia in 2025,2025-02-08,9999-12-31,True,,Labor Law
REG001586,JP,Minimum Wage,Minimum Wage regulation for Japan in 2023,2023-10-29,2025-06-04,False,,Taxation
REG001587,FR,Payroll Reporting,Payroll Reporting regulation for France in 2023,2023-10-23,9999-12-31,True,,Labor Law
REG001588,AU,Income Tax,Income Tax regulation for Australia in 2024,2024-12-11,9999-12-31,True,0.28,Taxation
REG001589,FR,Overtime Pay,Overtime Pay regulation for France in 2025,2025-04-27,9999-12-31,True,,Labor Law
REG001590,AU,Income Tax,Income Tax regulation for Australia in 2023,2023-11-19,9999-12-31,True,0.27,Payroll Reporting
REG001591,CA,Minimum Wage,Minimum Wage regulation for Canada in 2023,2023-09-25,9999-12-31,True,,Labor Law
REG001592,ZA,Social Security,Social Security regulation for South Africa in 2024,2024-12-19,2026-01-13,False,0.3,Labor Law
REG001593,CA,Payroll Reporting,Payroll Reporting regulation for Canada in 2024,2024-01-24,9999-12-31,True,,Payroll Reporting
REG001594,BR,Payroll Reporting,Payroll Reporting regulation for Brazil in 2025,2025-01-15,9999-12-31,True,,Payroll Reporting
REG001595,AU,Employee Benefits,Employee Benefits regulation for Australia in 2025,2025-04-02,9999-12-31,True,,Payroll Reporting
REG001596,FR,Minimum Wage,Minimum Wage regulation for France in 2024,2024-06-14,2026-03-11,False,,Labor Law
REG001597,AU,Overtime Pay,Overtime Pay regulation for Australia in 2023,2023-11-02,2024-06-06,False,,Labor Law
REG001598,US,Minimum Wage,Minimum Wage regulation for United States in 2025,2025-01-27,9999-12-31,True,,Labor Law
REG001599,CA,Employee Benefits,Employee Benefits regulation for Canada in 2023,2023-11-09,2024-12-08,False,,Payroll Reporting
REG001600,CA,Social Security,Social Security regulation for Canada in 2023,2023-08-13,2025-08-11,False,0.24,Labor Law
REG001601,UK,Minimum Wage,Minimum Wage regulation for United Kingdom in 2025,2025-04-29,9999-12-31,True,,Labor Law
REG001602,ZA,Social Security,Social Security regulation for South Africa in 2024,2024-05-14,9999-12-31,True,0.32,Payroll Reporting
REG001603,CA,Payroll Reporting,Payroll Reporting regulation for Canada in 2024,2024-05-30,9999-12-31,True,,Labor Law
REG001604,DE,Employee Benefits,Employee Benefits regulation for Germany in 2023,2023-11-21,9999-12-31,True,,Labor Law
REG001605,UK,Minimum Wage,Minimum Wage regulation for United Kingdom in 2024,2024-04-17,9999-12-31,True,,Labor Law
REG001606,ZA,Overtime Pay,Overtime Pay regulation for South Africa in 2025,2025-03-31,9999-12-31,True,,Labor Law
REG001607,UK,Income Tax,Income Tax regulation for United Kingdom in 2024,2024-12-09,9999-12-31,True,0.13,Labor Law
REG001608,CA,Overtime Pay,Overtime Pay regulation for Canada in 2024,2024-08-01,2025-09-19,False,,Labor Law
REG001609,ZA,Minimum Wage,Minimum Wage regulation for South Africa in 2023,2023-12-10,9999-12-31,True,,Payroll Reporting
REG001610,UK,Employee Benefits,Employee Benefits regulation for United Kingdom in 2024,2024-09-13,2026-09-12,False,,Labor Law
REG001611,IN,Social Security,Social Security regulation for India in 2024,2024-08-07,2026-02-12,False,0.24,Payroll Reporting
REG001612,AU,Overtime Pay,Overtime Pay regulation for Australia in 2024,2024-01-16,2024-10-28,False,,Taxation
REG001613,AU,Minimum Wage,Minimum Wage regulation for Australia in 2023,2023-06-04,2024-10-12,False,,Taxation
REG001614,DE,Payroll Reporting,Payroll Reporting regulation for Germany in 2025,2025-03-24,9999-12-31,True,,Labor Law
REG001615,AU,Overtime Pay,Overtime Pay regulation for Australia in 2025,2025-02-02,9999-12-31,True,,Taxation
REG001616,ZA,Employee Benefits,Employee Benefits regulation for South Africa in 2023,2023-10-31,2024-09-30,False,,Taxation
REG001617,IN,Payroll Reporting,Payroll Reporting regulation for India in 2024,2024-06-12,2025-12-25,False,,Labor Law
REG001618,JP,Income Tax,Income Tax regulation for Japan in 2025,2025-01-17,9999-12-31,True,0.35,Payroll Reporting
REG001619,ZA,Minimum Wage,Minimum Wage regulation for South Africa in 2025,2025-05-15,9999-12-31,True,,Labor Law
REG001620,ZA,Minimum Wage,Minimum Wage regulation for South Africa in 2023,2023-10-31,2025-05-03,False,,Payroll Reporting
REG001621,UK,Employee Benefits,Employee Benefits regulation for United Kingdom in 2024,2024-04-14,2025-11-27,False,,Taxation
REG001622,IN,Payroll Reporting,Payroll Reporting regulation for India in 2024,2024-07-02,2025-04-28,False,,Taxation
REG001623,DE,Social Security,Social Security regulation for Germany in 2024,2024-07-06,9999-12-31,True,0.16,Payroll Reporting
REG001624,CA,Overtime Pay,Overtime Pay regulation for Canada in 2023,2023-08-04,9999-12-31,True,,Labor Law
REG001625,US,Overtime Pay,Overtime Pay regulation for United States in 2024,2024-06-20,9999-12-31,True,,Labor Law
REG001626,DE,Payroll Reporting,Payroll Reporting regulation for Germany in 2024,2024-02-27,2024-12-01,False,,Labor Law
REG001627,FR,Employee Benefits,Employee Benefits regulation for France in 2024,2024-01-05,2025-03-11,False,,Labor Law
REG001628,UK,Payroll Reporting,Payroll Reporting regulation for United Kingdom in 2024,2024-07-22,2025-12-11,False,,Payroll Reporting
REG001629,AU,Income Tax,Income Tax regulation for Australia in 2024,2024-07-09,9999-12-31,True,0.25,Labor Law
REG001630,AU,Employee Benefits,Employee Benefits regulation for Australia in 2023,2023-06-22,2024-01-25,False,,Taxation
REG001631,FR,Income Tax,Income Tax regulation for France in 2025,2025-01-16,9999-12-31,True,0.16,Labor Law
REG001632,UK,Income Tax,Income Tax regulation for United Kingdom in 2024,2024-06-05,9999-12-31,True,0.24,Payroll Reporting
REG001633,US,Employee Benefits,Employee Benefits regulation for United States in 2024,2024-12-25,9999-12-31,True,,Taxation
REG001634,FR,Employee Benefits,Employee Benefits regulation for France in 2024,2024-11-04,9999-12-31,True,,Labor Law
REG001635,FR,Payroll Reporting,Payroll Reporting regulation for France in 2023,2023-07-24,2024-02-23,False,,Labor Law
REG001636,JP,Overtime Pay,Overtime Pay regulation for Japan in 2024,2024-09-27,9999-12-31,True,,Payroll Reporting
REG001637,AU,Minimum Wage,Minimum Wage regulation for Australia in 2024,2024-10-24,9999-12-31,True,,Labor Law
REG001638,IN,Income Tax,Income Tax regulation for India in 2024,2024-08-26,2025-10-22,False,0.3,Payroll Reporting
REG001639,DE,Overtime Pay,Overtime Pay regulation for Germany in 2023,2023-06-06,2024-08-14,False,,Labor Law
REG001640,BR,Overtime Pay,Overtime Pay regulation for Brazil in 2025,2025-03-17,9999-12-31,True,,Labor Law
REG001641,BR,Minimum Wage,Minimum Wage regulation for Brazil in 2023,2023-10-27,2025-10-15,False,,Payroll Reporting
REG001642,DE,Income Tax,Income Tax regulation for Germany in 2024,2024-12-19,2025-08-15,False,0.24,Taxation
REG001643,JP,Payroll Reporting,Payroll Reporting regulation for Japan in 2024,2024-01-18,9999-12-31,True,,Labor Law
REG001644,UK,Social Security,Social Security regulation for United Kingdom in 2024,2024-10-31,9999-12-31,True,0.34,Taxation
REG001645,BR,Payroll Reporting,Payroll Reporting regulation for Brazil in 2024,2024-08-31,9999-12-31,True,,Taxation
REG001646,CA,Social Security,Social Security regulation for Canada in 2024,2024-01-31,9999-12-31,True,0.28,Labor Law
REG001647,IN,Overtime Pay,Overtime Pay regulation for India in 2024,2024-08-21,2025-10-07,False,,Labor Law
REG001648,DE,Employee Benefits,Employee Benefits regulation for Germany in 2024,2024-07-28,9999-12-31,True,,Labor Law
REG001649,FR,Employee Benefits,Employee Benefits regulation for France in 2023,2023-08-05,2025-04-28,False,,Taxation
REG001650,CA,Payroll Reporting,Payroll Reporting regulation for Canada in 2024,2024-03-06,9999-12-31,True,,Taxation
REG001651,US,Employee Benefits,Employee Benefits regulation for United States in 2024,2024-10-14,9999-12-31,True,,Labor Law
REG001652,BR,Minimum Wage,Minimum Wage regulation for Brazil in 2024,2024-08-07,2026-02-11,False,,Payroll Reporting
REG001653,IN,Overtime Pay,Overtime Pay regulation for India in 2023,2023-07-30,9999-12-31,True,,Payroll Reporting
REG001654,IN,Minimum Wage,Minimum Wage regulation for India in 2025,2025-05-23,9999-12-31,True,,Taxation
REG001655,DE,Social Security,Social Security regulation for Germany in 2024,2024-07-24,2025-10-17,False,0.31,Taxation
REG001656,IN,Payroll Reporting,Payroll Reporting regulation for India in 2023,2023-12-01,2025-08-11,False,,Payroll Reporting
REG001657,UK,Income Tax,Income Tax regulation for United Kingdom in 2024,2024-09-03,9999-12-31,True,0.3,Taxation
REG001658,IN,Income Tax,Income Tax regulation for India in 2024,2024-02-11,2025-01-26,False,0.2,Taxation
REG001659,DE,Income Tax,Income Tax regulation for Germany in 2024,2024-10-13,9999-12-31,True,0.28,Payroll Reporting
REG001660,JP,Payroll Reporting,Payroll Reporting regulation for Japan in 2023,2023-07-12,9999-12-31,True,,Labor Law
REG001661,ZA,Minimum Wage,Minimum Wage regulation for South Africa in 2025,2025-05-24,9999-12-31,True,,Labor Law
REG001662,AU,Overtime Pay,Overtime Pay regulation for Australia in 2024,2024-08-21,2025-11-23,False,,Labor Law
REG001663,AU,Employee Benefits,Employee Benefits regulation for Australia in 2023,2023-11-17,9999-12-31,True,,Taxation
REG001664,AU,Employee Benefits,Employee Benefits regulation for Australia in 2023,2023-05-27,2024-09-04,False,,Labor Law
REG001665,UK,Income Tax,Income Tax regulation for United Kingdom in 2025,2025-04-09,9999-12-31,True,0.26,Payroll Reporting
REG001666,JP,Employee Benefits,Employee Benefits regulation for Japan in 2025,2025-05-02,9999-12-31,True,,Payroll Reporting
REG001667,AU,Income Tax,Income Tax regulation for Australia in 2023,2023-12-05,9999-12-31,True,0.21,Labor Law
REG001668,BR,Payroll Reporting,Payroll Reporting regulation for Brazil in 2023,2023-10-11,9999-12-31,True,,Payroll Reporting
REG001669,AU,Social Security,Social Security regulation for Australia in 2023,2023-11-22,9999-12-31,True,0.16,Payroll Reporting
REG001670,JP,Income Tax,Income Tax regulation for Japan in 2024,2024-09-15,9999-12-31,True,0.23,Payroll Reporting
REG001671,DE,Payroll Reporting,Payroll Reporting regulation for Germany in 2024,2024-07-29,2025-05-07,False,,Payroll Reporting
REG001672,CA,Overtime Pay,Overtime Pay regulation for Canada in 2023,2023-09-25,9999-12-31,True,,Labor Law
REG001673,DE,Employee Benefits,Employee Benefits regulation for Germany in 2025,2025-05-01,9999-12-31,True,,Taxation
REG001674,IN,Income Tax,Income Tax regulation for India in 2023,2023-12-14,9999-12-31,True,0.18,Payroll Reporting
REG001675,BR,Social Security,Social Security regulation for Brazil in 2024,2024-01-26,9999-12-31,True,0.2,Taxation
REG001676,UK,Income Tax,Income Tax regulation for United Kingdom in 2024,2024-07-18,9999-12-31,True,0.23,Payroll Reporting
REG001677,BR,Overtime Pay,Overtime Pay regulation for Brazil in 2024,2024-03-20,9999-12-31,True,,Taxation
REG001678,US,Payroll Reporting,Payroll Reporting regulation for United States in 2024,2024-12-14,2026-07-21,False,,Labor Law
REG001679,FR,Overtime Pay,Overtime Pay regulation for France in 2024,2024-02-11,9999-12-31,True,,Payroll Reporting
REG001680,ZA,Income Tax,Income Tax regulation for South Africa in 2024,2024-04-03,2026-02-06,False,0.23,Payroll Reporting
REG001681,BR,Overtime Pay,Overtime Pay regulation for Brazil in 2025,2025-03-30,9999-12-31,True,,Labor Law
REG001682,IN,Employee Benefits,Employee Benefits regulation for India in 2025,2025-04-15,9999-12-31,True,,Payroll Reporting
REG001683,AU,Income Tax,Income Tax regulation for Australia in 2023,2023-08-02,2025-04-04,False,0.3,Payroll Reporting
REG001684,UK,Employee Benefits,Employee Benefits regulation for United Kingdom in 2024,2024-01-05,2025-01-08,False,,Taxation
REG001685,FR,Social Security,Social Security regulation for France in 2024,2024-01-29,9999-12-31,True,0.18,Payroll Reporting
REG001686,JP,Overtime Pay,Overtime Pay regulation for Japan in 2024,2024-01-12,9999-12-31,True,,Payroll Reporting
REG001687,CA,Income Tax,Income Tax regulation for Canada in 2023,2023-07-25,2024-09-04,False,0.11,Payroll Reporting
REG001688,IN,Overtime Pay,Overtime Pay regulation for India in 2025,2025-04-03,9999-12-31,True,,Labor Law
REG001689,AU,Overtime Pay,Overtime Pay regulation for Australia in 2023,2023-09-20,2025-05-31,False,,Labor Law
REG001690,CA,Income Tax,Income Tax regulation for Canada in 2024,2024-09-18,9999-12-31,True,0.22,Labor Law
REG001691,BR,Payroll Reporting,Payroll Reporting regulation for Brazil in 2024,2024-05-22,9999-12-31,True,,Labor Law
REG001692,CA,Payroll Reporting,Payroll Reporting regulation for Canada in 2023,2023-11-24,9999-12-31,True,,Payroll Reporting
REG001693,FR,Employee Benefits,Employee Benefits regulation for France in 2024,2024-06-08,9999-12-31,True,,Taxation
REG001694,CA,Social Security,Social Security regulation for Canada in 2024,2024-07-09,2025-05-02,False,0.31,Payroll Reporting
REG001695,FR,Employee Benefits,Employee Benefits regulation for France in 2024,2024-08-30,9999-12-31,True,,Taxation
REG001696,JP,Income Tax,Income Tax regulation for Japan in 2024,2024-08-18,2025-05-27,False,0.16,Payroll Reporting
REG001697,IN,Payroll Reporting,Payroll Reporting regulation for India in 2025,2025-02-01,9999-12-31,True,,Labor Law
REG001698,FR,Income Tax,Income Tax regulation for France in 2024,2024-09-06,2025-12-13,False,0.15,Labor Law
REG001699,BR,Income Tax,Income Tax regulation for Brazil in 2024,2024-06-25,9999-12-31,True,0.29,Labor Law
REG001700,IN,Minimum Wage,Minimum Wage regulation for India in 2023,2023-08-28,9999-12-31,True,,Labor Law
REG001701,US,Social Security,Social Security regulation for United States in 2023,2023-08-17,9999-12-31,True,0.13,Payroll Reporting
REG001702,US,Payroll Reporting,Payroll Reporting regulation for United States in 2024,2024-04-04,2025-10-11,False,,Labor Law
REG001703,JP,Income Tax,Income Tax regulation for Japan in 2023,2023-06-29,9999-12-31,True,0.36,Payroll Reporting
REG001704,BR,Social Security,Social Security regulation for Brazil in 2024,2024-05-27,2025-07-17,False,0.33,Labor Law
REG001705,BR,Employee Benefits,Employee Benefits regulation for Brazil in 2023,2023-12-16,9999-12-31,True,,Taxation
REG001706,DE,Minimum Wage,Minimum Wage regulation for Germany in 2024,2024-12-15,2026-02-13,False,,Labor Law
REG001707,UK,Overtime Pay,Overtime Pay regulation for United Kingdom in 2023,2023-09-01,2025-02-08,False,,Labor Law
REG001708,DE,Payroll Reporting,Payroll Reporting regulation for Germany in 2024,2024-03-31,9999-12-31,True,,Payroll Reporting
REG001709,AU,Income Tax,Income Tax regulation for Australia in 2025,2025-03-11,9999-12-31,True,0.11,Taxation
REG001710,UK,Minimum Wage,Minimum Wage regulation for United Kingdom in 2025,2025-02-04,9999-12-31,True,,Taxation
REG001711,UK,Social Security,Social Security regulation for United Kingdom in 2024,2024-08-14,9999-12-31,True,0.16,Payroll Reporting
REG001712,AU,Minimum Wage,Minimum Wage regulation for Australia in 2024,2024-08-03,2025-02-11,False,,Taxation
REG001713,AU,Payroll Reporting,Payroll Reporting regulation for Australia in 2025,2025-03-27,9999-12-31,True,,Labor Law
REG001714,UK,Overtime Pay,Overtime Pay regulation for United Kingdom in 2024,2024-04-18,2025-01-06,False,,Labor Law
REG001715,US,Social Security,Social Security regulation for United States in 2024,2024-01-03,9999-12-31,True,0.2,Payroll Reporting
REG001716,FR,Income Tax,Income Tax regulation for France in 2024,2024-12-31,2025-09-12,False,0.14,Payroll Reporting
REG001717,DE,Income Tax,Income Tax regulation for Germany in 2024,2024-10-26,2025-07-28,False,0.39,Labor Law
REG001718,JP,Social Security,Social Security regulation for Japan in 2023,2023-10-16,2024-11-12,False,0.17,Labor Law
REG001719,JP,Minimum Wage,Minimum Wage regulation for Japan in 2024,2024-03-28,9999-12-31,True,,Payroll Reporting
REG001720,FR,Overtime Pay,Overtime Pay regulation for France in 2024,2024-12-22,2026-10-08,False,,Payroll Reporting
REG001721,DE,Income Tax,Income Tax regulation for Germany in 2024,2024-12-12,9999-12-31,True,0.22,Taxation
REG001722,CA,Minimum Wage,Minimum Wage regulation for Canada in 2025,2025-01-27,9999-12-31,True,,Payroll Reporting
REG001723,ZA,Employee Benefits,Employee Benefits regulation for South Africa in 2024,2024-01-31,2025-03-24,False,,Taxation
REG001724,FR,Social Security,Social Security regulation for France in 2024,2024-06-10,9999-12-31,True,0.17,Taxation
REG001725,CA,Payroll Reporting,Payroll Reporting regulation for Canada in 2025,2025-02-10,9999-12-31,True,,Labor Law
REG001726,FR,Minimum Wage,Minimum Wage regulation for France in 2024,2024-11-16,2026-02-09,False,,Labor Law
REG001727,UK,Income Tax,Income Tax regulation for United Kingdom in 2025,2025-01-21,9999-12-31,True,0.19,Labor Law
REG001728,JP,Income Tax,Income Tax regulation for Japan in 2024,2024-07-22,2026-04-12,False,0.32,Taxation
REG001729,UK,Payroll Reporting,Payroll Reporting regulation for United Kingdom in 2024,2024-05-01,9999-12-31,True,,Labor Law
REG001730,DE,Income Tax,Income Tax regulation for Germany in 2024,2024-04-30,2025-08-19,False,0.15,Taxation
REG001731,FR,Payroll Reporting,Payroll Reporting regulation for France in 2023,2023-07-07,2024-11-04,False,,Labor Law
REG001732,DE,Income Tax,Income Tax regulation for Germany in 2024,2024-02-06,9999-12-31,True,0.13,Labor Law
REG001733,ZA,Overtime Pay,Overtime Pay regulation for South Africa in 2024,2024-05-10,2025-09-16,False,,Labor Law
REG001734,AU,Minimum Wage,Minimum Wage regulation for Australia in 2024,2024-08-26,2026-04-26,False,,Labor Law
REG001735,FR,Social Security,Social Security regulation for France in 2024,2024-10-25,2025-09-25,False,0.15,Payroll Reporting
REG001736,ZA,Social Security,Social Security regulation for South Africa in 2024,2024-01-03,2025-12-02,False,0.2,Payroll Reporting
REG001737,US,Social Security,Social Security regulation for United States in 2024,2024-07-28,9999-12-31,True,0.28,Labor Law
REG001738,DE,Payroll Reporting,Payroll Reporting regulation for Germany in 2024,2024-05-18,2026-01-14,False,,Taxation
REG001739,DE,Overtime Pay,Overtime Pay regulation for Germany in 2024,2024-02-18,9999-12-31,True,,Payroll Reporting
REG001740,DE,Income Tax,Income Tax regulation for Germany in 2023,2023-05-29,9999-12-31,True,0.26,Labor Law
REG001741,JP,Overtime Pay,Overtime Pay regulation for Japan in 2023,2023-12-01,9999-12-31,True,,Payroll Reporting
REG001742,FR,Overtime Pay,Overtime Pay regulation for France in 2024,2024-03-01,2025-11-20,False,,Payroll Reporting
REG001743,AU,Overtime Pay,Overtime Pay regulation for Australia in 2023,2023-12-19,9999-12-31,True,,Payroll Reporting
REG001744,BR,Payroll Reporting,Payroll Reporting regulation for Brazil in 2023,2023-06-07,2024-04-29,False,,Labor Law
REG001745,BR,Overtime Pay,Overtime Pay regulation for Brazil in 2023,2023-08-10,2024-08-12,False,,Payroll Reporting
REG001746,FR,Income Tax,Income Tax regulation for France in 2024,2024-10-29,9999-12-31,True,0.12,Labor Law
REG001747,BR,Minimum Wage,Minimum Wage regulation for Brazil in 2024,2024-01-02,9999-12-31,True,,Taxation
REG001748,JP,Payroll Reporting,Payroll Reporting regulation for Japan in 2024,2024-04-09,2025-03-31,False,,Taxation
REG001749,US,Overtime Pay,Overtime Pay regulation for United States in 2024,2024-11-21,9999-12-31,True,,Labor Law
REG001750,BR,Social Security,Social Security regulation for Brazil in 2024,2024-09-07,9999-12-31,True,0.16,Taxation
REG001751,US,Social Security,Social Security regulation for United States in 2024,2024-06-04,9999-12-31,True,0.29,Taxation
REG001752,CA,Minimum Wage,Minimum Wage regulation for Canada in 2024,2024-02-16,2024-09-06,False,,Labor Law
REG001753,US,Overtime Pay,Overtime Pay regulation for United States in 2024,2024-06-27,2025-08-13,False,,Payroll Reporting
REG001754,US,Overtime Pay,Overtime Pay regulation for United States in 2024,2024-02-21,2024-12-30,False,,Taxation
REG001755,AU,Overtime Pay,Overtime Pay regulation for Australia in 2023,2023-07-23,2024-12-14,False,,Taxation
REG001756,ZA,Minimum Wage,Minimum Wage regulation for South Africa in 2024,2024-03-12,9999-12-31,True,,Taxation
REG001757,JP,Minimum Wage,Minimum Wage regulation for Japan in 2024,2024-02-26,9999-12-31,True,,Labor Law
REG001758,US,Income Tax,Income Tax regulation for United States in 2025,2025-05-01,9999-12-31,True,0.34,Labor Law
REG001759,CA,Payroll Reporting,Payroll Reporting regulation for Canada in 2023,2023-06-24,2024-10-10,False,,Payroll Reporting
REG001760,FR,Minimum Wage,Minimum Wage regulation for France in 2024,2024-06-28,9999-12-31,True,,Taxation
REG001761,UK,Payroll Reporting,Payroll Reporting regulation for United Kingdom in 2023,2023-12-27,9999-12-31,True,,Labor Law
REG001762,IN,Minimum Wage,Minimum Wage regulation for India in 2023,2023-06-30,2024-11-09,False,,Taxation
REG001763,JP,Income Tax,Income Tax regulation for Japan in 2024,2024-07-25,2025-10-01,False,0.39,Labor Law
REG001764,CA,Social Security,Social Security regulation for Canada in 2024,2024-01-16,2025-06-20,False,0.34,Labor Law
REG001765,JP,Overtime Pay,Overtime Pay regulation for Japan in 2024,2024-07-18,2026-02-24,False,,Taxation
REG001766,IN,Income Tax,Income Tax regulation for India in 2023,2023-06-04,9999-12-31,True,0.32,Taxation
REG001767,IN,Income Tax,Income Tax regulation for India in 2024,2024-02-10,9999-12-31,True,0.37,Labor Law
REG001768,US,Income Tax,Income Tax regulation for United States in 2024,2024-05-07,2025-12-18,False,0.39,Taxation
REG001769,ZA,Payroll Reporting,Payroll Reporting regulation for South Africa in 2024,2024-04-20,9999-12-31,True,,Payroll Reporting
REG001770,FR,Payroll Reporting,Payroll Reporting regulation for France in 2023,2023-07-10,2024-06-17,False,,Payroll Reporting
REG001771,FR,Social Security,Social Security regulation for France in 2024,2024-05-08,9999-12-31,True,0.18,Taxation
REG001772,CA,Payroll Reporting,Payroll Reporting regulation for Canada in 2024,2024-06-07,2026-01-26,False,,Taxation
REG001773,ZA,Income Tax,Income Tax regulation for South Africa in 2024,2024-11-25,2026-06-29,False,0.19,Taxation
REG001774,DE,Income Tax,Income Tax regulation for Germany in 2024,2024-01-17,9999-12-31,True,0.16,Taxation
REG001775,JP,Payroll Reporting,Payroll Reporting regulation for Japan in 2024,2024-10-25,9999-12-31,True,,Labor Law
REG001776,US,Income Tax,Income Tax regulation for United States in 2024,2024-05-30,2025-02-14,False,0.31,Taxation
REG001777,JP,Overtime Pay,Overtime Pay regulation for Japan in 2024,2024-01-20,2025-06-29,False,,Payroll Reporting
REG001778,UK,Social Security,Social Security regulation for United Kingdom in 2024,2024-06-30,9999-12-31,True,0.14,Taxation
REG001779,US,Income Tax,Income Tax regulation for United States in 2024,2024-01-21,2025-07-23,False,0.19,Labor Law
REG001780,UK,Overtime Pay,Overtime Pay regulation for United Kingdom in 2024,2024-05-09,2026-05-01,False,,Labor Law
REG001781,ZA,Social Security,Social Security regulation for South Africa in 2024,2024-06-17,9999-12-31,True,0.12,Labor Law
REG001782,DE,Overtime Pay,Overtime Pay regulation for Germany in 2024,2024-01-27,9999-12-31,True,,Labor Law
REG001783,AU,Employee Benefits,Employee Benefits regulation for Australia in 2023,2023-12-07,9999-12-31,True,,Taxation
REG001784,AU,Social Security,Social Security regulation for Australia in 2023,2023-06-12,2025-03-11,False,0.18,Taxation
REG001785,US,Social Security,Social Security regulation for United States in 2025,2025-03-08,9999-12-31,True,0.36,Labor Law
REG001786,US,Overtime Pay,Overtime Pay regulation for United States in 2024,2024-11-08,2026-03-02,False,,Payroll Reporting
REG001787,JP,Social Security,Social Security regulation for Japan in 2023,2023-12-16,9999-12-31,True,0.1,Labor Law
REG001788,JP,Overtime Pay,Overtime Pay regulation for Japan in 2023,2023-09-15,9999-12-31,True,,Taxation
REG001789,JP,Social Security,Social Security regulation for Japan in 2025,2025-05-19,9999-12-31,True,0.22,Payroll Reporting
REG001790,US,Overtime Pay,Overtime Pay regulation for United States in 2024,2024-05-11,9999-12-31,True,,Taxation
REG001791,CA,Minimum Wage,Minimum Wage regulation for Canada in 2025,2025-04-15,9999-12-31,True,,Labor Law
REG001792,ZA,Social Security,Social Security regulation for South Africa in 2024,2024-07-02,9999-12-31,True,0.14,Labor Law
REG001793,UK,Minimum Wage,Minimum Wage regulation for United Kingdom in 2023,2023-11-18,2025-10-10,False,,Payroll Reporting
REG001794,UK,Payroll Reporting,Payroll Reporting regulation for United Kingdom in 2024,2024-08-12,2025-02-15,False,,Taxation
REG001795,AU,Income Tax,Income Tax regulation for Australia in 2024,2024-09-15,9999-12-31,True,0.27,Labor Law
REG001796,ZA,Overtime Pay,Overtime Pay regulation for South Africa in 2024,2024-10-16,9999-12-31,True,,Taxation
REG001797,ZA,Social Security,Social Security regulation for South Africa in 2024,2024-11-12,2025-07-25,False,0.27,Taxation
REG001798,UK,Payroll Reporting,Payroll Reporting regulation for United Kingdom in 2024,2024-07-28,9999-12-31,True,,Payroll Reporting
REG001799,AU,Social Security,Social Security regulation for Australia in 2024,2024-02-23,9999-12-31,True,0.17,Taxation
REG001800,ZA,Overtime Pay,Overtime Pay regulation for South Africa in 2024,2024-04-27,9999-12-31,True,,Labor Law
REG001801,ZA,Employee Benefits,Employee Benefits regulation for South Africa in 2023,2023-09-07,9999-12-31,True,,Labor Law
REG001802,ZA,Minimum Wage,Minimum Wage regulation for South Africa in 2024,2024-09-25,9999-12-31,True,,Payroll Reporting
REG001803,UK,Minimum Wage,Minimum Wage regulation for United Kingdom in 2024,2024-12-17,2026-05-11,False,,Taxation
REG001804,UK,Overtime Pay,Overtime Pay regulation for United Kingdom in 2024,2024-10-05,9999-12-31,True,,Payroll Reporting
REG001805,FR,Income Tax,Income Tax regulation for France in 2024,2024-09-11,2025-08-25,False,0.39,Labor Law
REG001806,AU,Overtime Pay,Overtime Pay regulation for Australia in 2024,2024-02-07,2024-11-26,False,,Labor Law
REG001807,IN,Minimum Wage,Minimum Wage regulation for India in 2024,2024-12-31,2026-02-27,False,,Payroll Reporting
REG001808,DE,Social Security,Social Security regulation for Germany in 2023,2023-11-04,2024-09-12,False,0.2,Taxation
REG001809,JP,Payroll Reporting,Payroll Reporting regulation for Japan in 2025,2025-02-04,9999-12-31,True,,Taxation
REG001810,UK,Social Security,Social Security regulation for United Kingdom in 2023,2023-08-15,2025-06-06,False,0.32,Taxation
REG001811,DE,Employee Benefits,Employee Benefits regulation for Germany in 2023,2023-07-17,2025-05-18,False,,Taxation
REG001812,CA,Minimum Wage,Minimum Wage regulation for Canada in 2023,2023-12-14,9999-12-31,True,,Payroll Reporting
REG001813,CA,Social Security,Social Security regulation for Canada in 2023,2023-09-13,2025-01-16,False,0.29,Labor Law
REG001814,JP,Overtime Pay,Overtime Pay regulation for Japan in 2024,2024-04-22,9999-12-31,True,,Payroll Reporting
REG001815,DE,Minimum Wage,Minimum Wage regulation for Germany in 2024,2024-04-04,2025-01-21,False,,Labor Law
REG001816,DE,Employee Benefits,Employee Benefits regulation for Germany in 2024,2024-06-14,2025-07-27,False,,Payroll Reporting
REG001817,US,Social Security,Social Security regulation for United States in 2025,2025-05-01,9999-12-31,True,0.28,Payroll Reporting
REG001818,US,Social Security,Social Security regulation for United States in 2023,2023-06-12,2025-06-07,False,0.29,Payroll Reporting
REG001819,CA,Social Security,Social Security regulation for Canada in 2025,2025-03-10,9999-12-31,True,0.19,Payroll Reporting
REG001820,DE,Income Tax,Income Tax regulation for Germany in 2024,2024-07-12,9999-12-31,True,0.32,Payroll Reporting
REG001821,CA,Income Tax,Income Tax regulation for Canada in 2023,2023-12-05,9999-12-31,True,0.23,Labor Law
REG001822,FR,Social Security,Social Security regulation for France in 2025,2025-04-21,9999-12-31,True,0.24,Taxation
REG001823,CA,Social Security,Social Security regulation for Canada in 2024,2024-06-24,2026-01-16,False,0.31,Payroll Reporting
REG001824,IN,Social Security,Social Security regulation for India in 2024,2024-10-21,2026-01-11,False,0.28,Taxation
REG001825,BR,Overtime Pay,Overtime Pay regulation for Brazil in 2024,2024-08-24,9999-12-31,True,,Taxation
REG001826,ZA,Income Tax,Income Tax regulation for South Africa in 2023,2023-08-19,2024-04-15,False,0.37,Payroll Reporting
REG001827,AU,Social Security,Social Security regulation for Australia in 2024,2024-10-13,2025-12-14,False,0.13,Payroll Reporting
REG001828,UK,Overtime Pay,Overtime Pay regulation for United Kingdom in 2024,2024-12-22,9999-12-31,True,,Taxation
REG001829,DE,Minimum Wage,Minimum Wage regulation for Germany in 2023,2023-10-11,9999-12-31,True,,Labor Law
REG001830,FR,Minimum Wage,Minimum Wage regulation for France in 2024,2024-05-03,2024-11-12,False,,Taxation
REG001831,UK,Payroll Reporting,Payroll Reporting regulation for United Kingdom in 2024,2024-05-01,2025-03-05,False,,Payroll Reporting
REG001832,BR,Social Security,Social Security regulation for Brazil in 2024,2024-07-28,2026-07-18,False,0.4,Labor Law
REG001833,FR,Minimum Wage,Minimum Wage regulation for France in 2023,2023-12-19,9999-12-31,True,,Taxation
REG001834,ZA,Payroll Reporting,Payroll Reporting regulation for South Africa in 2024,2024-06-14,9999-12-31,True,,Payroll Reporting
REG001835,AU,Payroll Reporting,Payroll Reporting regulation for Australia in 2023,2023-09-20,2025-05-17,False,,Payroll Reporting
REG001836,FR,Overtime Pay,Overtime Pay regulation for France in 2024,2024-09-01,9999-12-31,True,,Labor Law
REG001837,BR,Payroll Reporting,Payroll Reporting regulation for Brazil in 2024,2024-08-29,9999-12-31,True,,Taxation
REG001838,IN,Overtime Pay,Overtime Pay regulation for India in 2023,2023-10-27,9999-12-31,True,,Payroll Reporting
REG001839,CA,Overtime Pay,Overtime Pay regulation for Canada in 2023,2023-09-15,9999-12-31,True,,Labor Law
REG001840,AU,Income Tax,Income Tax regulation for Australia in 2024,2024-04-01,9999-12-31,True,0.32,Taxation
REG001841,ZA,Payroll Reporting,Payroll Reporting regulation for South Africa in 2024,2024-10-17,9999-12-31,True,,Payroll Reporting
REG001842,US,Employee Benefits,Employee Benefits regulation for United States in 2023,2023-07-03,9999-12-31,True,,Labor Law
REG001843,CA,Overtime Pay,Overtime Pay regulation for Canada in 2023,2023-10-31,2024-07-06,False,,Payroll Reporting
REG001844,CA,Minimum Wage,Minimum Wage regulation for Canada in 2024,2024-07-05,9999-12-31,True,,Labor Law
REG001845,JP,Overtime Pay,Overtime Pay regulation for Japan in 2023,2023-12-21,9999-12-31,True,,Payroll Reporting
REG001846,AU,Minimum Wage,Minimum Wage regulation for Australia in 2024,2024-02-28,2024-10-18,False,,Payroll Reporting
REG001847,CA,Social Security,Social Security regulation for Canada in 2025,2025-01-18,9999-12-31,True,0.29,Taxation
REG001848,DE,Payroll Reporting,Payroll Reporting regulation for Germany in 2024,2024-01-05,2024-11-27,False,,Payroll Reporting
REG001849,US,Employee Benefits,Employee Benefits regulation for United States in 2025,2025-02-12,9999-12-31,True,,Labor Law
REG001850,FR,Minimum Wage,Minimum Wage regulation for France in 2024,2024-07-05,2025-08-19,False,,Payroll Reporting
REG001851,BR,Minimum Wage,Minimum Wage regulation for Brazil in 2024,2024-07-31,9999-12-31,True,,Payroll Reporting
REG001852,ZA,Overtime Pay,Overtime Pay regulation for South Africa in 2023,2023-06-13,9999-12-31,True,,Labor Law
REG001853,AU,Social Security,Social Security regulation for Australia in 2025,2025-01-19,9999-12-31,True,0.32,Payroll Reporting
REG001854,ZA,Social Security,Social Security regulation for South Africa in 2023,2023-09-26,2024-09-18,False,0.25,Payroll Reporting
REG001855,BR,Minimum Wage,Minimum Wage regulation for Brazil in 2025,2025-04-06,9999-12-31,True,,Labor Law
REG001856,BR,Social Security,Social Security regulation for Brazil in 2023,2023-10-11,9999-12-31,True,0.37,Taxation
REG001857,US,Overtime Pay,Overtime Pay regulation for United States in 2023,2023-06-09,9999-12-31,True,,Labor Law
REG001858,AU,Social Security,Social Security regulation for Australia in 2023,2023-08-05,9999-12-31,True,0.12,Taxation
REG001859,DE,Minimum Wage,Minimum Wage regulation for Germany in 2024,2024-06-12,9999-12-31,True,,Taxation
REG001860,IN,Minimum Wage,Minimum Wage regulation for India in 2024,2024-08-01,2025-10-14,False,,Taxation
REG001861,ZA,Payroll Reporting,Payroll Reporting regulation for South Africa in 2024,2024-11-20,2025-11-30,False,,Payroll Reporting
REG001862,FR,Social Security,Social Security regulation for France in 2024,2024-04-29,9999-12-31,True,0.17,Labor Law
REG001863,US,Minimum Wage,Minimum Wage regulation for United States in 2025,2025-05-23,9999-12-31,True,,Taxation
REG001864,DE,Income Tax,Income Tax regulation for Germany in 2023,2023-11-13,9999-12-31,True,0.17,Taxation
REG001865,AU,Income Tax,Income Tax regulation for Australia in 2025,2025-05-17,9999-12-31,True,0.35,Labor Law
REG001866,UK,Minimum Wage,Minimum Wage regulation for United Kingdom in 2023,2023-10-07,2025-03-02,False,,Payroll Reporting
REG001867,FR,Income Tax,Income Tax regulation for France in 2024,2024-08-27,2025-04-17,False,0.18,Taxation
REG001868,CA,Minimum Wage,Minimum Wage regulation for Canada in 2024,2024-11-29,2026-04-05,False,,Taxation
REG001869,UK,Payroll Reporting,Payroll Reporting regulation for United Kingdom in 2024,2024-07-13,9999-12-31,True,,Labor Law
REG001870,AU,Income Tax,Income Tax regulation for Australia in 2024,2024-11-30,9999-12-31,True,0.2,Payroll Reporting
REG001871,US,Overtime Pay,Overtime Pay regulation for United States in 2023,2023-07-23,9999-12-31,True,,Payroll Reporting
REG001872,UK,Social Security,Social Security regulation for United Kingdom in 2024,2024-07-24,2025-02-10,False,0.2,Payroll Reporting
REG001873,BR,Employee Benefits,Employee Benefits regulation for Brazil in 2023,2023-06-18,2024-08-31,False,,Taxation
REG001874,ZA,Employee Benefits,Employee Benefits regulation for South Africa in 2024,2024-10-04,2025-07-23,False,,Labor Law
REG001875,FR,Minimum Wage,Minimum Wage regulation for France in 2023,2023-10-05,2025-08-23,False,,Taxation
REG001876,DE,Overtime Pay,Overtime Pay regulation for Germany in 2025,2025-05-14,9999-12-31,True,,Taxation
REG001877,IN,Payroll Reporting,Payroll Reporting regulation for India in 2024,2024-06-13,9999-12-31,True,,Labor Law
REG001878,DE,Social Security,Social Security regulation for Germany in 2023,2023-06-17,9999-12-31,True,0.35,Labor Law
REG001879,UK,Employee Benefits,Employee Benefits regulation for United Kingdom in 2023,2023-07-12,2024-05-24,False,,Taxation
REG001880,JP,Employee Benefits,Employee Benefits regulation for Japan in 2024,2024-06-01,2026-02-13,False,,Taxation
REG001881,AU,Social Security,Social Security regulation for Australia in 2023,2023-11-28,9999-12-31,True,0.36,Taxation
REG001882,FR,Overtime Pay,Overtime Pay regulation for France in 2024,2024-08-07,9999-12-31,True,,Labor Law
REG001883,US,Minimum Wage,Minimum Wage regulation for United States in 2025,2025-05-22,9999-12-31,True,,Taxation
REG001884,US,Minimum Wage,Minimum Wage regulation for United States in 2024,2024-11-11,2026-10-04,False,,Labor Law
REG001885,DE,Payroll Reporting,Payroll Reporting regulation for Germany in 2023,2023-08-24,2025-06-05,False,,Taxation
REG001886,CA,Social Security,Social Security regulation for Canada in 2024,2024-07-04,9999-12-31,True,0.31,Labor Law
REG001887,US,Payroll Reporting,Payroll Reporting regulation for United States in 2023,2023-09-08,9999-12-31,True,,Payroll Reporting
REG001888,ZA,Income Tax,Income Tax regulation for South Africa in 2024,2024-09-17,9999-12-31,True,0.11,Labor Law
REG001889,DE,Employee Benefits,Employee Benefits regulation for Germany in 2024,2024-06-02,9999-12-31,True,,Taxation
REG001890,BR,Payroll Reporting,Payroll Reporting regulation for Brazil in 2024,2024-10-16,9999-12-31,True,,Labor Law
REG001891,JP,Payroll Reporting,Payroll Reporting regulation for Japan in 2024,2024-07-22,9999-12-31,True,,Payroll Reporting
REG001892,ZA,Social Security,Social Security regulation for South Africa in 2024,2024-10-06,9999-12-31,True,0.18,Labor Law
REG001893,UK,Overtime Pay,Overtime Pay regulation for United Kingdom in 2023,2023-08-13,9999-12-31,True,,Payroll Reporting
REG001894,JP,Income Tax,Income Tax regulation for Japan in 2025,2025-04-16,9999-12-31,True,0.22,Payroll Reporting
REG001895,FR,Employee Benefits,Employee Benefits regulation for France in 2024,2024-05-18,2025-02-12,False,,Payroll Reporting
REG001896,AU,Overtime Pay,Overtime Pay regulation for Australia in 2024,2024-08-05,9999-12-31,True,,Labor Law
REG001897,US,Employee Benefits,Employee Benefits regulation for United States in 2025,2025-01-26,9999-12-31,True,,Payroll Reporting
REG001898,DE,Minimum Wage,Minimum Wage regulation for Germany in 2024,2024-06-07,2026-06-06,False,,Taxation
REG001899,DE,Overtime Pay,Overtime Pay regulation for Germany in 2024,2024-09-13,9999-12-31,True,,Payroll Reporting
REG001900,US,Income Tax,Income Tax regulation for United States in 2023,2023-12-09,2024-11-12,False,0.31,Taxation
REG001901,US,Employee Benefits,Employee Benefits regulation for United States in 2023,2023-12-05,9999-12-31,True,,Payroll Reporting
REG001902,CA,Overtime Pay,Overtime Pay regulation for Canada in 2025,2025-02-06,9999-12-31,True,,Taxation
REG001903,BR,Overtime Pay,Overtime Pay regulation for Brazil in 2024,2024-08-29,9999-12-31,True,,Labor Law
REG001904,DE,Minimum Wage,Minimum Wage regulation for Germany in 2024,2024-08-14,9999-12-31,True,,Labor Law
REG001905,JP,Social Security,Social Security regulation for Japan in 2024,2024-09-21,9999-12-31,True,0.39,Taxation
REG001906,US,Overtime Pay,Overtime Pay regulation for United States in 2023,2023-09-09,2025-08-21,False,,Payroll Reporting
REG001907,ZA,Employee Benefits,Employee Benefits regulation for South Africa in 2024,2024-06-23,2025-04-04,False,,Payroll Reporting
REG001908,CA,Minimum Wage,Minimum Wage regulation for Canada in 2024,2024-08-16,2025-09-09,False,,Labor Law
REG001909,FR,Income Tax,Income Tax regulation for France in 2025,2025-02-15,9999-12-31,True,0.18,Labor Law
REG001910,CA,Payroll Reporting,Payroll Reporting regulation for Canada in 2023,2023-12-26,9999-12-31,True,,Labor Law
REG001911,DE,Payroll Reporting,Payroll Reporting regulation for Germany in 2023,2023-12-01,2025-09-01,False,,Labor Law
REG001912,UK,Payroll Reporting,Payroll Reporting regulation for United Kingdom in 2024,2024-08-02,2026-06-16,False,,Taxation
REG001913,UK,Overtime Pay,Overtime Pay regulation for United Kingdom in 2024,2024-11-02,2026-04-28,False,,Labor Law
REG001914,US,Minimum Wage,Minimum Wage regulation for United States in 2023,2023-10-05,2025-05-18,False,,Taxation
REG001915,CA,Social Security,Social Security regulation for Canada in 2024,2024-03-26,9999-12-31,True,0.25,Payroll Reporting
REG001916,FR,Social Security,Social Security regulation for France in 2023,2023-11-18,9999-12-31,True,0.1,Taxation
REG001917,IN,Minimum Wage,Minimum Wage regulation for India in 2025,2025-04-28,9999-12-31,True,,Payroll Reporting
REG001918,AU,Overtime Pay,Overtime Pay regulation for Australia in 2024,2024-12-06,2026-01-09,False,,Taxation
REG001919,FR,Employee Benefits,Employee Benefits regulation for France in 2024,2024-01-25,2025-11-28,False,,Taxation
REG001920,US,Employee Benefits,Employee Benefits regulation for United States in 2023,2023-10-07,9999-12-31,True,,Taxation
REG001921,DE,Overtime Pay,Overtime Pay regulation for Germany in 2024,2024-10-05,2025-07-22,False,,Payroll Reporting
REG001922,IN,Overtime Pay,Overtime Pay regulation for India in 2023,2023-08-10,9999-12-31,True,,Labor Law
REG001923,CA,Payroll Reporting,Payroll Reporting regulation for Canada in 2023,2023-08-29,2024-07-31,False,,Taxation
REG001924,UK,Social Security,Social Security regulation for United Kingdom in 2024,2024-05-31,2025-01-24,False,0.14,Labor Law
REG001925,CA,Minimum Wage,Minimum Wage regulation for Canada in 2023,2023-07-24,2024-02-13,False,,Payroll Reporting
REG001926,US,Minimum Wage,Minimum Wage regulation for United States in 2024,2024-10-11,2025-05-11,False,,Payroll Reporting
REG001927,US,Employee Benefits,Employee Benefits regulation for United States in 2023,2023-07-08,9999-12-31,True,,Payroll Reporting
REG001928,FR,Overtime Pay,Overtime Pay regulation for France in 2024,2024-03-04,2025-04-30,False,,Payroll Reporting
REG001929,JP,Overtime Pay,Overtime Pay regulation for Japan in 2023,2023-09-10,9999-12-31,True,,Labor Law
REG001930,DE,Income Tax,Income Tax regulation for Germany in 2024,2024-05-18,2025-06-21,False,0.1,Labor Law
REG001931,BR,Payroll Reporting,Payroll Reporting regulation for Brazil in 2024,2024-01-13,9999-12-31,True,,Payroll Reporting
REG001932,US,Income Tax,Income Tax regulation for United States in 2024,2024-06-27,9999-12-31,True,0.27,Labor Law
REG001933,BR,Minimum Wage,Minimum Wage regulation for Brazil in 2023,2023-07-19,9999-12-31,True,,Payroll Reporting
REG001934,CA,Payroll Reporting,Payroll Reporting regulation for Canada in 2024,2024-06-12,9999-12-31,True,,Taxation
REG001935,FR,Employee Benefits,Employee Benefits regulation for France in 2024,2024-08-19,2025-06-03,False,,Labor Law
REG001936,ZA,Payroll Reporting,Payroll Reporting regulation for South Africa in 2023,2023-11-20,2025-04-04,False,,Labor Law
REG001937,DE,Overtime Pay,Overtime Pay regulation for Germany in 2024,2024-02-09,9999-12-31,True,,Payroll Reporting
REG001938,ZA,Overtime Pay,Overtime Pay regulation for South Africa in 2024,2024-03-19,9999-12-31,True,,Labor Law
REG001939,UK,Payroll Reporting,Payroll Reporting regulation for United Kingdom in 2023,2023-10-27,2024-10-01,False,,Taxation
REG001940,AU,Social Security,Social Security regulation for Australia in 2024,2024-11-28,2026-04-27,False,0.29,Taxation
REG001941,US,Social Security,Social Security regulation for United States in 2024,2024-06-14,9999-12-31,True,0.17,Taxation
REG001942,BR,Minimum Wage,Minimum Wage regulation for Brazil in 2023,2023-10-07,9999-12-31,True,,Labor Law
REG001943,DE,Employee Benefits,Employee Benefits regulation for Germany in 2024,2024-07-19,2026-04-22,False,,Taxation
REG001944,IN,Minimum Wage,Minimum Wage regulation for India in 2024,2024-08-11,9999-12-31,True,,Payroll Reporting
REG001945,AU,Payroll Reporting,Payroll Reporting regulation for Australia in 2024,2024-03-11,9999-12-31,True,,Labor Law
REG001946,UK,Payroll Reporting,Payroll Reporting regulation for United Kingdom in 2024,2024-04-13,9999-12-31,True,,Payroll Reporting
REG001947,US,Minimum Wage,Minimum Wage regulation for United States in 2025,2025-01-13,9999-12-31,True,,Taxation
REG001948,DE,Overtime Pay,Overtime Pay regulation for Germany in 2023,2023-06-28,2024-02-07,False,,Payroll Reporting
REG001949,JP,Income Tax,Income Tax regulation for Japan in 2024,2024-11-28,9999-12-31,True,0.17,Taxation
REG001950,FR,Payroll Reporting,Payroll Reporting regulation for France in 2024,2024-04-08,2025-07-14,False,,Labor Law
REG001951,ZA,Income Tax,Income Tax regulation for South Africa in 2024,2024-11-19,2025-12-02,False,0.22,Labor Law
REG001952,IN,Overtime Pay,Overtime Pay regulation for India in 2024,2024-11-02,2026-03-27,False,,Payroll Reporting
REG001953,CA,Minimum Wage,Minimum Wage regulation for Canada in 2024,2024-06-17,2025-05-22,False,,Taxation
REG001954,IN,Social Security,Social Security regulation for India in 2025,2025-04-11,9999-12-31,True,0.34,Labor Law
REG001955,JP,Social Security,Social Security regulation for Japan in 2023,2023-10-23,2025-10-21,False,0.26,Labor Law
REG001956,BR,Employee Benefits,Employee Benefits regulation for Brazil in 2024,2024-01-21,9999-12-31,True,,Taxation
REG001957,FR,Social Security,Social Security regulation for France in 2025,2025-02-12,9999-12-31,True,0.24,Labor Law
REG001958,AU,Income Tax,Income Tax regulation for Australia in 2024,2024-04-29,9999-12-31,True,0.38,Taxation
REG001959,JP,Income Tax,Income Tax regulation for Japan in 2024,2024-06-08,9999-12-31,True,0.21,Labor Law
REG001960,ZA,Income Tax,Income Tax regulation for South Africa in 2024,2024-10-29,2025-08-29,False,0.28,Taxation
REG001961,ZA,Overtime Pay,Overtime Pay regulation for South Africa in 2023,2023-09-14,9999-12-31,True,,Labor Law
REG001962,UK,Income Tax,Income Tax regulation for United Kingdom in 2024,2024-02-01,2025-11-07,False,0.38,Taxation
REG001963,JP,Payroll Reporting,Payroll Reporting regulation for Japan in 2024,2024-10-23,9999-12-31,True,,Taxation
REG001964,ZA,Payroll Reporting,Payroll Reporting regulation for South Africa in 2023,2023-06-12,9999-12-31,True,,Payroll Reporting
REG001965,AU,Overtime Pay,Overtime Pay regulation for Australia in 2023,2023-07-06,9999-12-31,True,,Labor Law
REG001966,FR,Overtime Pay,Overtime Pay regulation for France in 2023,2023-06-24,9999-12-31,True,,Labor Law
REG001967,UK,Income Tax,Income Tax regulation for United Kingdom in 2025,2025-02-28,9999-12-31,True,0.17,Taxation
REG001968,CA,Income Tax,Income Tax regulation for Canada in 2024,2024-12-26,9999-12-31,True,0.33,Payroll Reporting
REG001969,UK,Income Tax,Income Tax regulation for United Kingdom in 2025,2025-03-19,9999-12-31,True,0.38,Payroll Reporting
REG001970,UK,Minimum Wage,Minimum Wage regulation for United Kingdom in 2024,2024-01-02,9999-12-31,True,,Labor Law
REG001971,UK,Employee Benefits,Employee Benefits regulation for United Kingdom in 2025,2025-05-09,9999-12-31,True,,Payroll Reporting
REG001972,BR,Social Security,Social Security regulation for Brazil in 2024,2024-03-04,2024-12-27,False,0.23,Payroll Reporting
REG001973,US,Minimum Wage,Minimum Wage regulation for United States in 2023,2023-07-05,2025-04-06,False,,Taxation
REG001974,JP,Minimum Wage,Minimum Wage regulation for Japan in 2023,2023-05-27,2023-11-24,False,,Payroll Reporting
REG001975,CA,Income Tax,Income Tax regulation for Canada in 2024,2024-10-03,2026-07-09,False,0.13,Payroll Reporting
REG001976,JP,Overtime Pay,Overtime Pay regulation for Japan in 2024,2024-01-01,9999-12-31,True,,Taxation
REG001977,US,Social Security,Social Security regulation for United States in 2023,2023-07-01,9999-12-31,True,0.18,Labor Law
REG001978,DE,Minimum Wage,Minimum Wage regulation for Germany in 2023,2023-08-14,2025-06-09,False,,Taxation
REG001979,IN,Overtime Pay,Overtime Pay regulation for India in 2024,2024-10-11,2026-08-05,False,,Payroll Reporting
REG001980,CA,Income Tax,Income Tax regulation for Canada in 2024,2024-02-11,2025-05-10,False,0.11,Taxation
REG001981,FR,Minimum Wage,Minimum Wage regulation for France in 2023,2023-07-11,2025-06-27,False,,Labor Law
REG001982,US,Payroll Reporting,Payroll Reporting regulation for United States in 2023,2023-12-05,9999-12-31,True,,Taxation
REG001983,ZA,Income Tax,Income Tax regulation for South Africa in 2024,2024-06-08,9999-12-31,True,0.22,Payroll Reporting
REG001984,CA,Income Tax,Income Tax regulation for Canada in 2023,2023-08-02,9999-12-31,True,0.34,Labor Law
REG001985,CA,Income Tax,Income Tax regulation for Canada in 2024,2024-11-01,9999-12-31,True,0.35,Taxation
REG001986,BR,Social Security,Social Security regulation for Brazil in 2023,2023-07-05,2025-04-06,False,0.21,Taxation
REG001987,JP,Income Tax,Income Tax regulation for Japan in 2023,2023-09-05,2025-07-16,False,0.38,Labor Law
REG001988,BR,Income Tax,Income Tax regulation for Brazil in 2023,2023-06-23,9999-12-31,True,0.12,Payroll Reporting
REG001989,ZA,Overtime Pay,Overtime Pay regulation for South Africa in 2024,2024-08-02,2025-11-27,False,,Labor Law
REG001990,UK,Social Security,Social Security regulation for United Kingdom in 2023,2023-09-08,2024-10-23,False,0.22,Labor Law
REG001991,CA,Income Tax,Income Tax regulation for Canada in 2024,2024-02-28,9999-12-31,True,0.18,Labor Law
REG001992,JP,Overtime Pay,Overtime Pay regulation for Japan in 2025,2025-01-21,9999-12-31,True,,Labor Law
REG001993,ZA,Minimum Wage,Minimum Wage regulation for South Africa in 2023,2023-10-29,2025-10-09,False,,Payroll Reporting
REG001994,CA,Payroll Reporting,Payroll Reporting regulation for Canada in 2023,2023-12-13,2025-11-21,False,,Taxation
REG001995,FR,Income Tax,Income Tax regulation for France in 2023,2023-11-24,9999-12-31,True,0.22,Taxation
REG001996,US,Income Tax,Income Tax regulation for United States in 2025,2025-03-11,9999-12-31,True,0.38,Labor Law
REG001997,FR,Income Tax,Income Tax regulation for France in 2025,2025-01-10,9999-12-31,True,0.33,Labor Law
REG001998,FR,Social Security,Social Security regulation for France in 2024,2024-09-13,2026-01-26,False,0.27,Labor Law
REG001999,ZA,Social Security,Social Security regulation for South Africa in 2024,2024-10-28,9999-12-31,True,0.34,Taxation
REG002000,FR,Payroll Reporting,Payroll Reporting regulation for France in 2024,2024-07-10,9999-12-31,True,,Taxation
REG002001,UK,Overtime Pay,Overtime Pay regulation for United Kingdom in 2024,2024-05-22,9999-12-31,True,,Payroll Reporting
REG002002,DE,Income Tax,Income Tax regulation for Germany in 2023,2023-10-30,9999-12-31,True,0.18,Taxation
REG002003,IN,Income Tax,Income Tax regulation for India in 2023,2023-11-11,2025-02-26,False,0.19,Labor Law
REG002004,AU,Payroll Reporting,Payroll Reporting regulation for Australia in 2024,2024-09-15,2026-06-15,False,,Labor Law
REG002005,BR,Social Security,Social Security regulation for Brazil in 2025,2025-01-29,9999-12-31,True,0.17,Payroll Reporting
REG002006,JP,Minimum Wage,Minimum Wage regulation for Japan in 2024,2024-07-08,2025-12-20,False,,Labor Law
REG002007,IN,Social Security,Social Security regulation for India in 2023,2023-06-21,9999-12-31,True,0.24,Payroll Reporting
REG002008,US,Social Security,Social Security regulation for United States in 2024,2024-12-11,9999-12-31,True,0.21,Taxation
REG002009,US,Minimum Wage,Minimum Wage regulation for United States in 2024,2024-09-13,9999-12-31,True,,Labor Law
REG002010,DE,Minimum Wage,Minimum Wage regulation for Germany in 2024,2024-02-17,9999-12-31,True,,Payroll Reporting
REG002011,DE,Employee Benefits,Employee Benefits regulation for Germany in 2023,2023-12-23,9999-12-31,True,,Payroll Reporting
REG002012,ZA,Overtime Pay,Overtime Pay regulation for South Africa in 2024,2024-11-12,2026-01-07,False,,Taxation
REG002013,FR,Social Security,Social Security regulation for France in 2025,2025-05-23,9999-12-31,True,0.39,Labor Law
REG002014,DE,Employee Benefits,Employee Benefits regulation for Germany in 2025,2025-05-24,9999-12-31,True,,Taxation
REG002015,CA,Payroll Reporting,Payroll Reporting regulation for Canada in 2023,2023-07-26,2024-06-25,False,,Taxation
REG002016,JP,Minimum Wage,Minimum Wage regulation for Japan in 2024,2024-04-18,2025-09-17,False,,Payroll Reporting
REG002017,BR,Payroll Reporting,Payroll Reporting regulation for Brazil in 2024,2024-08-28,9999-12-31,True,,Labor Law
REG002018,DE,Payroll Reporting,Payroll Reporting regulation for Germany in 2024,2024-05-03,2025-02-01,False,,Labor Law
REG002019,UK,Social Security,Social Security regulation for United Kingdom in 2024,2024-12-10,2025-12-30,False,0.34,Labor Law
REG002020,ZA,Overtime Pay,Overtime Pay regulation for South Africa in 2024,2024-12-23,2025-07-25,False,,Labor Law
REG002021,US,Minimum Wage,Minimum Wage regulation for United States in 2024,2024-05-24,2025-03-03,False,,Labor Law
REG002022,BR,Minimum Wage,Minimum Wage regulation for Brazil in 2024,2024-05-08,2025-03-12,False,,Taxation
REG002023,UK,Overtime Pay,Overtime Pay regulation for United Kingdom in 2024,2024-01-31,9999-12-31,True,,Labor Law
REG002024,US,Overtime Pay,Overtime Pay regulation for United States in 2023,2023-08-11,9999-12-31,True,,Labor Law
REG002025,CA,Overtime Pay,Overtime Pay regulation for Canada in 2023,2023-09-25,2025-05-07,False,,Taxation
REG002026,ZA,Payroll Reporting,Payroll Reporting regulation for South Africa in 2024,2024-08-19,2025-03-02,False,,Taxation
REG002027,CA,Employee Benefits,Employee Benefits regulation for Canada in 2025,2025-03-23,9999-12-31,True,,Payroll Reporting
REG002028,AU,Minimum Wage,Minimum Wage regulation for Australia in 2023,2023-09-09,2024-03-12,False,,Taxation
REG002029,ZA,Employee Benefits,Employee Benefits regulation for South Africa in 2023,2023-08-04,9999-12-31,True,,Labor Law
REG002030,IN,Overtime Pay,Overtime Pay regulation for India in 2024,2024-03-18,9999-12-31,True,,Payroll Reporting
REG002031,JP,Overtime Pay,Overtime Pay regulation for Japan in 2025,2025-04-25,9999-12-31,True,,Labor Law
REG002032,ZA,Social Security,Social Security regulation for South Africa in 2024,2024-03-21,2025-08-12,False,0.14,Payroll Reporting
REG002033,US,Minimum Wage,Minimum Wage regulation for United States in 2024,2024-01-10,9999-12-31,True,,Payroll Reporting
REG002034,IN,Overtime Pay,Overtime Pay regulation for India in 2023,2023-07-08,9999-12-31,True,,Taxation
REG002035,US,Employee Benefits,Employee Benefits regulation for United States in 2023,2023-11-09,9999-12-31,True,,Taxation
REG002036,US,Income Tax,Income Tax regulation for United States in 2023,2023-10-29,2025-07-04,False,0.12,Taxation
REG002037,ZA,Overtime Pay,Overtime Pay regulation for South Africa in 2023,2023-12-30,9999-12-31,True,,Payroll Reporting
REG002038,CA,Minimum Wage,Minimum Wage regulation for Canada in 2023,2023-12-10,9999-12-31,True,,Taxation
REG002039,UK,Social Security,Social Security regulation for United Kingdom in 2024,2024-05-31,9999-12-31,True,0.11,Payroll Reporting
REG002040,JP,Payroll Reporting,Payroll Reporting regulation for Japan in 2024,2024-03-27,9999-12-31,True,,Payroll Reporting
REG002041,BR,Payroll Reporting,Payroll Reporting regulation for Brazil in 2024,2024-12-20,2026-07-07,False,,Payroll Reporting
REG002042,ZA,Income Tax,Income Tax regulation for South Africa in 2024,2024-09-30,2026-07-31,False,0.14,Payroll Reporting
REG002043,BR,Income Tax,Income Tax regulation for Brazil in 2025,2025-02-17,9999-12-31,True,0.12,Payroll Reporting
REG002044,CA,Payroll Reporting,Payroll Reporting regulation for Canada in 2024,2024-06-01,9999-12-31,True,,Labor Law
REG002045,FR,Employee Benefits,Employee Benefits regulation for France in 2024,2024-06-21,9999-12-31,True,,Payroll Reporting
REG002046,DE,Minimum Wage,Minimum Wage regulation for Germany in 2025,2025-02-06,9999-12-31,True,,Labor Law
REG002047,DE,Income Tax,Income Tax regulation for Germany in 2024,2024-02-05,9999-12-31,True,0.14,Taxation
REG002048,JP,Payroll Reporting,Payroll Reporting regulation for Japan in 2023,2023-05-31,9999-12-31,True,,Taxation
REG002049,US,Overtime Pay,Overtime Pay regulation for United States in 2024,2024-07-30,9999-12-31,True,,Taxation
REG002050,JP,Employee Benefits,Employee Benefits regulation for Japan in 2024,2024-02-09,2025-05-28,False,,Taxation
REG002051,FR,Overtime Pay,Overtime Pay regulation for France in 2024,2024-07-06,9999-12-31,True,,Payroll Reporting
REG002052,BR,Income Tax,Income Tax regulation for Brazil in 2024,2024-08-17,9999-12-31,True,0.16,Labor Law
REG002053,UK,Employee Benefits,Employee Benefits regulation for United Kingdom in 2023,2023-08-15,2024-10-12,False,,Labor Law
REG002054,JP,Social Security,Social Security regulation for Japan in 2024,2024-12-05,2025-08-09,False,0.22,Labor Law
REG002055,DE,Minimum Wage,Minimum Wage regulation for Germany in 2025,2025-04-16,9999-12-31,True,,Taxation
REG002056,BR,Social Security,Social Security regulation for Brazil in 2023,2023-10-01,9999-12-31,True,0.33,Payroll Reporting
REG002057,UK,Employee Benefits,Employee Benefits regulation for United Kingdom in 2024,2024-03-13,9999-12-31,True,,Payroll Reporting
REG002058,IN,Minimum Wage,Minimum Wage regulation for India in 2025,2025-03-27,9999-12-31,True,,Taxation
REG002059,JP,Social Security,Social Security regulation for Japan in 2023,2023-06-29,2025-04-04,False,0.37,Taxation
REG002060,DE,Payroll Reporting,Payroll Reporting regulation for Germany in 2024,2024-06-09,9999-12-31,True,,Labor Law
REG002061,ZA,Minimum Wage,Minimum Wage regulation for South Africa in 2023,2023-12-11,2024-11-24,False,,Taxation
REG002062,AU,Social Security,Social Security regulation for Australia in 2024,2024-10-08,2025-12-25,False,0.18,Payroll Reporting
REG002063,JP,Minimum Wage,Minimum Wage regulation for Japan in 2023,2023-12-20,9999-12-31,True,,Payroll Reporting
REG002064,DE,Employee Benefits,Employee Benefits regulation for Germany in 2024,2024-01-13,2025-12-12,False,,Taxation
REG002065,UK,Income Tax,Income Tax regulation for United Kingdom in 2025,2025-05-26,9999-12-31,True,0.19,Taxation
REG002066,BR,Income Tax,Income Tax regulation for Brazil in 2024,2024-09-16,2025-12-03,False,0.11,Payroll Reporting
REG002067,JP,Income Tax,Income Tax regulation for Japan in 2024,2024-11-08,2026-09-30,False,0.24,Labor Law
REG002068,AU,Employee Benefits,Employee Benefits regulation for Australia in 2024,2024-04-16,2024-12-09,False,,Payroll Reporting
REG002069,DE,Employee Benefits,Employee Benefits regulation for Germany in 2024,2024-02-24,9999-12-31,True,,Labor Law
REG002070,JP,Overtime Pay,Overtime Pay regulation for Japan in 2025,2025-02-06,9999-12-31,True,,Payroll Reporting
REG002071,US,Social Security,Social Security regulation for United States in 2024,2024-04-26,2025-01-31,False,0.31,Taxation
REG002072,CA,Overtime Pay,Overtime Pay regulation for Canada in 2024,2024-03-29,9999-12-31,True,,Labor Law
REG002073,IN,Income Tax,Income Tax regulation for India in 2024,2024-05-20,2025-05-17,False,0.37,Labor Law
REG002074,DE,Employee Benefits,Employee Benefits regulation for Germany in 2023,2023-08-16,9999-12-31,True,,Taxation
REG002075,IN,Social Security,Social Security regulation for India in 2025,2025-02-03,9999-12-31,True,0.2,Labor Law
REG002076,UK,Payroll Reporting,Payroll Reporting regulation for United Kingdom in 2023,2023-07-16,9999-12-31,True,,Taxation
REG002077,ZA,Minimum Wage,Minimum Wage regulation for South Africa in 2023,2023-06-13,2025-04-24,False,,Labor Law
REG002078,BR,Employee Benefits,Employee Benefits regulation for Brazil in 2025,2025-03-16,9999-12-31,True,,Labor Law
REG002079,ZA,Social Security,Social Security regulation for South Africa in 2023,2023-06-03,2025-04-13,False,0.36,Labor Law
REG002080,AU,Income Tax,Income Tax regulation for Australia in 2024,2024-04-08,9999-12-31,True,0.18,Labor Law
REG002081,CA,Employee Benefits,Employee Benefits regulation for Canada in 2024,2024-03-15,9999-12-31,True,,Taxation
REG002082,UK,Overtime Pay,Overtime Pay regulation for United Kingdom in 2023,2023-05-28,9999-12-31,True,,Labor Law
REG002083,FR,Income Tax,Income Tax regulation for France in 2024,2024-07-25,9999-12-31,True,0.31,Labor Law
REG002084,IN,Minimum Wage,Minimum Wage regulation for India in 2023,2023-07-01,2025-04-15,False,,Labor Law
REG002085,UK,Income Tax,Income Tax regulation for United Kingdom in 2024,2024-01-04,9999-12-31,True,0.21,Payroll Reporting
REG002086,CA,Employee Benefits,Employee Benefits regulation for Canada in 2023,2023-12-01,9999-12-31,True,,Taxation
REG002087,BR,Income Tax,Income Tax regulation for Brazil in 2024,2024-06-03,9999-12-31,True,0.26,Labor Law
REG002088,DE,Social Security,Social Security regulation for Germany in 2023,2023-10-05,9999-12-31,True,0.32,Payroll Reporting
REG002089,IN,Payroll Reporting,Payroll Reporting regulation for India in 2023,2023-11-03,9999-12-31,True,,Payroll Reporting
REG002090,CA,Employee Benefits,Employee Benefits regulation for Canada in 2025,2025-01-27,9999-12-31,True,,Payroll Reporting
REG002091,IN,Payroll Reporting,Payroll Reporting regulation for India in 2023,2023-11-12,2024-12-24,False,,Taxation
REG002092,UK,Income Tax,Income Tax regulation for United Kingdom in 2024,2024-12-21,2026-12-05,False,0.26,Taxation
REG002093,IN,Employee Benefits,Employee Benefits regulation for India in 2024,2024-09-28,2025-11-17,False,,Payroll Reporting
REG002094,DE,Minimum Wage,Minimum Wage regulation for Germany in 2025,2025-04-07,9999-12-31,True,,Labor Law
REG002095,JP,Minimum Wage,Minimum Wage regulation for Japan in 2023,2023-07-01,9999-12-31,True,,Taxation
REG002096,US,Overtime Pay,Overtime Pay regulation for United States in 2024,2024-07-16,9999-12-31,True,,Taxation
REG002097,UK,Payroll Reporting,Payroll Reporting regulation for United Kingdom in 2023,2023-07-06,2024-01-25,False,,Payroll Reporting
REG002098,CA,Social Security,Social Security regulation for Canada in 2023,2023-10-31,2025-01-12,False,0.35,Taxation
REG002099,DE,Employee Benefits,Employee Benefits regulation for Germany in 2024,2024-02-25,9999-12-31,True,,Labor Law
REG002100,ZA,Employee Benefits,Employee Benefits regulation for South Africa in 2023,2023-07-18,2024-08-15,False,,Payroll Reporting
REG002101,DE,Minimum Wage,Minimum Wage regulation for Germany in 2023,2023-06-29,9999-12-31,True,,Taxation
REG002102,ZA,Employee Benefits,Employee Benefits regulation for South Africa in 2024,2024-04-28,2025-10-21,False,,Labor Law
REG002103,UK,Employee Benefits,Employee Benefits regulation for United Kingdom in 2024,2024-09-18,9999-12-31,True,,Taxation
REG002104,AU,Income Tax,Income Tax regulation for Australia in 2025,2025-01-04,9999-12-31,True,0.11,Taxation
REG002105,ZA,Minimum Wage,Minimum Wage regulation for South Africa in 2024,2024-08-15,2025-06-22,False,,Taxation
REG002106,DE,Social Security,Social Security regulation for Germany in 2024,2024-10-31,9999-12-31,True,0.31,Taxation
REG002107,BR,Overtime Pay,Overtime Pay regulation for Brazil in 2024,2024-06-29,9999-12-31,True,,Labor Law
REG002108,IN,Social Security,Social Security regulation for India in 2023,2023-09-25,9999-12-31,True,0.2,Taxation
REG002109,JP,Social Security,Social Security regulation for Japan in 2024,2024-02-11,9999-12-31,True,0.31,Taxation
REG002110,CA,Employee Benefits,Employee Benefits regulation for Canada in 2024,2024-03-04,9999-12-31,True,,Payroll Reporting
REG002111,CA,Social Security,Social Security regulation for Canada in 2024,2024-07-16,2025-12-16,False,0.34,Payroll Reporting
REG002112,UK,Overtime Pay,Overtime Pay regulation for United Kingdom in 2025,2025-03-18,9999-12-31,True,,Payroll Reporting
REG002113,IN,Payroll Reporting,Payroll Reporting regulation for India in 2024,2024-01-04,9999-12-31,True,,Payroll Reporting
REG002114,UK,Overtime Pay,Overtime Pay regulation for United Kingdom in 2024,2024-10-17,2025-11-27,False,,Taxation
REG002115,DE,Overtime Pay,Overtime Pay regulation for Germany in 2023,2023-06-08,2025-03-31,False,,Payroll Reporting
REG002116,CA,Income Tax,Income Tax regulation for Canada in 2024,2024-04-13,9999-12-31,True,0.16,Taxation
REG002117,CA,Minimum Wage,Minimum Wage regulation for Canada in 2024,2024-04-08,2025-06-20,False,,Taxation
REG002118,US,Overtime Pay,Overtime Pay regulation for United States in 2023,2023-07-08,9999-12-31,True,,Labor Law
REG002119,DE,Minimum Wage,Minimum Wage regulation for Germany in 2024,2024-07-28,2025-01-28,False,,Taxation
REG002120,JP,Minimum Wage,Minimum Wage regulation for Japan in 2024,2024-01-09,2025-06-11,False,,Payroll Reporting
REG002121,US,Income Tax,Income Tax regulation for United States in 2024,2024-10-19,2025-07-23,False,0.25,Labor Law
REG002122,IN,Payroll Reporting,Payroll Reporting regulation for India in 2023,2023-07-22,2024-07-10,False,,Payroll Reporting
REG002123,US,Payroll Reporting,Payroll Reporting regulation for United States in 2025,2025-01-18,9999-12-31,True,,Taxation
REG002124,CA,Income Tax,Income Tax regulation for Canada in 2024,2024-06-17,9999-12-31,True,0.21,Labor Law
REG002125,US,Employee Benefits,Employee Benefits regulation for United States in 2025,2025-01-14,9999-12-31,True,,Payroll Reporting
REG002126,DE,Payroll Reporting,Payroll Reporting regulation for Germany in 2024,2024-02-07,2024-11-14,False,,Payroll Reporting
REG002127,BR,Income Tax,Income Tax regulation for Brazil in 2024,2024-06-04,2025-05-16,False,0.31,Labor Law
REG002128,IN,Employee Benefits,Employee Benefits regulation for India in 2025,2025-04-08,9999-12-31,True,,Taxation
REG002129,IN,Social Security,Social Security regulation for India in 2023,2023-06-07,9999-12-31,True,0.2,Payroll Reporting
REG002130,BR,Overtime Pay,Overtime Pay regulation for Brazil in 2025,2025-01-13,9999-12-31,True,,Payroll Reporting
REG002131,FR,Employee Benefits,Employee Benefits regulation for France in 2024,2024-02-19,2025-04-14,False,,Labor Law
REG002132,CA,Employee Benefits,Employee Benefits regulation for Canada in 2024,2024-10-09,9999-12-31,True,,Payroll Reporting
REG002133,CA,Overtime Pay,Overtime Pay regulation for Canada in 2025,2025-01-27,9999-12-31,True,,Labor Law
REG002134,IN,Minimum Wage,Minimum Wage regulation for India in 2025,2025-03-23,9999-12-31,True,,Payroll Reporting
REG002135,BR,Payroll Reporting,Payroll Reporting regulation for Brazil in 2025,2025-05-19,9999-12-31,True,,Labor Law
REG002136,US,Income Tax,Income Tax regulation for United States in 2024,2024-09-01,9999-12-31,True,0.13,Labor Law
REG002137,IN,Minimum Wage,Minimum Wage regulation for India in 2023,2023-07-14,2025-06-11,False,,Payroll Reporting
REG002138,DE,Social Security,Social Security regulation for Germany in 2024,2024-12-29,2026-09-26,False,0.31,Payroll Reporting
REG002139,JP,Social Security,Social Security regulation for Japan in 2023,2023-09-17,2024-04-25,False,0.17,Labor Law
REG002140,CA,Payroll Reporting,Payroll Reporting regulation for Canada in 2025,2025-05-26,9999-12-31,True,,Payroll Reporting
REG002141,US,Social Security,Social Security regulation for United States in 2024,2024-01-16,9999-12-31,True,0.18,Labor Law
REG002142,JP,Payroll Reporting,Payroll Reporting regulation for Japan in 2024,2024-09-07,9999-12-31,True,,Payroll Reporting
REG002143,ZA,Overtime Pay,Overtime Pay regulation for South Africa in 2023,2023-08-11,9999-12-31,True,,Payroll Reporting
REG002144,DE,Income Tax,Income Tax regulation for Germany in 2025,2025-03-05,9999-12-31,True,0.34,Labor Law
REG002145,IN,Social Security,Social Security regulation for India in 2025,2025-05-08,9999-12-31,True,0.28,Taxation
REG002146,AU,Employee Benefits,Employee Benefits regulation for Australia in 2024,2024-11-11,2026-03-08,False,,Payroll Reporting
REG002147,AU,Payroll Reporting,Payroll Reporting regulation for Australia in 2023,2023-10-02,9999-12-31,True,,Taxation
REG002148,AU,Employee Benefits,Employee Benefits regulation for Australia in 2025,2025-03-09,9999-12-31,True,,Labor Law
REG002149,ZA,Overtime Pay,Overtime Pay regulation for South Africa in 2024,2024-08-11,2026-01-01,False,,Labor Law
REG002150,FR,Payroll Reporting,Payroll Reporting regulation for France in 2024,2024-12-09,9999-12-31,True,,Taxation
REG002151,BR,Overtime Pay,Overtime Pay regulation for Brazil in 2024,2024-06-02,9999-12-31,True,,Taxation
REG002152,CA,Minimum Wage,Minimum Wage regulation for Canada in 2023,2023-10-25,2025-06-17,False,,Taxation
REG002153,FR,Minimum Wage,Minimum Wage regulation for France in 2024,2024-11-19,2025-09-01,False,,Taxation
REG002154,DE,Income Tax,Income Tax regulation for Germany in 2024,2024-11-13,2026-11-06,False,0.27,Taxation
REG002155,UK,Minimum Wage,Minimum Wage regulation for United Kingdom in 2023,2023-06-09,9999-12-31,True,,Taxation
REG002156,UK,Social Security,Social Security regulation for United Kingdom in 2024,2024-04-02,9999-12-31,True,0.21,Payroll Reporting
REG002157,ZA,Overtime Pay,Overtime Pay regulation for South Africa in 2025,2025-01-05,9999-12-31,True,,Taxation
REG002158,US,Payroll Reporting,Payroll Reporting regulation for United States in 2023,2023-11-05,9999-12-31,True,,Labor Law
REG002159,FR,Overtime Pay,Overtime Pay regulation for France in 2023,2023-10-17,9999-12-31,True,,Taxation
REG002160,JP,Employee Benefits,Employee Benefits regulation for Japan in 2023,2023-07-01,9999-12-31,True,,Taxation
REG002161,FR,Minimum Wage,Minimum Wage regulation for France in 2024,2024-03-01,2024-12-14,False,,Payroll Reporting
REG002162,UK,Employee Benefits,Employee Benefits regulation for United Kingdom in 2024,2024-03-22,9999-12-31,True,,Payroll Reporting
REG002163,ZA,Payroll Reporting,Payroll Reporting regulation for South Africa in 2024,2024-03-19,2025-01-22,False,,Labor Law
REG002164,UK,Employee Benefits,Employee Benefits regulation for United Kingdom in 2024,2024-02-22,2025-09-27,False,,Taxation
REG002165,BR,Social Security,Social Security regulation for Brazil in 2025,2025-05-15,9999-12-31,True,0.26,Labor Law
REG002166,JP,Payroll Reporting,Payroll Reporting regulation for Japan in 2024,2024-08-28,2025-07-23,False,,Payroll Reporting
REG002167,AU,Employee Benefits,Employee Benefits regulation for Australia in 2024,2024-05-16,2026-04-20,False,,Payroll Reporting
REG002168,UK,Payroll Reporting,Payroll Reporting regulation for United Kingdom in 2024,2024-10-16,2025-12-10,False,,Payroll Reporting
REG002169,FR,Overtime Pay,Overtime Pay regulation for France in 2024,2024-11-01,9999-12-31,True,,Taxation
REG002170,ZA,Income Tax,Income Tax regulation for South Africa in 2024,2024-08-20,9999-12-31,True,0.24,Labor Law
REG002171,ZA,Minimum Wage,Minimum Wage regulation for South Africa in 2024,2024-10-19,2026-01-25,False,,Labor Law
REG002172,FR,Employee Benefits,Employee Benefits regulation for France in 2023,2023-12-20,2025-04-30,False,,Labor Law
REG002173,UK,Income Tax,Income Tax regulation for United Kingdom in 2024,2024-03-08,2025-10-21,False,0.27,Taxation
REG002174,DE,Social Security,Social Security regulation for Germany in 2025,2025-02-20,9999-12-31,True,0.22,Labor Law
REG002175,CA,Employee Benefits,Employee Benefits regulation for Canada in 2024,2024-05-04,9999-12-31,True,,Labor Law
REG002176,FR,Minimum Wage,Minimum Wage regulation for France in 2024,2024-12-08,9999-12-31,True,,Payroll Reporting
REG002177,DE,Income Tax,Income Tax regulation for Germany in 2024,2024-08-13,2025-10-22,False,0.2,Payroll Reporting
REG002178,JP,Social Security,Social Security regulation for Japan in 2025,2025-03-14,9999-12-31,True,0.38,Payroll Reporting
REG002179,AU,Employee Benefits,Employee Benefits regulation for Australia in 2023,2023-12-10,9999-12-31,True,,Labor Law
REG002180,ZA,Employee Benefits,Employee Benefits regulation for South Africa in 2025,2025-03-28,9999-12-31,True,,Payroll Reporting
REG002181,DE,Minimum Wage,Minimum Wage regulation for Germany in 2024,2024-04-10,2026-01-11,False,,Payroll Reporting
REG002182,BR,Employee Benefits,Employee Benefits regulation for Brazil in 2023,2023-12-16,2025-05-16,False,,Labor Law
REG002183,JP,Income Tax,Income Tax regulation for Japan in 2023,2023-08-13,2025-06-11,False,0.26,Taxation
REG002184,CA,Employee Benefits,Employee Benefits regulation for Canada in 2023,2023-11-26,9999-12-31,True,,Labor Law
REG002185,BR,Income Tax,Income Tax regulation for Brazil in 2023,2023-07-26,2024-05-01,False,0.34,Labor Law
REG002186,FR,Overtime Pay,Overtime Pay regulation for France in 2025,2025-04-18,9999-12-31,True,,Taxation
REG002187,BR,Minimum Wage,Minimum Wage regulation for Brazil in 2024,2024-09-24,9999-12-31,True,,Payroll Reporting
REG002188,US,Overtime Pay,Overtime Pay regulation for United States in 2024,2024-10-26,9999-12-31,True,,Labor Law
REG002189,ZA,Social Security,Social Security regulation for South Africa in 2025,2025-03-17,9999-12-31,True,0.14,Taxation
REG002190,JP,Minimum Wage,Minimum Wage regulation for Japan in 2023,2023-08-23,2024-03-03,False,,Taxation
REG002191,BR,Overtime Pay,Overtime Pay regulation for Brazil in 2023,2023-08-17,2024-06-25,False,,Payroll Reporting
REG002192,AU,Employee Benefits,Employee Benefits regulation for Australia in 2023,2023-07-05,9999-12-31,True,,Payroll Reporting
REG002193,IN,Social Security,Social Security regulation for India in 2024,2024-02-05,9999-12-31,True,0.33,Taxation
REG002194,DE,Minimum Wage,Minimum Wage regulation for Germany in 2024,2024-04-19,9999-12-31,True,,Taxation
REG002195,FR,Social Security,Social Security regulation for France in 2024,2024-04-01,2025-09-01,False,0.34,Labor Law
REG002196,ZA,Overtime Pay,Overtime Pay regulation for South Africa in 2024,2024-10-02,9999-12-31,True,,Labor Law
REG002197,ZA,Employee Benefits,Employee Benefits regulation for South Africa in 2023,2023-12-02,9999-12-31,True,,Taxation
REG002198,IN,Social Security,Social Security regulation for India in 2025,2025-04-23,9999-12-31,True,0.17,Labor Law
REG002199,FR,Income Tax,Income Tax regulation for France in 2024,2024-11-12,2026-07-19,False,0.34,Labor Law
REG002200,US,Payroll Reporting,Payroll Reporting regulation for United States in 2023,2023-08-12,9999-12-31,True,,Payroll Reporting
REG002201,AU,Minimum Wage,Minimum Wage regulation for Australia in 2025,2025-03-20,9999-12-31,True,,Labor Law
REG002202,AU,Employee Benefits,Employee Benefits regulation for Australia in 2025,2025-02-18,9999-12-31,True,,Labor Law
REG002203,US,Social Security,Social Security regulation for United States in 2024,2024-05-09,9999-12-31,True,0.11,Taxation
REG002204,FR,Minimum Wage,Minimum Wage regulation for France in 2024,2024-05-06,9999-12-31,True,,Taxation
REG002205,DE,Minimum Wage,Minimum Wage regulation for Germany in 2023,2023-06-09,2024-12-09,False,,Payroll Reporting
REG002206,CA,Overtime Pay,Overtime Pay regulation for Canada in 2025,2025-01-28,9999-12-31,True,,Labor Law
REG002207,UK,Social Security,Social Security regulation for United Kingdom in 2024,2024-11-01,9999-12-31,True,0.27,Taxation
REG002208,ZA,Income Tax,Income Tax regulation for South Africa in 2025,2025-01-27,9999-12-31,True,0.39,Taxation
REG002209,FR,Employee Benefits,Employee Benefits regulation for France in 2024,2024-08-11,9999-12-31,True,,Labor Law
REG002210,AU,Income Tax,Income Tax regulation for Australia in 2023,2023-09-07,2025-04-23,False,0.13,Taxation
REG002211,IN,Social Security,Social Security regulation for India in 2024,2024-03-01,9999-12-31,True,0.3,Payroll Reporting
REG002212,US,Minimum Wage,Minimum Wage regulation for United States in 2023,2023-12-11,2025-04-07,False,,Labor Law
REG002213,DE,Payroll Reporting,Payroll Reporting regulation for Germany in 2023,2023-10-31,2025-01-07,False,,Payroll Reporting
REG002214,US,Minimum Wage,Minimum Wage regulation for United States in 2024,2024-10-17,2026-04-28,False,,Labor Law
REG002215,AU,Payroll Reporting,Payroll Reporting regulation for Australia in 2024,2024-10-30,2025-06-19,False,,Taxation
REG002216,DE,Social Security,Social Security regulation for Germany in 2024,2024-06-17,2026-02-25,False,0.1,Labor Law
REG002217,FR,Payroll Reporting,Payroll Reporting regulation for France in 2024,2024-03-25,2025-04-30,False,,Taxation
REG002218,IN,Overtime Pay,Overtime Pay regulation for India in 2023,2023-11-17,2024-11-27,False,,Payroll Reporting
REG002219,ZA,Income Tax,Income Tax regulation for South Africa in 2024,2024-07-03,2026-02-23,False,0.11,Payroll Reporting
REG002220,IN,Employee Benefits,Employee Benefits regulation for India in 2023,2023-11-27,9999-12-31,True,,Labor Law
REG002221,ZA,Overtime Pay,Overtime Pay regulation for South Africa in 2024,2024-09-06,9999-12-31,True,,Labor Law
REG002222,ZA,Income Tax,Income Tax regulation for South Africa in 2023,2023-08-05,9999-12-31,True,0.38,Taxation
REG002223,IN,Income Tax,Income Tax regulation for India in 2024,2024-11-12,2026-05-29,False,0.38,Payroll Reporting
REG002224,US,Overtime Pay,Overtime Pay regulation for United States in 2024,2024-08-27,9999-12-31,True,,Labor Law
REG002225,ZA,Income Tax,Income Tax regulation for South Africa in 2025,2025-01-07,9999-12-31,True,0.23,Labor Law
REG002226,US,Employee Benefits,Employee Benefits regulation for United States in 2025,2025-03-28,9999-12-31,True,,Taxation
REG002227,AU,Employee Benefits,Employee Benefits regulation for Australia in 2023,2023-09-05,9999-12-31,True,,Taxation
REG002228,US,Income Tax,Income Tax regulation for United States in 2025,2025-05-16,9999-12-31,True,0.16,Taxation
REG002229,CA,Minimum Wage,Minimum Wage regulation for Canada in 2025,2025-01-18,9999-12-31,True,,Payroll Reporting
REG002230,US,Overtime Pay,Overtime Pay regulation for United States in 2024,2024-05-13,2026-03-11,False,,Taxation
REG002231,UK,Overtime Pay,Overtime Pay regulation for United Kingdom in 2024,2024-04-13,9999-12-31,True,,Payroll Reporting
REG002232,UK,Payroll Reporting,Payroll Reporting regulation for United Kingdom in 2024,2024-08-10,9999-12-31,True,,Payroll Reporting
REG002233,BR,Employee Benefits,Employee Benefits regulation for Brazil in 2024,2024-04-19,9999-12-31,True,,Payroll Reporting
REG002234,UK,Employee Benefits,Employee Benefits regulation for United Kingdom in 2025,2025-05-17,9999-12-31,True,,Payroll Reporting
REG002235,IN,Payroll Reporting,Payroll Reporting regulation for India in 2024,2024-12-28,2025-11-23,False,,Taxation
REG002236,US,Minimum Wage,Minimum Wage regulation for United States in 2025,2025-02-14,9999-12-31,True,,Taxation
REG002237,US,Overtime Pay,Overtime Pay regulation for United States in 2024,2024-11-22,9999-12-31,True,,Taxation
REG002238,IN,Overtime Pay,Overtime Pay regulation for India in 2024,2024-12-19,9999-12-31,True,,Taxation
REG002239,JP,Social Security,Social Security regulation for Japan in 2025,2025-03-07,9999-12-31,True,0.37,Payroll Reporting
REG002240,BR,Employee Benefits,Employee Benefits regulation for Brazil in 2024,2024-05-23,2026-02-17,False,,Payroll Reporting
REG002241,CA,Social Security,Social Security regulation for Canada in 2024,2024-10-17,2025-06-09,False,0.19,Payroll Reporting
REG002242,JP,Minimum Wage,Minimum Wage regulation for Japan in 2023,2023-12-26,2025-12-23,False,,Labor Law
REG002243,IN,Payroll Reporting,Payroll Reporting regulation for India in 2025,2025-01-10,9999-12-31,True,,Taxation
REG002244,US,Overtime Pay,Overtime Pay regulation for United States in 2023,2023-12-10,9999-12-31,True,,Taxation
REG002245,IN,Employee Benefits,Employee Benefits regulation for India in 2024,2024-03-27,9999-12-31,True,,Taxation
REG002246,IN,Overtime Pay,Overtime Pay regulation for India in 2023,2023-10-26,9999-12-31,True,,Labor Law
REG002247,CA,Overtime Pay,Overtime Pay regulation for Canada in 2024,2024-08-20,2026-02-25,False,,Payroll Reporting
REG002248,ZA,Minimum Wage,Minimum Wage regulation for South Africa in 2023,2023-11-25,9999-12-31,True,,Payroll Reporting
REG002249,CA,Overtime Pay,Overtime Pay regulation for Canada in 2023,2023-10-15,2024-04-25,False,,Payroll Reporting
REG002250,DE,Employee Benefits,Employee Benefits regulation for Germany in 2024,2024-11-17,9999-12-31,True,,Payroll Reporting
REG002251,DE,Minimum Wage,Minimum Wage regulation for Germany in 2024,2024-04-16,2025-03-21,False,,Payroll Reporting
REG002252,CA,Minimum Wage,Minimum Wage regulation for Canada in 2023,2023-08-27,9999-12-31,True,,Labor Law
REG002253,FR,Social Security,Social Security regulation for France in 2025,2025-02-27,9999-12-31,True,0.24,Labor Law
REG002254,CA,Overtime Pay,Overtime Pay regulation for Canada in 2024,2024-01-25,2026-01-23,False,,Labor Law
REG002255,US,Overtime Pay,Overtime Pay regulation for United States in 2024,2024-02-21,9999-12-31,True,,Payroll Reporting
REG002256,ZA,Minimum Wage,Minimum Wage regulation for South Africa in 2024,2024-04-25,2025-09-12,False,,Labor Law
REG002257,FR,Overtime Pay,Overtime Pay regulation for France in 2024,2024-12-25,9999-12-31,True,,Labor Law
REG002258,UK,Social Security,Social Security regulation for United Kingdom in 2023,2023-06-02,2024-05-03,False,0.26,Taxation
REG002259,DE,Payroll Reporting,Payroll Reporting regulation for Germany in 2024,2024-09-27,9999-12-31,True,,Payroll Reporting
REG002260,IN,Payroll Reporting,Payroll Reporting regulation for India in 2025,2025-01-15,9999-12-31,True,,Taxation
REG002261,DE,Employee Benefits,Employee Benefits regulation for Germany in 2024,2024-01-08,9999-12-31,True,,Payroll Reporting
REG002262,DE,Minimum Wage,Minimum Wage regulation for Germany in 2024,2024-07-04,9999-12-31,True,,Labor Law
REG002263,US,Income Tax,Income Tax regulation for United States in 2024,2024-03-05,2025-03-20,False,0.36,Taxation
REG002264,JP,Overtime Pay,Overtime Pay regulation for Japan in 2023,2023-07-20,9999-12-31,True,,Labor Law
REG002265,DE,Employee Benefits,Employee Benefits regulation for Germany in 2024,2024-01-04,2025-12-11,False,,Taxation
REG002266,BR,Income Tax,Income Tax regulation for Brazil in 2023,2023-06-03,2024-12-21,False,0.19,Labor Law
REG002267,ZA,Minimum Wage,Minimum Wage regulation for South Africa in 2024,2024-07-10,9999-12-31,True,,Taxation
REG002268,FR,Payroll Reporting,Payroll Reporting regulation for France in 2024,2024-01-13,9999-12-31,True,,Taxation
REG002269,IN,Minimum Wage,Minimum Wage regulation for India in 2025,2025-01-18,9999-12-31,True,,Taxation
REG002270,JP,Employee Benefits,Employee Benefits regulation for Japan in 2023,2023-08-30,2024-10-26,False,,Labor Law
REG002271,CA,Income Tax,Income Tax regulation for Canada in 2024,2024-05-01,2024-11-15,False,0.13,Payroll Reporting
REG002272,UK,Payroll Reporting,Payroll Reporting regulation for United Kingdom in 2024,2024-02-10,2024-08-28,False,,Payroll Reporting
REG002273,FR,Income Tax,Income Tax regulation for France in 2023,2023-09-05,9999-12-31,True,0.24,Payroll Reporting
REG002274,JP,Employee Benefits,Employee Benefits regulation for Japan in 2024,2024-04-05,2026-02-11,False,,Taxation
REG002275,AU,Social Security,Social Security regulation for Australia in 2025,2025-04-11,9999-12-31,True,0.11,Labor Law
REG002276,UK,Employee Benefits,Employee Benefits regulation for United Kingdom in 2023,2023-11-25,9999-12-31,True,,Labor Law
REG002277,CA,Income Tax,Income Tax regulation for Canada in 2024,2024-01-12,2025-02-26,False,0.17,Payroll Reporting
REG002278,ZA,Minimum Wage,Minimum Wage regulation for South Africa in 2024,2024-07-26,2026-02-14,False,,Labor Law
REG002279,IN,Employee Benefits,Employee Benefits regulation for India in 2024,2024-02-02,2025-09-26,False,,Taxation
REG002280,US,Minimum Wage,Minimum Wage regulation for United States in 2023,2023-07-11,9999-12-31,True,,Taxation
REG002281,US,Payroll Reporting,Payroll Reporting regulation for United States in 2025,2025-01-13,9999-12-31,True,,Taxation
REG002282,US,Employee Benefits,Employee Benefits regulation for United States in 2023,2023-11-10,2024-06-29,False,,Taxation
REG002283,FR,Payroll Reporting,Payroll Reporting regulation for France in 2024,2024-06-17,2025-01-11,False,,Payroll Reporting
REG002284,IN,Income Tax,Income Tax regulation for India in 2024,2024-08-10,2025-03-27,False,0.14,Payroll Reporting
REG002285,CA,Payroll Reporting,Payroll Reporting regulation for Canada in 2024,2024-08-21,2025-08-03,False,,Payroll Reporting
REG002286,BR,Employee Benefits,Employee Benefits regulation for Brazil in 2024,2024-07-29,9999-12-31,True,,Taxation
REG002287,UK,Income Tax,Income Tax regulation for United Kingdom in 2023,2023-06-26,9999-12-31,True,0.29,Labor Law
REG002288,AU,Payroll Reporting,Payroll Reporting regulation for Australia in 2023,2023-12-11,2025-03-10,False,,Payroll Reporting
REG002289,FR,Employee Benefits,Employee Benefits regulation for France in 2023,2023-12-30,2025-02-17,False,,Payroll Reporting
REG002290,DE,Minimum Wage,Minimum Wage regulation for Germany in 2025,2025-05-06,9999-12-31,True,,Payroll Reporting
REG002291,FR,Employee Benefits,Employee Benefits regulation for France in 2023,2023-12-14,2025-02-26,False,,Taxation
REG002292,AU,Social Security,Social Security regulation for Australia in 2025,2025-02-27,9999-12-31,True,0.22,Payroll Reporting
REG002293,ZA,Employee Benefits,Employee Benefits regulation for South Africa in 2023,2023-08-02,2024-07-16,False,,Taxation
REG002294,CA,Income Tax,Income Tax regulation for Canada in 2024,2024-01-12,2025-04-27,False,0.13,Payroll Reporting
REG002295,BR,Overtime Pay,Overtime Pay regulation for Brazil in 2024,2024-08-02,2025-03-10,False,,Payroll Reporting
REG002296,AU,Income Tax,Income Tax regulation for Australia in 2024,2024-02-17,9999-12-31,True,0.17,Payroll Reporting
REG002297,BR,Overtime Pay,Overtime Pay regulation for Brazil in 2025,2025-05-22,9999-12-31,True,,Labor Law
REG002298,DE,Employee Benefits,Employee Benefits regulation for Germany in 2023,2023-10-09,2025-04-29,False,,Payroll Reporting
REG002299,UK,Employee Benefits,Employee Benefits regulation for United Kingdom in 2025,2025-02-08,9999-12-31,True,,Payroll Reporting
REG002300,DE,Income Tax,Income Tax regulation for Germany in 2024,2024-01-31,2025-07-15,False,0.25,Taxation
REG002301,FR,Minimum Wage,Minimum Wage regulation for France in 2023,2023-12-30,9999-12-31,True,,Labor Law
REG002302,JP,Minimum Wage,Minimum Wage regulation for Japan in 2024,2024-07-21,2026-06-29,False,,Payroll Reporting
REG002303,UK,Minimum Wage,Minimum Wage regulation for United Kingdom in 2024,2024-04-06,2024-11-07,False,,Payroll Reporting
REG002304,US,Social Security,Social Security regulation for United States in 2023,2023-11-25,2025-10-20,False,0.22,Labor Law
REG002305,US,Employee Benefits,Employee Benefits regulation for United States in 2024,2024-07-24,2026-04-19,False,,Labor Law
REG002306,CA,Minimum Wage,Minimum Wage regulation for Canada in 2025,2025-03-21,9999-12-31,True,,Taxation
REG002307,ZA,Payroll Reporting,Payroll Reporting regulation for South Africa in 2023,2023-12-23,2025-01-20,False,,Taxation
REG002308,CA,Minimum Wage,Minimum Wage regulation for Canada in 2025,2025-01-29,9999-12-31,True,,Taxation
REG002309,AU,Social Security,Social Security regulation for Australia in 2025,2025-02-24,9999-12-31,True,0.39,Payroll Reporting
REG002310,ZA,Income Tax,Income Tax regulation for South Africa in 2024,2024-07-10,9999-12-31,True,0.37,Taxation
REG002311,US,Employee Benefits,Employee Benefits regulation for United States in 2023,2023-10-19,2024-06-27,False,,Payroll Reporting
REG002312,CA,Overtime Pay,Overtime Pay regulation for Canada in 2023,2023-06-17,2025-05-20,False,,Payroll Reporting
REG002313,JP,Employee Benefits,Employee Benefits regulation for Japan in 2024,2024-04-26,2025-06-07,False,,Taxation
REG002314,UK,Social Security,Social Security regulation for United Kingdom in 2024,2024-05-12,2026-01-03,False,0.14,Payroll Reporting
REG002315,BR,Income Tax,Income Tax regulation for Brazil in 2024,2024-05-21,2025-06-08,False,0.3,Payroll Reporting
REG002316,JP,Income Tax,Income Tax regulation for Japan in 2023,2023-12-25,9999-12-31,True,0.37,Taxation
REG002317,DE,Minimum Wage,Minimum Wage regulation for Germany in 2024,2024-04-23,9999-12-31,True,,Labor Law
REG002318,ZA,Overtime Pay,Overtime Pay regulation for South Africa in 2023,2023-09-08,9999-12-31,True,,Taxation
REG002319,AU,Minimum Wage,Minimum Wage regulation for Australia in 2024,2024-07-02,2025-06-14,False,,Payroll Reporting
REG002320,JP,Overtime Pay,Overtime Pay regulation for Japan in 2024,2024-08-25,9999-12-31,True,,Payroll Reporting
REG002321,ZA,Social Security,Social Security regulation for South Africa in 2025,2025-01-07,9999-12-31,True,0.39,Labor Law
REG002322,FR,Employee Benefits,Employee Benefits regulation for France in 2025,2025-05-09,9999-12-31,True,,Labor Law
REG002323,ZA,Employee Benefits,Employee Benefits regulation for South Africa in 2023,2023-12-29,2025-09-26,False,,Labor Law
REG002324,DE,Income Tax,Income Tax regulation for Germany in 2024,2024-06-05,2025-05-29,False,0.28,Labor Law
REG002325,UK,Overtime Pay,Overtime Pay regulation for United Kingdom in 2023,2023-07-11,2025-05-06,False,,Taxation
REG002326,UK,Minimum Wage,Minimum Wage regulation for United Kingdom in 2024,2024-05-16,2025-01-31,False,,Labor Law
REG002327,IN,Overtime Pay,Overtime Pay regulation for India in 2024,2024-08-25,2026-08-23,False,,Taxation
REG002328,CA,Minimum Wage,Minimum Wage regulation for Canada in 2024,2024-08-30,9999-12-31,True,,Payroll Reporting
REG002329,IN,Overtime Pay,Overtime Pay regulation for India in 2025,2025-04-03,9999-12-31,True,,Labor Law
REG002330,DE,Payroll Reporting,Payroll Reporting regulation for Germany in 2024,2024-03-09,2026-02-24,False,,Labor Law
REG002331,FR,Minimum Wage,Minimum Wage regulation for France in 2025,2025-03-21,9999-12-31,True,,Labor Law
REG002332,CA,Minimum Wage,Minimum Wage regulation for Canada in 2025,2025-04-18,9999-12-31,True,,Payroll Reporting
REG002333,CA,Overtime Pay,Overtime Pay regulation for Canada in 2023,2023-06-13,2024-02-18,False,,Taxation
REG002334,CA,Income Tax,Income Tax regulation for Canada in 2025,2025-02-28,9999-12-31,True,0.13,Payroll Reporting
REG002335,IN,Employee Benefits,Employee Benefits regulation for India in 2023,2023-12-21,9999-12-31,True,,Labor Law
REG002336,US,Employee Benefits,Employee Benefits regulation for United States in 2024,2024-09-17,2026-06-04,False,,Taxation
REG002337,FR,Minimum Wage,Minimum Wage regulation for France in 2025,2025-05-11,9999-12-31,True,,Payroll Reporting
REG002338,UK,Employee Benefits,Employee Benefits regulation for United Kingdom in 2023,2023-12-11,9999-12-31,True,,Labor Law
REG002339,DE,Social Security,Social Security regulation for Germany in 2024,2024-07-18,9999-12-31,True,0.13,Labor Law
REG002340,JP,Minimum Wage,Minimum Wage regulation for Japan in 2024,2024-02-18,2025-12-19,False,,Payroll Reporting
REG002341,BR,Overtime Pay,Overtime Pay regulation for Brazil in 2024,2024-03-07,2025-10-24,False,,Taxation
REG002342,UK,Minimum Wage,Minimum Wage regulation for United Kingdom in 2024,2024-10-05,2026-05-19,False,,Taxation
REG002343,IN,Employee Benefits,Employee Benefits regulation for India in 2024,2024-05-22,9999-12-31,True,,Taxation
REG002344,FR,Income Tax,Income Tax regulation for France in 2023,2023-08-26,2025-01-30,False,0.28,Payroll Reporting
REG002345,US,Minimum Wage,Minimum Wage regulation for United States in 2023,2023-11-29,9999-12-31,True,,Taxation
REG002346,DE,Income Tax,Income Tax regulation for Germany in 2023,2023-06-15,9999-12-31,True,0.31,Labor Law
REG002347,CA,Social Security,Social Security regulation for Canada in 2025,2025-05-22,9999-12-31,True,0.17,Taxation
REG002348,FR,Employee Benefits,Employee Benefits regulation for France in 2024,2024-10-04,9999-12-31,True,,Payroll Reporting
REG002349,FR,Income Tax,Income Tax regulation for France in 2025,2025-05-03,9999-12-31,True,0.26,Payroll Reporting
REG002350,IN,Minimum Wage,Minimum Wage regulation for India in 2024,2024-11-13,2026-08-22,False,,Labor Law
REG002351,DE,Social Security,Social Security regulation for Germany in 2024,2024-03-12,9999-12-31,True,0.34,Taxation
REG002352,IN,Employee Benefits,Employee Benefits regulation for India in 2024,2024-07-22,9999-12-31,True,,Taxation
REG002353,JP,Employee Benefits,Employee Benefits regulation for Japan in 2024,2024-09-26,9999-12-31,True,,Labor Law
REG002354,JP,Social Security,Social Security regulation for Japan in 2025,2025-05-20,9999-12-31,True,0.27,Labor Law
REG002355,JP,Income Tax,Income Tax regulation for Japan in 2023,2023-06-22,2025-02-17,False,0.12,Payroll Reporting
REG002356,CA,Minimum Wage,Minimum Wage regulation for Canada in 2024,2024-06-10,2026-05-16,False,,Labor Law
REG002357,DE,Social Security,Social Security regulation for Germany in 2024,2024-09-29,2026-06-14,False,0.2,Labor Law
REG002358,UK,Payroll Reporting,Payroll Reporting regulation for United Kingdom in 2023,2023-07-25,9999-12-31,True,,Taxation
REG002359,JP,Employee Benefits,Employee Benefits regulation for Japan in 2025,2025-02-03,9999-12-31,True,,Payroll Reporting
REG002360,IN,Minimum Wage,Minimum Wage regulation for India in 2025,2025-03-17,9999-12-31,True,,Taxation
REG002361,UK,Social Security,Social Security regulation for United Kingdom in 2025,2025-04-12,9999-12-31,True,0.37,Payroll Reporting
REG002362,JP,Overtime Pay,Overtime Pay regulation for Japan in 2025,2025-02-18,9999-12-31,True,,Labor Law
REG002363,ZA,Income Tax,Income Tax regulation for South Africa in 2024,2024-06-19,2025-09-21,False,0.22,Payroll Reporting
REG002364,ZA,Payroll Reporting,Payroll Reporting regulation for South Africa in 2023,2023-10-23,2024-10-16,False,,Payroll Reporting
REG002365,JP,Social Security,Social Security regulation for Japan in 2023,2023-06-26,2025-03-26,False,0.37,Labor Law
REG002366,IN,Income Tax,Income Tax regulation for India in 2024,2024-08-27,9999-12-31,True,0.12,Taxation
REG002367,IN,Payroll Reporting,Payroll Reporting regulation for India in 2023,2023-07-31,2024-04-29,False,,Payroll Reporting
REG002368,IN,Social Security,Social Security regulation for India in 2023,2023-10-22,9999-12-31,True,0.38,Taxation
REG002369,DE,Overtime Pay,Overtime Pay regulation for Germany in 2023,2023-12-01,2025-03-25,False,,Taxation
REG002370,FR,Employee Benefits,Employee Benefits regulation for France in 2024,2024-04-15,2025-11-14,False,,Taxation
REG002371,DE,Payroll Reporting,Payroll Reporting regulation for Germany in 2023,2023-11-25,2024-11-29,False,,Labor Law
REG002372,IN,Payroll Reporting,Payroll Reporting regulation for India in 2025,2025-05-07,9999-12-31,True,,Labor Law
REG002373,DE,Income Tax,Income Tax regulation for Germany in 2025,2025-04-11,9999-12-31,True,0.32,Taxation
REG002374,US,Payroll Reporting,Payroll Reporting regulation for United States in 2023,2023-10-28,2025-07-28,False,,Payroll Reporting
REG002375,BR,Minimum Wage,Minimum Wage regulation for Brazil in 2025,2025-01-02,9999-12-31,True,,Labor Law
REG002376,UK,Employee Benefits,Employee Benefits regulation for United Kingdom in 2024,2024-06-26,9999-12-31,True,,Labor Law
REG002377,IN,Employee Benefits,Employee Benefits regulation for India in 2023,2023-07-05,9999-12-31,True,,Taxation
REG002378,CA,Employee Benefits,Employee Benefits regulation for Canada in 2024,2024-05-07,2025-11-15,False,,Labor Law
REG002379,BR,Minimum Wage,Minimum Wage regulation for Brazil in 2025,2025-04-30,9999-12-31,True,,Labor Law
REG002380,IN,Social Security,Social Security regulation for India in 2025,2025-05-26,9999-12-31,True,0.39,Taxation
REG002381,FR,Overtime Pay,Overtime Pay regulation for France in 2024,2024-01-03,9999-12-31,True,,Taxation
REG002382,CA,Minimum Wage,Minimum Wage regulation for Canada in 2023,2023-11-09,9999-12-31,True,,Labor Law
REG002383,JP,Minimum Wage,Minimum Wage regulation for Japan in 2024,2024-07-13,2025-08-20,False,,Taxation
REG002384,IN,Overtime Pay,Overtime Pay regulation for India in 2024,2024-09-17,9999-12-31,True,,Payroll Reporting
REG002385,IN,Social Security,Social Security regulation for India in 2023,2023-07-31,2025-04-29,False,0.38,Taxation
REG002386,CA,Employee Benefits,Employee Benefits regulation for Canada in 2024,2024-07-24,9999-12-31,True,,Labor Law
REG002387,US,Employee Benefits,Employee Benefits regulation for United States in 2025,2025-01-12,9999-12-31,True,,Taxation
REG002388,AU,Minimum Wage,Minimum Wage regulation for Australia in 2024,2024-06-08,2025-09-28,False,,Labor Law
REG002389,JP,Payroll Reporting,Payroll Reporting regulation for Japan in 2023,2023-11-25,9999-12-31,True,,Payroll Reporting
REG002390,FR,Overtime Pay,Overtime Pay regulation for France in 2023,2023-10-04,9999-12-31,True,,Labor Law
REG002391,UK,Income Tax,Income Tax regulation for United Kingdom in 2024,2024-03-25,2026-01-22,False,0.39,Payroll Reporting
REG002392,UK,Minimum Wage,Minimum Wage regulation for United Kingdom in 2023,2023-08-09,2024-11-23,False,,Labor Law
REG002393,FR,Social Security,Social Security regulation for France in 2024,2024-03-25,2025-09-07,False,0.21,Taxation
REG002394,CA,Minimum Wage,Minimum Wage regulation for Canada in 2023,2023-10-16,2025-06-28,False,,Labor Law
REG002395,BR,Social Security,Social Security regulation for Brazil in 2023,2023-09-21,9999-12-31,True,0.31,Payroll Reporting
REG002396,UK,Employee Benefits,Employee Benefits regulation for United Kingdom in 2025,2025-04-17,9999-12-31,True,,Taxation
REG002397,CA,Payroll Reporting,Payroll Reporting regulation for Canada in 2024,2024-09-09,2026-03-03,False,,Payroll Reporting
REG002398,FR,Employee Benefits,Employee Benefits regulation for France in 2024,2024-12-16,2025-07-13,False,,Taxation
REG002399,DE,Social Security,Social Security regulation for Germany in 2024,2024-10-20,9999-12-31,True,0.3,Labor Law
REG002400,AU,Payroll Reporting,Payroll Reporting regulation for Australia in 2023,2023-07-19,2024-06-26,False,,Labor Law
REG002401,CA,Income Tax,Income Tax regulation for Canada in 2023,2023-07-06,2025-02-27,False,0.11,Payroll Reporting
REG002402,ZA,Minimum Wage,Minimum Wage regulation for South Africa in 2024,2024-10-19,9999-12-31,True,,Taxation
REG002403,UK,Social Security,Social Security regulation for United Kingdom in 2023,2023-12-25,9999-12-31,True,0.17,Taxation
REG002404,ZA,Payroll Reporting,Payroll Reporting regulation for South Africa in 2024,2024-06-18,9999-12-31,True,,Payroll Reporting
REG002405,UK,Social Security,Social Security regulation for United Kingdom in 2024,2024-12-02,2025-09-01,False,0.36,Labor Law
REG002406,IN,Payroll Reporting,Payroll Reporting regulation for India in 2023,2023-12-01,9999-12-31,True,,Taxation
REG002407,AU,Overtime Pay,Overtime Pay regulation for Australia in 2023,2023-08-22,9999-12-31,True,,Labor Law
REG002408,JP,Income Tax,Income Tax regulation for Japan in 2023,2023-07-03,9999-12-31,True,0.26,Taxation
REG002409,UK,Minimum Wage,Minimum Wage regulation for United Kingdom in 2023,2023-06-17,9999-12-31,True,,Taxation
REG002410,FR,Minimum Wage,Minimum Wage regulation for France in 2023,2023-11-02,9999-12-31,True,,Labor Law
REG002411,DE,Overtime Pay,Overtime Pay regulation for Germany in 2024,2024-10-11,9999-12-31,True,,Taxation
REG002412,FR,Overtime Pay,Overtime Pay regulation for France in 2023,2023-12-03,9999-12-31,True,,Payroll Reporting
REG002413,FR,Income Tax,Income Tax regulation for France in 2025,2025-01-22,9999-12-31,True,0.4,Labor Law
REG002414,AU,Payroll Reporting,Payroll Reporting regulation for Australia in 2023,2023-10-04,2025-04-12,False,,Labor Law
REG002415,ZA,Employee Benefits,Employee Benefits regulation for South Africa in 2024,2024-09-05,2026-02-28,False,,Labor Law
REG002416,AU,Payroll Reporting,Payroll Reporting regulation for Australia in 2023,2023-08-06,2025-02-15,False,,Labor Law
REG002417,US,Minimum Wage,Minimum Wage regulation for United States in 2024,2024-04-01,2025-05-31,False,,Payroll Reporting
REG002418,DE,Social Security,Social Security regulation for Germany in 2025,2025-04-16,9999-12-31,True,0.27,Payroll Reporting
REG002419,UK,Overtime Pay,Overtime Pay regulation for United Kingdom in 2025,2025-04-17,9999-12-31,True,,Taxation
REG002420,CA,Payroll Reporting,Payroll Reporting regulation for Canada in 2024,2024-07-22,2025-11-07,False,,Taxation
REG002421,JP,Social Security,Social Security regulation for Japan in 2024,2024-03-21,2025-02-28,False,0.31,Taxation
REG002422,AU,Social Security,Social Security regulation for Australia in 2023,2023-09-14,9999-12-31,True,0.38,Payroll Reporting
REG002423,JP,Employee Benefits,Employee Benefits regulation for Japan in 2024,2024-03-02,9999-12-31,True,,Taxation
REG002424,DE,Employee Benefits,Employee Benefits regulation for Germany in 2023,2023-10-26,2024-07-30,False,,Taxation
REG002425,ZA,Employee Benefits,Employee Benefits regulation for South Africa in 2025,2025-04-06,9999-12-31,True,,Payroll Reporting
REG002426,IN,Income Tax,Income Tax regulation for India in 2024,2024-11-04,2026-05-21,False,0.25,Payroll Reporting
REG002427,CA,Minimum Wage,Minimum Wage regulation for Canada in 2023,2023-08-12,9999-12-31,True,,Taxation
REG002428,BR,Income Tax,Income Tax regulation for Brazil in 2024,2024-08-29,9999-12-31,True,0.24,Labor Law
REG002429,ZA,Minimum Wage,Minimum Wage regulation for South Africa in 2023,2023-12-02,2024-12-23,False,,Taxation
REG002430,JP,Employee Benefits,Employee Benefits regulation for Japan in 2024,2024-08-18,9999-12-31,True,,Labor Law
REG002431,US,Social Security,Social Security regulation for United States in 2023,2023-06-15,2024-08-15,False,0.15,Taxation
REG002432,IN,Employee Benefits,Employee Benefits regulation for India in 2025,2025-04-16,9999-12-31,True,,Labor Law
REG002433,CA,Income Tax,Income Tax regulation for Canada in 2025,2025-03-18,9999-12-31,True,0.32,Taxation
REG002434,ZA,Social Security,Social Security regulation for South Africa in 2023,2023-08-30,2024-10-22,False,0.19,Taxation
REG002435,ZA,Minimum Wage,Minimum Wage regulation for South Africa in 2024,2024-03-12,9999-12-31,True,,Taxation
REG002436,UK,Payroll Reporting,Payroll Reporting regulation for United Kingdom in 2024,2024-02-05,9999-12-31,True,,Labor Law
REG002437,IN,Minimum Wage,Minimum Wage regulation for India in 2024,2024-02-04,2025-06-22,False,,Payroll Reporting
REG002438,ZA,Income Tax,Income Tax regulation for South Africa in 2023,2023-12-15,9999-12-31,True,0.18,Labor Law
REG002439,ZA,Minimum Wage,Minimum Wage regulation for South Africa in 2025,2025-01-19,9999-12-31,True,,Taxation
REG002440,IN,Employee Benefits,Employee Benefits regulation for India in 2023,2023-10-10,9999-12-31,True,,Taxation
REG002441,AU,Minimum Wage,Minimum Wage regulation for Australia in 2025,2025-03-25,9999-12-31,True,,Labor Law
REG002442,US,Income Tax,Income Tax regulation for United States in 2024,2024-11-08,9999-12-31,True,0.39,Taxation
REG002443,BR,Minimum Wage,Minimum Wage regulation for Brazil in 2025,2025-02-11,9999-12-31,True,,Payroll Reporting
REG002444,BR,Minimum Wage,Minimum Wage regulation for Brazil in 2024,2024-08-06,2026-06-01,False,,Taxation
REG002445,BR,Social Security,Social Security regulation for Brazil in 2024,2024-01-16,2025-01-10,False,0.37,Labor Law
REG002446,JP,Overtime Pay,Overtime Pay regulation for Japan in 2025,2025-01-15,9999-12-31,True,,Taxation
REG002447,IN,Overtime Pay,Overtime Pay regulation for India in 2023,2023-07-24,9999-12-31,True,,Labor Law
REG002448,IN,Income Tax,Income Tax regulation for India in 2024,2024-12-12,9999-12-31,True,0.15,Taxation
REG002449,ZA,Income Tax,Income Tax regulation for South Africa in 2024,2024-08-26,9999-12-31,True,0.25,Taxation
REG002450,US,Income Tax,Income Tax regulation for United States in 2024,2024-03-03,2025-07-08,False,0.27,Taxation
REG002451,ZA,Payroll Reporting,Payroll Reporting regulation for South Africa in 2023,2023-12-31,9999-12-31,True,,Payroll Reporting
REG002452,JP,Employee Benefits,Employee Benefits regulation for Japan in 2024,2024-12-12,9999-12-31,True,,Payroll Reporting
REG002453,DE,Employee Benefits,Employee Benefits regulation for Germany in 2023,2023-08-25,2024-12-26,False,,Labor Law
REG002454,IN,Social Security,Social Security regulation for India in 2024,2024-01-01,9999-12-31,True,0.35,Taxation
REG002455,ZA,Payroll Reporting,Payroll Reporting regulation for South Africa in 2025,2025-05-04,9999-12-31,True,,Taxation
REG002456,JP,Social Security,Social Security regulation for Japan in 2024,2024-03-26,9999-12-31,True,0.3,Taxation
REG002457,AU,Overtime Pay,Overtime Pay regulation for Australia in 2023,2023-10-20,9999-12-31,True,,Taxation
REG002458,FR,Social Security,Social Security regulation for France in 2023,2023-12-26,9999-12-31,True,0.33,Payroll Reporting
REG002459,DE,Overtime Pay,Overtime Pay regulation for Germany in 2024,2024-08-11,9999-12-31,True,,Labor Law
REG002460,UK,Overtime Pay,Overtime Pay regulation for United Kingdom in 2024,2024-09-08,9999-12-31,True,,Taxation
REG002461,BR,Employee Benefits,Employee Benefits regulation for Brazil in 2023,2023-12-01,9999-12-31,True,,Payroll Reporting
REG002462,UK,Payroll Reporting,Payroll Reporting regulation for United Kingdom in 2023,2023-08-01,2024-11-20,False,,Taxation
REG002463,AU,Income Tax,Income Tax regulation for Australia in 2024,2024-01-17,9999-12-31,True,0.17,Taxation
REG002464,IN,Income Tax,Income Tax regulation for India in 2024,2024-06-17,9999-12-31,True,0.18,Labor Law
REG002465,ZA,Minimum Wage,Minimum Wage regulation for South Africa in 2024,2024-12-05,2025-07-01,False,,Labor Law
REG002466,UK,Minimum Wage,Minimum Wage regulation for United Kingdom in 2024,2024-09-11,2026-04-14,False,,Labor Law
REG002467,US,Employee Benefits,Employee Benefits regulation for United States in 2023,2023-08-21,2025-05-26,False,,Labor Law
REG002468,IN,Minimum Wage,Minimum Wage regulation for India in 2024,2024-12-25,2025-11-25,False,,Taxation
REG002469,UK,Overtime Pay,Overtime Pay regulation for United Kingdom in 2024,2024-02-07,9999-12-31,True,,Taxation
REG002470,DE,Income Tax,Income Tax regulation for Germany in 2025,2025-03-26,9999-12-31,True,0.35,Payroll Reporting
REG002471,FR,Employee Benefits,Employee Benefits regulation for France in 2024,2024-10-11,9999-12-31,True,,Taxation
REG002472,US,Minimum Wage,Minimum Wage regulation for United States in 2025,2025-04-21,9999-12-31,True,,Payroll Reporting
REG002473,FR,Income Tax,Income Tax regulation for France in 2024,2024-04-01,9999-12-31,True,0.33,Payroll Reporting
REG002474,ZA,Overtime Pay,Overtime Pay regulation for South Africa in 2024,2024-04-08,9999-12-31,True,,Taxation
REG002475,DE,Overtime Pay,Overtime Pay regulation for Germany in 2024,2024-11-15,2025-06-06,False,,Taxation
REG002476,AU,Payroll Reporting,Payroll Reporting regulation for Australia in 2023,2023-07-08,2025-02-19,False,,Payroll Reporting
REG002477,DE,Overtime Pay,Overtime Pay regulation for Germany in 2023,2023-09-17,9999-12-31,True,,Payroll Reporting
REG002478,IN,Social Security,Social Security regulation for India in 2023,2023-12-30,9999-12-31,True,0.31,Taxation
REG002479,US,Overtime Pay,Overtime Pay regulation for United States in 2024,2024-11-07,9999-12-31,True,,Payroll Reporting
REG002480,AU,Payroll Reporting,Payroll Reporting regulation for Australia in 2024,2024-04-26,9999-12-31,True,,Taxation
REG002481,ZA,Overtime Pay,Overtime Pay regulation for South Africa in 2023,2023-12-06,9999-12-31,True,,Labor Law
REG002482,US,Payroll Reporting,Payroll Reporting regulation for United States in 2025,2025-01-17,9999-12-31,True,,Labor Law
REG002483,BR,Social Security,Social Security regulation for Brazil in 2023,2023-11-28,9999-12-31,True,0.16,Taxation
REG002484,US,Overtime Pay,Overtime Pay regulation for United States in 2023,2023-11-23,2025-11-19,False,,Labor Law
REG002485,CA,Minimum Wage,Minimum Wage regulation for Canada in 2023,2023-07-27,9999-12-31,True,,Payroll Reporting
REG002486,IN,Social Security,Social Security regulation for India in 2024,2024-04-21,2025-09-26,False,0.28,Taxation
REG002487,ZA,Overtime Pay,Overtime Pay regulation for South Africa in 2024,2024-09-19,9999-12-31,True,,Taxation
REG002488,JP,Minimum Wage,Minimum Wage regulation for Japan in 2024,2024-03-25,9999-12-31,True,,Payroll Reporting
REG002489,AU,Payroll Reporting,Payroll Reporting regulation for Australia in 2024,2024-09-04,2025-12-08,False,,Labor Law
REG002490,AU,Income Tax,Income Tax regulation for Australia in 2024,2024-08-31,9999-12-31,True,0.29,Taxation
REG002491,ZA,Overtime Pay,Overtime Pay regulation for South Africa in 2025,2025-03-17,9999-12-31,True,,Taxation
REG002492,BR,Minimum Wage,Minimum Wage regulation for Brazil in 2025,2025-05-25,9999-12-31,True,,Payroll Reporting
REG002493,IN,Social Security,Social Security regulation for India in 2023,2023-08-15,2025-07-02,False,0.26,Taxation
REG002494,JP,Employee Benefits,Employee Benefits regulation for Japan in 2024,2024-11-21,2025-12-06,False,,Labor Law
REG002495,ZA,Employee Benefits,Employee Benefits regulation for South Africa in 2024,2024-05-24,9999-12-31,True,,Taxation
REG002496,BR,Payroll Reporting,Payroll Reporting regulation for Brazil in 2024,2024-03-20,9999-12-31,True,,Taxation
REG002497,CA,Employee Benefits,Employee Benefits regulation for Canada in 2024,2024-10-17,9999-12-31,True,,Labor Law
REG002498,CA,Overtime Pay,Overtime Pay regulation for Canada in 2023,2023-12-28,2025-12-08,False,,Labor Law
REG002499,DE,Overtime Pay,Overtime Pay regulation for Germany in 2024,2024-01-27,2026-01-05,False,,Labor Law
REG002500,FR,Employee Benefits,Employee Benefits regulation for France in 2024,2024-01-02,2024-10-08,False,,Labor Law
REG002501,BR,Overtime Pay,Overtime Pay regulation for Brazil in 2024,2024-03-18,9999-12-31,True,,Taxation
REG002502,US,Overtime Pay,Overtime Pay regulation for United States in 2024,2024-06-21,9999-12-31,True,,Taxation
REG002503,FR,Minimum Wage,Minimum Wage regulation for France in 2025,2025-04-05,9999-12-31,True,,Labor Law
REG002504,IN,Payroll Reporting,Payroll Reporting regulation for India in 2025,2025-04-05,9999-12-31,True,,Labor Law
REG002505,FR,Overtime Pay,Overtime Pay regulation for France in 2024,2024-05-02,9999-12-31,True,,Taxation
REG002506,CA,Minimum Wage,Minimum Wage regulation for Canada in 2024,2024-02-05,2024-08-07,False,,Payroll Reporting
REG002507,UK,Income Tax,Income Tax regulation for United Kingdom in 2024,2024-09-28,2025-12-11,False,0.34,Labor Law
REG002508,FR,Social Security,Social Security regulation for France in 2024,2024-12-27,9999-12-31,True,0.31,Payroll Reporting
REG002509,BR,Employee Benefits,Employee Benefits regulation for Brazil in 2025,2025-05-20,9999-12-31,True,,Labor Law
REG002510,UK,Income Tax,Income Tax regulation for United Kingdom in 2025,2025-05-05,9999-12-31,True,0.22,Labor Law
REG002511,UK,Income Tax,Income Tax regulation for United Kingdom in 2023,2023-05-31,2024-12-26,False,0.38,Taxation
REG002512,DE,Income Tax,Income Tax regulation for Germany in 2024,2024-05-27,9999-12-31,True,0.25,Taxation
REG002513,DE,Employee Benefits,Employee Benefits regulation for Germany in 2024,2024-10-17,9999-12-31,True,,Labor Law
REG002514,AU,Minimum Wage,Minimum Wage regulation for Australia in 2025,2025-01-05,9999-12-31,True,,Payroll Reporting
REG002515,CA,Overtime Pay,Overtime Pay regulation for Canada in 2024,2024-11-20,2026-02-07,False,,Taxation
REG002516,DE,Payroll Reporting,Payroll Reporting regulation for Germany in 2023,2023-06-08,9999-12-31,True,,Labor Law
REG002517,JP,Minimum Wage,Minimum Wage regulation for Japan in 2024,2024-08-17,9999-12-31,True,,Labor Law
REG002518,FR,Income Tax,Income Tax regulation for France in 2023,2023-08-14,2024-03-08,False,0.16,Payroll Reporting
REG002519,CA,Employee Benefits,Employee Benefits regulation for Canada in 2024,2024-04-28,2025-08-08,False,,Labor Law
REG002520,ZA,Minimum Wage,Minimum Wage regulation for South Africa in 2023,2023-06-30,2025-03-05,False,,Taxation
REG002521,US,Social Security,Social Security regulation for United States in 2024,2024-11-08,9999-12-31,True,0.36,Taxation
REG002522,ZA,Overtime Pay,Overtime Pay regulation for South Africa in 2024,2024-11-07,9999-12-31,True,,Taxation
REG002523,FR,Social Security,Social Security regulation for France in 2024,2024-12-04,9999-12-31,True,0.39,Labor Law
REG002524,ZA,Overtime Pay,Overtime Pay regulation for South Africa in 2025,2025-05-26,9999-12-31,True,,Labor Law
REG002525,IN,Employee Benefits,Employee Benefits regulation for India in 2024,2024-04-10,9999-12-31,True,,Payroll Reporting
REG002526,FR,Employee Benefits,Employee Benefits regulation for France in 2024,2024-01-10,9999-12-31,True,,Labor Law
REG002527,JP,Social Security,Social Security regulation for Japan in 2024,2024-12-06,2025-07-30,False,0.38,Labor Law
REG002528,FR,Income Tax,Income Tax regulation for France in 2024,2024-07-04,9999-12-31,True,0.18,Payroll Reporting
REG002529,ZA,Payroll Reporting,Payroll Reporting regulation for South Africa in 2023,2023-09-30,9999-12-31,True,,Labor Law
REG002530,AU,Income Tax,Income Tax regulation for Australia in 2024,2024-09-15,9999-12-31,True,0.12,Labor Law
REG002531,CA,Income Tax,Income Tax regulation for Canada in 2024,2024-08-13,9999-12-31,True,0.18,Payroll Reporting
REG002532,CA,Payroll Reporting,Payroll Reporting regulation for Canada in 2023,2023-11-02,2024-11-09,False,,Payroll Reporting
REG002533,FR,Overtime Pay,Overtime Pay regulation for France in 2024,2024-05-13,9999-12-31,True,,Taxation
REG002534,DE,Social Security,Social Security regulation for Germany in 2024,2024-07-13,2025-12-13,False,0.31,Payroll Reporting
REG002535,AU,Employee Benefits,Employee Benefits regulation for Australia in 2024,2024-02-14,9999-12-31,True,,Labor Law
REG002536,IN,Payroll Reporting,Payroll Reporting regulation for India in 2025,2025-01-07,9999-12-31,True,,Labor Law
REG002537,CA,Minimum Wage,Minimum Wage regulation for Canada in 2024,2024-10-25,2026-07-05,False,,Payroll Reporting
REG002538,AU,Minimum Wage,Minimum Wage regulation for Australia in 2024,2024-10-22,9999-12-31,True,,Taxation
REG002539,FR,Employee Benefits,Employee Benefits regulation for France in 2024,2024-09-21,2026-06-08,False,,Taxation
REG002540,FR,Minimum Wage,Minimum Wage regulation for France in 2024,2024-12-16,9999-12-31,True,,Payroll Reporting
REG002541,US,Income Tax,Income Tax regulation for United States in 2023,2023-12-06,9999-12-31,True,0.22,Payroll Reporting
REG002542,UK,Employee Benefits,Employee Benefits regulation for United Kingdom in 2024,2024-05-20,2025-06-13,False,,Labor Law
REG002543,CA,Overtime Pay,Overtime Pay regulation for Canada in 2023,2023-11-26,2025-04-15,False,,Payroll Reporting
REG002544,IN,Social Security,Social Security regulation for India in 2023,2023-06-22,2024-04-17,False,0.34,Payroll Reporting
REG002545,BR,Payroll Reporting,Payroll Reporting regulation for Brazil in 2025,2025-04-04,9999-12-31,True,,Taxation
REG002546,IN,Overtime Pay,Overtime Pay regulation for India in 2024,2024-11-30,2026-11-06,False,,Payroll Reporting
REG002547,FR,Employee Benefits,Employee Benefits regulation for France in 2024,2024-07-19,9999-12-31,True,,Payroll Reporting
REG002548,US,Income Tax,Income Tax regulation for United States in 2024,2024-04-26,9999-12-31,True,0.23,Labor Law
REG002549,JP,Income Tax,Income Tax regulation for Japan in 2024,2024-09-15,9999-12-31,True,0.3,Payroll Reporting
REG002550,CA,Employee Benefits,Employee Benefits regulation for Canada in 2023,2023-07-20,2025-04-19,False,,Labor Law
REG002551,UK,Employee Benefits,Employee Benefits regulation for United Kingdom in 2023,2023-09-13,9999-12-31,True,,Taxation
REG002552,CA,Payroll Reporting,Payroll Reporting regulation for Canada in 2025,2025-04-10,9999-12-31,True,,Labor Law
REG002553,JP,Minimum Wage,Minimum Wage regulation for Japan in 2023,2023-07-05,9999-12-31,True,,Payroll Reporting
REG002554,CA,Social Security,Social Security regulation for Canada in 2024,2024-07-17,9999-12-31,True,0.19,Labor Law
REG002555,IN,Payroll Reporting,Payroll Reporting regulation for India in 2024,2024-12-24,9999-12-31,True,,Payroll Reporting
REG002556,BR,Overtime Pay,Overtime Pay regulation for Brazil in 2024,2024-11-13,9999-12-31,True,,Payroll Reporting
REG002557,JP,Overtime Pay,Overtime Pay regulation for Japan in 2024,2024-03-03,2025-10-19,False,,Payroll Reporting
REG002558,FR,Payroll Reporting,Payroll Reporting regulation for France in 2025,2025-04-29,9999-12-31,True,,Payroll Reporting
REG002559,UK,Employee Benefits,Employee Benefits regulation for United Kingdom in 2024,2024-11-20,9999-12-31,True,,Taxation
REG002560,IN,Overtime Pay,Overtime Pay regulation for India in 2024,2024-03-07,2025-09-25,False,,Labor Law
REG002561,FR,Employee Benefits,Employee Benefits regulation for France in 2024,2024-12-04,2025-09-08,False,,Taxation
REG002562,AU,Payroll Reporting,Payroll Reporting regulation for Australia in 2025,2025-04-07,9999-12-31,True,,Payroll Reporting
REG002563,IN,Employee Benefits,Employee Benefits regulation for India in 2023,2023-09-01,9999-12-31,True,,Payroll Reporting
REG002564,FR,Income Tax,Income Tax regulation for France in 2025,2025-01-24,9999-12-31,True,0.3,Payroll Reporting
REG002565,ZA,Minimum Wage,Minimum Wage regulation for South Africa in 2024,2024-04-26,9999-12-31,True,,Payroll Reporting
REG002566,US,Overtime Pay,Overtime Pay regulation for United States in 2024,2024-10-22,9999-12-31,True,,Taxation
REG002567,DE,Income Tax,Income Tax regulation for Germany in 2024,2024-01-14,9999-12-31,True,0.19,Labor Law
REG002568,CA,Minimum Wage,Minimum Wage regulation for Canada in 2023,2023-06-28,2024-03-17,False,,Taxation
REG002569,ZA,Payroll Reporting,Payroll Reporting regulation for South Africa in 2023,2023-10-25,9999-12-31,True,,Taxation
REG002570,ZA,Overtime Pay,Overtime Pay regulation for South Africa in 2024,2024-12-19,2026-04-23,False,,Taxation
REG002571,CA,Overtime Pay,Overtime Pay regulation for Canada in 2023,2023-07-21,9999-12-31,True,,Payroll Reporting
REG002572,JP,Payroll Reporting,Payroll Reporting regulation for Japan in 2023,2023-07-05,2024-07-08,False,,Taxation
REG002573,FR,Employee Benefits,Employee Benefits regulation for France in 2025,2025-01-28,9999-12-31,True,,Payroll Reporting
REG002574,FR,Minimum Wage,Minimum Wage regulation for France in 2023,2023-09-02,2025-06-12,False,,Taxation
REG002575,US,Overtime Pay,Overtime Pay regulation for United States in 2023,2023-10-29,9999-12-31,True,,Payroll Reporting
REG002576,IN,Minimum Wage,Minimum Wage regulation for India in 2023,2023-07-30,9999-12-31,True,,Taxation
REG002577,AU,Income Tax,Income Tax regulation for Australia in 2024,2024-01-24,9999-12-31,True,0.13,Payroll Reporting
REG002578,JP,Income Tax,Income Tax regulation for Japan in 2025,2025-04-27,9999-12-31,True,0.27,Taxation
REG002579,IN,Overtime Pay,Overtime Pay regulation for India in 2024,2024-03-12,2024-11-08,False,,Payroll Reporting
REG002580,DE,Employee Benefits,Employee Benefits regulation for Germany in 2023,2023-06-02,2025-01-23,False,,Payroll Reporting
REG002581,US,Social Security,Social Security regulation for United States in 2024,2024-03-20,2025-09-20,False,0.37,Taxation
REG002582,JP,Social Security,Social Security regulation for Japan in 2023,2023-09-20,2025-07-01,False,0.12,Labor Law
REG002583,DE,Employee Benefits,Employee Benefits regulation for Germany in 2024,2024-07-18,9999-12-31,True,,Taxation
REG002584,US,Income Tax,Income Tax regulation for United States in 2024,2024-09-10,9999-12-31,True,0.3,Payroll Reporting
REG002585,FR,Income Tax,Income Tax regulation for France in 2024,2024-05-09,9999-12-31,True,0.23,Taxation
REG002586,FR,Payroll Reporting,Payroll Reporting regulation for France in 2023,2023-07-12,9999-12-31,True,,Payroll Reporting
REG002587,JP,Employee Benefits,Employee Benefits regulation for Japan in 2025,2025-05-10,9999-12-31,True,,Labor Law
REG002588,DE,Payroll Reporting,Payroll Reporting regulation for Germany in 2024,2024-04-14,9999-12-31,True,,Taxation
REG002589,US,Overtime Pay,Overtime Pay regulation for United States in 2023,2023-07-10,9999-12-31,True,,Payroll Reporting
REG002590,JP,Social Security,Social Security regulation for Japan in 2024,2024-12-06,2026-11-02,False,0.18,Taxation
REG002591,DE,Overtime Pay,Overtime Pay regulation for Germany in 2025,2025-03-03,9999-12-31,True,,Payroll Reporting
REG002592,CA,Payroll Reporting,Payroll Reporting regulation for Canada in 2024,2024-04-13,2025-12-03,False,,Payroll Reporting
REG002593,IN,Payroll Reporting,Payroll Reporting regulation for India in 2023,2023-11-11,2025-04-29,False,,Taxation
REG002594,FR,Minimum Wage,Minimum Wage regulation for France in 2024,2024-03-10,2025-08-20,False,,Labor Law
REG002595,AU,Overtime Pay,Overtime Pay regulation for Australia in 2024,2024-02-04,9999-12-31,True,,Labor Law
REG002596,FR,Overtime Pay,Overtime Pay regulation for France in 2024,2024-07-30,2025-11-04,False,,Taxation
REG002597,ZA,Payroll Reporting,Payroll Reporting regulation for South Africa in 2024,2024-05-17,9999-12-31,True,,Payroll Reporting
REG002598,UK,Overtime Pay,Overtime Pay regulation for United Kingdom in 2024,2024-12-11,2026-11-01,False,,Labor Law
REG002599,ZA,Minimum Wage,Minimum Wage regulation for South Africa in 2023,2023-10-22,9999-12-31,True,,Taxation
REG002600,BR,Minimum Wage,Minimum Wage regulation for Brazil in 2024,2024-06-28,2025-05-09,False,,Taxation
REG002601,US,Social Security,Social Security regulation for United States in 2024,2024-01-16,2025-01-13,False,0.22,Taxation
REG002602,US,Social Security,Social Security regulation for United States in 2024,2024-07-03,9999-12-31,True,0.35,Labor Law
REG002603,CA,Minimum Wage,Minimum Wage regulation for Canada in 2024,2024-03-16,9999-12-31,True,,Labor Law
REG002604,FR,Social Security,Social Security regulation for France in 2023,2023-07-13,9999-12-31,True,0.1,Payroll Reporting
REG002605,US,Overtime Pay,Overtime Pay regulation for United States in 2025,2025-04-05,9999-12-31,True,,Labor Law
REG002606,US,Employee Benefits,Employee Benefits regulation for United States in 2024,2024-02-13,2025-03-31,False,,Labor Law
REG002607,UK,Overtime Pay,Overtime Pay regulation for United Kingdom in 2024,2024-04-09,2025-03-05,False,,Payroll Reporting
REG002608,IN,Minimum Wage,Minimum Wage regulation for India in 2023,2023-09-10,2025-04-21,False,,Payroll Reporting
REG002609,FR,Minimum Wage,Minimum Wage regulation for France in 2024,2024-10-08,9999-12-31,True,,Taxation
REG002610,AU,Employee Benefits,Employee Benefits regulation for Australia in 2024,2024-08-20,9999-12-31,True,,Labor Law
REG002611,ZA,Payroll Reporting,Payroll Reporting regulation for South Africa in 2024,2024-05-30,9999-12-31,True,,Taxation
REG002612,AU,Social Security,Social Security regulation for Australia in 2023,2023-09-13,2025-05-02,False,0.28,Taxation
REG002613,BR,Social Security,Social Security regulation for Brazil in 2025,2025-04-30,9999-12-31,True,0.25,Taxation
REG002614,BR,Minimum Wage,Minimum Wage regulation for Brazil in 2024,2024-11-01,9999-12-31,True,,Taxation
REG002615,JP,Minimum Wage,Minimum Wage regulation for Japan in 2024,2024-12-26,2025-12-04,False,,Payroll Reporting
REG002616,BR,Overtime Pay,Overtime Pay regulation for Brazil in 2025,2025-05-09,9999-12-31,True,,Taxation
REG002617,BR,Overtime Pay,Overtime Pay regulation for Brazil in 2024,2024-12-08,9999-12-31,True,,Taxation
REG002618,AU,Payroll Reporting,Payroll Reporting regulation for Australia in 2024,2024-02-15,9999-12-31,True,,Taxation
REG002619,US,Social Security,Social Security regulation for United States in 2024,2024-03-24,9999-12-31,True,0.32,Payroll Reporting
REG002620,US,Income Tax,Income Tax regulation for United States in 2023,2023-08-20,2024-07-10,False,0.3,Labor Law
REG002621,US,Social Security,Social Security regulation for United States in 2025,2025-04-02,9999-12-31,True,0.32,Taxation
REG002622,CA,Social Security,Social Security regulation for Canada in 2023,2023-11-21,9999-12-31,True,0.17,Taxation
REG002623,UK,Employee Benefits,Employee Benefits regulation for United Kingdom in 2023,2023-06-02,9999-12-31,True,,Payroll Reporting
REG002624,CA,Minimum Wage,Minimum Wage regulation for Canada in 2024,2024-04-26,2025-01-15,False,,Taxation
REG002625,AU,Employee Benefits,Employee Benefits regulation for Australia in 2023,2023-07-24,2024-02-01,False,,Labor Law
REG002626,FR,Social Security,Social Security regulation for France in 2024,2024-07-26,2025-05-05,False,0.28,Payroll Reporting
REG002627,AU,Employee Benefits,Employee Benefits regulation for Australia in 2024,2024-04-04,9999-12-31,True,,Labor Law
REG002628,DE,Payroll Reporting,Payroll Reporting regulation for Germany in 2023,2023-09-14,2024-03-28,False,,Payroll Reporting
REG002629,DE,Minimum Wage,Minimum Wage regulation for Germany in 2023,2023-11-10,2025-05-08,False,,Labor Law
REG002630,CA,Employee Benefits,Employee Benefits regulation for Canada in 2024,2024-07-15,9999-12-31,True,,Taxation
REG002631,AU,Overtime Pay,Overtime Pay regulation for Australia in 2024,2024-11-29,9999-12-31,True,,Labor Law
REG002632,ZA,Employee Benefits,Employee Benefits regulation for South Africa in 2023,2023-11-04,9999-12-31,True,,Labor Law
REG002633,CA,Income Tax,Income Tax regulation for Canada in 2024,2024-12-12,2026-01-07,False,0.31,Payroll Reporting
REG002634,FR,Social Security,Social Security regulation for France in 2024,2024-02-02,2026-01-16,False,0.26,Payroll Reporting
REG002635,BR,Minimum Wage,Minimum Wage regulation for Brazil in 2025,2025-04-11,9999-12-31,True,,Payroll Reporting
REG002636,IN,Payroll Reporting,Payroll Reporting regulation for India in 2024,2024-05-10,9999-12-31,True,,Payroll Reporting
REG002637,ZA,Income Tax,Income Tax regulation for South Africa in 2024,2024-08-17,9999-12-31,True,0.28,Payroll Reporting
REG002638,ZA,Overtime Pay,Overtime Pay regulation for South Africa in 2024,2024-06-12,9999-12-31,True,,Payroll Reporting
REG002639,BR,Income Tax,Income Tax regulation for Brazil in 2023,2023-07-11,2024-01-30,False,0.17,Taxation
REG002640,ZA,Payroll Reporting,Payroll Reporting regulation for South Africa in 2025,2025-01-04,9999-12-31,True,,Labor Law
REG002641,ZA,Employee Benefits,Employee Benefits regulation for South Africa in 2025,2025-03-14,9999-12-31,True,,Labor Law
REG002642,AU,Minimum Wage,Minimum Wage regulation for Australia in 2023,2023-08-16,9999-12-31,True,,Payroll Reporting
REG002643,US,Social Security,Social Security regulation for United States in 2023,2023-07-02,2024-01-09,False,0.22,Labor Law
REG002644,JP,Overtime Pay,Overtime Pay regulation for Japan in 2024,2024-07-06,9999-12-31,True,,Labor Law
REG002645,FR,Social Security,Social Security regulation for France in 2024,2024-01-22,2025-12-08,False,0.23,Taxation
REG002646,CA,Payroll Reporting,Payroll Reporting regulation for Canada in 2023,2023-07-01,2024-09-05,False,,Taxation
REG002647,JP,Payroll Reporting,Payroll Reporting regulation for Japan in 2024,2024-03-28,2024-12-24,False,,Payroll Reporting
REG002648,US,Social Security,Social Security regulation for United States in 2024,2024-04-21,2025-04-25,False,0.19,Labor Law
REG002649,DE,Social Security,Social Security regulation for Germany in 2024,2024-08-08,9999-12-31,True,0.13,Labor Law
REG002650,ZA,Overtime Pay,Overtime Pay regulation for South Africa in 2025,2025-03-08,9999-12-31,True,,Taxation
REG002651,FR,Minimum Wage,Minimum Wage regulation for France in 2024,2024-07-22,9999-12-31,True,,Payroll Reporting
REG002652,DE,Social Security,Social Security regulation for Germany in 2024,2024-10-05,2026-03-13,False,0.38,Labor Law
REG002653,US,Social Security,Social Security regulation for United States in 2023,2023-06-28,2024-11-17,False,0.34,Labor Law
REG002654,DE,Minimum Wage,Minimum Wage regulation for Germany in 2024,2024-06-26,2026-01-03,False,,Taxation
REG002655,UK,Overtime Pay,Overtime Pay regulation for United Kingdom in 2024,2024-08-15,9999-12-31,True,,Payroll Reporting
REG002656,FR,Social Security,Social Security regulation for France in 2024,2024-06-04,9999-12-31,True,0.12,Payroll Reporting
REG002657,UK,Income Tax,Income Tax regulation for United Kingdom in 2025,2025-03-06,9999-12-31,True,0.3,Payroll Reporting
REG002658,FR,Social Security,Social Security regulation for France in 2023,2023-06-28,2025-01-13,False,0.17,Payroll Reporting
REG002659,IN,Minimum Wage,Minimum Wage regulation for India in 2023,2023-11-26,2025-09-08,False,,Taxation
REG002660,IN,Social Security,Social Security regulation for India in 2023,2023-10-18,9999-12-31,True,0.19,Payroll Reporting
REG002661,FR,Minimum Wage,Minimum Wage regulation for France in 2024,2024-03-05,9999-12-31,True,,Payroll Reporting
REG002662,UK,Overtime Pay,Overtime Pay regulation for United Kingdom in 2024,2024-01-10,2024-07-13,False,,Taxation
REG002663,ZA,Income Tax,Income Tax regulation for South Africa in 2023,2023-09-23,9999-12-31,True,0.28,Labor Law
REG002664,JP,Payroll Reporting,Payroll Reporting regulation for Japan in 2024,2024-05-16,2025-12-22,False,,Payroll Reporting
REG002665,US,Employee Benefits,Employee Benefits regulation for United States in 2024,2024-03-30,2025-04-26,False,,Payroll Reporting
REG002666,IN,Overtime Pay,Overtime Pay regulation for India in 2024,2024-05-12,2025-09-15,False,,Labor Law
REG002667,JP,Payroll Reporting,Payroll Reporting regulation for Japan in 2024,2024-01-27,9999-12-31,True,,Payroll Reporting
REG002668,FR,Payroll Reporting,Payroll Reporting regulation for France in 2024,2024-02-06,2025-08-10,False,,Payroll Reporting
REG002669,CA,Income Tax,Income Tax regulation for Canada in 2024,2024-09-29,2026-06-12,False,0.34,Payroll Reporting
REG002670,US,Payroll Reporting,Payroll Reporting regulation for United States in 2025,2025-02-23,9999-12-31,True,,Taxation
REG002671,FR,Income Tax,Income Tax regulation for France in 2023,2023-09-20,2025-01-11,False,0.37,Payroll Reporting
REG002672,AU,Employee Benefits,Employee Benefits regulation for Australia in 2024,2024-09-06,9999-12-31,True,,Taxation
REG002673,CA,Minimum Wage,Minimum Wage regulation for Canada in 2024,2024-07-30,2025-10-05,False,,Payroll Reporting
REG002674,CA,Overtime Pay,Overtime Pay regulation for Canada in 2024,2024-10-30,2026-03-01,False,,Labor Law
REG002675,FR,Social Security,Social Security regulation for France in 2025,2025-01-28,9999-12-31,True,0.31,Taxation
REG002676,JP,Overtime Pay,Overtime Pay regulation for Japan in 2023,2023-06-28,9999-12-31,True,,Payroll Reporting
REG002677,AU,Social Security,Social Security regulation for Australia in 2025,2025-01-07,9999-12-31,True,0.25,Payroll Reporting
REG002678,US,Employee Benefits,Employee Benefits regulation for United States in 2023,2023-09-27,2025-04-27,False,,Labor Law
REG002679,AU,Income Tax,Income Tax regulation for Australia in 2024,2024-08-21,9999-12-31,True,0.23,Labor Law
REG002680,FR,Overtime Pay,Overtime Pay regulation for France in 2023,2023-11-19,9999-12-31,True,,Payroll Reporting
REG002681,JP,Payroll Reporting,Payroll Reporting regulation for Japan in 2023,2023-09-11,9999-12-31,True,,Labor Law
REG002682,CA,Social Security,Social Security regulation for Canada in 2024,2024-12-04,2026-05-31,False,0.11,Labor Law
REG002683,JP,Minimum Wage,Minimum Wage regulation for Japan in 2024,2024-07-03,9999-12-31,True,,Payroll Reporting
REG002684,US,Overtime Pay,Overtime Pay regulation for United States in 2024,2024-03-29,9999-12-31,True,,Payroll Reporting
REG002685,AU,Income Tax,Income Tax regulation for Australia in 2024,2024-05-14,9999-12-31,True,0.17,Payroll Reporting
REG002686,ZA,Employee Benefits,Employee Benefits regulation for South Africa in 2024,2024-03-07,2025-06-17,False,,Labor Law
REG002687,ZA,Employee Benefits,Employee Benefits regulation for South Africa in 2024,2024-07-05,9999-12-31,True,,Labor Law
REG002688,BR,Minimum Wage,Minimum Wage regulation for Brazil in 2023,2023-07-12,9999-12-31,True,,Labor Law
REG002689,CA,Payroll Reporting,Payroll Reporting regulation for Canada in 2024,2024-11-14,2026-04-15,False,,Taxation
REG002690,UK,Social Security,Social Security regulation for United Kingdom in 2023,2023-07-30,9999-12-31,True,0.31,Labor Law
REG002691,US,Social Security,Social Security regulation for United States in 2024,2024-08-15,2025-04-17,False,0.1,Payroll Reporting
REG002692,US,Social Security,Social Security regulation for United States in 2024,2024-04-18,2025-08-28,False,0.23,Labor Law
REG002693,DE,Overtime Pay,Overtime Pay regulation for Germany in 2024,2024-06-23,9999-12-31,True,,Labor Law
REG002694,ZA,Income Tax,Income Tax regulation for South Africa in 2025,2025-04-04,9999-12-31,True,0.16,Labor Law
REG002695,CA,Overtime Pay,Overtime Pay regulation for Canada in 2024,2024-03-19,2025-12-29,False,,Labor Law
REG002696,ZA,Income Tax,Income Tax regulation for South Africa in 2025,2025-01-28,9999-12-31,True,0.3,Taxation
REG002697,DE,Income Tax,Income Tax regulation for Germany in 2023,2023-07-26,9999-12-31,True,0.15,Labor Law
REG002698,US,Social Security,Social Security regulation for United States in 2025,2025-04-13,9999-12-31,True,0.32,Payroll Reporting
REG002699,DE,Employee Benefits,Employee Benefits regulation for Germany in 2025,2025-05-22,9999-12-31,True,,Labor Law
REG002700,AU,Payroll Reporting,Payroll Reporting regulation for Australia in 2023,2023-06-03,2025-04-27,False,,Payroll Reporting
REG002701,UK,Employee Benefits,Employee Benefits regulation for United Kingdom in 2023,2023-11-17,9999-12-31,True,,Taxation
REG002702,CA,Income Tax,Income Tax regulation for Canada in 2024,2024-06-24,2026-06-07,False,0.28,Taxation
REG002703,BR,Minimum Wage,Minimum Wage regulation for Brazil in 2024,2024-01-19,9999-12-31,True,,Payroll Reporting
REG002704,DE,Employee Benefits,Employee Benefits regulation for Germany in 2024,2024-04-11,2024-10-09,False,,Taxation
REG002705,BR,Payroll Reporting,Payroll Reporting regulation for Brazil in 2023,2023-10-15,2025-03-01,False,,Payroll Reporting
REG002706,US,Income Tax,Income Tax regulation for United States in 2025,2025-01-23,9999-12-31,True,0.15,Labor Law
REG002707,FR,Social Security,Social Security regulation for France in 2024,2024-02-06,9999-12-31,True,0.13,Taxation
REG002708,UK,Social Security,Social Security regulation for United Kingdom in 2025,2025-02-03,9999-12-31,True,0.36,Labor Law
REG002709,FR,Income Tax,Income Tax regulation for France in 2024,2024-06-22,9999-12-31,True,0.37,Payroll Reporting
REG002710,US,Overtime Pay,Overtime Pay regulation for United States in 2024,2024-09-11,9999-12-31,True,,Payroll Reporting
REG002711,CA,Payroll Reporting,Payroll Reporting regulation for Canada in 2023,2023-06-18,9999-12-31,True,,Taxation
REG002712,DE,Employee Benefits,Employee Benefits regulation for Germany in 2023,2023-10-14,2024-05-18,False,,Labor Law
REG002713,AU,Income Tax,Income Tax regulation for Australia in 2024,2024-10-04,9999-12-31,True,0.3,Payroll Reporting
REG002714,ZA,Social Security,Social Security regulation for South Africa in 2024,2024-11-06,2026-11-01,False,0.23,Payroll Reporting
REG002715,DE,Employee Benefits,Employee Benefits regulation for Germany in 2023,2023-09-30,2024-06-14,False,,Labor Law
REG002716,US,Payroll Reporting,Payroll Reporting regulation for United States in 2023,2023-08-10,9999-12-31,True,,Payroll Reporting
REG002717,CA,Payroll Reporting,Payroll Reporting regulation for Canada in 2024,2024-06-12,9999-12-31,True,,Payroll Reporting
REG002718,BR,Employee Benefits,Employee Benefits regulation for Brazil in 2025,2025-01-23,9999-12-31,True,,Taxation
REG002719,JP,Employee Benefits,Employee Benefits regulation for Japan in 2024,2024-11-14,2025-05-30,False,,Labor Law
REG002720,UK,Payroll Reporting,Payroll Reporting regulation for United Kingdom in 2024,2024-07-29,2025-04-20,False,,Taxation
REG002721,ZA,Social Security,Social Security regulation for South Africa in 2025,2025-01-13,9999-12-31,True,0.16,Taxation
REG002722,UK,Social Security,Social Security regulation for United Kingdom in 2025,2025-01-27,9999-12-31,True,0.18,Labor Law
REG002723,IN,Social Security,Social Security regulation for India in 2023,2023-12-04,9999-12-31,True,0.27,Labor Law
REG002724,US,Employee Benefits,Employee Benefits regulation for United States in 2023,2023-08-06,9999-12-31,True,,Taxation
REG002725,FR,Employee Benefits,Employee Benefits regulation for France in 2024,2024-01-14,9999-12-31,True,,Labor Law
REG002726,FR,Minimum Wage,Minimum Wage regulation for France in 2024,2024-11-22,2026-06-19,False,,Taxation
REG002727,FR,Minimum Wage,Minimum Wage regulation for France in 2025,2025-01-26,9999-12-31,True,,Payroll Reporting
REG002728,US,Overtime Pay,Overtime Pay regulation for United States in 2024,2024-11-13,2025-08-28,False,,Taxation
REG002729,IN,Overtime Pay,Overtime Pay regulation for India in 2023,2023-07-12,9999-12-31,True,,Payroll Reporting
REG002730,US,Employee Benefits,Employee Benefits regulation for United States in 2024,2024-04-09,9999-12-31,True,,Taxation
REG002731,DE,Payroll Reporting,Payroll Reporting regulation for Germany in 2024,2024-03-16,2024-11-26,False,,Labor Law
REG002732,AU,Overtime Pay,Overtime Pay regulation for Australia in 2023,2023-07-25,9999-12-31,True,,Taxation
REG002733,UK,Income Tax,Income Tax regulation for United Kingdom in 2025,2025-04-28,9999-12-31,True,0.27,Taxation
REG002734,UK,Payroll Reporting,Payroll Reporting regulation for United Kingdom in 2024,2024-03-07,9999-12-31,True,,Taxation
REG002735,IN,Employee Benefits,Employee Benefits regulation for India in 2025,2025-02-09,9999-12-31,True,,Payroll Reporting
REG002736,BR,Employee Benefits,Employee Benefits regulation for Brazil in 2025,2025-01-30,9999-12-31,True,,Payroll Reporting
REG002737,ZA,Social Security,Social Security regulation for South Africa in 2023,2023-08-24,9999-12-31,True,0.12,Labor Law
REG002738,AU,Payroll Reporting,Payroll Reporting regulation for Australia in 2023,2023-06-24,2024-05-07,False,,Taxation
REG002739,DE,Social Security,Social Security regulation for Germany in 2023,2023-10-27,9999-12-31,True,0.13,Labor Law
REG002740,AU,Payroll Reporting,Payroll Reporting regulation for Australia in 2024,2024-12-30,2026-11-27,False,,Payroll Reporting
REG002741,ZA,Income Tax,Income Tax regulation for South Africa in 2024,2024-07-30,9999-12-31,True,0.36,Payroll Reporting
REG002742,DE,Employee Benefits,Employee Benefits regulation for Germany in 2024,2024-07-22,9999-12-31,True,,Payroll Reporting
REG002743,DE,Payroll Reporting,Payroll Reporting regulation for Germany in 2023,2023-10-25,9999-12-31,True,,Labor Law
REG002744,AU,Income Tax,Income Tax regulation for Australia in 2024,2024-05-08,2025-04-20,False,0.13,Taxation
REG002745,US,Social Security,Social Security regulation for United States in 2024,2024-10-20,2025-04-24,False,0.26,Labor Law
REG002746,CA,Income Tax,Income Tax regulation for Canada in 2025,2025-01-28,9999-12-31,True,0.38,Payroll Reporting
REG002747,US,Minimum Wage,Minimum Wage regulation for United States in 2024,2024-09-02,2026-04-21,False,,Taxation
REG002748,JP,Employee Benefits,Employee Benefits regulation for Japan in 2025,2025-01-01,9999-12-31,True,,Taxation
REG002749,ZA,Overtime Pay,Overtime Pay regulation for South Africa in 2024,2024-02-25,9999-12-31,True,,Labor Law
REG002750,US,Payroll Reporting,Payroll Reporting regulation for United States in 2024,2024-05-31,9999-12-31,True,,Labor Law
REG002751,DE,Payroll Reporting,Payroll Reporting regulation for Germany in 2023,2023-08-18,2024-11-09,False,,Labor Law
REG002752,ZA,Minimum Wage,Minimum Wage regulation for South Africa in 2023,2023-08-07,9999-12-31,True,,Labor Law
REG002753,US,Payroll Reporting,Payroll Reporting regulation for United States in 2023,2023-12-14,2025-11-06,False,,Taxation
REG002754,DE,Social Security,Social Security regulation for Germany in 2024,2024-01-13,2025-04-05,False,0.2,Labor Law
REG002755,ZA,Payroll Reporting,Payroll Reporting regulation for South Africa in 2024,2024-09-23,9999-12-31,True,,Payroll Reporting
REG002756,ZA,Employee Benefits,Employee Benefits regulation for South Africa in 2023,2023-08-07,2024-03-15,False,,Labor Law
REG002757,CA,Social Security,Social Security regulation for Canada in 2024,2024-05-07,2025-01-22,False,0.19,Payroll Reporting
REG002758,ZA,Employee Benefits,Employee Benefits regulation for South Africa in 2025,2025-04-02,9999-12-31,True,,Taxation
REG002759,CA,Payroll Reporting,Payroll Reporting regulation for Canada in 2023,2023-06-04,2025-03-10,False,,Payroll Reporting
REG002760,FR,Overtime Pay,Overtime Pay regulation for France in 2023,2023-12-21,9999-12-31,True,,Labor Law
REG002761,BR,Employee Benefits,Employee Benefits regulation for Brazil in 2024,2024-10-23,2026-07-30,False,,Labor Law
REG002762,DE,Payroll Reporting,Payroll Reporting regulation for Germany in 2023,2023-09-20,9999-12-31,True,,Payroll Reporting
REG002763,AU,Social Security,Social Security regulation for Australia in 2023,2023-06-08,9999-12-31,True,0.13,Labor Law
REG002764,FR,Social Security,Social Security regulation for France in 2023,2023-08-15,2024-06-16,False,0.24,Labor Law
REG002765,DE,Payroll Reporting,Payroll Reporting regulation for Germany in 2024,2024-12-05,2025-06-17,False,,Taxation
REG002766,DE,Social Security,Social Security regulation for Germany in 2024,2024-04-14,2025-11-12,False,0.13,Labor Law
REG002767,DE,Social Security,Social Security regulation for Germany in 2023,2023-06-23,2025-03-09,False,0.1,Taxation
REG002768,CA,Payroll Reporting,Payroll Reporting regulation for Canada in 2023,2023-10-10,9999-12-31,True,,Labor Law
REG002769,DE,Payroll Reporting,Payroll Reporting regulation for Germany in 2023,2023-10-26,2025-08-30,False,,Payroll Reporting
REG002770,US,Income Tax,Income Tax regulation for United States in 2023,2023-06-30,2025-01-08,False,0.21,Labor Law
REG002771,FR,Employee Benefits,Employee Benefits regulation for France in 2025,2025-05-06,9999-12-31,True,,Labor Law
REG002772,US,Social Security,Social Security regulation for United States in 2023,2023-10-10,9999-12-31,True,0.37,Labor Law
REG002773,IN,Social Security,Social Security regulation for India in 2023,2023-10-08,9999-12-31,True,0.32,Taxation
REG002774,AU,Social Security,Social Security regulation for Australia in 2023,2023-12-22,2024-12-19,False,0.39,Labor Law
REG002775,IN,Minimum Wage,Minimum Wage regulation for India in 2023,2023-11-06,2024-06-07,False,,Taxation
REG002776,JP,Minimum Wage,Minimum Wage regulation for Japan in 2024,2024-05-17,2025-12-17,False,,Taxation
REG002777,FR,Social Security,Social Security regulation for France in 2023,2023-07-28,9999-12-31,True,0.21,Taxation
REG002778,AU,Social Security,Social Security regulation for Australia in 2023,2023-08-04,9999-12-31,True,0.29,Payroll Reporting
REG002779,BR,Minimum Wage,Minimum Wage regulation for Brazil in 2024,2024-04-02,9999-12-31,True,,Taxation
REG002780,BR,Employee Benefits,Employee Benefits regulation for Brazil in 2024,2024-11-07,9999-12-31,True,,Payroll Reporting
REG002781,CA,Minimum Wage,Minimum Wage regulation for Canada in 2023,2023-08-10,2024-02-23,False,,Labor Law
REG002782,ZA,Payroll Reporting,Payroll Reporting regulation for South Africa in 2025,2025-04-28,9999-12-31,True,,Taxation
REG002783,CA,Employee Benefits,Employee Benefits regulation for Canada in 2024,2024-06-23,9999-12-31,True,,Taxation
REG002784,IN,Social Security,Social Security regulation for India in 2023,2023-10-22,9999-12-31,True,0.1,Taxation
REG002785,IN,Payroll Reporting,Payroll Reporting regulation for India in 2024,2024-11-04,2026-01-22,False,,Payroll Reporting
REG002786,BR,Employee Benefits,Employee Benefits regulation for Brazil in 2024,2024-01-10,9999-12-31,True,,Labor Law
REG002787,UK,Minimum Wage,Minimum Wage regulation for United Kingdom in 2024,2024-06-18,9999-12-31,True,,Payroll Reporting
REG002788,FR,Payroll Reporting,Payroll Reporting regulation for France in 2024,2024-03-12,9999-12-31,True,,Labor Law
REG002789,BR,Employee Benefits,Employee Benefits regulation for Brazil in 2024,2024-11-24,2026-09-28,False,,Payroll Reporting
REG002790,JP,Social Security,Social Security regulation for Japan in 2023,2023-10-03,2024-05-16,False,0.33,Taxation
REG002791,UK,Overtime Pay,Overtime Pay regulation for United Kingdom in 2024,2024-08-18,9999-12-31,True,,Taxation
REG002792,UK,Social Security,Social Security regulation for United Kingdom in 2024,2024-03-19,2026-02-26,False,0.12,Taxation
REG002793,US,Income Tax,Income Tax regulation for United States in 2025,2025-01-15,9999-12-31,True,0.34,Payroll Reporting
REG002794,DE,Social Security,Social Security regulation for Germany in 2023,2023-06-28,2024-06-08,False,0.39,Labor Law
REG002795,FR,Payroll Reporting,Payroll Reporting regulation for France in 2025,2025-03-11,9999-12-31,True,,Payroll Reporting
REG002796,DE,Social Security,Social Security regulation for Germany in 2024,2024-01-28,2025-07-31,False,0.25,Labor Law
REG002797,CA,Minimum Wage,Minimum Wage regulation for Canada in 2025,2025-03-16,9999-12-31,True,,Taxation
REG002798,DE,Social Security,Social Security regulation for Germany in 2023,2023-11-23,2025-10-17,False,0.26,Payroll Reporting
REG002799,IN,Social Security,Social Security regulation for India in 2024,2024-10-12,2025-09-09,False,0.19,Labor Law
REG002800,IN,Social Security,Social Security regulation for India in 2023,2023-08-27,2024-09-17,False,0.2,Taxation
REG002801,FR,Payroll Reporting,Payroll Reporting regulation for France in 2024,2024-04-04,9999-12-31,True,,Payroll Reporting
REG002802,US,Minimum Wage,Minimum Wage regulation for United States in 2023,2023-11-22,9999-12-31,True,,Taxation
REG002803,CA,Minimum Wage,Minimum Wage regulation for Canada in 2024,2024-12-27,2026-02-15,False,,Payroll Reporting
REG002804,JP,Social Security,Social Security regulation for Japan in 2023,2023-08-30,2024-08-06,False,0.1,Labor Law
REG002805,FR,Overtime Pay,Overtime Pay regulation for France in 2023,2023-07-18,2025-04-03,False,,Labor Law
REG002806,DE,Employee Benefits,Employee Benefits regulation for Germany in 2024,2024-08-03,9999-12-31,True,,Payroll Reporting
REG002807,IN,Payroll Reporting,Payroll Reporting regulation for India in 2025,2025-04-03,9999-12-31,True,,Payroll Reporting
REG002808,FR,Minimum Wage,Minimum Wage regulation for France in 2024,2024-12-12,2026-11-04,False,,Labor Law
REG002809,UK,Employee Benefits,Employee Benefits regulation for United Kingdom in 2024,2024-01-25,9999-12-31,True,,Taxation
REG002810,FR,Minimum Wage,Minimum Wage regulation for France in 2023,2023-06-04,9999-12-31,True,,Taxation
REG002811,BR,Employee Benefits,Employee Benefits regulation for Brazil in 2025,2025-03-06,9999-12-31,True,,Labor Law
REG002812,JP,Minimum Wage,Minimum Wage regulation for Japan in 2024,2024-07-04,9999-12-31,True,,Taxation
REG002813,AU,Employee Benefits,Employee Benefits regulation for Australia in 2023,2023-07-18,9999-12-31,True,,Labor Law
REG002814,IN,Income Tax,Income Tax regulation for India in 2024,2024-04-23,9999-12-31,True,0.24,Labor Law
REG002815,UK,Minimum Wage,Minimum Wage regulation for United Kingdom in 2024,2024-05-30,2025-07-09,False,,Taxation
REG002816,UK,Income Tax,Income Tax regulation for United Kingdom in 2024,2024-04-02,2024-12-21,False,0.18,Labor Law
REG002817,AU,Social Security,Social Security regulation for Australia in 2024,2024-02-12,2025-06-19,False,0.21,Labor Law
REG002818,CA,Minimum Wage,Minimum Wage regulation for Canada in 2024,2024-01-20,9999-12-31,True,,Taxation
REG002819,UK,Payroll Reporting,Payroll Reporting regulation for United Kingdom in 2025,2025-04-27,9999-12-31,True,,Payroll Reporting
REG002820,FR,Income Tax,Income Tax regulation for France in 2023,2023-11-21,9999-12-31,True,0.31,Labor Law
REG002821,BR,Social Security,Social Security regulation for Brazil in 2025,2025-04-13,9999-12-31,True,0.35,Labor Law
REG002822,ZA,Overtime Pay,Overtime Pay regulation for South Africa in 2023,2023-12-12,9999-12-31,True,,Payroll Reporting
REG002823,DE,Payroll Reporting,Payroll Reporting regulation for Germany in 2024,2024-08-01,2025-02-26,False,,Taxation
REG002824,US,Income Tax,Income Tax regulation for United States in 2024,2024-08-15,9999-12-31,True,0.34,Labor Law
REG002825,BR,Minimum Wage,Minimum Wage regulation for Brazil in 2024,2024-03-24,2026-02-10,False,,Labor Law
REG002826,JP,Employee Benefits,Employee Benefits regulation for Japan in 2024,2024-09-27,2026-05-23,False,,Payroll Reporting
REG002827,UK,Employee Benefits,Employee Benefits regulation for United Kingdom in 2023,2023-06-05,9999-12-31,True,,Labor Law
REG002828,JP,Overtime Pay,Overtime Pay regulation for Japan in 2024,2024-11-25,9999-12-31,True,,Payroll Reporting
REG002829,IN,Income Tax,Income Tax regulation for India in 2024,2024-05-14,2025-04-16,False,0.25,Labor Law
REG002830,BR,Overtime Pay,Overtime Pay regulation for Brazil in 2024,2024-10-29,2025-12-07,False,,Payroll Reporting
REG002831,IN,Overtime Pay,Overtime Pay regulation for India in 2023,2023-10-21,2024-06-03,False,,Taxation
REG002832,BR,Income Tax,Income Tax regulation for Brazil in 2023,2023-10-18,9999-12-31,True,0.15,Taxation
REG002833,ZA,Minimum Wage,Minimum Wage regulation for South Africa in 2023,2023-11-13,2024-06-21,False,,Labor Law
REG002834,US,Minimum Wage,Minimum Wage regulation for United States in 2024,2024-11-08,2025-12-04,False,,Payroll Reporting
REG002835,UK,Minimum Wage,Minimum Wage regulation for United Kingdom in 2023,2023-11-07,9999-12-31,True,,Labor Law
REG002836,JP,Overtime Pay,Overtime Pay regulation for Japan in 2023,2023-05-31,2025-03-11,False,,Labor Law
REG002837,FR,Minimum Wage,Minimum Wage regulation for France in 2025,2025-05-01,9999-12-31,True,,Taxation
REG002838,FR,Income Tax,Income Tax regulation for France in 2025,2025-03-09,9999-12-31,True,0.17,Labor Law
REG002839,DE,Minimum Wage,Minimum Wage regulation for Germany in 2024,2024-01-19,2024-07-29,False,,Taxation
REG002840,FR,Overtime Pay,Overtime Pay regulation for France in 2024,2024-01-17,9999-12-31,True,,Taxation
REG002841,JP,Social Security,Social Security regulation for Japan in 2024,2024-04-19,9999-12-31,True,0.36,Taxation
REG002842,JP,Social Security,Social Security regulation for Japan in 2023,2023-09-08,9999-12-31,True,0.27,Taxation
REG002843,JP,Overtime Pay,Overtime Pay regulation for Japan in 2023,2023-08-17,9999-12-31,True,,Labor Law
REG002844,JP,Minimum Wage,Minimum Wage regulation for Japan in 2024,2024-06-25,2025-05-07,False,,Labor Law
REG002845,CA,Employee Benefits,Employee Benefits regulation for Canada in 2024,2024-07-27,9999-12-31,True,,Payroll Reporting
REG002846,BR,Social Security,Social Security regulation for Brazil in 2024,2024-01-12,9999-12-31,True,0.37,Payroll Reporting
REG002847,AU,Employee Benefits,Employee Benefits regulation for Australia in 2025,2025-01-07,9999-12-31,True,,Payroll Reporting
REG002848,DE,Payroll Reporting,Payroll Reporting regulation for Germany in 2024,2024-10-27,9999-12-31,True,,Payroll Reporting
REG002849,US,Overtime Pay,Overtime Pay regulation for United States in 2024,2024-03-11,2025-10-18,False,,Taxation
REG002850,CA,Payroll Reporting,Payroll Reporting regulation for Canada in 2024,2024-12-05,2026-01-26,False,,Taxation
REG002851,IN,Social Security,Social Security regulation for India in 2024,2024-02-16,2025-05-11,False,0.16,Labor Law
REG002852,JP,Employee Benefits,Employee Benefits regulation for Japan in 2024,2024-08-11,2025-05-11,False,,Taxation
REG002853,JP,Employee Benefits,Employee Benefits regulation for Japan in 2024,2024-08-09,2026-04-24,False,,Labor Law
REG002854,UK,Social Security,Social Security regulation for United Kingdom in 2024,2024-03-02,2025-03-02,False,0.14,Labor Law
REG002855,BR,Overtime Pay,Overtime Pay regulation for Brazil in 2025,2025-03-17,9999-12-31,True,,Payroll Reporting
REG002856,UK,Overtime Pay,Overtime Pay regulation for United Kingdom in 2024,2024-05-24,9999-12-31,True,,Labor Law
REG002857,JP,Employee Benefits,Employee Benefits regulation for Japan in 2024,2024-10-02,9999-12-31,True,,Labor Law
REG002858,CA,Employee Benefits,Employee Benefits regulation for Canada in 2023,2023-12-06,9999-12-31,True,,Taxation
REG002859,DE,Employee Benefits,Employee Benefits regulation for Germany in 2024,2024-12-13,2026-06-04,False,,Labor Law
REG002860,JP,Employee Benefits,Employee Benefits regulation for Japan in 2025,2025-03-05,9999-12-31,True,,Payroll Reporting
REG002861,AU,Payroll Reporting,Payroll Reporting regulation for Australia in 2024,2024-04-24,2025-04-09,False,,Taxation
REG002862,ZA,Social Security,Social Security regulation for South Africa in 2023,2023-09-11,2024-09-27,False,0.38,Taxation
REG002863,DE,Social Security,Social Security regulation for Germany in 2025,2025-04-02,9999-12-31,True,0.37,Labor Law
REG002864,AU,Payroll Reporting,Payroll Reporting regulation for Australia in 2024,2024-06-17,2025-06-13,False,,Labor Law
REG002865,DE,Overtime Pay,Overtime Pay regulation for Germany in 2023,2023-12-05,2025-11-16,False,,Labor Law
REG002866,FR,Overtime Pay,Overtime Pay regulation for France in 2024,2024-12-10,2026-01-08,False,,Labor Law
REG002867,JP,Overtime Pay,Overtime Pay regulation for Japan in 2023,2023-06-20,9999-12-31,True,,Taxation
REG002868,CA,Income Tax,Income Tax regulation for Canada in 2024,2024-08-12,2025-10-29,False,0.4,Taxation
REG002869,ZA,Minimum Wage,Minimum Wage regulation for South Africa in 2024,2024-07-10,9999-12-31,True,,Payroll Reporting
REG002870,US,Payroll Reporting,Payroll Reporting regulation for United States in 2025,2025-01-15,9999-12-31,True,,Payroll Reporting
REG002871,JP,Minimum Wage,Minimum Wage regulation for Japan in 2025,2025-02-28,9999-12-31,True,,Taxation
REG002872,DE,Overtime Pay,Overtime Pay regulation for Germany in 2024,2024-01-28,9999-12-31,True,,Taxation
REG002873,BR,Payroll Reporting,Payroll Reporting regulation for Brazil in 2024,2024-07-13,9999-12-31,True,,Payroll Reporting
REG002874,FR,Overtime Pay,Overtime Pay regulation for France in 2025,2025-04-09,9999-12-31,True,,Taxation
REG002875,AU,Income Tax,Income Tax regulation for Australia in 2024,2024-07-06,9999-12-31,True,0.13,Taxation
REG002876,BR,Payroll Reporting,Payroll Reporting regulation for Brazil in 2024,2024-08-26,9999-12-31,True,,Labor Law
REG002877,CA,Payroll Reporting,Payroll Reporting regulation for Canada in 2024,2024-03-22,9999-12-31,True,,Labor Law
REG002878,CA,Social Security,Social Security regulation for Canada in 2024,2024-08-14,9999-12-31,True,0.22,Labor Law
REG002879,FR,Payroll Reporting,Payroll Reporting regulation for France in 2023,2023-12-25,9999-12-31,True,,Taxation
REG002880,CA,Payroll Reporting,Payroll Reporting regulation for Canada in 2024,2024-09-18,9999-12-31,True,,Taxation
REG002881,US,Employee Benefits,Employee Benefits regulation for United States in 2024,2024-06-25,2025-03-31,False,,Labor Law
REG002882,CA,Overtime Pay,Overtime Pay regulation for Canada in 2024,2024-08-07,9999-12-31,True,,Labor Law
REG002883,ZA,Payroll Reporting,Payroll Reporting regulation for South Africa in 2023,2023-10-21,9999-12-31,True,,Labor Law
REG002884,FR,Social Security,Social Security regulation for France in 2023,2023-08-07,9999-12-31,True,0.21,Payroll Reporting
REG002885,ZA,Overtime Pay,Overtime Pay regulation for South Africa in 2023,2023-08-04,2024-09-23,False,,Labor Law
REG002886,FR,Social Security,Social Security regulation for France in 2023,2023-05-27,9999-12-31,True,0.28,Labor Law
REG002887,UK,Income Tax,Income Tax regulation for United Kingdom in 2023,2023-08-22,9999-12-31,True,0.33,Labor Law
REG002888,IN,Overtime Pay,Overtime Pay regulation for India in 2024,2024-09-07,2025-10-21,False,,Payroll Reporting
REG002889,IN,Income Tax,Income Tax regulation for India in 2023,2023-07-04,2025-06-04,False,0.34,Payroll Reporting
REG002890,ZA,Overtime Pay,Overtime Pay regulation for South Africa in 2025,2025-05-17,9999-12-31,True,,Taxation
REG002891,CA,Minimum Wage,Minimum Wage regulation for Canada in 2024,2024-08-21,2025-06-03,False,,Payroll Reporting
REG002892,AU,Minimum Wage,Minimum Wage regulation for Australia in 2024,2024-06-15,2025-06-30,False,,Taxation
REG002893,FR,Overtime Pay,Overtime Pay regulation for France in 2024,2024-09-24,9999-12-31,True,,Taxation
REG002894,UK,Employee Benefits,Employee Benefits regulation for United Kingdom in 2024,2024-09-16,2026-01-24,False,,Payroll Reporting
REG002895,ZA,Income Tax,Income Tax regulation for South Africa in 2023,2023-11-27,2025-10-18,False,0.16,Taxation
REG002896,DE,Income Tax,Income Tax regulation for Germany in 2024,2024-02-13,2026-01-13,False,0.2,Payroll Reporting
REG002897,JP,Employee Benefits,Employee Benefits regulation for Japan in 2024,2024-04-19,2024-12-19,False,,Taxation
REG002898,JP,Minimum Wage,Minimum Wage regulation for Japan in 2024,2024-02-18,2025-03-09,False,,Labor Law
REG002899,JP,Overtime Pay,Overtime Pay regulation for Japan in 2025,2025-01-23,9999-12-31,True,,Labor Law
REG002900,ZA,Minimum Wage,Minimum Wage regulation for South Africa in 2023,2023-07-02,9999-12-31,True,,Payroll Reporting
REG002901,BR,Overtime Pay,Overtime Pay regulation for Brazil in 2023,2023-11-17,2025-02-17,False,,Labor Law
REG002902,US,Social Security,Social Security regulation for United States in 2023,2023-10-25,2024-11-13,False,0.15,Labor Law
REG002903,FR,Employee Benefits,Employee Benefits regulation for France in 2024,2024-03-27,2025-09-17,False,,Payroll Reporting
REG002904,DE,Minimum Wage,Minimum Wage regulation for Germany in 2023,2023-12-19,2025-11-28,False,,Labor Law
REG002905,DE,Overtime Pay,Overtime Pay regulation for Germany in 2023,2023-10-02,2024-12-26,False,,Labor Law
REG002906,UK,Minimum Wage,Minimum Wage regulation for United Kingdom in 2023,2023-09-05,2024-11-02,False,,Labor Law
REG002907,FR,Minimum Wage,Minimum Wage regulation for France in 2024,2024-10-14,2025-05-18,False,,Payroll Reporting
REG002908,IN,Minimum Wage,Minimum Wage regulation for India in 2025,2025-05-24,9999-12-31,True,,Taxation
REG002909,AU,Social Security,Social Security regulation for Australia in 2023,2023-11-11,2025-09-28,False,0.15,Payroll Reporting
REG002910,US,Payroll Reporting,Payroll Reporting regulation for United States in 2025,2025-01-15,9999-12-31,True,,Payroll Reporting
REG002911,CA,Employee Benefits,Employee Benefits regulation for Canada in 2024,2024-05-15,2025-09-29,False,,Taxation
REG002912,ZA,Minimum Wage,Minimum Wage regulation for South Africa in 2023,2023-07-29,2024-02-21,False,,Taxation
REG002913,FR,Minimum Wage,Minimum Wage regulation for France in 2025,2025-01-18,9999-12-31,True,,Labor Law
REG002914,JP,Income Tax,Income Tax regulation for Japan in 2024,2024-07-24,2026-07-11,False,0.1,Taxation
REG002915,JP,Social Security,Social Security regulation for Japan in 2023,2023-12-14,9999-12-31,True,0.32,Labor Law
REG002916,DE,Payroll Reporting,Payroll Reporting regulation for Germany in 2024,2024-11-13,9999-12-31,True,,Taxation
REG002917,ZA,Income Tax,Income Tax regulation for South Africa in 2025,2025-03-27,9999-12-31,True,0.17,Payroll Reporting
REG002918,DE,Minimum Wage,Minimum Wage regulation for Germany in 2024,2024-07-31,9999-12-31,True,,Payroll Reporting
REG002919,CA,Income Tax,Income Tax regulation for Canada in 2024,2024-12-05,2026-01-15,False,0.24,Taxation
REG002920,CA,Income Tax,Income Tax regulation for Canada in 2024,2024-01-23,2024-07-22,False,0.32,Labor Law
REG002921,BR,Social Security,Social Security regulation for Brazil in 2024,2024-03-12,2024-10-08,False,0.19,Taxation
REG002922,IN,Overtime Pay,Overtime Pay regulation for India in 2024,2024-06-16,2026-05-25,False,,Taxation
REG002923,JP,Overtime Pay,Overtime Pay regulation for Japan in 2023,2023-09-19,2024-10-13,False,,Taxation
REG002924,CA,Overtime Pay,Overtime Pay regulation for Canada in 2023,2023-12-24,2025-04-04,False,,Payroll Reporting
REG002925,DE,Minimum Wage,Minimum Wage regulation for Germany in 2024,2024-11-25,2026-08-09,False,,Payroll Reporting
REG002926,US,Social Security,Social Security regulation for United States in 2024,2024-11-09,9999-12-31,True,0.36,Taxation
REG002927,FR,Social Security,Social Security regulation for France in 2024,2024-05-16,2025-08-09,False,0.13,Payroll Reporting
REG002928,IN,Income Tax,Income Tax regulation for India in 2024,2024-03-12,2024-11-18,False,0.12,Taxation
REG002929,US,Social Security,Social Security regulation for United States in 2023,2023-09-20,2025-06-07,False,0.11,Payroll Reporting
REG002930,UK,Employee Benefits,Employee Benefits regulation for United Kingdom in 2024,2024-10-10,2025-08-03,False,,Labor Law
REG002931,CA,Payroll Reporting,Payroll Reporting regulation for Canada in 2024,2024-08-10,2026-05-24,False,,Labor Law
REG002932,ZA,Employee Benefits,Employee Benefits regulation for South Africa in 2025,2025-04-26,9999-12-31,True,,Labor Law
REG002933,BR,Payroll Reporting,Payroll Reporting regulation for Brazil in 2023,2023-10-26,9999-12-31,True,,Taxation
REG002934,US,Overtime Pay,Overtime Pay regulation for United States in 2024,2024-07-16,9999-12-31,True,,Labor Law
REG002935,CA,Social Security,Social Security regulation for Canada in 2023,2023-12-15,2025-09-12,False,0.36,Labor Law
REG002936,CA,Employee Benefits,Employee Benefits regulation for Canada in 2023,2023-11-26,2025-11-15,False,,Payroll Reporting
REG002937,BR,Minimum Wage,Minimum Wage regulation for Brazil in 2025,2025-04-03,9999-12-31,True,,Taxation
REG002938,AU,Employee Benefits,Employee Benefits regulation for Australia in 2023,2023-06-20,9999-12-31,True,,Labor Law
REG002939,US,Social Security,Social Security regulation for United States in 2023,2023-05-30,2023-12-25,False,0.32,Payroll Reporting
REG002940,FR,Minimum Wage,Minimum Wage regulation for France in 2023,2023-12-26,2025-10-17,False,,Taxation
REG002941,FR,Income Tax,Income Tax regulation for France in 2024,2024-09-23,9999-12-31,True,0.38,Payroll Reporting
REG002942,IN,Social Security,Social Security regulation for India in 2023,2023-06-15,2024-03-18,False,0.36,Payroll Reporting
REG002943,UK,Social Security,Social Security regulation for United Kingdom in 2024,2024-03-21,9999-12-31,True,0.25,Labor Law
REG002944,AU,Payroll Reporting,Payroll Reporting regulation for Australia in 2023,2023-07-24,2024-05-03,False,,Payroll Reporting
REG002945,BR,Social Security,Social Security regulation for Brazil in 2024,2024-03-17,2025-11-08,False,0.38,Labor Law
REG002946,US,Minimum Wage,Minimum Wage regulation for United States in 2024,2024-03-23,9999-12-31,True,,Labor Law
REG002947,ZA,Income Tax,Income Tax regulation for South Africa in 2024,2024-03-28,9999-12-31,True,0.29,Labor Law
REG002948,AU,Income Tax,Income Tax regulation for Australia in 2024,2024-04-18,9999-12-31,True,0.35,Labor Law
REG002949,US,Overtime Pay,Overtime Pay regulation for United States in 2024,2024-07-06,9999-12-31,True,,Labor Law
REG002950,JP,Social Security,Social Security regulation for Japan in 2024,2024-06-15,2026-03-08,False,0.26,Labor Law
REG002951,JP,Social Security,Social Security regulation for Japan in 2023,2023-06-14,9999-12-31,True,0.17,Payroll Reporting
REG002952,AU,Overtime Pay,Overtime Pay regulation for Australia in 2024,2024-02-21,9999-12-31,True,,Labor Law
REG002953,AU,Employee Benefits,Employee Benefits regulation for Australia in 2025,2025-02-07,9999-12-31,True,,Labor Law
REG002954,US,Minimum Wage,Minimum Wage regulation for United States in 2023,2023-12-31,2024-11-07,False,,Labor Law
REG002955,IN,Payroll Reporting,Payroll Reporting regulation for India in 2025,2025-03-14,9999-12-31,True,,Taxation
REG002956,ZA,Income Tax,Income Tax regulation for South Africa in 2024,2024-01-30,9999-12-31,True,0.14,Labor Law
REG002957,JP,Payroll Reporting,Payroll Reporting regulation for Japan in 2023,2023-07-19,9999-12-31,True,,Payroll Reporting
REG002958,DE,Minimum Wage,Minimum Wage regulation for Germany in 2024,2024-06-03,9999-12-31,True,,Payroll Reporting
REG002959,UK,Overtime Pay,Overtime Pay regulation for United Kingdom in 2025,2025-03-13,9999-12-31,True,,Labor Law
REG002960,JP,Minimum Wage,Minimum Wage regulation for Japan in 2024,2024-08-31,2025-11-21,False,,Labor Law
REG002961,US,Payroll Reporting,Payroll Reporting regulation for United States in 2023,2023-10-20,2024-11-23,False,,Taxation
REG002962,BR,Social Security,Social Security regulation for Brazil in 2024,2024-08-09,9999-12-31,True,0.24,Labor Law
REG002963,DE,Income Tax,Income Tax regulation for Germany in 2025,2025-01-13,9999-12-31,True,0.35,Labor Law
REG002964,IN,Overtime Pay,Overtime Pay regulation for India in 2025,2025-01-28,9999-12-31,True,,Payroll Reporting
REG002965,ZA,Income Tax,Income Tax regulation for South Africa in 2025,2025-03-28,9999-12-31,True,0.14,Labor Law
REG002966,IN,Social Security,Social Security regulation for India in 2024,2024-05-17,9999-12-31,True,0.37,Payroll Reporting
REG002967,ZA,Employee Benefits,Employee Benefits regulation for South Africa in 2023,2023-09-17,2025-04-09,False,,Taxation
REG002968,BR,Income Tax,Income Tax regulation for Brazil in 2024,2024-02-22,9999-12-31,True,0.37,Labor Law
REG002969,DE,Minimum Wage,Minimum Wage regulation for Germany in 2024,2024-06-20,2024-12-20,False,,Taxation
REG002970,US,Overtime Pay,Overtime Pay regulation for United States in 2025,2025-01-22,9999-12-31,True,,Payroll Reporting
REG002971,ZA,Income Tax,Income Tax regulation for South Africa in 2025,2025-03-15,9999-12-31,True,0.34,Labor Law
REG002972,US,Social Security,Social Security regulation for United States in 2024,2024-08-06,2025-09-03,False,0.38,Taxation
REG002973,UK,Social Security,Social Security regulation for United Kingdom in 2025,2025-03-25,9999-12-31,True,0.36,Payroll Reporting
REG002974,ZA,Minimum Wage,Minimum Wage regulation for South Africa in 2024,2024-05-29,9999-12-31,True,,Taxation
REG002975,JP,Minimum Wage,Minimum Wage regulation for Japan in 2024,2024-03-14,9999-12-31,True,,Taxation
REG002976,CA,Social Security,Social Security regulation for Canada in 2024,2024-01-29,9999-12-31,True,0.12,Payroll Reporting
REG002977,IN,Employee Benefits,Employee Benefits regulation for India in 2023,2023-11-04,9999-12-31,True,,Payroll Reporting
REG002978,DE,Payroll Reporting,Payroll Reporting regulation for Germany in 2024,2024-02-25,9999-12-31,True,,Taxation
REG002979,CA,Payroll Reporting,Payroll Reporting regulation for Canada in 2023,2023-12-28,9999-12-31,True,,Payroll Reporting
REG002980,US,Payroll Reporting,Payroll Reporting regulation for United States in 2024,2024-08-01,9999-12-31,True,,Taxation
REG002981,AU,Minimum Wage,Minimum Wage regulation for Australia in 2023,2023-05-29,2025-02-26,False,,Taxation
REG002982,JP,Minimum Wage,Minimum Wage regulation for Japan in 2024,2024-02-10,2025-12-18,False,,Payroll Reporting
REG002983,FR,Social Security,Social Security regulation for France in 2024,2024-01-29,9999-12-31,True,0.18,Payroll Reporting
REG002984,AU,Employee Benefits,Employee Benefits regulation for Australia in 2025,2025-04-06,9999-12-31,True,,Payroll Reporting
REG002985,AU,Social Security,Social Security regulation for Australia in 2023,2023-10-31,9999-12-31,True,0.21,Taxation
REG002986,JP,Social Security,Social Security regulation for Japan in 2024,2024-01-29,2024-12-22,False,0.36,Taxation
REG002987,JP,Social Security,Social Security regulation for Japan in 2025,2025-05-13,9999-12-31,True,0.23,Labor Law
REG002988,IN,Payroll Reporting,Payroll Reporting regulation for India in 2025,2025-05-21,9999-12-31,True,,Labor Law
REG002989,UK,Payroll Reporting,Payroll Reporting regulation for United Kingdom in 2023,2023-12-18,2024-12-21,False,,Labor Law
REG002990,AU,Employee Benefits,Employee Benefits regulation for Australia in 2023,2023-08-08,2025-04-07,False,,Payroll Reporting
REG002991,JP,Employee Benefits,Employee Benefits regulation for Japan in 2024,2024-12-21,9999-12-31,True,,Labor Law
REG002992,AU,Payroll Reporting,Payroll Reporting regulation for Australia in 2024,2024-12-19,9999-12-31,True,,Taxation
REG002993,US,Payroll Reporting,Payroll Reporting regulation for United States in 2024,2024-12-11,9999-12-31,True,,Payroll Reporting
REG002994,DE,Employee Benefits,Employee Benefits regulation for Germany in 2024,2024-01-08,2025-05-12,False,,Labor Law
REG002995,JP,Overtime Pay,Overtime Pay regulation for Japan in 2024,2024-03-23,2025-01-02,False,,Payroll Reporting
REG002996,AU,Income Tax,Income Tax regulation for Australia in 2025,2025-01-10,9999-12-31,True,0.35,Labor Law
REG002997,JP,Payroll Reporting,Payroll Reporting regulation for Japan in 2023,2023-06-12,2024-04-04,False,,Payroll Reporting
REG002998,AU,Employee Benefits,Employee Benefits regulation for Australia in 2023,2023-08-13,9999-12-31,True,,Payroll Reporting
REG002999,ZA,Social Security,Social Security regulation for South Africa in 2024,2024-12-18,2026-04-07,False,0.22,Labor Law
